Route tertiaire	NC	90.535	Kindia	0.011	0.125	OUTSIDE_BDRI_SCOPE
Route primaire	NC	81.384	Kindia	0.997	1.000	LIKELY_DUPLICATE
Route tertiaire	NC	69.505	Boké	1.000	1.000	LIKELY_DUPLICATE
Route primaire	A7	66.837	Nzérékoré	0.000	0.000	POTENTIAL_BDRI_MISSING
Route tertiaire	NC	65.263	Labé	0.953	0.964	LIKELY_DUPLICATE
Voie rapide	NC	62.804	Boké	1.000	1.000	LIKELY_DUPLICATE
Route tertiaire	NC	58.741	Labé	0.000	0.000	POTENTIAL_BDRI_MISSING
Voie rapide	N1	57.377	Kankan	0.688	1.000	LIKELY_DUPLICATE
Route tertiaire	NC	56.758	Labé	0.012	0.103	OUTSIDE_BDRI_SCOPE
Route tertiaire	NC	55.158	Kankan	0.001	0.008	POTENTIAL_BDRI_MISSING
Route tertiaire	NC	54.641	Labé	1.000	1.000	LIKELY_DUPLICATE
Voie rapide	NC	54.586	Boké	1.000	1.000	LIKELY_DUPLICATE
Route tertiaire	NC	53.463	Kankan	0.057	0.522	LIKELY_DUPLICATE
Route tertiaire	NC	51.583	Labé	0.018	0.204	OUTSIDE_BDRI_SCOPE
Route tertiaire	NC	51.335	Labé	0.018	0.290	OUTSIDE_BDRI_SCOPE
Route tertiaire	NC	50.709	Boké	1.000	1.000	LIKELY_DUPLICATE
Route secondaire	NC	50.340	Kankan	0.976	1.000	LIKELY_DUPLICATE
Route tertiaire	NC	49.571	Boké	0.015	0.236	OUTSIDE_BDRI_SCOPE
Route primaire	N32	49.296	Kankan	0.490	1.000	LIKELY_DUPLICATE
Route tertiaire	NC	48.566	Boké	0.900	1.000	LIKELY_DUPLICATE
Route primaire	NC	48.294	Boké	0.985	1.000	LIKELY_DUPLICATE
Route secondaire	NC	48.130	Nzérékoré	0.065	0.484	UNDETERMINED
Route tertiaire	NC	46.344	Nzérékoré	0.000	0.000	POTENTIAL_BDRI_MISSING
Route tertiaire	NC	45.178	Labé	0.629	0.794	LIKELY_DUPLICATE
Route secondaire	NC	43.279	Faranah	0.000	0.000	POTENTIAL_BDRI_MISSING
Route secondaire	NC	42.630	Faranah	0.009	0.081	POTENTIAL_BDRI_MISSING
Route tertiaire	NC	42.359	Kindia	0.071	0.473	OUTSIDE_BDRI_SCOPE
Voie rapide	N1	41.966	Kankan	1.000	1.000	LIKELY_DUPLICATE
Route tertiaire	NC	41.118	Kindia	0.010	0.170	OUTSIDE_BDRI_SCOPE
Route primaire	NC	40.661	Boké	0.961	1.000	LIKELY_DUPLICATE
Route tertiaire	NC	39.090	Kindia	0.000	0.000	POTENTIAL_BDRI_MISSING
Route tertiaire	NC	37.314	Nzérékoré	0.000	0.000	POTENTIAL_BDRI_MISSING
Voie rapide	N6	37.242	Kankan	1.000	1.000	LIKELY_DUPLICATE
Route secondaire	NC	36.342	Labé	0.956	1.000	LIKELY_DUPLICATE
Voie rapide	N2	36.081	Mamou	1.000	1.000	LIKELY_DUPLICATE
Route primaire	N18	35.481	Nzérékoré	0.911	1.000	LIKELY_DUPLICATE
Route tertiaire	NC	34.295	Kindia	0.976	1.000	LIKELY_DUPLICATE
Route tertiaire	NC	34.283	Kankan	0.062	0.443	OUTSIDE_BDRI_SCOPE
Route tertiaire	NC	33.983	Kankan	0.000	0.000	POTENTIAL_BDRI_MISSING
Route primaire	N24	33.914	Kindia	0.987	1.000	LIKELY_DUPLICATE
Route tertiaire	NC	33.861	Kindia	0.000	0.003	POTENTIAL_BDRI_MISSING
Route tertiaire	NC	33.768	Kankan	1.000	1.000	LIKELY_DUPLICATE
Route tertiaire	NC	33.706	Kindia	0.052	0.424	OUTSIDE_BDRI_SCOPE
Voie rapide	NC	33.266	Boké	1.000	1.000	LIKELY_DUPLICATE
Route tertiaire	NC	33.211	Boké	0.034	0.246	OUTSIDE_BDRI_SCOPE
Route tertiaire	NC	33.021	Boké	0.978	1.000	LIKELY_DUPLICATE
Route tertiaire	NC	33.020	Kindia	0.001	0.012	POTENTIAL_BDRI_MISSING
Route tertiaire	NC	32.932	Nzérékoré	0.000	0.000	POTENTIAL_BDRI_MISSING
Route tertiaire	N22	32.749	Mamou	1.000	1.000	LIKELY_DUPLICATE
Route tertiaire	NC	32.707	Boké	0.016	0.104	OUTSIDE_BDRI_SCOPE
Route tertiaire	NC	32.686	Labé	0.088	0.618	LIKELY_DUPLICATE
Route primaire	NC	32.475	Kindia	0.978	1.000	LIKELY_DUPLICATE
Voie rapide	N2	32.183	Faranah	1.000	1.000	LIKELY_DUPLICATE
Route tertiaire	NC	31.950	Kindia	0.029	0.231	OUTSIDE_BDRI_SCOPE
Route secondaire	NC	31.937	Kankan	0.001	0.045	POTENTIAL_BDRI_MISSING
Route tertiaire	NC	31.867	Kankan	0.021	0.226	OUTSIDE_BDRI_SCOPE
Route tertiaire	NC	31.777	Mamou	0.014	0.204	OUTSIDE_BDRI_SCOPE
Route tertiaire	NC	31.634	Boké	0.046	0.191	OUTSIDE_BDRI_SCOPE
Route tertiaire	NC	31.468	Boké	0.029	0.178	OUTSIDE_BDRI_SCOPE
Route tertiaire	NC	31.429	Faranah	0.001	0.026	POTENTIAL_BDRI_MISSING
Route primaire	N29	31.317	Faranah	0.986	1.000	LIKELY_DUPLICATE
Route tertiaire	NC	30.919	Kankan	0.002	0.020	POTENTIAL_BDRI_MISSING
Route secondaire	NC	30.789	Kankan	0.000	0.000	POTENTIAL_BDRI_MISSING
Route primaire	N18	30.783	Nzérékoré	0.989	1.000	LIKELY_DUPLICATE
Route tertiaire	NC	30.367	Kindia	0.024	0.062	POTENTIAL_BDRI_MISSING
Route primaire	A12	30.353	Nzérékoré	0.000	0.017	POTENTIAL_BDRI_MISSING
Voie rapide	N1	29.900	Faranah	0.991	1.000	LIKELY_DUPLICATE
Voie rapide	N1	29.361	Kankan	1.000	1.000	LIKELY_DUPLICATE
Route primaire	N30	29.303	Faranah	1.000	1.000	LIKELY_DUPLICATE
Route tertiaire	NC	29.233	Kindia	0.000	0.000	POTENTIAL_BDRI_MISSING
Route tertiaire	NC	29.198	Nzérékoré	0.234	0.245	OUTSIDE_BDRI_SCOPE
Route tertiaire	NC	29.055	Nzérékoré	1.000	1.000	LIKELY_DUPLICATE
Route tertiaire	N22	29.032	Mamou	0.964	1.000	LIKELY_DUPLICATE
Route tertiaire	NC	28.620	Mamou	0.044	0.376	OUTSIDE_BDRI_SCOPE
Route primaire	NC	28.452	Nzérékoré	0.071	0.563	LIKELY_DUPLICATE
Route tertiaire	NC	28.343	Kankan	0.016	0.131	OUTSIDE_BDRI_SCOPE
Route secondaire	NC	28.340	Kindia	1.000	1.000	LIKELY_DUPLICATE
Route tertiaire	NC	28.321	Nzérékoré	0.062	0.439	OUTSIDE_BDRI_SCOPE
Route tertiaire	NC	28.319	Labé	0.001	0.022	POTENTIAL_BDRI_MISSING
Route secondaire	NC	28.216	Kankan	0.000	0.013	POTENTIAL_BDRI_MISSING
Route primaire	NC	28.138	Kindia	0.007	0.174	UNDETERMINED
Route tertiaire	NC	28.130	Kankan	0.018	0.613	LIKELY_DUPLICATE
Route tertiaire	NC	27.861	Kindia	0.000	0.021	POTENTIAL_BDRI_MISSING
Route tertiaire	NC	27.719	Mamou	0.035	0.290	OUTSIDE_BDRI_SCOPE
Route tertiaire	NC	27.703	Boké	0.983	1.000	LIKELY_DUPLICATE
Route tertiaire	NC	27.502	Labé	0.955	1.000	LIKELY_DUPLICATE
Route primaire	N33	27.331	Kankan	1.000	1.000	LIKELY_DUPLICATE
Route tertiaire	NC	27.181	Kankan	0.000	0.000	POTENTIAL_BDRI_MISSING
Voie rapide	N3	26.903	Kindia	1.000	1.000	LIKELY_DUPLICATE
Route tertiaire	NC	26.854	Nzérékoré	0.961	1.000	LIKELY_DUPLICATE
Route secondaire	NC	26.612	Nzérékoré	0.007	0.081	POTENTIAL_BDRI_MISSING
Route tertiaire	NC	26.553	Kindia	0.037	0.309	OUTSIDE_BDRI_SCOPE
Route tertiaire	NC	26.477	Kindia	0.000	0.000	POTENTIAL_BDRI_MISSING
Route primaire	NC	26.439	Faranah	1.000	1.000	LIKELY_DUPLICATE
Route secondaire	NC	26.304	Kankan	0.002	0.010	POTENTIAL_BDRI_MISSING
Route tertiaire	NC	26.257	Kankan	0.008	0.043	POTENTIAL_BDRI_MISSING
Voie rapide	N1	26.051	Kankan	0.995	1.000	LIKELY_DUPLICATE
Route tertiaire	NC	26.046	Kankan	0.000	0.000	POTENTIAL_BDRI_MISSING
Voie rapide	NC	26.022	Boké	1.000	1.000	LIKELY_DUPLICATE
Route tertiaire	NC	25.912	Nzérékoré	0.028	0.320	OUTSIDE_BDRI_SCOPE
Route tertiaire	NC	25.547	Faranah	0.345	0.905	LIKELY_DUPLICATE
Route tertiaire	NC	25.350	Kankan	0.008	0.015	POTENTIAL_BDRI_MISSING
Route secondaire	NC	25.274	Kankan	0.695	1.000	LIKELY_DUPLICATE
Voie rapide	N6	25.141	Kankan	1.000	1.000	LIKELY_DUPLICATE
Route primaire	NC	24.908	Nzérékoré	0.000	0.000	POTENTIAL_BDRI_MISSING
Voie rapide	N2	24.728	Faranah	1.000	1.000	LIKELY_DUPLICATE
Route tertiaire	NC	24.503	Boké	0.020	0.512	LIKELY_DUPLICATE
Route tertiaire	NC	24.418	Nzérékoré	0.940	0.960	LIKELY_DUPLICATE
Voie rapide	N2	24.401	Nzérékoré	1.000	1.000	LIKELY_DUPLICATE
Route tertiaire	N4	24.376	Kindia	1.000	1.000	LIKELY_DUPLICATE
Voie rapide	N5	24.290	Mamou	1.000	1.000	LIKELY_DUPLICATE
Route secondaire	NC	24.090	Kankan	0.013	0.024	POTENTIAL_BDRI_MISSING
Voie rapide	N1	24.028	Kindia	0.998	1.000	LIKELY_DUPLICATE
Route tertiaire	NC	23.983	Mamou	0.008	0.116	OUTSIDE_BDRI_SCOPE
Route primaire	N10	23.894	Kankan	1.000	1.000	LIKELY_DUPLICATE
Route secondaire	NC	23.873	Labé	0.002	0.021	POTENTIAL_BDRI_MISSING
Route tertiaire	NC	23.796	Kankan	0.008	0.109	OUTSIDE_BDRI_SCOPE
Route tertiaire	NC	23.656	Labé	0.027	0.223	OUTSIDE_BDRI_SCOPE
Route tertiaire	NC	23.637	Faranah	0.000	0.000	POTENTIAL_BDRI_MISSING
Route tertiaire	NC	23.545	Nzérékoré	0.005	0.188	OUTSIDE_BDRI_SCOPE
Route tertiaire	NC	23.468	Mamou	0.031	0.242	OUTSIDE_BDRI_SCOPE
Route tertiaire	NC	23.410	Labé	0.000	0.007	POTENTIAL_BDRI_MISSING
Route tertiaire	NC	23.236	Labé	0.095	0.459	OUTSIDE_BDRI_SCOPE
Voie rapide	N5	23.234	Labé	0.990	1.000	LIKELY_DUPLICATE
Route secondaire	NC	23.137	Kankan	0.992	1.000	LIKELY_DUPLICATE
Route tertiaire	NC	23.091	Kankan	0.003	0.025	POTENTIAL_BDRI_MISSING
Route tertiaire	NC	23.053	Kankan	0.000	0.000	POTENTIAL_BDRI_MISSING
Route tertiaire	NC	23.016	Labé	0.060	0.614	LIKELY_DUPLICATE
Route tertiaire	NC	22.972	Kankan	0.000	0.000	POTENTIAL_BDRI_MISSING
Route tertiaire	NC	22.948	Boké	0.000	0.000	POTENTIAL_BDRI_MISSING
Route secondaire	NC	22.814	Kankan	0.947	1.000	LIKELY_DUPLICATE
Route tertiaire	NC	22.721	Boké	0.011	0.023	POTENTIAL_BDRI_MISSING
Voie rapide	N2	22.690	Nzérékoré	1.000	1.000	LIKELY_DUPLICATE
Route tertiaire	NC	22.648	Faranah	0.047	0.479	OUTSIDE_BDRI_SCOPE
Route tertiaire	NC	22.616	Boké	0.052	0.424	OUTSIDE_BDRI_SCOPE
Route tertiaire	NC	22.608	Kindia	0.028	0.592	LIKELY_DUPLICATE
Route secondaire	NC	22.564	Kindia	0.968	1.000	LIKELY_DUPLICATE
Route tertiaire	NC	22.551	Faranah	0.000	0.000	POTENTIAL_BDRI_MISSING
Route tertiaire	NC	22.546	Faranah	0.041	0.436	OUTSIDE_BDRI_SCOPE
Route tertiaire	NC	22.352	Kindia	0.031	0.366	OUTSIDE_BDRI_SCOPE
Route tertiaire	NC	22.268	Faranah	0.013	0.146	OUTSIDE_BDRI_SCOPE
Route tertiaire	NC	22.200	Kindia	0.003	0.011	POTENTIAL_BDRI_MISSING
Route tertiaire	NC	22.166	Labé	0.054	0.306	OUTSIDE_BDRI_SCOPE
Route primaire	NC	22.110	Boké	1.000	1.000	LIKELY_DUPLICATE
Route secondaire	NC	22.097	Nzérékoré	0.038	0.262	UNDETERMINED
Route primaire	N10	22.095	Nzérékoré	0.929	1.000	LIKELY_DUPLICATE
Route tertiaire	NC	22.085	Mamou	0.000	0.000	POTENTIAL_BDRI_MISSING
Route tertiaire	NC	22.000	Kindia	0.062	0.509	LIKELY_DUPLICATE
Voie rapide	N2	21.856	Faranah	1.000	1.000	LIKELY_DUPLICATE
Voie rapide	NC	21.806	Boké	1.000	1.000	LIKELY_DUPLICATE
Voie rapide	N6	21.778	Kankan	0.639	1.000	LIKELY_DUPLICATE
Route tertiaire	NC	21.771	Labé	0.000	0.000	POTENTIAL_BDRI_MISSING
Route primaire	N30	21.747	Faranah	1.000	1.000	LIKELY_DUPLICATE
Route tertiaire	NC	21.704	Faranah	0.499	0.561	LIKELY_DUPLICATE
Route tertiaire	NC	21.653	Mamou	0.006	0.108	OUTSIDE_BDRI_SCOPE
Route tertiaire	NC	21.571	Kankan	0.112	0.775	LIKELY_DUPLICATE
Route secondaire	NC	21.476	Kankan	0.009	0.218	UNDETERMINED
Route tertiaire	NC	21.378	Kankan	0.018	0.333	OUTSIDE_BDRI_SCOPE
Route primaire	NC	21.351	Kindia	0.023	0.362	UNDETERMINED
Voie rapide	NC	21.325	Boké	1.000	1.000	LIKELY_DUPLICATE
Route tertiaire	NC	21.292	Faranah	0.003	0.010	POTENTIAL_BDRI_MISSING
Route primaire	NC	21.140	Boké	1.000	1.000	LIKELY_DUPLICATE
Route primaire	N30	21.038	Faranah	1.000	1.000	LIKELY_DUPLICATE
Route tertiaire	NC	20.852	Labé	0.009	0.108	OUTSIDE_BDRI_SCOPE
Route tertiaire	NC	20.797	Kankan	0.016	0.049	POTENTIAL_BDRI_MISSING
Route tertiaire	NC	20.792	Kindia	0.041	0.363	OUTSIDE_BDRI_SCOPE
Route primaire	NC	20.742	Kindia	0.000	0.063	POTENTIAL_BDRI_MISSING
Route tertiaire	NC	20.727	Labé	0.006	0.025	POTENTIAL_BDRI_MISSING
Route primaire	N30	20.718	Kankan	0.979	1.000	LIKELY_DUPLICATE
Route secondaire	N31	20.629	Kankan	0.778	1.000	LIKELY_DUPLICATE
Route tertiaire	NC	20.525	Kindia	0.003	0.060	POTENTIAL_BDRI_MISSING
Route tertiaire	NC	20.505	Kindia	0.041	0.344	OUTSIDE_BDRI_SCOPE
Route tertiaire	NC	20.491	Kankan	0.008	0.140	OUTSIDE_BDRI_SCOPE
Route tertiaire	NC	20.335	Nzérékoré	0.000	0.000	POTENTIAL_BDRI_MISSING
Route tertiaire	NC	20.335	Mamou	0.004	0.042	POTENTIAL_BDRI_MISSING
Route tertiaire	NC	20.318	Labé	0.010	0.119	OUTSIDE_BDRI_SCOPE
Route primaire	N18	20.253	Nzérékoré	0.990	1.000	LIKELY_DUPLICATE
Route secondaire	NC	20.182	Faranah	0.029	0.248	UNDETERMINED
Route tertiaire	NC	20.089	Mamou	0.006	0.127	OUTSIDE_BDRI_SCOPE
Route secondaire	N31	20.086	Kankan	0.514	0.975	LIKELY_DUPLICATE
Route primaire	N18	20.032	Nzérékoré	0.879	1.000	LIKELY_DUPLICATE
Voie rapide	N2	19.851	Nzérékoré	1.000	1.000	LIKELY_DUPLICATE
Route tertiaire	NC	19.836	Kankan	0.008	0.053	POTENTIAL_BDRI_MISSING
Route tertiaire	NC	19.781	Boké	1.000	1.000	LIKELY_DUPLICATE
Route tertiaire	NC	19.774	Kindia	0.000	0.013	POTENTIAL_BDRI_MISSING
Voie rapide	N6	19.768	Kankan	0.207	1.000	LIKELY_DUPLICATE
Route tertiaire	NC	19.759	Labé	0.000	0.000	POTENTIAL_BDRI_MISSING
Route primaire	NC	19.754	Boké	1.000	1.000	LIKELY_DUPLICATE
Route tertiaire	NC	19.687	Kindia	0.035	0.199	OUTSIDE_BDRI_SCOPE
Route tertiaire	NC	19.679	Nzérékoré	0.025	0.168	OUTSIDE_BDRI_SCOPE
Voie rapide	N1	19.652	Nzérékoré	1.000	1.000	LIKELY_DUPLICATE
Voie rapide	N2	19.624	Mamou	0.983	1.000	LIKELY_DUPLICATE
Voie rapide	N6	19.570	Kankan	0.980	1.000	LIKELY_DUPLICATE
Route tertiaire	NC	19.567	Kindia	0.043	0.535	LIKELY_DUPLICATE
Route tertiaire	NC	19.531	Labé	0.002	0.056	POTENTIAL_BDRI_MISSING
Voie rapide	N5	19.479	Boké	0.917	1.000	LIKELY_DUPLICATE
Voie rapide	N6	19.459	Kankan	1.000	1.000	LIKELY_DUPLICATE
Route tertiaire	NC	19.421	Kankan	0.000	0.000	POTENTIAL_BDRI_MISSING
Route tertiaire	NC	19.382	Kankan	0.000	0.000	POTENTIAL_BDRI_MISSING
Route secondaire	NC	19.381	Kindia	1.000	1.000	LIKELY_DUPLICATE
Route tertiaire	NC	19.380	Kankan	0.095	0.690	LIKELY_DUPLICATE
Route tertiaire	NC	19.311	Nzérékoré	0.051	0.663	LIKELY_DUPLICATE
Route tertiaire	NC	19.201	Labé	0.016	0.189	OUTSIDE_BDRI_SCOPE
Voie rapide	N6	19.187	Kankan	1.000	1.000	LIKELY_DUPLICATE
Route tertiaire	N25	19.177	Labé	1.000	1.000	LIKELY_DUPLICATE
Voie rapide	N1	19.169	Kindia	1.000	1.000	LIKELY_DUPLICATE
Route primaire	N29	19.123	Faranah	1.000	1.000	LIKELY_DUPLICATE
Route tertiaire	NC	19.114	Labé	0.000	0.000	POTENTIAL_BDRI_MISSING
Route primaire	NC	19.095	Kindia	0.015	0.063	POTENTIAL_BDRI_MISSING
Route tertiaire	NC	19.087	Kankan	0.044	0.946	LIKELY_DUPLICATE
Route tertiaire	NC	19.071	Kindia	0.003	0.089	POTENTIAL_BDRI_MISSING
Route tertiaire	NC	19.056	Faranah	0.000	0.000	POTENTIAL_BDRI_MISSING
Route tertiaire	NC	19.038	Kindia	0.123	0.488	OUTSIDE_BDRI_SCOPE
Route tertiaire	NC	18.960	Kankan	0.052	0.385	OUTSIDE_BDRI_SCOPE
Route tertiaire	NC	18.951	Faranah	0.045	0.699	LIKELY_DUPLICATE
Route secondaire	N21	18.932	Boké	1.000	1.000	LIKELY_DUPLICATE
Route primaire	N27	18.875	Faranah	1.000	1.000	LIKELY_DUPLICATE
Voie rapide	N1	18.845	Kankan	1.000	1.000	LIKELY_DUPLICATE
Route primaire	N30	18.791	Faranah	1.000	1.000	LIKELY_DUPLICATE
Route tertiaire	NC	18.738	Faranah	0.137	0.761	LIKELY_DUPLICATE
Route secondaire	NC	18.729	Nzérékoré	0.000	0.000	POTENTIAL_BDRI_MISSING
Route primaire	NC	18.717	Kindia	0.013	0.111	UNDETERMINED
Route tertiaire	NC	18.693	Labé	0.004	0.064	POTENTIAL_BDRI_MISSING
Route primaire	NC	18.671	Faranah	0.073	0.459	UNDETERMINED
Route tertiaire	NC	18.635	Labé	0.072	0.367	OUTSIDE_BDRI_SCOPE
Route secondaire	N31	18.422	Faranah	0.752	1.000	LIKELY_DUPLICATE
Route primaire	N27	18.420	Labé	1.000	1.000	LIKELY_DUPLICATE
Route secondaire	NC	18.414	Kankan	0.049	0.547	LIKELY_DUPLICATE
Route secondaire	NC	18.354	Boké	0.008	0.132	UNDETERMINED
Voie rapide	N1	18.306	Mamou	0.917	1.000	LIKELY_DUPLICATE
Route primaire	NC	18.263	Kindia	1.000	1.000	LIKELY_DUPLICATE
Route tertiaire	NC	18.227	Labé	0.000	0.013	POTENTIAL_BDRI_MISSING
Route tertiaire	NC	18.127	Kankan	0.003	0.040	POTENTIAL_BDRI_MISSING
Route primaire	N30	18.114	Kankan	1.000	1.000	LIKELY_DUPLICATE
Route tertiaire	NC	17.993	Kankan	0.005	0.089	POTENTIAL_BDRI_MISSING
Route tertiaire	NC	17.980	Kindia	0.026	0.192	OUTSIDE_BDRI_SCOPE
Route secondaire	NC	17.931	Nzérékoré	0.000	0.101	UNDETERMINED
Route tertiaire	NC	17.763	Nzérékoré	0.129	0.693	LIKELY_DUPLICATE
Voie rapide	N2	17.726	Faranah	1.000	1.000	LIKELY_DUPLICATE
Route tertiaire	NC	17.719	Boké	0.007	0.179	OUTSIDE_BDRI_SCOPE
Route tertiaire	NC	17.701	Mamou	0.015	0.309	OUTSIDE_BDRI_SCOPE
Route tertiaire	NC	17.693	Kankan	0.007	0.045	POTENTIAL_BDRI_MISSING
Route tertiaire	NC	17.652	Labé	0.033	0.281	OUTSIDE_BDRI_SCOPE
Voie rapide	N2	17.623	Faranah	1.000	1.000	LIKELY_DUPLICATE
Route primaire	N32	17.591	Kankan	1.000	1.000	LIKELY_DUPLICATE
Route tertiaire	NC	17.588	Nzérékoré	0.004	0.026	POTENTIAL_BDRI_MISSING
Route secondaire	NC	17.540	Boké	0.076	0.609	LIKELY_DUPLICATE
Voie rapide	N1	17.487	Nzérékoré	1.000	1.000	LIKELY_DUPLICATE
Route tertiaire	NC	17.485	Kindia	0.014	0.414	OUTSIDE_BDRI_SCOPE
Route tertiaire	NC	17.483	Nzérékoré	0.002	0.015	POTENTIAL_BDRI_MISSING
Route tertiaire	NC	17.467	Kankan	0.000	0.000	POTENTIAL_BDRI_MISSING
Route tertiaire	NC	17.357	Labé	0.673	0.848	LIKELY_DUPLICATE
Route primaire	N24	17.291	Kindia	1.000	1.000	LIKELY_DUPLICATE
Route tertiaire	NC	17.266	Kankan	0.003	0.031	POTENTIAL_BDRI_MISSING
Route secondaire	NC	17.259	Kankan	1.000	1.000	LIKELY_DUPLICATE
Route tertiaire	NC	17.234	Labé	0.079	0.602	LIKELY_DUPLICATE
Route primaire	N16	17.227	Nzérékoré	0.914	1.000	LIKELY_DUPLICATE
Route secondaire	NC	17.045	Nzérékoré	0.000	0.000	POTENTIAL_BDRI_MISSING
Route primaire	N19	17.040	Nzérékoré	1.000	1.000	LIKELY_DUPLICATE
Route secondaire	NC	17.035	Kankan	0.006	0.082	POTENTIAL_BDRI_MISSING
Route primaire	N24	16.929	Kindia	1.000	1.000	LIKELY_DUPLICATE
Route tertiaire	NC	16.919	Mamou	0.021	0.124	OUTSIDE_BDRI_SCOPE
Route tertiaire	NC	16.873	Kindia	0.015	0.125	OUTSIDE_BDRI_SCOPE
Route tertiaire	NC	16.869	Kankan	0.008	0.101	OUTSIDE_BDRI_SCOPE
Route tertiaire	NC	16.828	Faranah	0.011	0.301	OUTSIDE_BDRI_SCOPE
Route tertiaire	NC	16.818	Kindia	0.083	0.599	LIKELY_DUPLICATE
Route secondaire	N21	16.788	Kindia	0.675	1.000	LIKELY_DUPLICATE
Route tertiaire	NC	16.781	Faranah	0.229	1.000	LIKELY_DUPLICATE
Voie rapide	N2	16.779	Faranah	1.000	1.000	LIKELY_DUPLICATE
Route tertiaire	NC	16.763	Kankan	0.000	0.000	POTENTIAL_BDRI_MISSING
Route secondaire	NC	16.724	Kankan	1.000	1.000	LIKELY_DUPLICATE
Route primaire	N27	16.703	Labé	1.000	1.000	LIKELY_DUPLICATE
Route secondaire	NC	16.690	Kindia	0.015	0.341	UNDETERMINED
Voie rapide	N1	16.647	Kindia	0.990	1.000	LIKELY_DUPLICATE
Route tertiaire	NC	16.643	Kankan	0.000	0.000	POTENTIAL_BDRI_MISSING
Route tertiaire	NC	16.635	Labé	0.000	0.000	POTENTIAL_BDRI_MISSING
Route primaire	N27	16.615	Labé	1.000	1.000	LIKELY_DUPLICATE
Route tertiaire	NC	16.610	Kankan	0.000	0.000	POTENTIAL_BDRI_MISSING
Route tertiaire	NC	16.506	Kindia	0.004	0.068	POTENTIAL_BDRI_MISSING
Route tertiaire	NC	16.475	Kindia	0.000	0.157	OUTSIDE_BDRI_SCOPE
Voie rapide	N2	16.459	Faranah	1.000	1.000	LIKELY_DUPLICATE
Voie rapide	N6	16.448	Kankan	0.480	1.000	LIKELY_DUPLICATE
Route tertiaire	NC	16.434	Boké	0.856	0.915	LIKELY_DUPLICATE
Route tertiaire	NC	16.427	Kankan	0.006	0.032	POTENTIAL_BDRI_MISSING
Route tertiaire	NC	16.404	Kankan	0.009	0.050	POTENTIAL_BDRI_MISSING
Route tertiaire	NC	16.390	Labé	0.019	0.098	POTENTIAL_BDRI_MISSING
Route primaire	N27	16.387	Labé	1.000	1.000	LIKELY_DUPLICATE
Route tertiaire	NC	16.329	Kankan	0.004	0.018	POTENTIAL_BDRI_MISSING
Route secondaire	NC	16.283	Kankan	0.996	1.000	LIKELY_DUPLICATE
Voie rapide	N4	16.262	Kindia	1.000	1.000	LIKELY_DUPLICATE
Route tertiaire	NC	16.240	Labé	0.025	0.230	OUTSIDE_BDRI_SCOPE
Voie rapide	N2	16.235	Nzérékoré	0.929	1.000	LIKELY_DUPLICATE
Voie rapide	N1	16.191	Mamou	0.990	1.000	LIKELY_DUPLICATE
Route primaire	N29	16.182	Faranah	0.979	1.000	LIKELY_DUPLICATE
Route secondaire	NC	16.166	Labé	0.990	1.000	LIKELY_DUPLICATE
Voie rapide	NC	16.125	Boké	0.820	1.000	LIKELY_DUPLICATE
Route tertiaire	NC	16.125	Mamou	0.000	0.000	POTENTIAL_BDRI_MISSING
Route tertiaire	NC	16.083	Nzérékoré	0.000	0.016	POTENTIAL_BDRI_MISSING
Voie rapide	N5	16.062	Mamou	1.000	1.000	LIKELY_DUPLICATE
Route tertiaire	NC	16.024	Kankan	0.002	0.052	POTENTIAL_BDRI_MISSING
Route tertiaire	NC	16.009	Kankan	0.018	0.174	OUTSIDE_BDRI_SCOPE
Voie rapide	N1	15.930	Kankan	1.000	1.000	LIKELY_DUPLICATE
Route tertiaire	NC	15.912	Kindia	0.016	0.280	OUTSIDE_BDRI_SCOPE
Route tertiaire	NC	15.900	Kindia	0.012	0.113	OUTSIDE_BDRI_SCOPE
Route tertiaire	NC	15.870	Labé	0.000	0.000	POTENTIAL_BDRI_MISSING
Route tertiaire	NC	15.850	Kindia	0.053	0.115	OUTSIDE_BDRI_SCOPE
Route tertiaire	NC	15.768	Faranah	0.036	0.248	OUTSIDE_BDRI_SCOPE
Route tertiaire	NC	15.742	Kankan	0.000	0.000	POTENTIAL_BDRI_MISSING
Route tertiaire	NC	15.738	Kankan	0.009	0.052	POTENTIAL_BDRI_MISSING
Voie rapide	N6	15.695	Kankan	1.000	1.000	LIKELY_DUPLICATE
Route tertiaire	NC	15.677	Boké	0.000	0.000	POTENTIAL_BDRI_MISSING
Route tertiaire	NC	15.654	Mamou	0.053	0.426	OUTSIDE_BDRI_SCOPE
Route tertiaire	NC	15.482	Mamou	0.000	0.000	POTENTIAL_BDRI_MISSING
Route tertiaire	NC	15.445	Nzérékoré	0.006	0.257	OUTSIDE_BDRI_SCOPE
Route secondaire	NC	15.431	Kankan	0.010	0.024	POTENTIAL_BDRI_MISSING
Route tertiaire	NC	15.384	Kankan	0.008	0.037	POTENTIAL_BDRI_MISSING
Route tertiaire	NC	15.355	Kankan	0.000	0.032	POTENTIAL_BDRI_MISSING
Voie rapide	N2	15.323	Mamou	1.000	1.000	LIKELY_DUPLICATE
Route tertiaire	N4	15.314	Kindia	1.000	1.000	LIKELY_DUPLICATE
Route tertiaire	NC	15.289	Kankan	0.000	0.000	POTENTIAL_BDRI_MISSING
Route tertiaire	NC	15.276	Kankan	0.041	0.827	LIKELY_DUPLICATE
Route secondaire	NC	15.270	Faranah	0.000	0.000	POTENTIAL_BDRI_MISSING
Route tertiaire	NC	15.226	Kankan	0.006	0.021	POTENTIAL_BDRI_MISSING
Route tertiaire	NC	15.180	Kindia	0.004	0.248	OUTSIDE_BDRI_SCOPE
Route tertiaire	NC	15.118	Kankan	0.031	0.314	OUTSIDE_BDRI_SCOPE
Route tertiaire	NC	15.033	Kankan	0.009	0.139	OUTSIDE_BDRI_SCOPE
Route tertiaire	NC	15.031	Kankan	0.000	0.000	POTENTIAL_BDRI_MISSING
Route tertiaire	NC	14.988	Nzérékoré	0.020	0.575	LIKELY_DUPLICATE
Route tertiaire	NC	14.977	Kindia	0.004	0.131	OUTSIDE_BDRI_SCOPE
Route tertiaire	NC	14.970	Boké	0.000	0.000	POTENTIAL_BDRI_MISSING
Route secondaire	NC	14.968	Kankan	0.799	1.000	LIKELY_DUPLICATE
Route tertiaire	NC	14.966	Boké	1.000	1.000	LIKELY_DUPLICATE
Route secondaire	NC	14.940	Nzérékoré	0.346	0.359	UNDETERMINED
Route secondaire	NC	14.939	Boké	0.000	0.000	POTENTIAL_BDRI_MISSING
Route primaire	N27	14.929	Labé	1.000	1.000	LIKELY_DUPLICATE
Route secondaire	NC	14.879	Mamou	0.033	0.348	UNDETERMINED
Voie rapide	N2	14.870	Mamou	1.000	1.000	LIKELY_DUPLICATE
Route tertiaire	NC	14.852	Kindia	0.016	0.173	OUTSIDE_BDRI_SCOPE
Route tertiaire	NC	14.848	Labé	1.000	1.000	LIKELY_DUPLICATE
Voie rapide	NC	14.841	Nzérékoré	1.000	1.000	LIKELY_DUPLICATE
Route secondaire	NC	14.830	Kindia	0.051	0.645	LIKELY_DUPLICATE
Route tertiaire	NC	14.818	Faranah	0.000	0.000	POTENTIAL_BDRI_MISSING
Route tertiaire	NC	14.681	Labé	0.016	0.127	OUTSIDE_BDRI_SCOPE
Route tertiaire	NC	14.610	Kindia	0.000	0.000	POTENTIAL_BDRI_MISSING
Voie rapide	N1	14.603	Kankan	1.000	1.000	LIKELY_DUPLICATE
Route secondaire	NC	14.591	Boké	0.035	0.215	UNDETERMINED
Route secondaire	N31	14.576	Kankan	1.000	1.000	LIKELY_DUPLICATE
Route tertiaire	NC	14.555	Labé	0.000	0.000	POTENTIAL_BDRI_MISSING
Route tertiaire	NC	14.554	Nzérékoré	0.082	0.430	OUTSIDE_BDRI_SCOPE
Route tertiaire	NC	14.541	Kindia	0.033	0.207	OUTSIDE_BDRI_SCOPE
Voie rapide	N2	14.537	Nzérékoré	1.000	1.000	LIKELY_DUPLICATE
Route tertiaire	NC	14.536	Nzérékoré	0.000	0.000	POTENTIAL_BDRI_MISSING
Route tertiaire	NC	14.534	Kankan	0.008	0.130	OUTSIDE_BDRI_SCOPE
Voie rapide	N1	14.528	Faranah	1.000	1.000	LIKELY_DUPLICATE
Route tertiaire	NC	14.518	Kankan	0.067	0.661	LIKELY_DUPLICATE
Route tertiaire	NC	14.470	Kindia	0.018	0.090	POTENTIAL_BDRI_MISSING
Route tertiaire	NC	14.408	Kankan	0.004	0.254	OUTSIDE_BDRI_SCOPE
Route primaire	N32	14.399	Kankan	0.236	1.000	LIKELY_DUPLICATE
Route tertiaire	NC	14.389	Boké	0.052	0.323	OUTSIDE_BDRI_SCOPE
Route secondaire	NC	14.349	Faranah	0.014	0.097	POTENTIAL_BDRI_MISSING
Route primaire	NC	14.325	Kindia	0.013	0.329	UNDETERMINED
Route tertiaire	NC	14.290	Faranah	0.043	0.344	OUTSIDE_BDRI_SCOPE
Voie rapide	N2	14.283	Nzérékoré	0.812	0.975	LIKELY_DUPLICATE
Route tertiaire	NC	14.279	Faranah	0.000	0.000	POTENTIAL_BDRI_MISSING
Route primaire	N30	14.164	Kankan	0.955	1.000	LIKELY_DUPLICATE
Route secondaire	NC	14.158	Labé	0.008	0.084	POTENTIAL_BDRI_MISSING
Route tertiaire	NC	14.105	Kindia	0.000	0.000	POTENTIAL_BDRI_MISSING
Route tertiaire	NC	14.037	Kankan	0.010	0.064	POTENTIAL_BDRI_MISSING
Route tertiaire	NC	13.999	Boké	0.000	0.000	POTENTIAL_BDRI_MISSING
Route tertiaire	NC	13.964	Kankan	0.003	0.021	POTENTIAL_BDRI_MISSING
Route tertiaire	NC	13.930	Faranah	0.025	0.452	OUTSIDE_BDRI_SCOPE
Route tertiaire	NC	13.929	Kankan	0.005	0.105	OUTSIDE_BDRI_SCOPE
Route tertiaire	NC	13.926	Faranah	0.029	0.515	LIKELY_DUPLICATE
Route tertiaire	NC	13.920	Nzérékoré	0.000	0.000	POTENTIAL_BDRI_MISSING
Route secondaire	NC	13.919	Kankan	1.000	1.000	LIKELY_DUPLICATE
Route secondaire	NC	13.912	Nzérékoré	0.000	0.000	POTENTIAL_BDRI_MISSING
Route tertiaire	NC	13.863	Faranah	0.014	0.130	OUTSIDE_BDRI_SCOPE
Route tertiaire	NC	13.818	Boké	0.003	0.062	POTENTIAL_BDRI_MISSING
Route tertiaire	NC	13.774	Faranah	0.000	0.073	POTENTIAL_BDRI_MISSING
Route tertiaire	NC	13.766	Faranah	0.034	0.245	OUTSIDE_BDRI_SCOPE
Route tertiaire	NC	13.703	Kankan	0.055	0.675	LIKELY_DUPLICATE
Route primaire	NC	13.678	Kindia	0.045	0.293	UNDETERMINED
Route tertiaire	NC	13.675	Nzérékoré	0.004	0.025	POTENTIAL_BDRI_MISSING
Voie rapide	N3	13.660	Boké	1.000	1.000	LIKELY_DUPLICATE
Voie rapide	N1	13.639	Kankan	0.517	1.000	LIKELY_DUPLICATE
Voie rapide	N4	13.622	Kindia	0.901	1.000	LIKELY_DUPLICATE
Route tertiaire	NC	13.568	Kindia	0.077	0.403	OUTSIDE_BDRI_SCOPE
Route tertiaire	NC	13.554	Faranah	0.018	0.108	OUTSIDE_BDRI_SCOPE
Route tertiaire	NC	13.508	Nzérékoré	1.000	1.000	LIKELY_DUPLICATE
Route tertiaire	NC	13.489	Kankan	0.022	0.066	POTENTIAL_BDRI_MISSING
Route primaire	N29	13.472	Faranah	1.000	1.000	LIKELY_DUPLICATE
Route tertiaire	NC	13.469	Labé	1.000	1.000	LIKELY_DUPLICATE
Voie rapide	N2	13.467	Nzérékoré	1.000	1.000	LIKELY_DUPLICATE
Route primaire	NC	13.431	Kindia	0.000	0.023	POTENTIAL_BDRI_MISSING
Route secondaire	NC	13.409	Kankan	1.000	1.000	LIKELY_DUPLICATE
Voie rapide	N1	13.388	Faranah	1.000	1.000	LIKELY_DUPLICATE
Route tertiaire	NC	13.355	Kankan	0.025	0.223	OUTSIDE_BDRI_SCOPE
Route tertiaire	NC	13.352	Kankan	0.010	0.072	POTENTIAL_BDRI_MISSING
Route tertiaire	NC	13.345	Nzérékoré	0.000	0.000	POTENTIAL_BDRI_MISSING
Route secondaire	N22	13.330	Boké	1.000	1.000	LIKELY_DUPLICATE
Route tertiaire	NC	13.325	Nzérékoré	0.000	0.007	POTENTIAL_BDRI_MISSING
Route tertiaire	NC	13.274	Kindia	0.000	0.000	POTENTIAL_BDRI_MISSING
Route tertiaire	NC	13.261	Boké	0.030	0.305	OUTSIDE_BDRI_SCOPE
Route primaire	N29	13.211	Faranah	1.000	1.000	LIKELY_DUPLICATE
Route tertiaire	NC	13.182	Kankan	0.006	0.044	POTENTIAL_BDRI_MISSING
Route primaire	NC	13.153	Nzérékoré	0.000	0.000	POTENTIAL_BDRI_MISSING
Route tertiaire	NC	13.151	Labé	0.021	0.083	POTENTIAL_BDRI_MISSING
Route tertiaire	NC	13.106	Kankan	0.000	0.000	POTENTIAL_BDRI_MISSING
Route tertiaire	NC	13.095	Kindia	0.018	0.233	OUTSIDE_BDRI_SCOPE
Route secondaire	NC	13.087	Labé	0.010	0.095	POTENTIAL_BDRI_MISSING
Route secondaire	N31	13.061	Faranah	0.949	1.000	LIKELY_DUPLICATE
Voie rapide	N1	13.024	Kankan	1.000	1.000	LIKELY_DUPLICATE
Route primaire	N1	12.972	Boké	1.000	1.000	LIKELY_DUPLICATE
Route tertiaire	NC	12.961	Nzérékoré	0.005	0.325	OUTSIDE_BDRI_SCOPE
Route tertiaire	NC	12.952	Labé	0.015	0.155	OUTSIDE_BDRI_SCOPE
Route tertiaire	NC	12.950	Kankan	0.000	0.000	POTENTIAL_BDRI_MISSING
Voie rapide	N1	12.947	Kindia	1.000	1.000	LIKELY_DUPLICATE
Route tertiaire	NC	12.916	Kindia	0.068	0.695	LIKELY_DUPLICATE
Route tertiaire	NC	12.914	Kindia	0.000	0.000	POTENTIAL_BDRI_MISSING
Route tertiaire	NC	12.910	Kindia	0.003	0.044	POTENTIAL_BDRI_MISSING
Route tertiaire	NC	12.870	Mamou	0.019	0.221	OUTSIDE_BDRI_SCOPE
Voie rapide	N1	12.824	Mamou	0.967	1.000	LIKELY_DUPLICATE
Route tertiaire	NC	12.819	Kindia	0.005	0.063	POTENTIAL_BDRI_MISSING
Route secondaire	NC	12.803	Kankan	0.036	0.339	UNDETERMINED
Route tertiaire	NC	12.801	Labé	0.106	0.492	OUTSIDE_BDRI_SCOPE
Route tertiaire	NC	12.800	Faranah	0.085	0.415	OUTSIDE_BDRI_SCOPE
Route tertiaire	NC	12.744	Kindia	0.019	0.363	OUTSIDE_BDRI_SCOPE
Route tertiaire	NC	12.731	Faranah	0.005	0.021	POTENTIAL_BDRI_MISSING
Route tertiaire	NC	12.716	Kindia	0.013	0.417	OUTSIDE_BDRI_SCOPE
Route tertiaire	NC	12.707	Kindia	0.027	0.297	OUTSIDE_BDRI_SCOPE
Route tertiaire	NC	12.687	Kankan	0.021	0.154	OUTSIDE_BDRI_SCOPE
Route tertiaire	NC	12.665	Kindia	0.000	0.000	POTENTIAL_BDRI_MISSING
Route tertiaire	NC	12.613	Nzérékoré	0.005	0.182	OUTSIDE_BDRI_SCOPE
Route tertiaire	NC	12.607	Kankan	0.000	0.254	OUTSIDE_BDRI_SCOPE
Route tertiaire	NC	12.596	Boké	0.690	0.754	LIKELY_DUPLICATE
Route tertiaire	N4	12.545	Kindia	1.000	1.000	LIKELY_DUPLICATE
Route secondaire	NC	12.531	Kankan	0.922	1.000	LIKELY_DUPLICATE
Route tertiaire	NC	12.506	Faranah	0.000	0.000	POTENTIAL_BDRI_MISSING
Voie rapide	N2	12.497	Nzérékoré	1.000	1.000	LIKELY_DUPLICATE
Route tertiaire	NC	12.492	Kankan	0.045	0.195	OUTSIDE_BDRI_SCOPE
Route tertiaire	NC	12.486	Kankan	0.005	0.106	OUTSIDE_BDRI_SCOPE
Route tertiaire	NC	12.461	Kindia	0.003	0.016	POTENTIAL_BDRI_MISSING
Route tertiaire	NC	12.450	Faranah	0.000	0.362	OUTSIDE_BDRI_SCOPE
Route tertiaire	NC	12.444	Nzérékoré	0.000	0.000	POTENTIAL_BDRI_MISSING
Route tertiaire	NC	12.436	Kankan	0.014	0.155	OUTSIDE_BDRI_SCOPE
Route secondaire	NC	12.427	Kankan	1.000	1.000	LIKELY_DUPLICATE
Route tertiaire	NC	12.417	Kankan	0.000	0.017	POTENTIAL_BDRI_MISSING
Route tertiaire	NC	12.384	Boké	0.042	0.487	OUTSIDE_BDRI_SCOPE
Voie rapide	N1	12.335	Kankan	1.000	1.000	LIKELY_DUPLICATE
Route tertiaire	NC	12.309	Faranah	0.004	0.025	POTENTIAL_BDRI_MISSING
Route tertiaire	NC	12.306	Mamou	0.011	0.168	OUTSIDE_BDRI_SCOPE
Route tertiaire	NC	12.301	Mamou	0.011	0.080	POTENTIAL_BDRI_MISSING
Route tertiaire	NC	12.284	Faranah	0.000	0.000	POTENTIAL_BDRI_MISSING
Route secondaire	NC	12.283	Kankan	0.855	1.000	LIKELY_DUPLICATE
Voie rapide	N3	12.258	Boké	1.000	1.000	LIKELY_DUPLICATE
Route secondaire	NC	12.224	Faranah	0.000	0.000	POTENTIAL_BDRI_MISSING
Route secondaire	NC	12.217	Nzérékoré	0.015	0.199	UNDETERMINED
Route primaire	N22	12.172	Boké	0.868	0.968	LIKELY_DUPLICATE
Route tertiaire	NC	12.171	Faranah	0.000	0.000	POTENTIAL_BDRI_MISSING
Voie rapide	N2	12.151	Nzérékoré	1.000	1.000	LIKELY_DUPLICATE
Route secondaire	NC	12.138	Nzérékoré	0.118	0.992	LIKELY_DUPLICATE
Voie rapide	N6	12.126	Kankan	0.931	1.000	LIKELY_DUPLICATE
Route tertiaire	NC	12.123	Kindia	0.000	0.004	POTENTIAL_BDRI_MISSING
Route tertiaire	NC	12.100	Kindia	0.013	0.183	OUTSIDE_BDRI_SCOPE
Route tertiaire	NC	12.099	Kankan	1.000	1.000	LIKELY_DUPLICATE
Route tertiaire	NC	12.096	Kankan	0.061	0.251	OUTSIDE_BDRI_SCOPE
Voie rapide	N1	12.043	Nzérékoré	1.000	1.000	LIKELY_DUPLICATE
Route tertiaire	NC	12.034	Kankan	0.053	0.727	LIKELY_DUPLICATE
Route tertiaire	NC	12.031	Kindia	0.000	0.000	POTENTIAL_BDRI_MISSING
Route tertiaire	NC	12.015	Labé	0.905	1.000	LIKELY_DUPLICATE
Route tertiaire	NC	12.010	Nzérékoré	0.002	0.037	POTENTIAL_BDRI_MISSING
Route secondaire	N25	11.987	Labé	1.000	1.000	LIKELY_DUPLICATE
Route primaire	N29	11.976	Faranah	0.935	1.000	LIKELY_DUPLICATE
Route tertiaire	NC	11.964	Nzérékoré	0.124	0.719	LIKELY_DUPLICATE
Voie rapide	N1	11.953	Faranah	1.000	1.000	LIKELY_DUPLICATE
Route tertiaire	NC	11.952	Kankan	0.000	0.000	POTENTIAL_BDRI_MISSING
Route primaire	N27	11.946	Faranah	1.000	1.000	LIKELY_DUPLICATE
Voie rapide	N4	11.925	Kindia	1.000	1.000	LIKELY_DUPLICATE
Route tertiaire	NC	11.904	Nzérékoré	0.000	0.000	POTENTIAL_BDRI_MISSING
Route tertiaire	NC	11.895	Kindia	0.036	0.395	OUTSIDE_BDRI_SCOPE
Route tertiaire	NC	11.894	Kankan	0.000	0.000	POTENTIAL_BDRI_MISSING
Voie rapide	N1	11.889	Nzérékoré	1.000	1.000	LIKELY_DUPLICATE
Route primaire	N24	11.887	Kindia	1.000	1.000	LIKELY_DUPLICATE
Route primaire	N30	11.880	Faranah	1.000	1.000	LIKELY_DUPLICATE
Route tertiaire	NC	11.866	Kindia	0.000	0.000	POTENTIAL_BDRI_MISSING
Route tertiaire	NC	11.849	Kankan	0.011	0.157	OUTSIDE_BDRI_SCOPE
Voie rapide	N2	11.837	Nzérékoré	1.000	1.000	LIKELY_DUPLICATE
Route tertiaire	NC	11.837	Kankan	0.000	0.000	POTENTIAL_BDRI_MISSING
Route secondaire	NC	11.836	Kankan	0.963	1.000	LIKELY_DUPLICATE
Route primaire	NC	11.836	Faranah	0.000	0.000	POTENTIAL_BDRI_MISSING
Voie rapide	N6	11.811	Kankan	1.000	1.000	LIKELY_DUPLICATE
Route secondaire	NC	11.763	Kankan	0.004	0.021	POTENTIAL_BDRI_MISSING
Route tertiaire	NC	11.756	Kindia	0.003	0.132	OUTSIDE_BDRI_SCOPE
Route tertiaire	NC	11.751	Boké	0.000	0.000	POTENTIAL_BDRI_MISSING
Route secondaire	NC	11.741	Kankan	1.000	1.000	LIKELY_DUPLICATE
Route tertiaire	NC	11.731	Nzérékoré	0.000	0.000	POTENTIAL_BDRI_MISSING
Route tertiaire	NC	11.725	Kindia	0.000	0.000	POTENTIAL_BDRI_MISSING
Voie rapide	NC	11.720	Nzérékoré	0.000	0.000	POTENTIAL_BDRI_MISSING
Voie rapide	N5	11.655	Labé	0.912	1.000	LIKELY_DUPLICATE
Route primaire	N33	11.639	Faranah	1.000	1.000	LIKELY_DUPLICATE
Route tertiaire	Route principal de bardou	11.629	Faranah	0.004	0.159	OUTSIDE_BDRI_SCOPE
Voie rapide	N6	11.627	Faranah	1.000	1.000	LIKELY_DUPLICATE
Route tertiaire	NC	11.585	Nzérékoré	0.000	0.000	POTENTIAL_BDRI_MISSING
Route tertiaire	NC	11.553	Nzérékoré	0.009	0.055	POTENTIAL_BDRI_MISSING
Route primaire	NC	11.548	Nzérékoré	0.008	0.152	UNDETERMINED
Route tertiaire	NC	11.548	Kindia	0.077	0.817	LIKELY_DUPLICATE
Voie rapide	N1	11.536	Mamou	1.000	1.000	LIKELY_DUPLICATE
Route tertiaire	NC	11.528	Kankan	0.000	0.000	POTENTIAL_BDRI_MISSING
Route tertiaire	NC	11.514	Nzérékoré	0.000	0.000	POTENTIAL_BDRI_MISSING
Route tertiaire	NC	11.512	Labé	0.004	0.035	POTENTIAL_BDRI_MISSING
Route tertiaire	NC	11.493	Labé	1.000	1.000	LIKELY_DUPLICATE
Route tertiaire	NC	11.485	Kankan	0.000	0.000	POTENTIAL_BDRI_MISSING
Route tertiaire	NC	11.482	Faranah	0.021	0.305	OUTSIDE_BDRI_SCOPE
Voie rapide	N5	11.473	Boké	0.963	1.000	LIKELY_DUPLICATE
Route primaire	N8	11.471	Labé	1.000	1.000	LIKELY_DUPLICATE
Route tertiaire	NC	11.466	Kindia	0.000	0.000	POTENTIAL_BDRI_MISSING
Route tertiaire	NC	11.465	Nzérékoré	0.019	0.625	LIKELY_DUPLICATE
Route tertiaire	NC	11.417	Nzérékoré	0.000	0.000	POTENTIAL_BDRI_MISSING
Route primaire	N33	11.416	Kankan	1.000	1.000	LIKELY_DUPLICATE
Route tertiaire	NC	11.409	Boké	1.000	1.000	LIKELY_DUPLICATE
Route tertiaire	NC	11.405	Kankan	0.000	0.000	POTENTIAL_BDRI_MISSING
Route tertiaire	NC	11.398	Kankan	0.013	0.118	OUTSIDE_BDRI_SCOPE
Route tertiaire	NC	11.382	Nzérékoré	0.102	0.569	LIKELY_DUPLICATE
Voie rapide	N2	11.360	Faranah	1.000	1.000	LIKELY_DUPLICATE
Route secondaire	NC	11.356	Mamou	0.000	0.000	POTENTIAL_BDRI_MISSING
Route primaire	N30	11.316	Kankan	1.000	1.000	LIKELY_DUPLICATE
Route tertiaire	NC	11.301	Labé	0.014	0.080	POTENTIAL_BDRI_MISSING
Route tertiaire	NC	11.290	Boké	1.000	1.000	LIKELY_DUPLICATE
Route primaire	N29	11.267	Faranah	1.000	1.000	LIKELY_DUPLICATE
Route tertiaire	NC	11.227	Labé	0.026	0.208	OUTSIDE_BDRI_SCOPE
Route tertiaire	NC	11.225	Labé	0.004	0.029	POTENTIAL_BDRI_MISSING
Route secondaire	NC	11.216	Faranah	0.000	0.000	POTENTIAL_BDRI_MISSING
Route secondaire	NC	11.213	Boké	0.052	0.586	LIKELY_DUPLICATE
Voie rapide	N6	11.134	Kankan	1.000	1.000	LIKELY_DUPLICATE
Route primaire	N8	11.122	Labé	1.000	1.000	LIKELY_DUPLICATE
Route tertiaire	NC	11.118	Kankan	0.000	0.000	POTENTIAL_BDRI_MISSING
Route tertiaire	R10	11.110	Boké	0.000	0.017	POTENTIAL_BDRI_MISSING
Route tertiaire	NC	11.106	Boké	0.045	0.370	OUTSIDE_BDRI_SCOPE
Route secondaire	NC	11.100	Kankan	0.000	0.000	POTENTIAL_BDRI_MISSING
Route tertiaire	NC	11.089	Kankan	0.000	0.080	POTENTIAL_BDRI_MISSING
Route tertiaire	NC	11.058	Faranah	0.091	0.343	OUTSIDE_BDRI_SCOPE
Route tertiaire	NC	11.041	Kankan	0.000	0.000	POTENTIAL_BDRI_MISSING
Route secondaire	NC	11.029	Mamou	0.029	0.188	UNDETERMINED
Route tertiaire	NC	11.013	Boké	0.000	0.000	POTENTIAL_BDRI_MISSING
Route secondaire	NC	10.979	Mamou	0.014	0.202	UNDETERMINED
Route secondaire	NC	10.976	Nzérékoré	1.000	1.000	LIKELY_DUPLICATE
Voie rapide	N6	10.947	Faranah	1.000	1.000	LIKELY_DUPLICATE
Route primaire	N24	10.946	Kindia	1.000	1.000	LIKELY_DUPLICATE
Route primaire	N2	10.937	Faranah	0.985	1.000	LIKELY_DUPLICATE
Voie rapide	N1	10.936	Nzérékoré	1.000	1.000	LIKELY_DUPLICATE
Route secondaire	NC	10.876	Nzérékoré	0.860	1.000	LIKELY_DUPLICATE
Route tertiaire	NC	10.870	Kankan	1.000	1.000	LIKELY_DUPLICATE
Route tertiaire	NC	10.861	Kankan	0.012	0.064	POTENTIAL_BDRI_MISSING
Voie rapide	NC	10.854	Nzérékoré	1.000	1.000	LIKELY_DUPLICATE
Route tertiaire	NC	10.840	Boké	0.011	0.230	OUTSIDE_BDRI_SCOPE
Route primaire	N27	10.828	Labé	1.000	1.000	LIKELY_DUPLICATE
Route secondaire	NC	10.815	Boké	0.025	0.254	UNDETERMINED
Route tertiaire	NC	10.804	Mamou	0.004	0.014	POTENTIAL_BDRI_MISSING
Route tertiaire	NC	10.791	Faranah	0.000	0.000	POTENTIAL_BDRI_MISSING
Route tertiaire	NC	10.778	Nzérékoré	0.000	0.000	POTENTIAL_BDRI_MISSING
Route tertiaire	NC	10.777	Kankan	0.012	0.307	OUTSIDE_BDRI_SCOPE
Route secondaire	NC	10.754	Nzérékoré	0.034	0.420	UNDETERMINED
Route secondaire	N22	10.732	Boké	1.000	1.000	LIKELY_DUPLICATE
Route tertiaire	NC	10.728	Kankan	0.000	0.000	POTENTIAL_BDRI_MISSING
Route tertiaire	NC	10.719	Nzérékoré	0.018	0.054	POTENTIAL_BDRI_MISSING
Voie rapide	N3	10.719	Kindia	1.000	1.000	LIKELY_DUPLICATE
Route tertiaire	NC	10.712	Boké	0.000	0.000	POTENTIAL_BDRI_MISSING
Route tertiaire	NC	10.700	Boké	0.000	0.000	POTENTIAL_BDRI_MISSING
Route tertiaire	NC	10.699	Labé	0.012	0.098	POTENTIAL_BDRI_MISSING
Voie rapide	N1	10.691	Kankan	1.000	1.000	LIKELY_DUPLICATE
Route tertiaire	NC	10.691	Faranah	0.006	0.043	POTENTIAL_BDRI_MISSING
Route secondaire	NC	10.682	Mamou	0.017	0.226	UNDETERMINED
Route tertiaire	NC	10.682	Faranah	0.030	0.245	OUTSIDE_BDRI_SCOPE
Voie rapide	N6	10.669	Kankan	1.000	1.000	LIKELY_DUPLICATE
Route secondaire	NC	10.646	Nzérékoré	0.968	1.000	LIKELY_DUPLICATE
Voie rapide	N5	10.643	Boké	0.850	1.000	LIKELY_DUPLICATE
Voie rapide	N2	10.625	Mamou	0.994	1.000	LIKELY_DUPLICATE
Route tertiaire	NC	10.620	Faranah	0.115	0.473	OUTSIDE_BDRI_SCOPE
Voie rapide	N1	10.618	Faranah	1.000	1.000	LIKELY_DUPLICATE
Voie rapide	N2	10.618	Faranah	0.994	1.000	LIKELY_DUPLICATE
Voie rapide	N1	10.613	Kankan	0.446	1.000	LIKELY_DUPLICATE
Route tertiaire	NC	10.598	Kindia	0.000	0.000	POTENTIAL_BDRI_MISSING
Voie rapide	NC	10.597	Boké	1.000	1.000	LIKELY_DUPLICATE
Voie rapide	N6	10.583	Faranah	0.909	1.000	LIKELY_DUPLICATE
Route tertiaire	NC	10.580	Kindia	0.000	0.000	POTENTIAL_BDRI_MISSING
Voie rapide	N1	10.551	Mamou	0.974	1.000	LIKELY_DUPLICATE
Voie rapide	N2	10.526	Nzérékoré	1.000	1.000	LIKELY_DUPLICATE
Route tertiaire	NC	10.519	Labé	0.019	0.341	OUTSIDE_BDRI_SCOPE
Route primaire	N27	10.506	Faranah	1.000	1.000	LIKELY_DUPLICATE
Route secondaire	NC	10.505	Kankan	1.000	1.000	LIKELY_DUPLICATE
Route primaire	N30	10.504	Faranah	1.000	1.000	LIKELY_DUPLICATE
Voie rapide	N2	10.490	Nzérékoré	1.000	1.000	LIKELY_DUPLICATE
Route tertiaire	NC	10.478	Kankan	0.000	0.000	POTENTIAL_BDRI_MISSING
Route secondaire	NC	10.476	Kankan	1.000	1.000	LIKELY_DUPLICATE
Route tertiaire	NC	10.459	Kindia	0.005	0.057	POTENTIAL_BDRI_MISSING
Route tertiaire	NC	10.438	Faranah	0.087	0.455	OUTSIDE_BDRI_SCOPE
Voie rapide	N2	10.437	Faranah	0.944	1.000	LIKELY_DUPLICATE
Voie rapide	N1	10.429	Kankan	0.399	1.000	LIKELY_DUPLICATE
Route primaire	NC	10.413	Kindia	0.005	0.041	POTENTIAL_BDRI_MISSING
Route tertiaire	NC	10.412	Boké	0.000	0.000	POTENTIAL_BDRI_MISSING
Route tertiaire	NC	10.409	Kankan	0.000	0.004	POTENTIAL_BDRI_MISSING
Route tertiaire	NC	10.375	Kankan	0.005	0.028	POTENTIAL_BDRI_MISSING
Route secondaire	NC	10.368	Labé	0.000	0.000	POTENTIAL_BDRI_MISSING
Route tertiaire	NC	10.358	Faranah	0.000	0.000	POTENTIAL_BDRI_MISSING
Voie rapide	N1	10.342	Kankan	0.917	1.000	LIKELY_DUPLICATE
Route tertiaire	NC	10.331	Kindia	0.000	0.013	POTENTIAL_BDRI_MISSING
Route secondaire	NC	10.330	Nzérékoré	0.984	1.000	LIKELY_DUPLICATE
Route tertiaire	NC	10.326	Nzérékoré	0.013	0.057	POTENTIAL_BDRI_MISSING
Route secondaire	NC	10.298	Kindia	0.053	0.220	UNDETERMINED
Route tertiaire	NC	10.294	Labé	0.000	0.019	POTENTIAL_BDRI_MISSING
Route tertiaire	NC	10.289	Kankan	0.024	0.324	OUTSIDE_BDRI_SCOPE
Route tertiaire	NC	10.288	Kindia	0.006	0.028	POTENTIAL_BDRI_MISSING
Route tertiaire	NC	10.280	Nzérékoré	0.025	0.513	LIKELY_DUPLICATE
Route tertiaire	NC	10.273	Boké	0.000	0.000	POTENTIAL_BDRI_MISSING
Route tertiaire	NC	10.269	Kankan	0.000	0.000	POTENTIAL_BDRI_MISSING
Route secondaire	NC	10.265	Nzérékoré	0.005	0.092	POTENTIAL_BDRI_MISSING
Route tertiaire	NC	10.261	Labé	0.987	1.000	LIKELY_DUPLICATE
Route primaire	N33	10.261	Faranah	1.000	1.000	LIKELY_DUPLICATE
Route tertiaire	NC	10.260	Faranah	0.012	0.112	OUTSIDE_BDRI_SCOPE
Route tertiaire	NC	10.256	Nzérékoré	0.000	0.006	POTENTIAL_BDRI_MISSING
Route primaire	NC	10.254	Faranah	0.027	0.581	LIKELY_DUPLICATE
Route tertiaire	NC	10.221	Kankan	0.159	0.897	LIKELY_DUPLICATE
Route tertiaire	NC	10.220	Kankan	0.011	0.050	POTENTIAL_BDRI_MISSING
Route tertiaire	NC	10.198	Faranah	0.000	0.000	POTENTIAL_BDRI_MISSING
Route tertiaire	NC	10.181	Nzérékoré	0.189	0.858	LIKELY_DUPLICATE
Route tertiaire	NC	10.176	Mamou	0.000	0.000	POTENTIAL_BDRI_MISSING
Route primaire	NC	10.167	Boké	1.000	1.000	LIKELY_DUPLICATE
Route tertiaire	NC	10.164	Kankan	0.000	0.000	POTENTIAL_BDRI_MISSING
Route tertiaire	NC	10.160	Boké	0.000	0.000	POTENTIAL_BDRI_MISSING
Route tertiaire	N22	10.144	Mamou	1.000	1.000	LIKELY_DUPLICATE
Route tertiaire	NC	10.094	Nzérékoré	0.005	0.080	POTENTIAL_BDRI_MISSING
Route tertiaire	NC	10.068	Kindia	0.012	0.506	LIKELY_DUPLICATE
Voie rapide	N5	10.060	Boké	0.953	1.000	LIKELY_DUPLICATE
Route secondaire	NC	10.056	Nzérékoré	0.059	0.463	UNDETERMINED
Route tertiaire	NC	10.055	Nzérékoré	0.016	0.424	OUTSIDE_BDRI_SCOPE
Route tertiaire	NC	10.048	Kindia	0.000	0.000	POTENTIAL_BDRI_MISSING
Route tertiaire	NC	10.034	Kindia	0.024	0.122	OUTSIDE_BDRI_SCOPE
Route tertiaire	NC	10.027	Labé	1.000	1.000	LIKELY_DUPLICATE
Voie rapide	N1	10.027	Kindia	1.000	1.000	LIKELY_DUPLICATE
Route tertiaire	NC	10.017	Labé	0.043	0.447	OUTSIDE_BDRI_SCOPE
Route secondaire	NC	9.999	Nzérékoré	0.000	0.000	POTENTIAL_BDRI_MISSING
Route primaire	NC	9.998	Kindia	0.000	0.000	POTENTIAL_BDRI_MISSING
Route tertiaire	NC	9.993	Boké	0.027	0.097	POTENTIAL_BDRI_MISSING
Route tertiaire	NC	9.990	Kankan	0.040	0.267	OUTSIDE_BDRI_SCOPE
Route secondaire	NC	9.965	Kankan	0.015	0.161	UNDETERMINED
Route secondaire	NC	9.962	Kankan	0.075	0.868	LIKELY_DUPLICATE
Route tertiaire	NC	9.961	Nzérékoré	0.000	0.000	POTENTIAL_BDRI_MISSING
Route secondaire	NC	9.914	Labé	0.031	0.363	UNDETERMINED
Route tertiaire	NC	9.904	Nzérékoré	0.011	0.202	OUTSIDE_BDRI_SCOPE
Route tertiaire	NC	9.874	Labé	1.000	1.000	LIKELY_DUPLICATE
Route tertiaire	NC	9.871	Boké	1.000	1.000	LIKELY_DUPLICATE
Route tertiaire	NC	9.865	Nzérékoré	0.067	0.615	LIKELY_DUPLICATE
Route secondaire	NC	9.861	Faranah	0.000	0.000	POTENTIAL_BDRI_MISSING
Route tertiaire	NC	9.807	Kindia	0.010	0.029	POTENTIAL_BDRI_MISSING
Route primaire	N27	9.788	Labé	1.000	1.000	LIKELY_DUPLICATE
Route tertiaire	NC	9.767	Nzérékoré	0.000	0.000	POTENTIAL_BDRI_MISSING
Route tertiaire	NC	9.741	Kankan	0.049	0.296	OUTSIDE_BDRI_SCOPE
Route tertiaire	NC	9.740	Boké	0.000	0.000	POTENTIAL_BDRI_MISSING
Route primaire	N27	9.729	Labé	1.000	1.000	LIKELY_DUPLICATE
Voie rapide	N2	9.719	Faranah	1.000	1.000	LIKELY_DUPLICATE
Voie rapide	N2	9.713	Faranah	0.958	1.000	LIKELY_DUPLICATE
Route tertiaire	NC	9.711	Boké	0.005	0.027	POTENTIAL_BDRI_MISSING
Route tertiaire	NC	9.689	Kankan	0.000	0.000	POTENTIAL_BDRI_MISSING
Route tertiaire	NC	9.683	Kankan	0.000	0.000	POTENTIAL_BDRI_MISSING
Route tertiaire	NC	9.681	Nzérékoré	0.006	0.029	POTENTIAL_BDRI_MISSING
Route tertiaire	NC	9.670	Kindia	0.000	0.000	POTENTIAL_BDRI_MISSING
Voie rapide	N2	9.655	Nzérékoré	1.000	1.000	LIKELY_DUPLICATE
Route tertiaire	NC	9.651	Kindia	0.000	0.201	OUTSIDE_BDRI_SCOPE
Voie rapide	N2	9.617	Nzérékoré	1.000	1.000	LIKELY_DUPLICATE
Route tertiaire	NC	9.615	Nzérékoré	0.000	0.000	POTENTIAL_BDRI_MISSING
Route tertiaire	NC	9.614	Kankan	0.000	0.027	POTENTIAL_BDRI_MISSING
Route secondaire	NC	9.611	Nzérékoré	0.000	0.000	POTENTIAL_BDRI_MISSING
Route primaire	N18	9.608	Nzérékoré	1.000	1.000	LIKELY_DUPLICATE
Voie rapide	N1	9.600	Mamou	1.000	1.000	LIKELY_DUPLICATE
Route tertiaire	NC	9.598	Faranah	0.000	0.000	POTENTIAL_BDRI_MISSING
Route tertiaire	NC	9.588	Kankan	0.000	0.313	OUTSIDE_BDRI_SCOPE
Route primaire	N33	9.587	Kankan	1.000	1.000	LIKELY_DUPLICATE
Route tertiaire	NC	9.572	Labé	1.000	1.000	LIKELY_DUPLICATE
Route secondaire	NC	9.559	Kindia	0.000	0.097	POTENTIAL_BDRI_MISSING
Route secondaire	N31	9.557	Faranah	0.497	1.000	LIKELY_DUPLICATE
Route tertiaire	NC	9.552	Kankan	0.000	0.000	POTENTIAL_BDRI_MISSING
Route tertiaire	NC	9.552	Kankan	0.220	0.647	LIKELY_DUPLICATE
Route tertiaire	NC	9.547	Labé	0.969	1.000	LIKELY_DUPLICATE
Route secondaire	NC	9.542	Nzérékoré	0.004	0.036	POTENTIAL_BDRI_MISSING
Voie rapide	N5	9.518	Mamou	0.997	1.000	LIKELY_DUPLICATE
Route tertiaire	NC	9.517	Mamou	0.005	0.051	POTENTIAL_BDRI_MISSING
Route tertiaire	NC	9.511	Kindia	0.009	0.065	POTENTIAL_BDRI_MISSING
Route primaire	N8	9.493	Labé	1.000	1.000	LIKELY_DUPLICATE
Route tertiaire	NC	9.485	Faranah	0.058	0.326	OUTSIDE_BDRI_SCOPE
Route primaire	NC	9.485	Kindia	0.000	0.000	POTENTIAL_BDRI_MISSING
Route secondaire	NC	9.478	Nzérékoré	0.039	0.702	LIKELY_DUPLICATE
Route tertiaire	NC	9.463	Boké	0.027	0.180	OUTSIDE_BDRI_SCOPE
Route tertiaire	NC	9.462	Kindia	0.000	0.000	POTENTIAL_BDRI_MISSING
Route tertiaire	NC	9.453	Kindia	0.053	0.541	LIKELY_DUPLICATE
Route tertiaire	NC	9.453	Boké	0.951	1.000	LIKELY_DUPLICATE
Route secondaire	NC	9.447	Kankan	0.066	0.487	UNDETERMINED
Route tertiaire	NC	9.437	Nzérékoré	0.024	0.198	OUTSIDE_BDRI_SCOPE
Route primaire	N10	9.433	Nzérékoré	0.876	1.000	LIKELY_DUPLICATE
Route tertiaire	RN25	9.431	Kankan	0.000	0.000	POTENTIAL_BDRI_MISSING
Route tertiaire	NC	9.428	Nzérékoré	0.000	0.000	POTENTIAL_BDRI_MISSING
Route secondaire	NC	9.427	Nzérékoré	0.987	1.000	LIKELY_DUPLICATE
Route tertiaire	NC	9.404	Kindia	0.016	0.214	OUTSIDE_BDRI_SCOPE
Voie rapide	N5	9.383	Mamou	1.000	1.000	LIKELY_DUPLICATE
Route tertiaire	NC	9.368	Boké	0.000	0.000	POTENTIAL_BDRI_MISSING
Voie rapide	N1	9.368	Nzérékoré	1.000	1.000	LIKELY_DUPLICATE
Route tertiaire	NC	9.365	Kindia	0.024	0.320	OUTSIDE_BDRI_SCOPE
Route tertiaire	NC	9.360	Kindia	0.006	0.038	POTENTIAL_BDRI_MISSING
Route tertiaire	NC	9.351	Kankan	0.000	0.000	POTENTIAL_BDRI_MISSING
Route secondaire	NC	9.340	Kankan	1.000	1.000	LIKELY_DUPLICATE
Route tertiaire	NC	9.335	Labé	1.000	1.000	LIKELY_DUPLICATE
Route tertiaire	NC	9.318	Nzérékoré	0.000	0.000	POTENTIAL_BDRI_MISSING
Route tertiaire	NC	9.311	Faranah	0.000	0.045	POTENTIAL_BDRI_MISSING
Route tertiaire	NC	9.310	Faranah	0.006	0.023	POTENTIAL_BDRI_MISSING
Route primaire	N22	9.302	Boké	1.000	1.000	LIKELY_DUPLICATE
Voie rapide	N1	9.285	Mamou	1.000	1.000	LIKELY_DUPLICATE
Route tertiaire	NC	9.278	Kankan	0.099	0.883	LIKELY_DUPLICATE
Route primaire	N30	9.275	Kankan	1.000	1.000	LIKELY_DUPLICATE
Route tertiaire	NC	9.260	Boké	0.035	1.000	LIKELY_DUPLICATE
Voie rapide	N2	9.259	Faranah	0.959	1.000	LIKELY_DUPLICATE
Route tertiaire	NC	9.248	Mamou	0.000	0.000	POTENTIAL_BDRI_MISSING
Route tertiaire	NC	9.212	Kankan	0.000	0.000	POTENTIAL_BDRI_MISSING
Route tertiaire	NC	9.211	Kankan	0.000	0.341	OUTSIDE_BDRI_SCOPE
Route tertiaire	NC	9.210	Boké	0.129	0.699	LIKELY_DUPLICATE
Route tertiaire	NC	9.205	Nzérékoré	0.010	0.034	POTENTIAL_BDRI_MISSING
Route tertiaire	N25	9.189	Labé	1.000	1.000	LIKELY_DUPLICATE
Route primaire	N29	9.185	Faranah	1.000	1.000	LIKELY_DUPLICATE
Route secondaire	NC	9.177	Kankan	0.000	0.023	POTENTIAL_BDRI_MISSING
Route primaire	N30	9.173	Faranah	1.000	1.000	LIKELY_DUPLICATE
Route tertiaire	NC	9.145	Labé	0.005	0.068	POTENTIAL_BDRI_MISSING
Route secondaire	NC	9.132	Kankan	1.000	1.000	LIKELY_DUPLICATE
Route secondaire	NC	9.124	Nzérékoré	0.052	0.417	UNDETERMINED
Route tertiaire	NC	9.122	Nzérékoré	1.000	1.000	LIKELY_DUPLICATE
Route tertiaire	NC	9.108	Nzérékoré	0.000	0.005	POTENTIAL_BDRI_MISSING
Route secondaire	NC	9.093	Kindia	1.000	1.000	LIKELY_DUPLICATE
Route tertiaire	NC	9.071	Kindia	0.000	0.000	POTENTIAL_BDRI_MISSING
Voie rapide	N3	9.062	Kindia	1.000	1.000	LIKELY_DUPLICATE
Route tertiaire	NC	9.056	Kankan	0.000	0.000	POTENTIAL_BDRI_MISSING
Route primaire	N8	9.056	Labé	1.000	1.000	LIKELY_DUPLICATE
Route tertiaire	NC	9.050	Kankan	0.369	0.915	LIKELY_DUPLICATE
Route tertiaire	NC	9.027	Labé	1.000	1.000	LIKELY_DUPLICATE
Route tertiaire	NC	9.011	Nzérékoré	0.000	0.000	POTENTIAL_BDRI_MISSING
Route tertiaire	NC	8.994	Nzérékoré	0.000	0.000	POTENTIAL_BDRI_MISSING
Route tertiaire	NC	8.987	Kankan	0.069	0.371	OUTSIDE_BDRI_SCOPE
Voie rapide	N3	8.983	Boké	1.000	1.000	LIKELY_DUPLICATE
Route tertiaire	NC	8.970	Faranah	0.052	0.224	OUTSIDE_BDRI_SCOPE
Voie rapide	N6	8.954	Kankan	1.000	1.000	LIKELY_DUPLICATE
Route secondaire	NC	8.936	Kankan	0.006	0.043	POTENTIAL_BDRI_MISSING
Route tertiaire	NC	8.935	Nzérékoré	0.005	0.046	POTENTIAL_BDRI_MISSING
Voie rapide	N3	8.927	Boké	1.000	1.000	LIKELY_DUPLICATE
Route tertiaire	NC	8.926	Kankan	0.004	0.066	POTENTIAL_BDRI_MISSING
Route tertiaire	NC	8.921	Faranah	0.000	0.000	POTENTIAL_BDRI_MISSING
Route tertiaire	NC	8.912	Labé	0.000	0.020	POTENTIAL_BDRI_MISSING
Route tertiaire	NC	8.910	Kindia	0.000	0.000	POTENTIAL_BDRI_MISSING
Route primaire	N24	8.906	Kindia	0.962	1.000	LIKELY_DUPLICATE
Route secondaire	NC	8.901	Nzérékoré	0.060	0.315	UNDETERMINED
Voie rapide	N5	8.898	Boké	0.867	1.000	LIKELY_DUPLICATE
Route secondaire	NC	8.888	Nzérékoré	0.036	0.538	LIKELY_DUPLICATE
Route tertiaire	NC	8.863	Nzérékoré	0.000	0.000	POTENTIAL_BDRI_MISSING
Route tertiaire	NC	8.851	Labé	0.000	0.000	POTENTIAL_BDRI_MISSING
Route secondaire	NC	8.845	Kindia	0.030	0.830	LIKELY_DUPLICATE
Route secondaire	NC	8.842	Nzérékoré	0.000	0.000	POTENTIAL_BDRI_MISSING
Route tertiaire	NC	8.829	Kankan	0.000	0.000	POTENTIAL_BDRI_MISSING
Route tertiaire	NC	8.818	Nzérékoré	0.000	0.000	POTENTIAL_BDRI_MISSING
Route secondaire	NC	8.816	Kindia	0.000	0.022	POTENTIAL_BDRI_MISSING
Route tertiaire	NC	8.810	Kankan	0.201	0.739	LIKELY_DUPLICATE
Route primaire	N24	8.804	Kindia	1.000	1.000	LIKELY_DUPLICATE
Route tertiaire	NC	8.802	Kindia	0.005	0.027	POTENTIAL_BDRI_MISSING
Route tertiaire	NC	8.801	Kankan	0.009	0.051	POTENTIAL_BDRI_MISSING
Route secondaire	NC	8.794	Kankan	0.000	0.000	POTENTIAL_BDRI_MISSING
Route tertiaire	NC	8.779	Faranah	0.000	0.087	POTENTIAL_BDRI_MISSING
Route tertiaire	NC	8.778	Kankan	0.000	0.000	POTENTIAL_BDRI_MISSING
Route secondaire	NC	8.775	Nzérékoré	0.000	0.000	POTENTIAL_BDRI_MISSING
Route tertiaire	NC	8.756	Labé	0.000	0.000	POTENTIAL_BDRI_MISSING
Route tertiaire	NC	8.737	Labé	0.615	0.985	LIKELY_DUPLICATE
Voie rapide	N1	8.733	Nzérékoré	1.000	1.000	LIKELY_DUPLICATE
Route tertiaire	NC	8.720	Boké	0.008	0.150	OUTSIDE_BDRI_SCOPE
Route secondaire	NC	8.709	Nzérékoré	1.000	1.000	LIKELY_DUPLICATE
Route primaire	N30	8.696	Faranah	1.000	1.000	LIKELY_DUPLICATE
Route primaire	N33	8.694	Faranah	1.000	1.000	LIKELY_DUPLICATE
Route tertiaire	NC	8.692	Labé	0.025	0.779	LIKELY_DUPLICATE
Route tertiaire	NC	8.691	Nzérékoré	0.000	0.000	POTENTIAL_BDRI_MISSING
Route primaire	N29	8.687	Faranah	1.000	1.000	LIKELY_DUPLICATE
Route tertiaire	NC	8.667	Kindia	0.005	0.028	POTENTIAL_BDRI_MISSING
Voie rapide	N5	8.664	Boké	0.762	1.000	LIKELY_DUPLICATE
Route tertiaire	NC	8.656	Mamou	0.012	0.087	POTENTIAL_BDRI_MISSING
Route tertiaire	NC	8.651	Kankan	0.019	0.178	OUTSIDE_BDRI_SCOPE
Route tertiaire	NC	8.649	Labé	0.000	0.000	POTENTIAL_BDRI_MISSING
Route secondaire	NC	8.649	Labé	0.000	0.000	POTENTIAL_BDRI_MISSING
Route tertiaire	NC	8.644	Boké	0.083	0.597	LIKELY_DUPLICATE
Route secondaire	NC	8.634	Nzérékoré	0.005	0.321	UNDETERMINED
Route tertiaire	NC	8.631	Boké	0.000	0.000	POTENTIAL_BDRI_MISSING
Route tertiaire	NC	8.626	Nzérékoré	0.000	0.000	POTENTIAL_BDRI_MISSING
Voie rapide	NC	8.619	Nzérékoré	1.000	1.000	LIKELY_DUPLICATE
Route primaire	N29	8.617	Faranah	0.964	1.000	LIKELY_DUPLICATE
Route tertiaire	NC	8.605	Kankan	0.000	0.000	POTENTIAL_BDRI_MISSING
Route tertiaire	NC	8.593	Kankan	0.012	0.084	POTENTIAL_BDRI_MISSING
Voie rapide	N6	8.584	Faranah	1.000	1.000	LIKELY_DUPLICATE
Route secondaire	NC	8.566	Kankan	0.976	1.000	LIKELY_DUPLICATE
Route tertiaire	NC	8.566	Faranah	0.000	0.000	POTENTIAL_BDRI_MISSING
Route tertiaire	NC	8.558	Kindia	0.006	0.045	POTENTIAL_BDRI_MISSING
Route tertiaire	NC	8.556	Nzérékoré	0.021	0.325	OUTSIDE_BDRI_SCOPE
Route tertiaire	NC	8.533	Faranah	0.062	0.753	LIKELY_DUPLICATE
Route tertiaire	NC	8.526	Nzérékoré	0.054	0.226	OUTSIDE_BDRI_SCOPE
Route primaire	N10	8.525	Kankan	1.000	1.000	LIKELY_DUPLICATE
Voie rapide	NC	8.518	Nzérékoré	1.000	1.000	LIKELY_DUPLICATE
Voie rapide	N3	8.513	Kindia	1.000	1.000	LIKELY_DUPLICATE
Route tertiaire	NC	8.512	Kankan	0.000	0.000	POTENTIAL_BDRI_MISSING
Route tertiaire	NC	8.506	Kankan	0.034	0.664	LIKELY_DUPLICATE
Route tertiaire	NC	8.503	Nzérékoré	0.032	0.278	OUTSIDE_BDRI_SCOPE
Route primaire	N30	8.491	Faranah	1.000	1.000	LIKELY_DUPLICATE
Voie rapide	N5	8.491	Mamou	0.819	1.000	LIKELY_DUPLICATE
Route tertiaire	NC	8.476	Boké	0.893	0.929	LIKELY_DUPLICATE
Route tertiaire	NC	8.475	Kankan	0.010	0.030	POTENTIAL_BDRI_MISSING
Voie rapide	N1	8.467	Conakry	1.000	1.000	LIKELY_DUPLICATE
Voie rapide	N6	8.464	Kankan	1.000	1.000	LIKELY_DUPLICATE
Route tertiaire	NC	8.460	Faranah	0.000	0.000	POTENTIAL_BDRI_MISSING
Route tertiaire	NC	8.454	Kindia	0.000	0.000	POTENTIAL_BDRI_MISSING
Route tertiaire	NC	8.453	Boké	1.000	1.000	LIKELY_DUPLICATE
Route secondaire	NC	8.444	Nzérékoré	0.022	0.379	UNDETERMINED
Route secondaire	NC	8.436	Nzérékoré	0.028	0.282	UNDETERMINED
Voie rapide	N2	8.429	Nzérékoré	1.000	1.000	LIKELY_DUPLICATE
Route tertiaire	NC	8.428	Kindia	0.004	0.068	POTENTIAL_BDRI_MISSING
Route tertiaire	NC	8.421	Mamou	0.048	0.286	OUTSIDE_BDRI_SCOPE
Voie rapide	N3	8.416	Boké	1.000	1.000	LIKELY_DUPLICATE
Route tertiaire	NC	8.411	Nzérékoré	0.000	0.000	POTENTIAL_BDRI_MISSING
Route secondaire	NC	8.407	Nzérékoré	0.065	0.896	LIKELY_DUPLICATE
Route tertiaire	NC	8.386	Mamou	0.012	0.123	OUTSIDE_BDRI_SCOPE
Route secondaire	NC	8.384	Kankan	0.035	0.053	POTENTIAL_BDRI_MISSING
Route tertiaire	NC	8.376	Kankan	0.015	0.820	LIKELY_DUPLICATE
Route tertiaire	NC	8.358	Kankan	0.000	0.000	POTENTIAL_BDRI_MISSING
Voie rapide	N6	8.351	Kankan	1.000	1.000	LIKELY_DUPLICATE
Route tertiaire	NC	8.344	Labé	0.007	0.055	POTENTIAL_BDRI_MISSING
Route tertiaire	NC	8.337	Nzérékoré	0.111	0.794	LIKELY_DUPLICATE
Route primaire	N30	8.337	Kankan	1.000	1.000	LIKELY_DUPLICATE
Route tertiaire	NC	8.317	Labé	0.045	0.398	OUTSIDE_BDRI_SCOPE
Route tertiaire	NC	8.311	Nzérékoré	0.000	0.000	POTENTIAL_BDRI_MISSING
Voie rapide	N5	8.310	Labé	0.972	1.000	LIKELY_DUPLICATE
Voie rapide	N2	8.309	Faranah	0.963	1.000	LIKELY_DUPLICATE
Route tertiaire	NC	8.302	Boké	0.006	0.097	POTENTIAL_BDRI_MISSING
Route tertiaire	NC	8.296	Boké	0.007	0.033	POTENTIAL_BDRI_MISSING
Route tertiaire	NC	8.286	Faranah	0.000	0.000	POTENTIAL_BDRI_MISSING
Route secondaire	NC	8.277	Faranah	0.000	0.055	POTENTIAL_BDRI_MISSING
Route tertiaire	NC	8.276	Kankan	0.009	0.031	POTENTIAL_BDRI_MISSING
Voie rapide	N6	8.270	Kankan	1.000	1.000	LIKELY_DUPLICATE
Route tertiaire	NC	8.259	Kankan	0.000	0.000	POTENTIAL_BDRI_MISSING
Voie rapide	N1	8.253	Conakry	1.000	1.000	LIKELY_DUPLICATE
Route tertiaire	NC	8.228	Kankan	0.000	0.027	POTENTIAL_BDRI_MISSING
Route tertiaire	NC	8.212	Kankan	0.000	0.000	POTENTIAL_BDRI_MISSING
Route tertiaire	NC	8.211	Nzérékoré	0.040	0.556	LIKELY_DUPLICATE
Route tertiaire	NC	8.191	Kindia	0.083	0.415	OUTSIDE_BDRI_SCOPE
Route tertiaire	NC	8.180	Kindia	0.000	0.000	POTENTIAL_BDRI_MISSING
Route tertiaire	NC	8.179	Kindia	0.000	0.000	POTENTIAL_BDRI_MISSING
Route tertiaire	NC	8.160	Kindia	0.000	0.000	POTENTIAL_BDRI_MISSING
Route secondaire	NC	8.159	Kankan	1.000	1.000	LIKELY_DUPLICATE
Route tertiaire	NC	8.155	Nzérékoré	0.000	0.000	POTENTIAL_BDRI_MISSING
Route tertiaire	NC	8.138	Nzérékoré	0.000	0.000	POTENTIAL_BDRI_MISSING
Route secondaire	NC	8.129	Kankan	0.416	1.000	LIKELY_DUPLICATE
Route tertiaire	NC	8.125	Mamou	0.032	0.176	OUTSIDE_BDRI_SCOPE
Route secondaire	NC	8.119	Faranah	0.000	0.000	POTENTIAL_BDRI_MISSING
Route tertiaire	NC	8.111	Boké	0.024	0.136	OUTSIDE_BDRI_SCOPE
Route primaire	NC	8.096	Boké	1.000	1.000	LIKELY_DUPLICATE
Route tertiaire	NC	8.095	Labé	0.024	0.291	OUTSIDE_BDRI_SCOPE
Route tertiaire	NC	8.094	Kankan	0.038	0.115	OUTSIDE_BDRI_SCOPE
Route secondaire	N14	8.089	Faranah	1.000	1.000	LIKELY_DUPLICATE
Route secondaire	N25	8.081	Labé	1.000	1.000	LIKELY_DUPLICATE
Route primaire	N27	8.071	Labé	1.000	1.000	LIKELY_DUPLICATE
Route tertiaire	NC	8.069	Boké	0.000	0.033	POTENTIAL_BDRI_MISSING
Route tertiaire	NC	8.048	Mamou	0.027	0.380	OUTSIDE_BDRI_SCOPE
Voie rapide	N5	8.047	Mamou	1.000	1.000	LIKELY_DUPLICATE
Route tertiaire	NC	8.031	Kankan	0.000	0.212	OUTSIDE_BDRI_SCOPE
Route tertiaire	NC	8.027	Mamou	0.000	0.000	POTENTIAL_BDRI_MISSING
Route tertiaire	NC	8.023	Kindia	0.030	0.123	OUTSIDE_BDRI_SCOPE
Voie rapide	N1	8.016	Kankan	1.000	1.000	LIKELY_DUPLICATE
Voie rapide	N5	8.013	Labé	1.000	1.000	LIKELY_DUPLICATE
Route tertiaire	NC	7.996	Mamou	0.049	0.341	OUTSIDE_BDRI_SCOPE
Route tertiaire	NC	7.985	Boké	0.024	0.065	POTENTIAL_BDRI_MISSING
Route tertiaire	NC	7.983	Labé	1.000	1.000	LIKELY_DUPLICATE
Route tertiaire	NC	7.983	Kankan	0.015	0.254	OUTSIDE_BDRI_SCOPE
Route tertiaire	NC	7.974	Nzérékoré	0.004	0.049	POTENTIAL_BDRI_MISSING
Route tertiaire	NC	7.970	Nzérékoré	0.005	0.051	POTENTIAL_BDRI_MISSING
Route secondaire	NC	7.966	Mamou	0.000	0.000	POTENTIAL_BDRI_MISSING
Route tertiaire	NC	7.954	Kankan	0.000	0.000	POTENTIAL_BDRI_MISSING
Route secondaire	NC	7.953	Mamou	0.013	0.164	UNDETERMINED
Route tertiaire	NC	7.952	Kindia	0.000	0.000	POTENTIAL_BDRI_MISSING
Route tertiaire	NC	7.949	Kankan	0.006	0.063	POTENTIAL_BDRI_MISSING
Voie rapide	N1	7.947	Nzérékoré	1.000	1.000	LIKELY_DUPLICATE
Route tertiaire	NC	7.945	Nzérékoré	0.000	0.000	POTENTIAL_BDRI_MISSING
Voie rapide	N6	7.929	Kankan	1.000	1.000	LIKELY_DUPLICATE
Route tertiaire	NC	7.927	Labé	0.117	0.263	OUTSIDE_BDRI_SCOPE
Route tertiaire	NC	7.918	Faranah	0.000	0.000	POTENTIAL_BDRI_MISSING
Voie rapide	N5	7.917	Labé	1.000	1.000	LIKELY_DUPLICATE
Route primaire	N30	7.905	Kankan	1.000	1.000	LIKELY_DUPLICATE
Route tertiaire	NC	7.902	Mamou	0.056	0.516	LIKELY_DUPLICATE
Route secondaire	NC	7.894	Kindia	0.042	0.664	LIKELY_DUPLICATE
Voie rapide	N1	7.888	Kankan	1.000	1.000	LIKELY_DUPLICATE
Route primaire	N1	7.886	Nzérékoré	1.000	1.000	LIKELY_DUPLICATE
Route tertiaire	NC	7.872	Kindia	0.000	0.000	POTENTIAL_BDRI_MISSING
Route tertiaire	NC	7.853	Nzérékoré	0.000	0.000	POTENTIAL_BDRI_MISSING
Voie rapide	N1	7.846	Kindia	0.995	1.000	LIKELY_DUPLICATE
Route tertiaire	NC	7.846	Kindia	0.000	0.000	POTENTIAL_BDRI_MISSING
Route tertiaire	NC	7.838	Kindia	1.000	1.000	LIKELY_DUPLICATE
Route tertiaire	NC	7.819	Nzérékoré	0.000	0.000	POTENTIAL_BDRI_MISSING
Route tertiaire	NC	7.778	Kankan	0.000	0.000	POTENTIAL_BDRI_MISSING
Route tertiaire	NC	7.767	Labé	0.000	0.016	POTENTIAL_BDRI_MISSING
Route secondaire	NC	7.766	Nzérékoré	0.021	0.241	UNDETERMINED
Route tertiaire	NC	7.755	Kankan	0.008	0.227	OUTSIDE_BDRI_SCOPE
Voie rapide	NC	7.745	Boké	0.101	0.134	UNDETERMINED
Route tertiaire	NC	7.731	Nzérékoré	0.000	0.000	POTENTIAL_BDRI_MISSING
Route tertiaire	NC	7.729	Kindia	0.008	0.067	POTENTIAL_BDRI_MISSING
Route tertiaire	NC	7.725	Nzérékoré	0.000	0.000	POTENTIAL_BDRI_MISSING
Voie rapide	TAH 7	7.725	Kindia	0.067	0.100	UNDETERMINED
Route tertiaire	NC	7.719	Labé	1.000	1.000	LIKELY_DUPLICATE
Route tertiaire	NC	7.718	Kankan	0.004	0.101	OUTSIDE_BDRI_SCOPE
Route tertiaire	NC	7.704	Kankan	0.000	0.000	POTENTIAL_BDRI_MISSING
Route tertiaire	NC	7.691	Kankan	0.050	0.497	OUTSIDE_BDRI_SCOPE
Route secondaire	NC	7.663	Faranah	0.094	0.442	UNDETERMINED
Voie rapide	N1	7.655	Kindia	0.807	1.000	LIKELY_DUPLICATE
Route secondaire	NC	7.644	Kankan	0.000	0.000	POTENTIAL_BDRI_MISSING
Voie rapide	N1	7.644	Kindia	1.000	1.000	LIKELY_DUPLICATE
Voie rapide	N3	7.639	Kindia	1.000	1.000	LIKELY_DUPLICATE
Route secondaire	NC	7.633	Nzérékoré	0.007	0.086	POTENTIAL_BDRI_MISSING
Voie rapide	N3	7.612	Boké	1.000	1.000	LIKELY_DUPLICATE
Voie rapide	N23	7.606	Boké	1.000	1.000	LIKELY_DUPLICATE
Voie rapide	N3	7.602	Boké	1.000	1.000	LIKELY_DUPLICATE
Route tertiaire	NC	7.586	Nzérékoré	0.000	0.000	POTENTIAL_BDRI_MISSING
Voie rapide	NC	7.585	Nzérékoré	1.000	1.000	LIKELY_DUPLICATE
Route tertiaire	NC	7.584	Faranah	0.024	0.368	OUTSIDE_BDRI_SCOPE
Route tertiaire	NC	7.565	Boké	0.006	0.024	POTENTIAL_BDRI_MISSING
Route secondaire	N31	7.560	Kankan	1.000	1.000	LIKELY_DUPLICATE
Voie rapide	N1	7.554	Nzérékoré	1.000	1.000	LIKELY_DUPLICATE
Route tertiaire	NC	7.554	Boké	0.130	0.699	LIKELY_DUPLICATE
Route tertiaire	NC	7.534	Kindia	0.006	0.068	POTENTIAL_BDRI_MISSING
Voie rapide	N1	7.514	Kindia	0.986	1.000	LIKELY_DUPLICATE
Route tertiaire	NC	7.510	Boké	0.037	0.082	POTENTIAL_BDRI_MISSING
Voie rapide	N1	7.502	Kankan	1.000	1.000	LIKELY_DUPLICATE
Route tertiaire	NC	7.496	Nzérékoré	0.010	0.030	POTENTIAL_BDRI_MISSING
Route tertiaire	NC	7.493	Faranah	0.000	0.000	POTENTIAL_BDRI_MISSING
Route tertiaire	NC	7.491	Kankan	0.000	0.000	POTENTIAL_BDRI_MISSING
Route tertiaire	NC	7.484	Nzérékoré	0.014	0.099	POTENTIAL_BDRI_MISSING
Route primaire	N1	7.474	Nzérékoré	1.000	1.000	LIKELY_DUPLICATE
Route tertiaire	NC	7.443	Kindia	0.000	0.000	POTENTIAL_BDRI_MISSING
Route tertiaire	NC	7.435	Kindia	0.000	0.000	POTENTIAL_BDRI_MISSING
Route secondaire	NC	7.432	Nzérékoré	0.043	0.316	UNDETERMINED
Route tertiaire	NC	7.421	Mamou	0.032	0.327	OUTSIDE_BDRI_SCOPE
Route tertiaire	N15	7.417	Faranah	1.000	1.000	LIKELY_DUPLICATE
Route tertiaire	NC	7.396	Faranah	0.008	0.050	POTENTIAL_BDRI_MISSING
Voie rapide	N1	7.384	Mamou	1.000	1.000	LIKELY_DUPLICATE
Route secondaire	NC	7.384	Kankan	1.000	1.000	LIKELY_DUPLICATE
Route tertiaire	NC	7.383	Nzérékoré	0.029	0.586	LIKELY_DUPLICATE
Route tertiaire	NC	7.379	Nzérékoré	0.000	0.000	POTENTIAL_BDRI_MISSING
Route tertiaire	NC	7.370	Kankan	0.019	0.087	POTENTIAL_BDRI_MISSING
Route secondaire	NC	7.365	Nzérékoré	0.032	0.099	POTENTIAL_BDRI_MISSING
Route secondaire	NC	7.336	Faranah	0.069	0.702	LIKELY_DUPLICATE
Route tertiaire	NC	7.318	Kankan	0.000	0.000	POTENTIAL_BDRI_MISSING
Route tertiaire	NC	7.313	Nzérékoré	0.000	0.000	POTENTIAL_BDRI_MISSING
Route tertiaire	NC	7.312	Faranah	0.000	0.000	POTENTIAL_BDRI_MISSING
Route secondaire	NC	7.306	Nzérékoré	0.027	0.370	UNDETERMINED
Route secondaire	NC	7.298	Nzérékoré	0.006	0.025	POTENTIAL_BDRI_MISSING
Voie rapide	N1	7.290	Kankan	1.000	1.000	LIKELY_DUPLICATE
Route tertiaire	NC	7.272	Kankan	0.000	0.000	POTENTIAL_BDRI_MISSING
Route secondaire	NC	7.269	Kankan	0.714	1.000	LIKELY_DUPLICATE
Route tertiaire	NC	7.264	Nzérékoré	0.025	0.322	OUTSIDE_BDRI_SCOPE
Route tertiaire	NC	7.256	Kankan	0.016	0.116	OUTSIDE_BDRI_SCOPE
Route tertiaire	NC	7.250	Faranah	0.008	0.076	POTENTIAL_BDRI_MISSING
Route secondaire	NC	7.235	Nzérékoré	0.040	0.532	LIKELY_DUPLICATE
Route tertiaire	NC	7.232	Mamou	0.000	0.000	POTENTIAL_BDRI_MISSING
Voie rapide	N6	7.217	Kankan	1.000	1.000	LIKELY_DUPLICATE
Route tertiaire	NC	7.200	Labé	0.010	0.108	OUTSIDE_BDRI_SCOPE
Route tertiaire	NC	7.199	Faranah	0.007	0.031	POTENTIAL_BDRI_MISSING
Voie rapide	N1	7.198	Kankan	1.000	1.000	LIKELY_DUPLICATE
Route tertiaire	NC	7.191	Faranah	0.000	0.000	POTENTIAL_BDRI_MISSING
Route tertiaire	NC	7.186	Mamou	0.000	0.000	POTENTIAL_BDRI_MISSING
Route tertiaire	NC	7.182	Kankan	0.000	0.022	POTENTIAL_BDRI_MISSING
Route primaire	NC	7.141	Nzérékoré	0.010	0.372	UNDETERMINED
Route primaire	N16	7.138	Nzérékoré	1.000	1.000	LIKELY_DUPLICATE
Route tertiaire	NC	7.138	Nzérékoré	0.000	0.000	POTENTIAL_BDRI_MISSING
Route tertiaire	NC	7.135	Labé	0.086	0.836	LIKELY_DUPLICATE
Route secondaire	NC	7.128	Kankan	0.983	1.000	LIKELY_DUPLICATE
Route tertiaire	NC	7.128	Labé	1.000	1.000	LIKELY_DUPLICATE
Route tertiaire	NC	7.124	Faranah	0.031	0.354	OUTSIDE_BDRI_SCOPE
Route tertiaire	NC	7.122	Mamou	0.000	0.000	POTENTIAL_BDRI_MISSING
Route primaire	N10	7.115	Kankan	1.000	1.000	LIKELY_DUPLICATE
Route tertiaire	NC	7.113	Boké	0.034	0.256	OUTSIDE_BDRI_SCOPE
Route secondaire	N21	7.111	Boké	1.000	1.000	LIKELY_DUPLICATE
Route secondaire	NC	7.108	Nzérékoré	0.000	0.027	POTENTIAL_BDRI_MISSING
Route tertiaire	NC	7.103	Kindia	0.008	0.119	OUTSIDE_BDRI_SCOPE
Route tertiaire	NC	7.091	Kankan	0.000	0.000	POTENTIAL_BDRI_MISSING
Route secondaire	NC	7.091	Nzérékoré	0.000	0.000	POTENTIAL_BDRI_MISSING
Route tertiaire	NC	7.081	Kankan	0.226	0.253	OUTSIDE_BDRI_SCOPE
Route tertiaire	NC	7.066	Kankan	0.010	0.049	POTENTIAL_BDRI_MISSING
Route tertiaire	NC	7.061	Faranah	0.008	0.050	POTENTIAL_BDRI_MISSING
Route tertiaire	NC	7.059	Kindia	0.026	0.672	LIKELY_DUPLICATE
Voie rapide	NC	7.053	Boké	1.000	1.000	LIKELY_DUPLICATE
Route tertiaire	NC	7.050	Nzérékoré	0.009	0.065	POTENTIAL_BDRI_MISSING
Route secondaire	NC	7.047	Kankan	0.984	1.000	LIKELY_DUPLICATE
Voie rapide	N1	7.026	Kankan	1.000	1.000	LIKELY_DUPLICATE
Route tertiaire	NC	7.023	Labé	0.009	0.473	OUTSIDE_BDRI_SCOPE
Route primaire	N33	7.012	Kankan	1.000	1.000	LIKELY_DUPLICATE
Voie rapide	N1	7.007	Nzérékoré	1.000	1.000	LIKELY_DUPLICATE
Route primaire	NC	6.992	Nzérékoré	0.000	0.000	POTENTIAL_BDRI_MISSING
Voie rapide	N4	6.975	Kindia	1.000	1.000	LIKELY_DUPLICATE
Route primaire	NC	6.973	Kindia	0.000	0.000	POTENTIAL_BDRI_MISSING
Route tertiaire	NC	6.960	Mamou	0.033	0.230	OUTSIDE_BDRI_SCOPE
Route tertiaire	NC	6.957	Kindia	0.011	0.096	POTENTIAL_BDRI_MISSING
Route secondaire	NC	6.955	Nzérékoré	0.964	1.000	LIKELY_DUPLICATE
Voie rapide	N4	6.945	Kindia	1.000	1.000	LIKELY_DUPLICATE
Route tertiaire	NC	6.942	Kankan	0.019	0.181	OUTSIDE_BDRI_SCOPE
Route primaire	NC	6.937	Nzérékoré	0.000	0.000	POTENTIAL_BDRI_MISSING
Route tertiaire	NC	6.936	Kankan	0.000	0.000	POTENTIAL_BDRI_MISSING
Route tertiaire	NC	6.932	Kindia	0.000	0.000	POTENTIAL_BDRI_MISSING
Route secondaire	NC	6.931	Kankan	0.778	1.000	LIKELY_DUPLICATE
Route tertiaire	NC	6.926	Kankan	0.081	0.586	LIKELY_DUPLICATE
Route secondaire	NC	6.912	Kankan	0.031	0.271	UNDETERMINED
Route tertiaire	NC	6.894	Mamou	0.006	0.071	POTENTIAL_BDRI_MISSING
Route tertiaire	NC	6.893	Labé	0.000	0.048	POTENTIAL_BDRI_MISSING
Voie rapide	N1	6.887	Kindia	0.973	1.000	LIKELY_DUPLICATE
Route secondaire	NC	6.873	Kankan	0.000	0.000	POTENTIAL_BDRI_MISSING
Route tertiaire	NC	6.858	Kankan	0.969	1.000	LIKELY_DUPLICATE
Route primaire	N10	6.854	Nzérékoré	1.000	1.000	LIKELY_DUPLICATE
Route primaire	N8	6.840	Labé	1.000	1.000	LIKELY_DUPLICATE
Route tertiaire	NC	6.839	Nzérékoré	0.000	0.000	POTENTIAL_BDRI_MISSING
Route secondaire	NC	6.833	Nzérékoré	0.046	0.601	LIKELY_DUPLICATE
Voie rapide	N1	6.821	Mamou	1.000	1.000	LIKELY_DUPLICATE
Route tertiaire	NC	6.814	Nzérékoré	0.037	0.125	OUTSIDE_BDRI_SCOPE
Route tertiaire	NC	6.783	Boké	0.000	0.040	POTENTIAL_BDRI_MISSING
Voie rapide	N5	6.781	Labé	0.852	1.000	LIKELY_DUPLICATE
Route tertiaire	NC	6.774	Labé	0.050	0.465	OUTSIDE_BDRI_SCOPE
Route primaire	N8	6.766	Labé	1.000	1.000	LIKELY_DUPLICATE
Route tertiaire	NC	6.762	Kankan	0.000	0.000	POTENTIAL_BDRI_MISSING
Route tertiaire	NC	6.735	Boké	0.037	0.468	OUTSIDE_BDRI_SCOPE
Route tertiaire	NC	6.719	Kindia	0.000	0.015	POTENTIAL_BDRI_MISSING
Route primaire	N30	6.710	Faranah	1.000	1.000	LIKELY_DUPLICATE
Route tertiaire	NC	6.700	Mamou	0.000	0.000	POTENTIAL_BDRI_MISSING
Route tertiaire	NC	6.694	Faranah	0.000	0.000	POTENTIAL_BDRI_MISSING
Route tertiaire	NC	6.691	Boké	0.000	0.000	POTENTIAL_BDRI_MISSING
Route tertiaire	NC	6.685	Nzérékoré	0.019	0.136	OUTSIDE_BDRI_SCOPE
Route secondaire	NC	6.683	Nzérékoré	0.000	0.000	POTENTIAL_BDRI_MISSING
Voie rapide	NC	6.680	Boké	1.000	1.000	LIKELY_DUPLICATE
Route tertiaire	NC	6.676	Nzérékoré	0.019	0.234	OUTSIDE_BDRI_SCOPE
Route primaire	N8	6.675	Labé	1.000	1.000	LIKELY_DUPLICATE
Route tertiaire	NC	6.675	Faranah	1.000	1.000	LIKELY_DUPLICATE
Route tertiaire	NC	6.675	Nzérékoré	0.008	0.067	POTENTIAL_BDRI_MISSING
Route tertiaire	NC	6.674	Nzérékoré	0.009	0.037	POTENTIAL_BDRI_MISSING
Route primaire	N1	6.663	Nzérékoré	1.000	1.000	LIKELY_DUPLICATE
Route tertiaire	NC	6.656	Kankan	0.000	0.000	POTENTIAL_BDRI_MISSING
Route tertiaire	NC	6.645	Faranah	0.000	0.000	POTENTIAL_BDRI_MISSING
Route tertiaire	NC	6.641	Mamou	0.008	0.088	POTENTIAL_BDRI_MISSING
Route secondaire	NC	6.632	Mamou	0.000	0.000	POTENTIAL_BDRI_MISSING
Route tertiaire	NC	6.604	Kindia	0.032	0.435	OUTSIDE_BDRI_SCOPE
Route secondaire	NC	6.603	Labé	0.982	1.000	LIKELY_DUPLICATE
Voie rapide	N1	6.586	Nzérékoré	1.000	1.000	LIKELY_DUPLICATE
Route tertiaire	NC	6.586	Kindia	0.034	0.353	OUTSIDE_BDRI_SCOPE
Route primaire	N8	6.585	Labé	1.000	1.000	LIKELY_DUPLICATE
Route tertiaire	NC	6.579	Faranah	0.009	0.065	POTENTIAL_BDRI_MISSING
Route tertiaire	NC	6.579	Mamou	0.007	0.062	POTENTIAL_BDRI_MISSING
Route secondaire	NC	6.577	Nzérékoré	0.012	0.141	UNDETERMINED
Route tertiaire	NC	6.576	Kindia	0.143	0.398	OUTSIDE_BDRI_SCOPE
Route tertiaire	NC	6.562	Boké	0.009	0.204	OUTSIDE_BDRI_SCOPE
Route tertiaire	NC	6.561	Labé	0.009	0.111	OUTSIDE_BDRI_SCOPE
Route secondaire	NC	6.558	Kankan	1.000	1.000	LIKELY_DUPLICATE
Route tertiaire	NC	6.558	Mamou	0.000	0.058	POTENTIAL_BDRI_MISSING
Route tertiaire	NC	6.557	Mamou	0.017	0.433	OUTSIDE_BDRI_SCOPE
Voie rapide	N1	6.556	Kindia	0.971	1.000	LIKELY_DUPLICATE
Voie rapide	N1	6.555	Kindia	1.000	1.000	LIKELY_DUPLICATE
Route secondaire	NC	6.545	Nzérékoré	0.021	0.441	UNDETERMINED
Voie rapide	N1	6.543	Kankan	1.000	1.000	LIKELY_DUPLICATE
Route tertiaire	NC	6.542	Kankan	0.000	0.000	POTENTIAL_BDRI_MISSING
Route tertiaire	NC	6.538	Kankan	0.000	0.000	POTENTIAL_BDRI_MISSING
Route tertiaire	NC	6.530	Faranah	0.005	0.059	POTENTIAL_BDRI_MISSING
Route tertiaire	NC	6.530	Kankan	0.000	0.000	POTENTIAL_BDRI_MISSING
Route tertiaire	NC	6.527	Kindia	0.047	0.133	OUTSIDE_BDRI_SCOPE
Route tertiaire	NC	6.517	Faranah	0.000	0.000	POTENTIAL_BDRI_MISSING
Route tertiaire	NC	6.511	Nzérékoré	0.000	0.049	POTENTIAL_BDRI_MISSING
Route tertiaire	NC	6.499	Kankan	0.010	0.049	POTENTIAL_BDRI_MISSING
Route tertiaire	NC	6.496	Nzérékoré	0.025	0.075	POTENTIAL_BDRI_MISSING
Route tertiaire	NC	6.494	Mamou	0.000	0.000	POTENTIAL_BDRI_MISSING
Voie rapide	N1	6.493	Nzérékoré	1.000	1.000	LIKELY_DUPLICATE
Route tertiaire	NC	6.492	Nzérékoré	0.087	0.704	LIKELY_DUPLICATE
Route tertiaire	NC	6.490	Kindia	0.019	0.066	POTENTIAL_BDRI_MISSING
Route primaire	N33	6.483	Kankan	1.000	1.000	LIKELY_DUPLICATE
Route tertiaire	NC	6.481	Nzérékoré	0.016	0.063	POTENTIAL_BDRI_MISSING
Route tertiaire	NC	6.472	Labé	0.000	0.000	POTENTIAL_BDRI_MISSING
Route tertiaire	NC	6.471	Faranah	0.015	0.061	POTENTIAL_BDRI_MISSING
Route tertiaire	NC	6.469	Labé	1.000	1.000	LIKELY_DUPLICATE
Route tertiaire	NC	6.467	Kankan	0.006	0.245	OUTSIDE_BDRI_SCOPE
Route tertiaire	NC	6.464	Kindia	0.048	0.552	LIKELY_DUPLICATE
Route tertiaire	NC	6.458	Mamou	0.070	0.310	OUTSIDE_BDRI_SCOPE
Route tertiaire	NC	6.458	Mamou	0.000	0.000	POTENTIAL_BDRI_MISSING
Route tertiaire	NC	6.452	Mamou	0.000	0.000	POTENTIAL_BDRI_MISSING
Route tertiaire	NC	6.447	Kankan	0.000	0.000	POTENTIAL_BDRI_MISSING
Route secondaire	N25	6.444	Labé	1.000	1.000	LIKELY_DUPLICATE
Route primaire	N10	6.423	Nzérékoré	1.000	1.000	LIKELY_DUPLICATE
Route tertiaire	NC	6.403	Kindia	0.000	0.000	POTENTIAL_BDRI_MISSING
Route tertiaire	NC	6.400	Mamou	0.009	0.145	OUTSIDE_BDRI_SCOPE
Route secondaire	N31	6.398	Kankan	0.740	1.000	LIKELY_DUPLICATE
Voie rapide	N3	6.392	Boké	1.000	1.000	LIKELY_DUPLICATE
Voie rapide	N4	6.386	Kindia	1.000	1.000	LIKELY_DUPLICATE
Route secondaire	NC	6.371	Kankan	0.837	1.000	LIKELY_DUPLICATE
Route tertiaire	NC	6.366	Kankan	0.099	0.436	OUTSIDE_BDRI_SCOPE
Route tertiaire	NC	6.366	Faranah	0.042	0.198	OUTSIDE_BDRI_SCOPE
Route tertiaire	NC	6.363	Faranah	0.000	0.000	POTENTIAL_BDRI_MISSING
Route secondaire	NC	6.361	Mamou	0.994	1.000	LIKELY_DUPLICATE
Route tertiaire	NC	6.350	Nzérékoré	0.000	0.038	POTENTIAL_BDRI_MISSING
Route tertiaire	NC	6.348	Boké	0.000	0.000	POTENTIAL_BDRI_MISSING
Route tertiaire	NC	6.342	Kindia	0.000	0.000	POTENTIAL_BDRI_MISSING
Route tertiaire	NC	6.335	Boké	0.011	0.084	POTENTIAL_BDRI_MISSING
Route tertiaire	NC	6.333	Kindia	0.000	0.000	POTENTIAL_BDRI_MISSING
Route tertiaire	NC	6.300	Faranah	0.000	0.000	POTENTIAL_BDRI_MISSING
Route primaire	N8	6.299	Labé	1.000	1.000	LIKELY_DUPLICATE
Route tertiaire	NC	6.294	Kankan	0.082	0.660	LIKELY_DUPLICATE
Route tertiaire	NC	6.288	Nzérékoré	0.000	0.000	POTENTIAL_BDRI_MISSING
Route tertiaire	NC	6.284	Nzérékoré	0.037	0.422	OUTSIDE_BDRI_SCOPE
Route secondaire	NC	6.269	Nzérékoré	0.238	0.715	LIKELY_DUPLICATE
Route tertiaire	NC	6.269	Kankan	0.022	0.060	POTENTIAL_BDRI_MISSING
Voie rapide	N6	6.266	Kankan	0.980	1.000	LIKELY_DUPLICATE
Voie rapide	N1	6.259	Mamou	1.000	1.000	LIKELY_DUPLICATE
Voie rapide	N3	6.259	Boké	1.000	1.000	LIKELY_DUPLICATE
Route tertiaire	N25	6.249	Labé	1.000	1.000	LIKELY_DUPLICATE
Route tertiaire	NC	6.247	Kankan	0.011	0.106	OUTSIDE_BDRI_SCOPE
Route secondaire	NC	6.246	Kindia	0.000	0.000	POTENTIAL_BDRI_MISSING
Route primaire	NC	6.244	Boké	0.964	1.000	LIKELY_DUPLICATE
Voie rapide	N1	6.240	Kankan	1.000	1.000	LIKELY_DUPLICATE
Route tertiaire	N25	6.236	Labé	1.000	1.000	LIKELY_DUPLICATE
Route tertiaire	NC	6.225	Faranah	0.170	0.792	LIKELY_DUPLICATE
Voie rapide	NC	6.223	Boké	1.000	1.000	LIKELY_DUPLICATE
Route secondaire	NC	6.220	Nzérékoré	0.048	0.512	LIKELY_DUPLICATE
Route secondaire	NC	6.209	Kankan	0.000	0.000	POTENTIAL_BDRI_MISSING
Route tertiaire	N25	6.207	Labé	1.000	1.000	LIKELY_DUPLICATE
Route tertiaire	NC	6.193	Mamou	0.000	0.089	POTENTIAL_BDRI_MISSING
Route primaire	A8	6.182	Nzérékoré	0.000	0.000	POTENTIAL_BDRI_MISSING
Route tertiaire	NC	6.174	Nzérékoré	0.000	0.000	POTENTIAL_BDRI_MISSING
Route tertiaire	NC	6.174	Kindia	0.000	0.000	POTENTIAL_BDRI_MISSING
Route secondaire	NC	6.172	Kankan	1.000	1.000	LIKELY_DUPLICATE
Route tertiaire	NC	6.172	Kindia	0.000	0.000	POTENTIAL_BDRI_MISSING
Route secondaire	NC	6.164	Kankan	1.000	1.000	LIKELY_DUPLICATE
Route tertiaire	NC	6.160	Labé	0.008	0.098	POTENTIAL_BDRI_MISSING
Route tertiaire	NC	6.155	Boké	0.010	0.163	OUTSIDE_BDRI_SCOPE
Route tertiaire	NC	6.146	Labé	0.067	0.092	POTENTIAL_BDRI_MISSING
Voie rapide	N1	6.140	Mamou	1.000	1.000	LIKELY_DUPLICATE
Route primaire	N18	6.140	Nzérékoré	1.000	1.000	LIKELY_DUPLICATE
Voie rapide	N5	6.137	Mamou	1.000	1.000	LIKELY_DUPLICATE
Route tertiaire	NC	6.133	Kankan	0.000	0.000	POTENTIAL_BDRI_MISSING
Route tertiaire	NC	6.120	Kankan	0.000	0.000	POTENTIAL_BDRI_MISSING
Route tertiaire	N25	6.119	Labé	1.000	1.000	LIKELY_DUPLICATE
Voie rapide	N2	6.105	Faranah	1.000	1.000	LIKELY_DUPLICATE
Route tertiaire	NC	6.104	Faranah	0.000	0.000	POTENTIAL_BDRI_MISSING
Route tertiaire	NC	6.098	Nzérékoré	0.016	0.218	OUTSIDE_BDRI_SCOPE
Voie rapide	NC	6.093	Nzérékoré	1.000	1.000	LIKELY_DUPLICATE
Voie rapide	N3	6.092	Kindia	1.000	1.000	LIKELY_DUPLICATE
Route tertiaire	NC	6.090	Labé	0.063	0.413	OUTSIDE_BDRI_SCOPE
Route tertiaire	NC	6.090	Kankan	0.008	0.143	OUTSIDE_BDRI_SCOPE
Route primaire	N30	6.075	Kankan	1.000	1.000	LIKELY_DUPLICATE
Route tertiaire	NC	6.074	Kindia	0.000	0.000	POTENTIAL_BDRI_MISSING
Route secondaire	NC	6.074	Nzérékoré	0.008	0.086	POTENTIAL_BDRI_MISSING
Route tertiaire	NC	6.070	Kindia	0.000	0.000	POTENTIAL_BDRI_MISSING
Voie rapide	NC	6.067	Kankan	0.931	1.000	LIKELY_DUPLICATE
Route secondaire	NC	6.063	Nzérékoré	0.025	0.284	UNDETERMINED
Route tertiaire	NC	6.062	Kankan	0.000	0.000	POTENTIAL_BDRI_MISSING
Route secondaire	NC	6.052	Kindia	0.000	0.000	POTENTIAL_BDRI_MISSING
Route tertiaire	NC	6.052	Nzérékoré	0.000	0.000	POTENTIAL_BDRI_MISSING
Route tertiaire	NC	6.042	Nzérékoré	0.000	0.000	POTENTIAL_BDRI_MISSING
Route tertiaire	NC	6.042	Kankan	0.042	0.865	LIKELY_DUPLICATE
Route tertiaire	NC	6.031	Kankan	0.000	0.059	POTENTIAL_BDRI_MISSING
Voie rapide	N2	6.025	Nzérékoré	1.000	1.000	LIKELY_DUPLICATE
Route secondaire	NC	6.023	Nzérékoré	0.000	0.000	POTENTIAL_BDRI_MISSING
Voie rapide	NC	6.020	Boké	1.000	1.000	LIKELY_DUPLICATE
Route tertiaire	NC	6.001	Boké	0.008	0.047	POTENTIAL_BDRI_MISSING
Route secondaire	NC	5.995	Kankan	0.000	0.000	POTENTIAL_BDRI_MISSING
Voie rapide	N6	5.989	Kankan	1.000	1.000	LIKELY_DUPLICATE
Route tertiaire	NC	5.973	Labé	0.012	0.073	POTENTIAL_BDRI_MISSING
Route tertiaire	NC	5.967	Faranah	0.000	0.000	POTENTIAL_BDRI_MISSING
Route primaire	N33	5.946	Kankan	1.000	1.000	LIKELY_DUPLICATE
Route tertiaire	NC	5.944	Boké	0.000	0.000	POTENTIAL_BDRI_MISSING
Route secondaire	NC	5.944	Nzérékoré	0.000	0.000	POTENTIAL_BDRI_MISSING
Route tertiaire	NC	5.942	Kindia	0.178	1.000	LIKELY_DUPLICATE
Route tertiaire	NC	5.942	Kankan	0.286	0.316	OUTSIDE_BDRI_SCOPE
Route tertiaire	NC	5.929	Kankan	0.007	0.050	POTENTIAL_BDRI_MISSING
Route tertiaire	NC	5.928	Kankan	0.017	0.056	POTENTIAL_BDRI_MISSING
Route tertiaire	NC	5.927	Kankan	0.000	0.000	POTENTIAL_BDRI_MISSING
Route tertiaire	NC	5.923	Faranah	0.000	0.000	POTENTIAL_BDRI_MISSING
Voie rapide	N3	5.921	Boké	1.000	1.000	LIKELY_DUPLICATE
Voie rapide	N2	5.921	Nzérékoré	1.000	1.000	LIKELY_DUPLICATE
Route primaire	N33	5.915	Kankan	1.000	1.000	LIKELY_DUPLICATE
Route secondaire	NC	5.911	Nzérékoré	0.000	0.000	POTENTIAL_BDRI_MISSING
Route tertiaire	NC	5.904	Kankan	0.034	0.829	LIKELY_DUPLICATE
Route tertiaire	NC	5.897	Kankan	0.016	0.151	OUTSIDE_BDRI_SCOPE
Route tertiaire	NC	5.894	Kindia	0.000	0.000	POTENTIAL_BDRI_MISSING
Route tertiaire	NC	5.893	Kankan	0.000	0.000	POTENTIAL_BDRI_MISSING
Route secondaire	NC	5.889	Mamou	0.000	0.000	POTENTIAL_BDRI_MISSING
Route tertiaire	NC	5.885	Faranah	0.000	0.000	POTENTIAL_BDRI_MISSING
Route tertiaire	NC	5.881	Mamou	0.000	0.000	POTENTIAL_BDRI_MISSING
Route tertiaire	NC	5.877	Kindia	0.000	0.000	POTENTIAL_BDRI_MISSING
Voie rapide	N1	5.876	Kankan	1.000	1.000	LIKELY_DUPLICATE
Route secondaire	NC	5.872	Kindia	0.000	0.000	POTENTIAL_BDRI_MISSING
Route tertiaire	NC	5.870	Kindia	0.000	0.000	POTENTIAL_BDRI_MISSING
Route tertiaire	NC	5.861	Kankan	0.000	0.000	POTENTIAL_BDRI_MISSING
Route tertiaire	NC	5.853	Boké	0.000	0.000	POTENTIAL_BDRI_MISSING
Route tertiaire	NC	5.852	Kankan	0.000	0.000	POTENTIAL_BDRI_MISSING
Route tertiaire	NC	5.849	Faranah	0.000	0.000	POTENTIAL_BDRI_MISSING
Route tertiaire	NC	5.845	Mamou	0.012	0.162	OUTSIDE_BDRI_SCOPE
Route tertiaire	NC	5.842	Faranah	0.011	0.080	POTENTIAL_BDRI_MISSING
Route tertiaire	NC	5.839	Labé	0.007	0.331	OUTSIDE_BDRI_SCOPE
Voie rapide	N2	5.827	Nzérékoré	1.000	1.000	LIKELY_DUPLICATE
Route tertiaire	NC	5.819	Kankan	0.000	0.000	POTENTIAL_BDRI_MISSING
Route tertiaire	NC	5.818	Kindia	0.000	0.000	POTENTIAL_BDRI_MISSING
Route tertiaire	NC	5.814	Faranah	0.007	0.062	POTENTIAL_BDRI_MISSING
Voie rapide	N3	5.812	Boké	1.000	1.000	LIKELY_DUPLICATE
Route tertiaire	NC	5.809	Boké	0.000	0.257	OUTSIDE_BDRI_SCOPE
Route primaire	N30	5.809	Faranah	1.000	1.000	LIKELY_DUPLICATE
Voie rapide	N1	5.808	Mamou	1.000	1.000	LIKELY_DUPLICATE
Route tertiaire	NC	5.796	Faranah	0.009	0.073	POTENTIAL_BDRI_MISSING
Route tertiaire	NC	5.781	Nzérékoré	0.000	0.000	POTENTIAL_BDRI_MISSING
Route primaire	N30	5.777	Faranah	1.000	1.000	LIKELY_DUPLICATE
Route secondaire	NC	5.773	Nzérékoré	0.000	0.121	UNDETERMINED
Route tertiaire	NC	5.767	Kindia	0.059	0.739	LIKELY_DUPLICATE
Route tertiaire	NC	5.762	Kankan	0.000	0.000	POTENTIAL_BDRI_MISSING
Route tertiaire	NC	5.757	Faranah	0.000	0.000	POTENTIAL_BDRI_MISSING
Route secondaire	NC	5.755	Faranah	0.000	0.000	POTENTIAL_BDRI_MISSING
Route tertiaire	NC	5.753	Labé	0.000	0.000	POTENTIAL_BDRI_MISSING
Route secondaire	NC	5.744	Nzérékoré	0.034	0.597	LIKELY_DUPLICATE
Route primaire	N1	5.740	Nzérékoré	1.000	1.000	LIKELY_DUPLICATE
Route tertiaire	NC	5.732	Kankan	0.015	0.368	OUTSIDE_BDRI_SCOPE
Route tertiaire	NC	5.727	Labé	0.000	0.000	POTENTIAL_BDRI_MISSING
Voie rapide	N3	5.721	Boké	1.000	1.000	LIKELY_DUPLICATE
Route tertiaire	NC	5.721	Boké	0.019	0.120	OUTSIDE_BDRI_SCOPE
Route tertiaire	NC	5.715	Kankan	1.000	1.000	LIKELY_DUPLICATE
Route secondaire	NC	5.715	Kankan	1.000	1.000	LIKELY_DUPLICATE
Route primaire	NC	5.708	Faranah	0.013	0.426	UNDETERMINED
Route secondaire	NC	5.703	Kankan	1.000	1.000	LIKELY_DUPLICATE
Route primaire	N27	5.697	Labé	1.000	1.000	LIKELY_DUPLICATE
Route tertiaire	NC	5.678	Labé	0.069	0.874	LIKELY_DUPLICATE
Route tertiaire	NC	5.671	Kindia	0.000	0.000	POTENTIAL_BDRI_MISSING
Route tertiaire	NC	5.670	Kindia	0.000	0.045	POTENTIAL_BDRI_MISSING
Route tertiaire	NC	5.665	Kankan	0.000	0.000	POTENTIAL_BDRI_MISSING
Route tertiaire	NC	5.656	Kindia	0.000	0.000	POTENTIAL_BDRI_MISSING
Route tertiaire	NC	5.652	Kankan	0.000	0.000	POTENTIAL_BDRI_MISSING
Route tertiaire	NC	5.652	Faranah	0.000	0.000	POTENTIAL_BDRI_MISSING
Route tertiaire	NC	5.647	Kankan	0.000	0.000	POTENTIAL_BDRI_MISSING
Voie rapide	N1	5.645	Kindia	1.000	1.000	LIKELY_DUPLICATE
Voie rapide	NC	5.643	Boké	1.000	1.000	LIKELY_DUPLICATE
Route tertiaire	NC	5.640	Mamou	0.019	0.260	OUTSIDE_BDRI_SCOPE
Voie rapide	N1	5.638	Kankan	1.000	1.000	LIKELY_DUPLICATE
Route tertiaire	NC	5.632	Faranah	0.000	0.000	POTENTIAL_BDRI_MISSING
Route tertiaire	NC	5.628	Kindia	0.008	0.100	OUTSIDE_BDRI_SCOPE
Route tertiaire	NC	5.627	Faranah	0.000	0.561	LIKELY_DUPLICATE
Route tertiaire	NC	5.620	Nzérékoré	0.000	0.000	POTENTIAL_BDRI_MISSING
Route tertiaire	NC	5.616	Kankan	0.009	0.055	POTENTIAL_BDRI_MISSING
Route tertiaire	NC	5.604	Labé	0.000	0.000	POTENTIAL_BDRI_MISSING
Route tertiaire	NC	5.602	Kindia	0.029	0.155	OUTSIDE_BDRI_SCOPE
Route secondaire	NC	5.599	Nzérékoré	0.007	0.050	POTENTIAL_BDRI_MISSING
Route tertiaire	NC	5.592	Nzérékoré	0.012	0.070	POTENTIAL_BDRI_MISSING
Route tertiaire	NC	5.591	Labé	0.000	0.000	POTENTIAL_BDRI_MISSING
Route tertiaire	NC	5.590	Kankan	0.077	0.942	LIKELY_DUPLICATE
Route primaire	NC	5.587	Kindia	0.075	0.708	LIKELY_DUPLICATE
Route primaire	NC	5.586	Nzérékoré	0.053	0.353	UNDETERMINED
Route tertiaire	NC	5.582	Nzérékoré	0.000	0.000	POTENTIAL_BDRI_MISSING
Route tertiaire	NC	5.574	Kankan	0.000	0.000	POTENTIAL_BDRI_MISSING
Route secondaire	NC	5.568	Kankan	0.000	0.000	POTENTIAL_BDRI_MISSING
Voie rapide	N1	5.566	Mamou	1.000	1.000	LIKELY_DUPLICATE
Route tertiaire	NC	5.565	Kankan	0.000	0.096	POTENTIAL_BDRI_MISSING
Route tertiaire	NC	5.564	Mamou	0.000	0.000	POTENTIAL_BDRI_MISSING
Route tertiaire	NC	5.563	Kindia	0.055	0.512	LIKELY_DUPLICATE
Route secondaire	NC	5.561	Kankan	0.390	1.000	LIKELY_DUPLICATE
Route tertiaire	NC	5.548	Mamou	0.027	0.225	OUTSIDE_BDRI_SCOPE
Route secondaire	NC	5.537	Nzérékoré	0.000	0.000	POTENTIAL_BDRI_MISSING
Route tertiaire	NC	5.535	Faranah	0.000	0.000	POTENTIAL_BDRI_MISSING
Route tertiaire	NC	5.527	Nzérékoré	0.000	0.000	POTENTIAL_BDRI_MISSING
Route tertiaire	NC	5.523	Faranah	0.011	0.079	POTENTIAL_BDRI_MISSING
Route tertiaire	NC	5.523	Mamou	0.019	0.093	POTENTIAL_BDRI_MISSING
Route secondaire	NC	5.519	Faranah	0.349	0.613	LIKELY_DUPLICATE
Route tertiaire	NC	5.518	Nzérékoré	0.021	0.165	OUTSIDE_BDRI_SCOPE
Route primaire	N33	5.513	Kankan	1.000	1.000	LIKELY_DUPLICATE
Route tertiaire	NC	5.513	Kindia	0.014	0.101	OUTSIDE_BDRI_SCOPE
Route tertiaire	NC	5.512	Labé	1.000	1.000	LIKELY_DUPLICATE
Voie rapide	RN5	5.502	Kankan	0.000	0.000	POTENTIAL_BDRI_MISSING
Route tertiaire	NC	5.501	Faranah	0.010	0.088	POTENTIAL_BDRI_MISSING
Route tertiaire	NC	5.499	Boké	0.011	0.551	LIKELY_DUPLICATE
Route tertiaire	NC	5.496	Nzérékoré	0.103	0.242	OUTSIDE_BDRI_SCOPE
Route tertiaire	NC	5.489	Nzérékoré	0.900	0.990	LIKELY_DUPLICATE
Route tertiaire	NC	5.477	Nzérékoré	0.000	0.316	OUTSIDE_BDRI_SCOPE
Route tertiaire	NC	5.475	Boké	0.011	0.043	POTENTIAL_BDRI_MISSING
Route tertiaire	NC	5.461	Kankan	0.021	0.094	POTENTIAL_BDRI_MISSING
Voie rapide	N4	5.460	Kindia	1.000	1.000	LIKELY_DUPLICATE
Route secondaire	NC	5.458	Nzérékoré	0.000	0.011	POTENTIAL_BDRI_MISSING
Route tertiaire	NC	5.457	Mamou	0.007	0.117	OUTSIDE_BDRI_SCOPE
Voie rapide	NC	5.456	Nzérékoré	0.993	1.000	LIKELY_DUPLICATE
Route tertiaire	NC	5.454	Faranah	0.000	0.248	OUTSIDE_BDRI_SCOPE
Route primaire	NC	5.450	Kindia	0.065	0.278	UNDETERMINED
Route tertiaire	NC	5.448	Nzérékoré	0.096	0.755	LIKELY_DUPLICATE
Route tertiaire	NC	5.446	Boké	1.000	1.000	LIKELY_DUPLICATE
Route tertiaire	NC	5.439	Labé	0.000	0.484	OUTSIDE_BDRI_SCOPE
Voie rapide	N2	5.426	Faranah	1.000	1.000	LIKELY_DUPLICATE
Voie rapide	N2	5.418	Faranah	1.000	1.000	LIKELY_DUPLICATE
Route primaire	N8	5.416	Labé	1.000	1.000	LIKELY_DUPLICATE
Route tertiaire	NC	5.415	Kindia	0.000	0.000	POTENTIAL_BDRI_MISSING
Route tertiaire	NC	5.411	Faranah	0.143	0.886	LIKELY_DUPLICATE
Voie rapide	N2	5.408	Nzérékoré	1.000	1.000	LIKELY_DUPLICATE
Route tertiaire	NC	5.406	Kindia	0.000	0.000	POTENTIAL_BDRI_MISSING
Route primaire	N27	5.403	Labé	1.000	1.000	LIKELY_DUPLICATE
Route tertiaire	NC	5.403	Kindia	0.000	0.000	POTENTIAL_BDRI_MISSING
Route tertiaire	NC	5.402	Kankan	0.000	0.000	POTENTIAL_BDRI_MISSING
Route tertiaire	NC	5.399	Nzérékoré	0.000	0.000	POTENTIAL_BDRI_MISSING
Route tertiaire	NC	5.398	Kankan	0.000	0.000	POTENTIAL_BDRI_MISSING
Route tertiaire	NC	5.392	Mamou	0.000	0.000	POTENTIAL_BDRI_MISSING
Route secondaire	NC	5.392	Nzérékoré	0.126	0.639	LIKELY_DUPLICATE
Route primaire	NC	5.386	Faranah	0.000	0.000	POTENTIAL_BDRI_MISSING
Route primaire	N24	5.386	Kindia	1.000	1.000	LIKELY_DUPLICATE
Route secondaire	NC	5.378	Nzérékoré	0.848	1.000	LIKELY_DUPLICATE
Route primaire	N18	5.377	Nzérékoré	0.904	1.000	LIKELY_DUPLICATE
Voie rapide	NC	5.375	Nzérékoré	0.000	0.000	POTENTIAL_BDRI_MISSING
Route tertiaire	NC	5.371	Labé	0.000	0.116	OUTSIDE_BDRI_SCOPE
Route secondaire	NC	5.371	Kankan	0.880	1.000	LIKELY_DUPLICATE
Voie rapide	N1	5.354	Mamou	1.000	1.000	LIKELY_DUPLICATE
Route secondaire	NC	5.354	Nzérékoré	0.000	0.009	POTENTIAL_BDRI_MISSING
Route primaire	NC	5.349	Boké	1.000	1.000	LIKELY_DUPLICATE
Route tertiaire	NC	5.347	Kankan	0.000	0.000	POTENTIAL_BDRI_MISSING
Route tertiaire	NC	5.347	Boké	0.000	0.000	POTENTIAL_BDRI_MISSING
Voie rapide	N5	5.334	Mamou	1.000	1.000	LIKELY_DUPLICATE
Route secondaire	N14	5.334	Faranah	0.173	1.000	LIKELY_DUPLICATE
Route tertiaire	NC	5.330	Nzérékoré	0.012	0.098	POTENTIAL_BDRI_MISSING
Voie rapide	N2	5.330	Nzérékoré	1.000	1.000	LIKELY_DUPLICATE
Voie rapide	N1	5.329	Nzérékoré	1.000	1.000	LIKELY_DUPLICATE
Route tertiaire	NC	5.328	Kindia	0.000	0.000	POTENTIAL_BDRI_MISSING
Route secondaire	NC	5.325	Faranah	0.020	0.194	UNDETERMINED
Route primaire	N1	5.325	Nzérékoré	1.000	1.000	LIKELY_DUPLICATE
Route tertiaire	NC	5.324	Nzérékoré	0.000	0.101	OUTSIDE_BDRI_SCOPE
Route secondaire	NC	5.321	Nzérékoré	0.000	0.000	POTENTIAL_BDRI_MISSING
Route primaire	NC	5.321	Nzérékoré	0.000	0.000	POTENTIAL_BDRI_MISSING
Route tertiaire	NC	5.315	Nzérékoré	0.000	0.000	POTENTIAL_BDRI_MISSING
Route tertiaire	NC	5.315	Faranah	1.000	1.000	LIKELY_DUPLICATE
Route tertiaire	NC	5.313	Kindia	0.000	0.000	POTENTIAL_BDRI_MISSING
Route tertiaire	NC	5.309	Faranah	0.043	0.362	OUTSIDE_BDRI_SCOPE
Route tertiaire	NC	5.301	Kankan	0.031	0.133	OUTSIDE_BDRI_SCOPE
Route tertiaire	NC	5.296	Kindia	0.012	0.305	OUTSIDE_BDRI_SCOPE
Voie rapide	N3	5.288	Boké	1.000	1.000	LIKELY_DUPLICATE
Route tertiaire	NC	5.287	Kindia	0.147	0.793	LIKELY_DUPLICATE
Voie rapide	N4	5.284	Kindia	1.000	1.000	LIKELY_DUPLICATE
Route tertiaire	NC	5.279	Kankan	0.000	0.605	LIKELY_DUPLICATE
Route tertiaire	NC	5.272	Nzérékoré	0.021	0.116	OUTSIDE_BDRI_SCOPE
Route secondaire	NC	5.270	Nzérékoré	0.907	1.000	LIKELY_DUPLICATE
Route tertiaire	NC	5.257	Kankan	0.020	0.128	OUTSIDE_BDRI_SCOPE
Voie rapide	NC	5.255	Boké	1.000	1.000	LIKELY_DUPLICATE
Route tertiaire	NC	5.253	Boké	0.000	0.000	POTENTIAL_BDRI_MISSING
Voie rapide	NC	5.238	Kankan	1.000	1.000	LIKELY_DUPLICATE
Voie rapide	N1	5.237	Mamou	0.804	1.000	LIKELY_DUPLICATE
Voie rapide	N5	5.235	Mamou	1.000	1.000	LIKELY_DUPLICATE
Route tertiaire	NC	5.234	Nzérékoré	0.034	0.267	OUTSIDE_BDRI_SCOPE
Route secondaire	NC	5.232	Nzérékoré	0.056	0.222	UNDETERMINED
Route tertiaire	NC	5.226	Nzérékoré	0.000	0.000	POTENTIAL_BDRI_MISSING
Route tertiaire	NC	5.222	Mamou	0.000	0.000	POTENTIAL_BDRI_MISSING
Voie rapide	N5	5.218	Mamou	1.000	1.000	LIKELY_DUPLICATE
Route primaire	N1	5.217	Nzérékoré	1.000	1.000	LIKELY_DUPLICATE
Route secondaire	NC	5.212	Nzérékoré	0.000	0.054	POTENTIAL_BDRI_MISSING
Route tertiaire	NC	5.205	Kankan	0.000	0.000	POTENTIAL_BDRI_MISSING
Route secondaire	NC	5.203	Nzérékoré	0.085	0.454	UNDETERMINED
Route tertiaire	NC	5.199	Mamou	0.000	0.106	OUTSIDE_BDRI_SCOPE
Route tertiaire	NC	5.198	Nzérékoré	0.009	0.106	OUTSIDE_BDRI_SCOPE
Route tertiaire	NC	5.197	Faranah	0.000	0.496	OUTSIDE_BDRI_SCOPE
Route tertiaire	NC	5.189	Kindia	0.000	0.000	POTENTIAL_BDRI_MISSING
Route secondaire	NC	5.189	Nzérékoré	0.000	0.000	POTENTIAL_BDRI_MISSING
Route tertiaire	NC	5.180	Nzérékoré	0.000	0.000	POTENTIAL_BDRI_MISSING
Route secondaire	NC	5.177	Kindia	0.053	0.809	LIKELY_DUPLICATE
Route tertiaire	NC	5.170	Kankan	0.007	0.053	POTENTIAL_BDRI_MISSING
Route secondaire	NC	5.162	Faranah	0.000	0.000	POTENTIAL_BDRI_MISSING
Route tertiaire	NC	5.160	Labé	0.010	0.048	POTENTIAL_BDRI_MISSING
Route secondaire	NC	5.159	Kankan	1.000	1.000	LIKELY_DUPLICATE
Voie rapide	N3	5.156	Boké	1.000	1.000	LIKELY_DUPLICATE
Route tertiaire	NC	5.153	Kankan	0.009	0.088	POTENTIAL_BDRI_MISSING
Route primaire	N24	5.152	Kindia	0.440	1.000	LIKELY_DUPLICATE
Route tertiaire	NC	5.150	Nzérékoré	0.165	0.624	LIKELY_DUPLICATE
Route tertiaire	NC	5.149	Nzérékoré	0.000	0.000	POTENTIAL_BDRI_MISSING
Route primaire	N1	5.148	Nzérékoré	1.000	1.000	LIKELY_DUPLICATE
Route secondaire	NC	5.145	Kankan	1.000	1.000	LIKELY_DUPLICATE
Route secondaire	NC	5.135	Nzérékoré	0.000	0.000	POTENTIAL_BDRI_MISSING
Route tertiaire	NC	5.129	Kankan	0.000	0.000	POTENTIAL_BDRI_MISSING
Route tertiaire	NC	5.128	Nzérékoré	0.007	0.077	POTENTIAL_BDRI_MISSING
Route secondaire	NC	5.127	Nzérékoré	0.143	0.587	LIKELY_DUPLICATE
Route primaire	N22	5.119	Boké	1.000	1.000	LIKELY_DUPLICATE
Voie rapide	N1	5.113	Mamou	1.000	1.000	LIKELY_DUPLICATE
Route tertiaire	NC	5.111	Boké	0.000	0.000	POTENTIAL_BDRI_MISSING
Voie rapide	N1	5.109	Conakry	0.990	1.000	LIKELY_DUPLICATE
Route tertiaire	NC	5.107	Kindia	0.016	0.164	OUTSIDE_BDRI_SCOPE
Route primaire	NC	5.106	Kindia	0.000	0.000	POTENTIAL_BDRI_MISSING
Route tertiaire	NC	5.103	Kindia	0.000	0.000	POTENTIAL_BDRI_MISSING
Route tertiaire	NC	5.099	Kankan	0.024	0.095	POTENTIAL_BDRI_MISSING
Route tertiaire	NC	5.099	Labé	0.023	0.136	OUTSIDE_BDRI_SCOPE
Route primaire	N1	5.097	Nzérékoré	1.000	1.000	LIKELY_DUPLICATE
Route tertiaire	NC	5.096	Kindia	0.030	0.400	OUTSIDE_BDRI_SCOPE
Route tertiaire	NC	5.094	Kankan	0.152	0.544	LIKELY_DUPLICATE
Voie rapide	N5	5.093	Boké	0.963	1.000	LIKELY_DUPLICATE
Route tertiaire	NC	5.090	Boké	0.010	0.062	POTENTIAL_BDRI_MISSING
Voie rapide	N2	5.089	Nzérékoré	0.968	1.000	LIKELY_DUPLICATE
Voie rapide	N3	5.077	Boké	1.000	1.000	LIKELY_DUPLICATE
Route secondaire	NC	5.059	Nzérékoré	0.021	0.611	LIKELY_DUPLICATE
Route tertiaire	NC	5.053	Nzérékoré	0.000	0.000	POTENTIAL_BDRI_MISSING
Route tertiaire	NC	5.049	Kankan	0.000	0.000	POTENTIAL_BDRI_MISSING
Route secondaire	NC	5.044	Nzérékoré	0.000	0.000	POTENTIAL_BDRI_MISSING
Route tertiaire	NC	5.043	Nzérékoré	0.000	0.000	POTENTIAL_BDRI_MISSING
Route tertiaire	NC	5.036	Boké	0.000	0.000	POTENTIAL_BDRI_MISSING
Route tertiaire	NC	5.035	Nzérékoré	0.008	0.064	POTENTIAL_BDRI_MISSING
Voie rapide	N5	5.034	Labé	0.924	1.000	LIKELY_DUPLICATE
Route secondaire	NC	5.033	Faranah	0.000	0.000	POTENTIAL_BDRI_MISSING
Voie rapide	N1	5.026	Mamou	1.000	1.000	LIKELY_DUPLICATE
Voie rapide	N2	5.015	Nzérékoré	1.000	1.000	LIKELY_DUPLICATE
Route tertiaire	NC	5.012	Nzérékoré	0.000	0.000	POTENTIAL_BDRI_MISSING
Route secondaire	NC	5.011	Nzérékoré	0.000	0.000	POTENTIAL_BDRI_MISSING
Voie rapide	N1	5.010	Kankan	1.000	1.000	LIKELY_DUPLICATE
Voie rapide	N2	5.008	Nzérékoré	1.000	1.000	LIKELY_DUPLICATE
Route tertiaire	NC	5.004	Kindia	0.330	0.713	LIKELY_DUPLICATE
Voie rapide	N5	5.004	Labé	1.000	1.000	LIKELY_DUPLICATE
Route tertiaire	N4	5.003	Kindia	1.000	1.000	LIKELY_DUPLICATE
Route tertiaire	NC	4.997	Faranah	0.046	0.713	LIKELY_DUPLICATE
Route primaire	N8	4.996	Labé	1.000	1.000	LIKELY_DUPLICATE
Route secondaire	NC	4.990	Nzérékoré	0.000	0.000	POTENTIAL_BDRI_MISSING
Route tertiaire	NC	4.989	Nzérékoré	0.027	0.118	OUTSIDE_BDRI_SCOPE
Route secondaire	N31	4.987	Faranah	0.988	1.000	LIKELY_DUPLICATE
Route primaire	N22	4.976	Boké	1.000	1.000	LIKELY_DUPLICATE
Route secondaire	NC	4.974	Faranah	0.000	0.173	UNDETERMINED
Route secondaire	NC	4.961	Boké	0.000	0.000	POTENTIAL_BDRI_MISSING
Route primaire	N1	4.954	Nzérékoré	1.000	1.000	LIKELY_DUPLICATE
Route secondaire	NC	4.952	Nzérékoré	0.037	0.587	LIKELY_DUPLICATE
Route tertiaire	NC	4.949	Kankan	0.018	0.156	OUTSIDE_BDRI_SCOPE
Voie rapide	N1	4.945	Conakry	1.000	1.000	LIKELY_DUPLICATE
Route tertiaire	NC	4.944	Kankan	0.010	0.417	OUTSIDE_BDRI_SCOPE
Voie rapide	N1	4.943	Conakry	1.000	1.000	LIKELY_DUPLICATE
Route secondaire	NC	4.937	Kankan	0.000	0.000	POTENTIAL_BDRI_MISSING
Route tertiaire	NC	4.937	Kindia	0.000	0.000	POTENTIAL_BDRI_MISSING
Route tertiaire	NC	4.933	Mamou	0.895	1.000	LIKELY_DUPLICATE
Voie rapide	N4	4.932	Kindia	1.000	1.000	LIKELY_DUPLICATE
Voie rapide	N2	4.924	Faranah	1.000	1.000	LIKELY_DUPLICATE
Route tertiaire	NC	4.919	Kankan	0.197	0.732	LIKELY_DUPLICATE
Route tertiaire	NC	4.916	Nzérékoré	0.000	0.000	POTENTIAL_BDRI_MISSING
Route tertiaire	NC	4.902	Faranah	0.650	0.699	LIKELY_DUPLICATE
Voie rapide	N2	4.892	Nzérékoré	1.000	1.000	LIKELY_DUPLICATE
Voie rapide	N5	4.889	Labé	0.907	1.000	LIKELY_DUPLICATE
Route tertiaire	NC	4.888	Kindia	0.149	0.540	LIKELY_DUPLICATE
Route secondaire	N14	4.884	Faranah	1.000	1.000	LIKELY_DUPLICATE
Voie rapide	N5	4.870	Labé	1.000	1.000	LIKELY_DUPLICATE
Route tertiaire	NC	4.866	Labé	0.014	0.099	POTENTIAL_BDRI_MISSING
Voie rapide	N2	4.863	Nzérékoré	1.000	1.000	LIKELY_DUPLICATE
Route tertiaire	NC	4.854	Kindia	0.013	0.066	POTENTIAL_BDRI_MISSING
Route tertiaire	NC	4.849	Nzérékoré	0.000	0.000	POTENTIAL_BDRI_MISSING
Route tertiaire	NC	4.840	Nzérékoré	0.000	0.000	POTENTIAL_BDRI_MISSING
Route tertiaire	NC	4.824	Kankan	1.000	1.000	LIKELY_DUPLICATE
Route tertiaire	NC	4.818	Mamou	0.000	0.000	POTENTIAL_BDRI_MISSING
Route tertiaire	NC	4.816	Nzérékoré	0.000	0.032	POTENTIAL_BDRI_MISSING
Voie rapide	NC	4.809	Kankan	0.810	1.000	LIKELY_DUPLICATE
Route tertiaire	NC	4.799	Boké	1.000	1.000	LIKELY_DUPLICATE
Route secondaire	NC	4.788	Nzérékoré	0.000	0.172	UNDETERMINED
Route secondaire	NC	4.779	Kankan	0.000	0.000	POTENTIAL_BDRI_MISSING
Route tertiaire	NC	4.756	Nzérékoré	0.009	0.142	OUTSIDE_BDRI_SCOPE
Route tertiaire	NC	4.755	Nzérékoré	0.026	0.397	OUTSIDE_BDRI_SCOPE
Route tertiaire	NC	4.753	Boké	0.000	0.000	POTENTIAL_BDRI_MISSING
Route secondaire	NC	4.748	Kindia	0.000	0.066	POTENTIAL_BDRI_MISSING
Route tertiaire	NC	4.747	Kankan	0.167	0.958	LIKELY_DUPLICATE
Route tertiaire	NC	4.745	Nzérékoré	0.000	0.000	POTENTIAL_BDRI_MISSING
Voie rapide	N2	4.740	Nzérékoré	1.000	1.000	LIKELY_DUPLICATE
Route primaire	N33	4.732	Faranah	1.000	1.000	LIKELY_DUPLICATE
Voie rapide	N1	4.731	Nzérékoré	1.000	1.000	LIKELY_DUPLICATE
Route primaire	N18	4.726	Nzérékoré	1.000	1.000	LIKELY_DUPLICATE
Route tertiaire	NC	4.724	Kindia	0.037	0.272	OUTSIDE_BDRI_SCOPE
Route tertiaire	NC	4.723	Boké	0.000	0.000	POTENTIAL_BDRI_MISSING
Route tertiaire	NC	4.718	Kankan	0.017	0.105	OUTSIDE_BDRI_SCOPE
Route tertiaire	NC	4.713	Nzérékoré	0.043	0.449	OUTSIDE_BDRI_SCOPE
Route tertiaire	NC	4.710	Faranah	0.012	0.106	OUTSIDE_BDRI_SCOPE
Route secondaire	NC	4.706	Nzérékoré	0.972	1.000	LIKELY_DUPLICATE
Voie rapide	N1	4.699	Nzérékoré	1.000	1.000	LIKELY_DUPLICATE
Route tertiaire	NC	4.690	Kankan	0.000	0.000	POTENTIAL_BDRI_MISSING
Route tertiaire	NC	4.678	Boké	0.143	0.974	LIKELY_DUPLICATE
Route secondaire	NC	4.677	Mamou	0.000	0.000	POTENTIAL_BDRI_MISSING
Voie rapide	NC	4.677	Nzérékoré	0.000	0.035	POTENTIAL_BDRI_MISSING
Route secondaire	NC	4.675	Nzérékoré	0.000	0.000	POTENTIAL_BDRI_MISSING
Route tertiaire	NC	4.671	Mamou	0.000	0.000	POTENTIAL_BDRI_MISSING
Voie rapide	N3	4.667	Boké	1.000	1.000	LIKELY_DUPLICATE
Route primaire	N1	4.662	Nzérékoré	1.000	1.000	LIKELY_DUPLICATE
Route tertiaire	NC	4.660	Kindia	0.011	0.087	POTENTIAL_BDRI_MISSING
Route tertiaire	NC	4.645	Kankan	0.000	0.000	POTENTIAL_BDRI_MISSING
Route tertiaire	NC	4.635	Faranah	0.037	0.235	OUTSIDE_BDRI_SCOPE
Route tertiaire	NC	4.633	Kindia	0.010	0.121	OUTSIDE_BDRI_SCOPE
Route primaire	N29	4.626	Faranah	1.000	1.000	LIKELY_DUPLICATE
Route tertiaire	NC	4.626	Nzérékoré	0.013	0.077	POTENTIAL_BDRI_MISSING
Route tertiaire	NC	4.613	Kankan	0.019	0.121	OUTSIDE_BDRI_SCOPE
Route tertiaire	NC	4.603	Nzérékoré	0.000	0.000	POTENTIAL_BDRI_MISSING
Route tertiaire	NC	4.599	Faranah	0.014	0.116	OUTSIDE_BDRI_SCOPE
Route secondaire	NC	4.597	Faranah	0.000	0.000	POTENTIAL_BDRI_MISSING
Route tertiaire	NC	4.596	Kankan	0.737	0.868	LIKELY_DUPLICATE
Route tertiaire	NC	4.582	Kankan	0.000	0.000	POTENTIAL_BDRI_MISSING
Route tertiaire	NC	4.579	Nzérékoré	0.000	0.000	POTENTIAL_BDRI_MISSING
Route tertiaire	NC	4.578	Boké	0.000	0.000	POTENTIAL_BDRI_MISSING
Route tertiaire	NC	4.577	Labé	0.000	0.000	POTENTIAL_BDRI_MISSING
Route tertiaire	NC	4.576	Kindia	0.000	0.000	POTENTIAL_BDRI_MISSING
Route secondaire	NC	4.576	Nzérékoré	0.012	0.085	POTENTIAL_BDRI_MISSING
Route tertiaire	NC	4.575	Kankan	0.008	0.489	OUTSIDE_BDRI_SCOPE
Voie rapide	N3	4.574	Boké	1.000	1.000	LIKELY_DUPLICATE
Route tertiaire	NC	4.573	Nzérékoré	0.000	0.371	OUTSIDE_BDRI_SCOPE
Route tertiaire	NC	4.564	Nzérékoré	0.000	0.000	POTENTIAL_BDRI_MISSING
Route tertiaire	NC	4.564	Labé	0.000	0.409	OUTSIDE_BDRI_SCOPE
Voie rapide	N1	4.563	Nzérékoré	1.000	1.000	LIKELY_DUPLICATE
Route tertiaire	NC	4.562	Kankan	0.000	0.000	POTENTIAL_BDRI_MISSING
Route tertiaire	NC	4.556	Kindia	0.097	0.835	LIKELY_DUPLICATE
Voie rapide	N1	4.554	Kankan	1.000	1.000	LIKELY_DUPLICATE
Route tertiaire	NC	4.546	Kankan	0.000	0.000	POTENTIAL_BDRI_MISSING
Route tertiaire	NC	4.545	Nzérékoré	0.020	0.111	OUTSIDE_BDRI_SCOPE
Voie rapide	N3	4.544	Kindia	1.000	1.000	LIKELY_DUPLICATE
Route secondaire	NC	4.536	Nzérékoré	0.189	0.311	UNDETERMINED
Voie rapide	N5	4.534	Labé	1.000	1.000	LIKELY_DUPLICATE
Route tertiaire	NC	4.527	Faranah	0.008	0.049	POTENTIAL_BDRI_MISSING
Route tertiaire	NC	4.527	Labé	1.000	1.000	LIKELY_DUPLICATE
Route primaire	N24	4.526	Kindia	1.000	1.000	LIKELY_DUPLICATE
Voie rapide	N1	4.521	Kankan	1.000	1.000	LIKELY_DUPLICATE
Route secondaire	NC	4.516	Kankan	1.000	1.000	LIKELY_DUPLICATE
Voie rapide	N6	4.503	Kankan	1.000	1.000	LIKELY_DUPLICATE
Voie rapide	N1	4.498	Faranah	1.000	1.000	LIKELY_DUPLICATE
Route tertiaire	NC	4.494	Faranah	0.017	0.050	POTENTIAL_BDRI_MISSING
Route secondaire	N31	4.481	Kankan	1.000	1.000	LIKELY_DUPLICATE
Route secondaire	NC	4.478	Nzérékoré	1.000	1.000	LIKELY_DUPLICATE
Route secondaire	NC	4.476	Nzérékoré	0.177	0.814	LIKELY_DUPLICATE
Route tertiaire	NC	4.475	Kindia	0.000	0.000	POTENTIAL_BDRI_MISSING
Route tertiaire	NC	4.469	Labé	1.000	1.000	LIKELY_DUPLICATE
Route tertiaire	NC	4.455	Kankan	0.000	0.000	POTENTIAL_BDRI_MISSING
Route tertiaire	NC	4.454	Kindia	0.024	0.111	OUTSIDE_BDRI_SCOPE
Voie rapide	N2	4.447	Faranah	1.000	1.000	LIKELY_DUPLICATE
Route primaire	N1	4.446	Nzérékoré	1.000	1.000	LIKELY_DUPLICATE
Voie rapide	N1	4.439	Kindia	1.000	1.000	LIKELY_DUPLICATE
Route tertiaire	NC	4.437	Kankan	0.212	0.864	LIKELY_DUPLICATE
Route tertiaire	NC	4.435	Labé	0.055	0.466	OUTSIDE_BDRI_SCOPE
Route tertiaire	NC	4.433	Kankan	0.017	0.169	OUTSIDE_BDRI_SCOPE
Route tertiaire	NC	4.420	Kankan	0.010	0.041	POTENTIAL_BDRI_MISSING
Voie rapide	N5	4.415	Boké	0.911	1.000	LIKELY_DUPLICATE
Route tertiaire	NC	4.414	Nzérékoré	0.000	0.000	POTENTIAL_BDRI_MISSING
Route tertiaire	NC	4.407	Kindia	0.015	0.088	POTENTIAL_BDRI_MISSING
Route tertiaire	NC	4.401	Faranah	0.000	0.000	POTENTIAL_BDRI_MISSING
Route tertiaire	NC	4.401	Faranah	0.014	0.041	POTENTIAL_BDRI_MISSING
Route tertiaire	NC	4.398	Labé	0.000	0.212	OUTSIDE_BDRI_SCOPE
Route secondaire	N14	4.394	Faranah	0.260	1.000	LIKELY_DUPLICATE
Route tertiaire	NC	4.382	Faranah	0.000	0.101	OUTSIDE_BDRI_SCOPE
Route tertiaire	NC	4.381	Kankan	0.060	0.241	OUTSIDE_BDRI_SCOPE
Route tertiaire	NC	4.379	Kankan	0.000	0.000	POTENTIAL_BDRI_MISSING
Route secondaire	NC	4.377	Kankan	0.580	0.963	LIKELY_DUPLICATE
Route secondaire	NC	4.375	Kankan	1.000	1.000	LIKELY_DUPLICATE
Route tertiaire	NC	4.355	Nzérékoré	0.014	0.164	OUTSIDE_BDRI_SCOPE
Voie rapide	N1	4.351	Nzérékoré	1.000	1.000	LIKELY_DUPLICATE
Route secondaire	NC	4.350	Nzérékoré	0.029	0.116	UNDETERMINED
Route tertiaire	NC	4.350	Boké	0.014	0.087	POTENTIAL_BDRI_MISSING
Route secondaire	NC	4.349	Kankan	0.000	0.000	POTENTIAL_BDRI_MISSING
Route tertiaire	NC	4.348	Faranah	0.016	0.206	OUTSIDE_BDRI_SCOPE
Route tertiaire	NC	4.344	Kindia	0.000	0.000	POTENTIAL_BDRI_MISSING
Route secondaire	NC	4.327	Mamou	0.000	0.000	POTENTIAL_BDRI_MISSING
Route tertiaire	NC	4.323	Kindia	0.000	0.224	OUTSIDE_BDRI_SCOPE
Route tertiaire	NC	4.314	Kankan	0.021	0.144	OUTSIDE_BDRI_SCOPE
Voie rapide	N2	4.305	Faranah	1.000	1.000	LIKELY_DUPLICATE
Route tertiaire	NC	4.298	Nzérékoré	0.017	0.058	POTENTIAL_BDRI_MISSING
Route tertiaire	NC	4.287	Nzérékoré	0.024	0.177	OUTSIDE_BDRI_SCOPE
Route tertiaire	NC	4.283	Mamou	0.019	0.077	POTENTIAL_BDRI_MISSING
Route secondaire	NC	4.281	Kindia	0.033	0.231	UNDETERMINED
Route tertiaire	NC	4.268	Labé	0.000	0.000	POTENTIAL_BDRI_MISSING
Route tertiaire	NC	4.262	Faranah	0.000	0.000	POTENTIAL_BDRI_MISSING
Voie rapide	N5	4.262	Mamou	1.000	1.000	LIKELY_DUPLICATE
Route tertiaire	NC	4.259	Kankan	0.000	0.000	POTENTIAL_BDRI_MISSING
Route tertiaire	NC	4.242	Kankan	0.016	0.188	OUTSIDE_BDRI_SCOPE
Route tertiaire	NC	4.235	Mamou	0.000	0.013	POTENTIAL_BDRI_MISSING
Route tertiaire	NC	4.232	Faranah	0.000	0.000	POTENTIAL_BDRI_MISSING
Route secondaire	NC	4.218	Nzérékoré	0.030	0.170	UNDETERMINED
Route secondaire	N10	4.216	Nzérékoré	1.000	1.000	LIKELY_DUPLICATE
Route secondaire	NC	4.213	Nzérékoré	0.050	0.570	LIKELY_DUPLICATE
Route tertiaire	NC	4.199	Kankan	0.000	0.000	POTENTIAL_BDRI_MISSING
Route secondaire	NC	4.188	Nzérékoré	0.000	0.000	POTENTIAL_BDRI_MISSING
Route tertiaire	NC	4.188	Nzérékoré	0.000	0.000	POTENTIAL_BDRI_MISSING
Voie rapide	N5	4.187	Boké	0.944	1.000	LIKELY_DUPLICATE
Route tertiaire	NC	4.185	Labé	0.011	0.109	OUTSIDE_BDRI_SCOPE
Route tertiaire	NC	4.175	Kindia	0.000	0.000	POTENTIAL_BDRI_MISSING
Voie rapide	N1	4.172	Kindia	1.000	1.000	LIKELY_DUPLICATE
Route tertiaire	NC	4.169	Boké	0.000	0.000	POTENTIAL_BDRI_MISSING
Route tertiaire	NC	4.163	Labé	0.040	0.723	LIKELY_DUPLICATE
Route secondaire	NC	4.152	Nzérékoré	0.000	0.000	POTENTIAL_BDRI_MISSING
Route tertiaire	NC	4.146	Boké	0.000	0.000	POTENTIAL_BDRI_MISSING
Route tertiaire	NC	4.144	Faranah	0.000	0.000	POTENTIAL_BDRI_MISSING
Route primaire	NC	4.131	Kindia	0.992	1.000	LIKELY_DUPLICATE
Route tertiaire	NC	4.130	Nzérékoré	0.040	0.093	POTENTIAL_BDRI_MISSING
Route tertiaire	NC	4.130	Nzérékoré	0.000	0.000	POTENTIAL_BDRI_MISSING
Route tertiaire	NC	4.118	Faranah	0.000	0.000	POTENTIAL_BDRI_MISSING
Route tertiaire	NC	4.111	Faranah	0.000	0.000	POTENTIAL_BDRI_MISSING
Route secondaire	NC	4.102	Nzérékoré	0.071	0.424	UNDETERMINED
Voie rapide	N1	4.096	Nzérékoré	1.000	1.000	LIKELY_DUPLICATE
Route tertiaire	NC	4.096	Faranah	0.000	0.338	OUTSIDE_BDRI_SCOPE
Route tertiaire	NC	4.089	Nzérékoré	0.015	0.149	OUTSIDE_BDRI_SCOPE
Route tertiaire	NC	4.089	Mamou	0.049	0.329	OUTSIDE_BDRI_SCOPE
Route tertiaire	NC	4.089	Kindia	0.000	0.000	POTENTIAL_BDRI_MISSING
Route tertiaire	NC	4.081	Faranah	0.000	0.000	POTENTIAL_BDRI_MISSING
Route tertiaire	NC	4.073	Mamou	0.021	0.152	OUTSIDE_BDRI_SCOPE
Route tertiaire	NC	4.072	Kindia	0.029	0.196	OUTSIDE_BDRI_SCOPE
Route tertiaire	NC	4.070	Boké	0.093	0.389	OUTSIDE_BDRI_SCOPE
Route secondaire	NC	4.067	Nzérékoré	0.000	0.000	POTENTIAL_BDRI_MISSING
Route tertiaire	NC	4.053	Faranah	0.009	0.157	OUTSIDE_BDRI_SCOPE
Route tertiaire	NC	4.052	Nzérékoré	0.000	0.000	POTENTIAL_BDRI_MISSING
Route tertiaire	NC	4.052	Kankan	0.009	0.150	OUTSIDE_BDRI_SCOPE
Route tertiaire	NC	4.041	Nzérékoré	0.000	0.000	POTENTIAL_BDRI_MISSING
Voie rapide	N1	4.040	Conakry	1.000	1.000	LIKELY_DUPLICATE
Route primaire	N8	4.036	Labé	1.000	1.000	LIKELY_DUPLICATE
Voie rapide	N3	4.032	Boké	1.000	1.000	LIKELY_DUPLICATE
Route tertiaire	NC	4.023	Nzérékoré	0.011	0.053	POTENTIAL_BDRI_MISSING
Route tertiaire	NC	4.021	Nzérékoré	0.121	0.648	LIKELY_DUPLICATE
Route tertiaire	NC	4.016	Kankan	0.000	0.000	POTENTIAL_BDRI_MISSING
Voie rapide	N1	4.015	Kindia	1.000	1.000	LIKELY_DUPLICATE
Route tertiaire	NC	4.014	Kankan	0.015	0.059	POTENTIAL_BDRI_MISSING
Voie rapide	NC	4.011	Boké	1.000	1.000	LIKELY_DUPLICATE
Route secondaire	N31	4.010	Faranah	0.764	1.000	LIKELY_DUPLICATE
Route tertiaire	NC	4.010	Labé	0.000	0.000	POTENTIAL_BDRI_MISSING
Route tertiaire	NC	4.008	Kankan	0.243	0.838	LIKELY_DUPLICATE
Route secondaire	NC	4.002	Kankan	1.000	1.000	LIKELY_DUPLICATE
Voie rapide	N1	3.994	Nzérékoré	1.000	1.000	LIKELY_DUPLICATE
Route tertiaire	NC	3.980	Faranah	0.000	0.000	POTENTIAL_BDRI_MISSING
Route tertiaire	NC	3.973	Kankan	0.000	0.000	POTENTIAL_BDRI_MISSING
Route secondaire	NC	3.969	Nzérékoré	0.000	0.000	POTENTIAL_BDRI_MISSING
Voie rapide	N1	3.968	Kindia	0.909	1.000	LIKELY_DUPLICATE
Route tertiaire	N22	3.952	Mamou	1.000	1.000	LIKELY_DUPLICATE
Voie rapide	N6	3.951	Kankan	1.000	1.000	LIKELY_DUPLICATE
Route tertiaire	NC	3.943	Nzérékoré	0.000	0.370	OUTSIDE_BDRI_SCOPE
Route tertiaire	NC	3.939	Mamou	0.000	0.000	POTENTIAL_BDRI_MISSING
Route tertiaire	NC	3.938	Faranah	0.113	0.925	LIKELY_DUPLICATE
Route primaire	N19	3.912	Nzérékoré	1.000	1.000	LIKELY_DUPLICATE
Route tertiaire	NC	3.907	Kankan	0.058	0.721	LIKELY_DUPLICATE
Route secondaire	NC	3.905	Nzérékoré	0.061	0.622	LIKELY_DUPLICATE
Route tertiaire	NC	3.903	Labé	0.000	0.058	POTENTIAL_BDRI_MISSING
Route tertiaire	NC	3.901	Kankan	0.000	0.000	POTENTIAL_BDRI_MISSING
Route tertiaire	NC	3.901	Kankan	0.000	0.000	POTENTIAL_BDRI_MISSING
Route tertiaire	NC	3.894	Kindia	0.000	0.000	POTENTIAL_BDRI_MISSING
Route tertiaire	NC	3.888	Nzérékoré	0.000	0.000	POTENTIAL_BDRI_MISSING
Route tertiaire	NC	3.888	Boké	0.000	0.000	POTENTIAL_BDRI_MISSING
Voie rapide	N6	3.883	Kankan	1.000	1.000	LIKELY_DUPLICATE
Route tertiaire	NC	3.882	Faranah	0.000	0.000	POTENTIAL_BDRI_MISSING
Route tertiaire	NC	3.881	Faranah	0.000	0.000	POTENTIAL_BDRI_MISSING
Route secondaire	NC	3.881	Kankan	1.000	1.000	LIKELY_DUPLICATE
Route secondaire	NC	3.879	Mamou	0.000	0.000	POTENTIAL_BDRI_MISSING
Route tertiaire	NC	3.865	Nzérékoré	0.013	0.127	OUTSIDE_BDRI_SCOPE
Route primaire	N24	3.864	Kindia	1.000	1.000	LIKELY_DUPLICATE
Route tertiaire	NC	3.863	Nzérékoré	0.029	0.420	OUTSIDE_BDRI_SCOPE
Route secondaire	NC	3.856	Kankan	0.000	0.234	UNDETERMINED
Voie rapide	N1	3.854	Nzérékoré	1.000	1.000	LIKELY_DUPLICATE
Route primaire	N32	3.853	Kankan	0.169	1.000	LIKELY_DUPLICATE
Voie rapide	N6	3.849	Kankan	1.000	1.000	LIKELY_DUPLICATE
Route secondaire	NC	3.849	Nzérékoré	0.000	0.000	POTENTIAL_BDRI_MISSING
Route tertiaire	N25	3.849	Labé	1.000	1.000	LIKELY_DUPLICATE
Route tertiaire	NC	3.841	Kankan	0.000	0.057	POTENTIAL_BDRI_MISSING
Route tertiaire	NC	3.827	Nzérékoré	0.028	0.113	OUTSIDE_BDRI_SCOPE
Route tertiaire	NC	3.820	Kankan	0.047	0.170	OUTSIDE_BDRI_SCOPE
Route tertiaire	NC	3.819	Kindia	0.031	0.462	OUTSIDE_BDRI_SCOPE
Route secondaire	NC	3.818	Boké	1.000	1.000	LIKELY_DUPLICATE
Route tertiaire	NC	3.817	Mamou	1.000	1.000	LIKELY_DUPLICATE
Route tertiaire	NC	3.805	Labé	0.169	1.000	LIKELY_DUPLICATE
Route primaire	N8	3.803	Labé	1.000	1.000	LIKELY_DUPLICATE
Route tertiaire	NC	3.803	Boké	0.000	0.000	POTENTIAL_BDRI_MISSING
Route tertiaire	NC	3.802	Kankan	0.000	0.000	POTENTIAL_BDRI_MISSING
Route primaire	N30	3.799	Faranah	1.000	1.000	LIKELY_DUPLICATE
Route tertiaire	NC	3.798	Faranah	0.000	0.000	POTENTIAL_BDRI_MISSING
Voie rapide	N1	3.791	Mamou	1.000	1.000	LIKELY_DUPLICATE
Route tertiaire	NC	3.789	Kankan	0.000	0.000	POTENTIAL_BDRI_MISSING
Voie rapide	N1	3.785	Kankan	1.000	1.000	LIKELY_DUPLICATE
Route tertiaire	NC	3.780	Labé	0.028	0.394	OUTSIDE_BDRI_SCOPE
Route secondaire	NC	3.780	Nzérékoré	0.000	0.000	POTENTIAL_BDRI_MISSING
Route tertiaire	NC	3.775	Kindia	0.000	0.000	POTENTIAL_BDRI_MISSING
Route tertiaire	NC	3.764	Nzérékoré	0.000	0.000	POTENTIAL_BDRI_MISSING
Route tertiaire	NC	3.757	Nzérékoré	0.015	0.106	OUTSIDE_BDRI_SCOPE
Route secondaire	NC	3.749	Nzérékoré	0.071	0.737	LIKELY_DUPLICATE
Route tertiaire	NC	3.744	Kindia	0.000	0.161	OUTSIDE_BDRI_SCOPE
Route secondaire	NC	3.743	Faranah	0.000	0.313	UNDETERMINED
Route tertiaire	NC	3.743	Kankan	0.107	1.000	LIKELY_DUPLICATE
Route secondaire	NC	3.739	Nzérékoré	0.052	0.557	LIKELY_DUPLICATE
Route tertiaire	NC	3.736	Kankan	0.024	0.259	OUTSIDE_BDRI_SCOPE
Route tertiaire	NC	3.732	Kindia	0.015	0.062	POTENTIAL_BDRI_MISSING
Route tertiaire	NC	3.731	Kankan	0.000	0.139	OUTSIDE_BDRI_SCOPE
Voie rapide	N1	3.728	Nzérékoré	1.000	1.000	LIKELY_DUPLICATE
Route tertiaire	NC	3.724	Kankan	0.000	0.000	POTENTIAL_BDRI_MISSING
Route tertiaire	NC	3.719	Nzérékoré	0.027	0.568	LIKELY_DUPLICATE
Route tertiaire	NC	3.713	Kankan	0.033	0.200	OUTSIDE_BDRI_SCOPE
Route tertiaire	NC	3.712	Kindia	0.000	0.000	POTENTIAL_BDRI_MISSING
Route tertiaire	NC	3.709	Kindia	0.000	0.000	POTENTIAL_BDRI_MISSING
Route tertiaire	NC	3.707	Kindia	0.000	0.000	POTENTIAL_BDRI_MISSING
Route tertiaire	NC	3.707	Nzérékoré	0.000	0.000	POTENTIAL_BDRI_MISSING
Route tertiaire	NC	3.707	Labé	1.000	1.000	LIKELY_DUPLICATE
Route tertiaire	NC	3.707	Kankan	0.000	0.000	POTENTIAL_BDRI_MISSING
Route tertiaire	NC	3.704	Labé	0.000	0.061	POTENTIAL_BDRI_MISSING
Route tertiaire	NC	3.704	Nzérékoré	0.000	0.000	POTENTIAL_BDRI_MISSING
Route tertiaire	NC	3.702	Labé	0.029	0.362	OUTSIDE_BDRI_SCOPE
Route primaire	N30	3.699	Kankan	1.000	1.000	LIKELY_DUPLICATE
Route secondaire	NC	3.698	Boké	0.000	0.000	POTENTIAL_BDRI_MISSING
Route tertiaire	NC	3.693	Kindia	0.000	0.000	POTENTIAL_BDRI_MISSING
Route tertiaire	NC	3.691	Kankan	0.000	0.000	POTENTIAL_BDRI_MISSING
Route tertiaire	NC	3.690	Nzérékoré	0.015	0.076	POTENTIAL_BDRI_MISSING
Route secondaire	NC	3.687	Nzérékoré	0.000	0.542	LIKELY_DUPLICATE
Route tertiaire	NC	3.686	Labé	0.284	0.388	OUTSIDE_BDRI_SCOPE
Route tertiaire	NC	3.686	Kankan	0.000	0.000	POTENTIAL_BDRI_MISSING
Route primaire	N8	3.681	Labé	1.000	1.000	LIKELY_DUPLICATE
Route tertiaire	NC	3.678	Kindia	0.000	0.099	POTENTIAL_BDRI_MISSING
Route tertiaire	NC	3.675	Labé	0.000	0.000	POTENTIAL_BDRI_MISSING
Route tertiaire	NC	3.674	Mamou	0.000	0.000	POTENTIAL_BDRI_MISSING
Route tertiaire	NC	3.668	Kankan	0.000	0.000	POTENTIAL_BDRI_MISSING
Route tertiaire	NC	3.667	Kankan	0.000	0.115	OUTSIDE_BDRI_SCOPE
Route tertiaire	NC	3.662	Nzérékoré	0.000	0.000	POTENTIAL_BDRI_MISSING
Route tertiaire	NC	3.661	Labé	0.101	0.391	OUTSIDE_BDRI_SCOPE
Route primaire	N27	3.660	Labé	1.000	1.000	LIKELY_DUPLICATE
Route tertiaire	NC	3.653	Nzérékoré	0.094	0.859	LIKELY_DUPLICATE
Route tertiaire	NC	3.648	Nzérékoré	0.014	0.188	OUTSIDE_BDRI_SCOPE
Route tertiaire	NC	3.634	Kindia	0.067	0.987	LIKELY_DUPLICATE
Voie rapide	N2	3.627	Nzérékoré	1.000	1.000	LIKELY_DUPLICATE
Route tertiaire	NC	3.624	Kindia	0.000	0.000	POTENTIAL_BDRI_MISSING
Route tertiaire	NC	3.621	Kindia	0.167	1.000	LIKELY_DUPLICATE
Route tertiaire	NC	3.618	Nzérékoré	0.000	0.000	POTENTIAL_BDRI_MISSING
Route secondaire	NC	3.610	Nzérékoré	0.022	0.562	LIKELY_DUPLICATE
Route secondaire	NC	3.606	Nzérékoré	1.000	1.000	LIKELY_DUPLICATE
Route secondaire	T3	3.604	Conakry	0.000	0.000	POTENTIAL_BDRI_MISSING
Route secondaire	NC	3.603	Faranah	0.000	0.000	POTENTIAL_BDRI_MISSING
Voie rapide	N2	3.597	Nzérékoré	0.924	1.000	LIKELY_DUPLICATE
Route secondaire	NC	3.591	Nzérékoré	0.000	0.000	POTENTIAL_BDRI_MISSING
Voie rapide	N2	3.590	Nzérékoré	1.000	1.000	LIKELY_DUPLICATE
Route tertiaire	NC	3.589	Faranah	0.000	0.045	POTENTIAL_BDRI_MISSING
Route tertiaire	NC	3.587	Labé	0.000	0.000	POTENTIAL_BDRI_MISSING
Route tertiaire	NC	3.586	Kindia	0.018	0.088	POTENTIAL_BDRI_MISSING
Route tertiaire	NC	3.584	Kankan	0.000	0.000	POTENTIAL_BDRI_MISSING
Route tertiaire	NC	3.583	Faranah	0.000	0.000	POTENTIAL_BDRI_MISSING
Route tertiaire	NC	3.582	Nzérékoré	0.000	0.000	POTENTIAL_BDRI_MISSING
Route tertiaire	NC	3.580	Kindia	0.000	0.000	POTENTIAL_BDRI_MISSING
Route tertiaire	NC	3.574	Kindia	0.017	0.068	POTENTIAL_BDRI_MISSING
Route secondaire	NC	3.573	Nzérékoré	0.000	0.000	POTENTIAL_BDRI_MISSING
Route secondaire	NC	3.573	Faranah	0.084	0.675	LIKELY_DUPLICATE
Route tertiaire	NC	3.565	Nzérékoré	0.000	0.000	POTENTIAL_BDRI_MISSING
Route tertiaire	NC	3.564	Kankan	0.051	0.124	OUTSIDE_BDRI_SCOPE
Route secondaire	NC	3.563	Kindia	0.074	0.529	LIKELY_DUPLICATE
Route tertiaire	NC	3.558	Faranah	0.041	0.521	LIKELY_DUPLICATE
Route tertiaire	NC	3.557	Mamou	0.000	0.000	POTENTIAL_BDRI_MISSING
Route tertiaire	NC	3.552	Kindia	0.000	0.000	POTENTIAL_BDRI_MISSING
Voie rapide	N1	3.545	Kankan	1.000	1.000	LIKELY_DUPLICATE
Route tertiaire	NC	3.545	Faranah	0.000	0.000	POTENTIAL_BDRI_MISSING
Route tertiaire	NC	3.537	Nzérékoré	0.016	0.344	OUTSIDE_BDRI_SCOPE
Route tertiaire	NC	3.533	Faranah	0.017	0.133	OUTSIDE_BDRI_SCOPE
Route tertiaire	NC	3.526	Faranah	0.000	0.041	POTENTIAL_BDRI_MISSING
Route tertiaire	NC	3.520	Kankan	1.000	1.000	LIKELY_DUPLICATE
Route secondaire	NC	3.515	Kankan	1.000	1.000	LIKELY_DUPLICATE
Route tertiaire	NC	3.501	Kindia	0.000	0.000	POTENTIAL_BDRI_MISSING
Route secondaire	NC	3.497	Nzérékoré	0.045	0.143	UNDETERMINED
Route tertiaire	NC	3.491	Kankan	0.000	0.000	POTENTIAL_BDRI_MISSING
Route tertiaire	NC	3.488	Faranah	0.221	0.529	LIKELY_DUPLICATE
Route tertiaire	NC	3.484	Kindia	0.000	0.000	POTENTIAL_BDRI_MISSING
Route primaire	N10	3.484	Nzérékoré	1.000	1.000	LIKELY_DUPLICATE
Route tertiaire	NC	3.472	Boké	0.000	0.000	POTENTIAL_BDRI_MISSING
Route tertiaire	NC	3.469	Kankan	0.000	0.000	POTENTIAL_BDRI_MISSING
Route tertiaire	NC	3.464	Kindia	0.000	0.000	POTENTIAL_BDRI_MISSING
Route primaire	NC	3.463	Conakry	0.016	0.079	POTENTIAL_BDRI_MISSING
Voie rapide	N1	3.460	Conakry	1.000	1.000	LIKELY_DUPLICATE
Route primaire	NC	3.454	Conakry	0.016	0.081	POTENTIAL_BDRI_MISSING
Voie rapide	N1	3.451	Conakry	0.987	1.000	LIKELY_DUPLICATE
Route tertiaire	NC	3.451	Kindia	0.000	0.000	POTENTIAL_BDRI_MISSING
Route tertiaire	NC	3.450	Kankan	0.050	0.450	OUTSIDE_BDRI_SCOPE
Route tertiaire	NC	3.450	Kankan	0.000	0.000	POTENTIAL_BDRI_MISSING
Voie rapide	N1	3.439	Kindia	1.000	1.000	LIKELY_DUPLICATE
Route tertiaire	NC	3.438	Kindia	0.000	0.000	POTENTIAL_BDRI_MISSING
Route tertiaire	NC	3.437	Kindia	0.000	0.000	POTENTIAL_BDRI_MISSING
Route tertiaire	NC	3.436	Faranah	0.000	0.000	POTENTIAL_BDRI_MISSING
Route tertiaire	NC	3.429	Kindia	0.000	0.000	POTENTIAL_BDRI_MISSING
Route tertiaire	NC	3.427	Faranah	0.019	0.056	POTENTIAL_BDRI_MISSING
Route tertiaire	NC	3.424	Boké	0.000	0.000	POTENTIAL_BDRI_MISSING
Route tertiaire	NC	3.424	Nzérékoré	0.000	0.000	POTENTIAL_BDRI_MISSING
Route secondaire	N22	3.423	Boké	1.000	1.000	LIKELY_DUPLICATE
Route secondaire	NC	3.420	Nzérékoré	0.066	0.566	LIKELY_DUPLICATE
Route tertiaire	NC	3.417	Kankan	0.000	0.000	POTENTIAL_BDRI_MISSING
Route tertiaire	NC	3.416	Boké	0.000	0.000	POTENTIAL_BDRI_MISSING
Route tertiaire	NC	3.415	Nzérékoré	0.000	0.000	POTENTIAL_BDRI_MISSING
Route tertiaire	NC	3.414	Boké	0.019	0.257	OUTSIDE_BDRI_SCOPE
Route tertiaire	NC	3.412	Faranah	0.018	0.164	OUTSIDE_BDRI_SCOPE
Route tertiaire	NC	3.407	Conakry	0.015	0.147	OUTSIDE_BDRI_SCOPE
Voie rapide	N6	3.406	Kankan	1.000	1.000	LIKELY_DUPLICATE
Route tertiaire	NC	3.405	Nzérékoré	0.000	0.000	POTENTIAL_BDRI_MISSING
Route tertiaire	NC	3.395	Kankan	1.000	1.000	LIKELY_DUPLICATE
Route tertiaire	NC	3.392	Kankan	0.016	0.078	POTENTIAL_BDRI_MISSING
Route tertiaire	NC	3.388	Kindia	0.018	0.088	POTENTIAL_BDRI_MISSING
Route tertiaire	NC	3.388	Kindia	0.000	0.000	POTENTIAL_BDRI_MISSING
Route tertiaire	NC	3.381	Kankan	0.016	0.141	OUTSIDE_BDRI_SCOPE
Route tertiaire	NC	3.376	Nzérékoré	0.000	0.000	POTENTIAL_BDRI_MISSING
Route secondaire	NC	3.374	Kankan	1.000	1.000	LIKELY_DUPLICATE
Voie rapide	N1	3.374	Kankan	0.423	1.000	LIKELY_DUPLICATE
Route tertiaire	NC	3.370	Kindia	0.000	0.000	POTENTIAL_BDRI_MISSING
Route primaire	N30	3.365	Faranah	1.000	1.000	LIKELY_DUPLICATE
Route primaire	N8	3.363	Labé	0.833	1.000	LIKELY_DUPLICATE
Route primaire	N24	3.362	Kindia	1.000	1.000	LIKELY_DUPLICATE
Route tertiaire	NC	3.360	Mamou	0.174	0.391	OUTSIDE_BDRI_SCOPE
Route tertiaire	NC	3.355	Kankan	0.017	0.276	OUTSIDE_BDRI_SCOPE
Route primaire	NC	3.351	Conakry	0.017	0.241	UNDETERMINED
Route secondaire	NC	3.350	Nzérékoré	0.055	0.782	LIKELY_DUPLICATE
Voie rapide	N3	3.348	Kindia	1.000	1.000	LIKELY_DUPLICATE
Route secondaire	N21	3.348	Kindia	1.000	1.000	LIKELY_DUPLICATE
Route primaire	NC	3.346	Conakry	0.033	0.246	UNDETERMINED
Route tertiaire	NC	3.343	Boké	0.000	0.000	POTENTIAL_BDRI_MISSING
Route secondaire	NC	3.342	Nzérékoré	0.000	0.274	UNDETERMINED
Route tertiaire	NC	3.342	Kankan	0.059	0.456	OUTSIDE_BDRI_SCOPE
Route tertiaire	NC	3.341	Faranah	0.000	0.000	POTENTIAL_BDRI_MISSING
Route tertiaire	NC	3.338	Kindia	0.000	0.000	POTENTIAL_BDRI_MISSING
Voie rapide	N1	3.338	Nzérékoré	1.000	1.000	LIKELY_DUPLICATE
Route tertiaire	NC	3.330	Kankan	0.000	0.000	POTENTIAL_BDRI_MISSING
Route tertiaire	NC	3.328	Kankan	0.016	0.109	OUTSIDE_BDRI_SCOPE
Route tertiaire	NC	3.318	Mamou	0.015	0.373	OUTSIDE_BDRI_SCOPE
Route secondaire	NC	3.315	Nzérékoré	0.000	0.000	POTENTIAL_BDRI_MISSING
Route tertiaire	NC	3.314	Kindia	0.000	0.000	POTENTIAL_BDRI_MISSING
Voie rapide	N1	3.306	Nzérékoré	1.000	1.000	LIKELY_DUPLICATE
Route tertiaire	NC	3.302	Faranah	0.052	0.707	LIKELY_DUPLICATE
Route primaire	NC	3.302	Conakry	0.000	0.000	POTENTIAL_BDRI_MISSING
Route tertiaire	NC	3.301	Labé	0.017	0.083	POTENTIAL_BDRI_MISSING
Route primaire	NC	3.299	Conakry	0.000	0.000	POTENTIAL_BDRI_MISSING
Route tertiaire	NC	3.290	Boké	0.000	0.075	POTENTIAL_BDRI_MISSING
Route primaire	N1	3.289	Nzérékoré	1.000	1.000	LIKELY_DUPLICATE
Route tertiaire	NC	3.289	Kindia	0.000	0.000	POTENTIAL_BDRI_MISSING
Route tertiaire	NC	3.286	Kindia	0.000	0.000	POTENTIAL_BDRI_MISSING
Route tertiaire	NC	3.282	Conakry	0.000	0.000	POTENTIAL_BDRI_MISSING
Route tertiaire	NC	3.275	Boké	0.020	0.078	POTENTIAL_BDRI_MISSING
Route tertiaire	NC	3.270	Boké	1.000	1.000	LIKELY_DUPLICATE
Route secondaire	NC	3.266	Boké	0.000	0.000	POTENTIAL_BDRI_MISSING
Route secondaire	N10	3.263	Nzérékoré	0.768	1.000	LIKELY_DUPLICATE
Voie rapide	N6	3.261	Kankan	1.000	1.000	LIKELY_DUPLICATE
Voie rapide	N3	3.251	Kindia	1.000	1.000	LIKELY_DUPLICATE
Route secondaire	NC	3.241	Nzérékoré	0.125	0.736	LIKELY_DUPLICATE
Route primaire	NC	3.238	Faranah	0.103	0.567	LIKELY_DUPLICATE
Voie rapide	N1	3.237	Kankan	1.000	1.000	LIKELY_DUPLICATE
Voie rapide	N1	3.227	Kankan	1.000	1.000	LIKELY_DUPLICATE
Route tertiaire	NC	3.227	Kindia	0.000	0.000	POTENTIAL_BDRI_MISSING
Route secondaire	NC	3.220	Labé	1.000	1.000	LIKELY_DUPLICATE
Route tertiaire	NC	3.219	Nzérékoré	0.000	0.163	OUTSIDE_BDRI_SCOPE
Route tertiaire	NC	3.218	Mamou	1.000	1.000	LIKELY_DUPLICATE
Route tertiaire	N22	3.215	Mamou	0.957	1.000	LIKELY_DUPLICATE
Route secondaire	N31	3.213	Faranah	1.000	1.000	LIKELY_DUPLICATE
Route secondaire	NC	3.204	Faranah	0.032	0.145	UNDETERMINED
Route secondaire	NC	3.201	Kankan	0.426	0.492	UNDETERMINED
Route secondaire	N21	3.189	Kindia	1.000	1.000	LIKELY_DUPLICATE
Route tertiaire	NC	3.179	Labé	0.014	0.095	POTENTIAL_BDRI_MISSING
Route tertiaire	NC	3.176	Kankan	0.016	0.190	OUTSIDE_BDRI_SCOPE
Route secondaire	NC	3.170	Faranah	0.000	0.203	UNDETERMINED
Route tertiaire	NC	3.167	Nzérékoré	0.000	0.000	POTENTIAL_BDRI_MISSING
Route secondaire	NC	3.156	Kankan	1.000	1.000	LIKELY_DUPLICATE
Route tertiaire	NC	3.155	Boké	0.000	0.020	POTENTIAL_BDRI_MISSING
Route tertiaire	NC	3.151	Kankan	0.021	0.917	LIKELY_DUPLICATE
Route secondaire	NC	3.146	Kankan	1.000	1.000	LIKELY_DUPLICATE
Route secondaire	NC	3.139	Labé	0.000	0.000	POTENTIAL_BDRI_MISSING
Route secondaire	NC	3.134	Kankan	0.014	0.127	UNDETERMINED
Route secondaire	NC	3.131	Kankan	1.000	1.000	LIKELY_DUPLICATE
Route tertiaire	NC	3.120	Conakry	0.000	0.076	POTENTIAL_BDRI_MISSING
Route tertiaire	NC	3.117	Labé	0.000	0.000	POTENTIAL_BDRI_MISSING
Route tertiaire	NC	3.113	Nzérékoré	0.000	0.000	POTENTIAL_BDRI_MISSING
Voie rapide	N1	3.112	Kindia	1.000	1.000	LIKELY_DUPLICATE
Route tertiaire	NC	3.104	Kankan	0.000	0.597	LIKELY_DUPLICATE
Route primaire	N30	3.097	Faranah	1.000	1.000	LIKELY_DUPLICATE
Route tertiaire	NC	3.097	Nzérékoré	0.000	0.000	POTENTIAL_BDRI_MISSING
Route tertiaire	NC	3.095	Kindia	0.000	0.000	POTENTIAL_BDRI_MISSING
Route tertiaire	NC	3.093	Kankan	0.064	0.936	LIKELY_DUPLICATE
Route secondaire	N31	3.091	Kankan	1.000	1.000	LIKELY_DUPLICATE
Route primaire	NC	3.086	Conakry	0.000	0.000	POTENTIAL_BDRI_MISSING
Route tertiaire	NC	3.082	Kindia	0.000	0.000	POTENTIAL_BDRI_MISSING
Route secondaire	N31	3.081	Faranah	1.000	1.000	LIKELY_DUPLICATE
Route tertiaire	NC	3.080	Kankan	0.000	0.000	POTENTIAL_BDRI_MISSING
Route primaire	NC	3.078	Conakry	0.000	0.000	POTENTIAL_BDRI_MISSING
Route tertiaire	NC	3.077	Kindia	0.000	0.000	POTENTIAL_BDRI_MISSING
Route tertiaire	NC	3.076	Kankan	0.091	0.764	LIKELY_DUPLICATE
Route tertiaire	NC	3.073	Mamou	0.000	0.275	OUTSIDE_BDRI_SCOPE
Route tertiaire	NC	3.069	Nzérékoré	0.000	0.000	POTENTIAL_BDRI_MISSING
Route tertiaire	NC	3.067	Nzérékoré	0.000	0.000	POTENTIAL_BDRI_MISSING
Route tertiaire	NC	3.067	Boké	0.000	0.000	POTENTIAL_BDRI_MISSING
Route tertiaire	NC	3.061	Kindia	0.032	0.397	OUTSIDE_BDRI_SCOPE
Voie rapide	N1	3.061	Kankan	0.922	1.000	LIKELY_DUPLICATE
Route tertiaire	NC	3.061	Nzérékoré	0.000	0.000	POTENTIAL_BDRI_MISSING
Route tertiaire	NC	3.053	Conakry	0.000	0.000	POTENTIAL_BDRI_MISSING
Route secondaire	N21	3.052	Kindia	0.709	1.000	LIKELY_DUPLICATE
Route tertiaire	NC	3.046	Boké	0.027	0.135	OUTSIDE_BDRI_SCOPE
Voie rapide	N3	3.042	Kindia	1.000	1.000	LIKELY_DUPLICATE
Route tertiaire	NC	3.042	Nzérékoré	0.000	0.000	POTENTIAL_BDRI_MISSING
Route tertiaire	NC	3.039	Faranah	0.065	0.452	OUTSIDE_BDRI_SCOPE
Route tertiaire	NC	3.039	Conakry	0.000	0.000	POTENTIAL_BDRI_MISSING
Route tertiaire	NC	3.037	Kindia	0.000	0.041	POTENTIAL_BDRI_MISSING
Route tertiaire	NC	3.034	Nzérékoré	0.000	0.000	POTENTIAL_BDRI_MISSING
Route tertiaire	NC	3.034	Kindia	0.000	0.000	POTENTIAL_BDRI_MISSING
Route tertiaire	NC	3.025	Boké	0.000	0.000	POTENTIAL_BDRI_MISSING
Route secondaire	NC	3.023	Conakry	0.000	0.000	POTENTIAL_BDRI_MISSING
Route tertiaire	NC	3.021	Faranah	0.000	0.015	POTENTIAL_BDRI_MISSING
Route tertiaire	NC	3.021	Labé	0.093	0.791	LIKELY_DUPLICATE
Route primaire	N1	3.018	Nzérékoré	1.000	1.000	LIKELY_DUPLICATE
Route primaire	N29	3.009	Faranah	1.000	1.000	LIKELY_DUPLICATE
Route tertiaire	NC	3.006	Boké	1.000	1.000	LIKELY_DUPLICATE
Voie rapide	N3	3.005	Kindia	1.000	1.000	LIKELY_DUPLICATE
Route primaire	NC	2.999	Nzérékoré	0.000	0.000	POTENTIAL_BDRI_MISSING
Voie rapide	N2	2.997	Nzérékoré	1.000	1.000	LIKELY_DUPLICATE
Route tertiaire	NC	2.996	Faranah	0.000	0.000	LIKELY_LOCAL_ROAD
Route tertiaire	NC	2.996	Mamou	0.000	0.000	LIKELY_LOCAL_ROAD
Route secondaire	NC	2.992	Nzérékoré	0.857	1.000	LIKELY_DUPLICATE
Route tertiaire	NC	2.992	Kankan	0.000	0.000	LIKELY_LOCAL_ROAD
Route tertiaire	NC	2.990	Nzérékoré	0.000	0.000	LIKELY_LOCAL_ROAD
Route primaire	N30	2.990	Faranah	1.000	1.000	LIKELY_DUPLICATE
Route primaire	NC	2.989	Conakry	0.000	0.000	POTENTIAL_BDRI_MISSING
Route tertiaire	NC	2.989	Labé	0.048	0.333	OUTSIDE_BDRI_SCOPE
Voie rapide	N1	2.984	Kankan	1.000	1.000	LIKELY_DUPLICATE
Route tertiaire	NC	2.984	Kankan	0.000	0.000	LIKELY_LOCAL_ROAD
Route tertiaire	NC	2.983	Labé	0.093	0.944	LIKELY_DUPLICATE
Route tertiaire	NC	2.978	Boké	0.000	0.419	OUTSIDE_BDRI_SCOPE
Route tertiaire	NC	2.976	Labé	0.841	1.000	LIKELY_DUPLICATE
Route tertiaire	NC	2.974	Nzérékoré	0.000	0.000	LIKELY_LOCAL_ROAD
Route tertiaire	NC	2.973	Conakry	0.000	0.000	LIKELY_LOCAL_ROAD
Route tertiaire	NC	2.965	Nzérékoré	0.000	0.016	LIKELY_LOCAL_ROAD
Voie rapide	N5	2.960	Mamou	1.000	1.000	LIKELY_DUPLICATE
Route tertiaire	NC	2.959	Kindia	0.019	0.315	OUTSIDE_BDRI_SCOPE
Route tertiaire	NC	2.959	Kankan	0.145	0.873	LIKELY_DUPLICATE
Route tertiaire	NC	2.954	Faranah	0.236	1.000	LIKELY_DUPLICATE
Route tertiaire	NC	2.954	Nzérékoré	0.000	0.000	LIKELY_LOCAL_ROAD
Route secondaire	NC	2.952	Nzérékoré	0.000	0.000	POTENTIAL_BDRI_MISSING
Route secondaire	NC	2.952	Conakry	0.042	0.268	UNDETERMINED
Route tertiaire	NC	2.947	Kankan	0.000	0.000	LIKELY_LOCAL_ROAD
Route tertiaire	NC	2.940	Kindia	0.093	0.680	LIKELY_DUPLICATE
Voie rapide	N6	2.939	Kankan	1.000	1.000	LIKELY_DUPLICATE
Route primaire	N27	2.937	Faranah	1.000	1.000	LIKELY_DUPLICATE
Route secondaire	NC	2.934	Nzérékoré	0.000	0.000	POTENTIAL_BDRI_MISSING
Route secondaire	NC	2.930	Kankan	0.731	1.000	LIKELY_DUPLICATE
Route tertiaire	NC	2.930	Faranah	0.000	0.000	LIKELY_LOCAL_ROAD
Route secondaire	NC	2.929	Mamou	0.000	0.000	POTENTIAL_BDRI_MISSING
Route tertiaire	NC	2.928	Kankan	0.038	0.712	LIKELY_DUPLICATE
Voie rapide	N2	2.927	Nzérékoré	1.000	1.000	LIKELY_DUPLICATE
Route tertiaire	NC	2.927	Kankan	0.000	0.000	LIKELY_LOCAL_ROAD
Route tertiaire	NC	2.924	Kankan	0.000	0.000	LIKELY_LOCAL_ROAD
Route tertiaire	NC	2.924	Kankan	1.000	1.000	LIKELY_DUPLICATE
Route secondaire	NC	2.919	Nzérékoré	0.851	1.000	LIKELY_DUPLICATE
Route tertiaire	NC	2.918	Kindia	0.000	0.000	LIKELY_LOCAL_ROAD
Route primaire	N30	2.910	Kankan	0.746	1.000	LIKELY_DUPLICATE
Route tertiaire	NC	2.901	Kankan	0.019	0.056	LIKELY_LOCAL_ROAD
Route tertiaire	NC	2.901	Kankan	0.000	0.068	LIKELY_LOCAL_ROAD
Route tertiaire	NC	2.900	Kindia	0.000	0.000	LIKELY_LOCAL_ROAD
Route tertiaire	NC	2.898	Labé	0.020	0.200	OUTSIDE_BDRI_SCOPE
Route tertiaire	NC	2.890	Labé	1.000	1.000	LIKELY_DUPLICATE
Route tertiaire	NC	2.888	Kankan	0.000	0.000	LIKELY_LOCAL_ROAD
Route tertiaire	NC	2.887	Kankan	0.000	0.444	OUTSIDE_BDRI_SCOPE
Voie rapide	N5	2.880	Labé	0.804	1.000	LIKELY_DUPLICATE
Voie rapide	N5	2.879	Labé	1.000	1.000	LIKELY_DUPLICATE
Voie rapide	N6	2.879	Faranah	1.000	1.000	LIKELY_DUPLICATE
Route tertiaire	NC	2.877	Kindia	0.000	0.000	LIKELY_LOCAL_ROAD
Route tertiaire	NC	2.876	Kankan	0.000	0.000	LIKELY_LOCAL_ROAD
Route tertiaire	NC	2.873	Boké	0.000	0.170	OUTSIDE_BDRI_SCOPE
Route tertiaire	NC	2.870	Kindia	0.000	0.000	LIKELY_LOCAL_ROAD
Route tertiaire	NC	2.870	Nzérékoré	0.020	0.380	OUTSIDE_BDRI_SCOPE
Route tertiaire	NC	2.867	Faranah	0.000	0.000	LIKELY_LOCAL_ROAD
Route tertiaire	NC	2.866	Faranah	0.000	0.000	LIKELY_LOCAL_ROAD
Route tertiaire	NC	2.866	Faranah	0.000	0.000	LIKELY_LOCAL_ROAD
Route tertiaire	NC	2.862	Nzérékoré	0.015	0.132	OUTSIDE_BDRI_SCOPE
Route secondaire	NC	2.859	Kindia	1.000	1.000	LIKELY_DUPLICATE
Route tertiaire	NC	2.859	Nzérékoré	0.000	0.000	LIKELY_LOCAL_ROAD
Route tertiaire	NC	2.858	Mamou	0.000	0.000	LIKELY_LOCAL_ROAD
Route tertiaire	NC	2.852	Kankan	0.060	0.500	LIKELY_DUPLICATE
Route tertiaire	NC	2.848	Labé	0.022	0.087	LIKELY_LOCAL_ROAD
Voie rapide	N5	2.846	Labé	0.867	1.000	LIKELY_DUPLICATE
Route tertiaire	NC	2.846	Kindia	0.000	0.000	LIKELY_LOCAL_ROAD
Route tertiaire	NC	2.839	Labé	0.025	0.443	OUTSIDE_BDRI_SCOPE
Route tertiaire	NC	2.836	Nzérékoré	0.013	0.114	OUTSIDE_BDRI_SCOPE
Route tertiaire	NC	2.831	Mamou	0.143	0.714	LIKELY_DUPLICATE
Route tertiaire	NC	2.828	Labé	0.000	0.563	LIKELY_DUPLICATE
Route tertiaire	NC	2.828	Kankan	0.000	0.000	LIKELY_LOCAL_ROAD
Route tertiaire	NC	2.826	Nzérékoré	0.000	0.000	LIKELY_LOCAL_ROAD
Route tertiaire	NC	2.822	Conakry	0.000	0.000	LIKELY_LOCAL_ROAD
Route tertiaire	NC	2.816	Kankan	0.000	0.019	LIKELY_LOCAL_ROAD
Voie rapide	N5	2.814	Mamou	0.967	1.000	LIKELY_DUPLICATE
Route secondaire	NC	2.809	Nzérékoré	0.000	0.000	POTENTIAL_BDRI_MISSING
Route primaire	N33	2.809	Faranah	1.000	1.000	LIKELY_DUPLICATE
Voie rapide	N5	2.805	Labé	0.952	1.000	LIKELY_DUPLICATE
Route tertiaire	NC	2.805	Kankan	0.000	0.000	LIKELY_LOCAL_ROAD
Route tertiaire	NC	2.804	Mamou	0.000	0.037	LIKELY_LOCAL_ROAD
Route primaire	NC	2.801	Nzérékoré	0.021	0.234	UNDETERMINED
Route tertiaire	NC	2.800	Mamou	1.000	1.000	LIKELY_DUPLICATE
Route tertiaire	NC	2.799	Faranah	0.000	0.000	LIKELY_LOCAL_ROAD
Route tertiaire	NC	2.796	Faranah	0.000	0.000	LIKELY_LOCAL_ROAD
Voie rapide	N2	2.795	Faranah	1.000	1.000	LIKELY_DUPLICATE
Route tertiaire	NC	2.792	Kankan	0.041	0.306	OUTSIDE_BDRI_SCOPE
Route tertiaire	NC	2.787	Faranah	0.096	0.615	LIKELY_DUPLICATE
Route tertiaire	NC	2.786	Nzérékoré	0.021	0.093	LIKELY_LOCAL_ROAD
Route secondaire	NC	2.783	Nzérékoré	0.082	0.918	LIKELY_DUPLICATE
Voie rapide	N1	2.777	Kindia	1.000	1.000	LIKELY_DUPLICATE
Route tertiaire	NC	2.777	Faranah	0.000	0.000	LIKELY_LOCAL_ROAD
Voie rapide	N1	2.773	Faranah	1.000	1.000	LIKELY_DUPLICATE
Route tertiaire	NC	2.767	Kindia	0.000	0.000	LIKELY_LOCAL_ROAD
Route secondaire	NC	2.767	Nzérékoré	0.000	0.000	POTENTIAL_BDRI_MISSING
Voie rapide	N2	2.757	Nzérékoré	1.000	1.000	LIKELY_DUPLICATE
Voie rapide	N3	2.754	Kindia	1.000	1.000	LIKELY_DUPLICATE
Route tertiaire	NC	2.753	Labé	0.036	0.109	OUTSIDE_BDRI_SCOPE
Route tertiaire	NC	2.753	Conakry	0.000	0.000	LIKELY_LOCAL_ROAD
Voie rapide	N5	2.750	Labé	0.808	1.000	LIKELY_DUPLICATE
Route tertiaire	NC	2.749	Nzérékoré	0.000	0.000	LIKELY_LOCAL_ROAD
Route tertiaire	NC	2.745	Kankan	0.020	0.098	LIKELY_LOCAL_ROAD
Route tertiaire	NC	2.741	Kindia	0.000	0.000	LIKELY_LOCAL_ROAD
Route secondaire	NC	2.739	Nzérékoré	0.030	0.433	UNDETERMINED
Route tertiaire	NC	2.737	Faranah	0.000	0.000	LIKELY_LOCAL_ROAD
Route tertiaire	NC	2.734	Boké	0.000	0.000	LIKELY_LOCAL_ROAD
Route primaire	N10	2.732	Kankan	1.000	1.000	LIKELY_DUPLICATE
Route tertiaire	NC	2.730	Kindia	0.000	0.000	LIKELY_LOCAL_ROAD
Route tertiaire	NC	2.721	Kankan	0.000	0.738	LIKELY_DUPLICATE
Route tertiaire	NC	2.711	Kankan	0.000	0.000	LIKELY_LOCAL_ROAD
Route tertiaire	NC	2.709	Nzérékoré	0.017	0.100	OUTSIDE_BDRI_SCOPE
Route tertiaire	NC	2.705	Nzérékoré	0.016	0.574	LIKELY_DUPLICATE
Route primaire	NC	2.704	Nzérékoré	0.000	0.616	LIKELY_DUPLICATE
Route tertiaire	NC	2.703	Mamou	0.000	0.000	LIKELY_LOCAL_ROAD
Route primaire	NC	2.693	Kindia	1.000	1.000	LIKELY_DUPLICATE
Route tertiaire	NC	2.692	Kankan	0.120	1.000	LIKELY_DUPLICATE
Route secondaire	NC	2.680	Nzérékoré	0.057	0.868	LIKELY_DUPLICATE
Voie rapide	N2	2.674	Faranah	1.000	1.000	LIKELY_DUPLICATE
Route primaire	NC	2.672	Conakry	0.000	0.000	POTENTIAL_BDRI_MISSING
Route tertiaire	NC	2.672	Nzérékoré	0.000	0.000	LIKELY_LOCAL_ROAD
Route primaire	NC	2.665	Conakry	0.000	0.000	POTENTIAL_BDRI_MISSING
Route tertiaire	NC	2.652	Mamou	0.000	0.200	OUTSIDE_BDRI_SCOPE
Route tertiaire	NC	2.650	Faranah	1.000	1.000	LIKELY_DUPLICATE
Route tertiaire	NC	2.642	Kindia	0.000	0.000	LIKELY_LOCAL_ROAD
Route primaire	N8	2.642	Labé	1.000	1.000	LIKELY_DUPLICATE
Route secondaire	NC	2.634	Kankan	0.889	1.000	LIKELY_DUPLICATE
Route tertiaire	NC	2.634	Kindia	0.018	0.140	OUTSIDE_BDRI_SCOPE
Route secondaire	NC	2.633	Nzérékoré	0.000	0.000	POTENTIAL_BDRI_MISSING
Route tertiaire	NC	2.632	Kindia	0.000	0.000	LIKELY_LOCAL_ROAD
Route secondaire	NC	2.631	Kankan	0.000	0.000	POTENTIAL_BDRI_MISSING
Route tertiaire	NC	2.625	Faranah	0.043	0.275	OUTSIDE_BDRI_SCOPE
Voie rapide	N2	2.625	Faranah	1.000	1.000	LIKELY_DUPLICATE
Route tertiaire	NC	2.624	Nzérékoré	0.000	0.000	LIKELY_LOCAL_ROAD
Route secondaire	NC	2.624	Kankan	0.000	0.000	POTENTIAL_BDRI_MISSING
Route tertiaire	NC	2.622	Kindia	0.000	0.000	LIKELY_LOCAL_ROAD
Route tertiaire	NC	2.622	Kindia	0.000	0.000	LIKELY_LOCAL_ROAD
Route tertiaire	NC	2.620	Conakry	0.000	0.000	LIKELY_LOCAL_ROAD
Route primaire	N27	2.620	Labé	1.000	1.000	LIKELY_DUPLICATE
Route secondaire	RO. 001	2.616	Conakry	1.000	1.000	LIKELY_DUPLICATE
Voie rapide	NC	2.612	Boké	1.000	1.000	LIKELY_DUPLICATE
Route tertiaire	NC	2.611	Boké	0.000	0.000	LIKELY_LOCAL_ROAD
Route tertiaire	NC	2.609	Faranah	0.000	0.000	LIKELY_LOCAL_ROAD
Route secondaire	NC	2.606	Kankan	1.000	1.000	LIKELY_DUPLICATE
Route tertiaire	NC	2.604	Kankan	0.023	0.091	LIKELY_LOCAL_ROAD
Voie rapide	N4	2.602	Kindia	1.000	1.000	LIKELY_DUPLICATE
Route primaire	NC	2.601	Nzérékoré	0.333	0.426	UNDETERMINED
Voie rapide	N2	2.596	Faranah	1.000	1.000	LIKELY_DUPLICATE
Route secondaire	NC	2.593	Nzérékoré	0.488	1.000	LIKELY_DUPLICATE
Route tertiaire	NC	2.592	Faranah	0.000	0.000	LIKELY_LOCAL_ROAD
Voie rapide	N6	2.589	Kankan	1.000	1.000	LIKELY_DUPLICATE
Route tertiaire	NC	2.581	Boké	0.000	0.000	LIKELY_LOCAL_ROAD
Route tertiaire	NC	2.580	Boké	0.022	0.089	LIKELY_LOCAL_ROAD
Voie rapide	N1	2.577	Nzérékoré	1.000	1.000	LIKELY_DUPLICATE
Route primaire	NC	2.577	Conakry	0.000	0.035	POTENTIAL_BDRI_MISSING
Route secondaire	NC	2.576	Kindia	0.258	0.339	UNDETERMINED
Route secondaire	NC	2.575	Kankan	1.000	1.000	LIKELY_DUPLICATE
Route tertiaire	NC	2.574	Faranah	0.019	0.167	OUTSIDE_BDRI_SCOPE
Voie rapide	N1	2.570	Kindia	1.000	1.000	LIKELY_DUPLICATE
Route tertiaire	NC	2.567	Labé	1.000	1.000	LIKELY_DUPLICATE
Route tertiaire	NC	2.566	Kindia	0.000	0.179	OUTSIDE_BDRI_SCOPE
Route tertiaire	NC	2.564	Faranah	0.151	1.000	LIKELY_DUPLICATE
Route tertiaire	NC	2.564	Faranah	0.000	0.000	LIKELY_LOCAL_ROAD
Voie rapide	N1	2.562	Kindia	1.000	1.000	LIKELY_DUPLICATE
Route tertiaire	NC	2.561	Faranah	0.078	0.980	LIKELY_DUPLICATE
Route tertiaire	NC	2.555	Kindia	0.000	0.000	LIKELY_LOCAL_ROAD
Route secondaire	N31	2.553	Kankan	1.000	1.000	LIKELY_DUPLICATE
Route tertiaire	NC	2.549	Kankan	0.063	0.583	LIKELY_DUPLICATE
Route tertiaire	NC	2.541	Faranah	0.000	0.000	LIKELY_LOCAL_ROAD
Route tertiaire	NC	2.540	Nzérékoré	0.132	1.000	LIKELY_DUPLICATE
Route secondaire	NC	2.534	Conakry	0.000	0.085	POTENTIAL_BDRI_MISSING
Route tertiaire	NC	2.534	Kankan	0.000	0.000	LIKELY_LOCAL_ROAD
Route tertiaire	NC	2.533	Conakry	0.000	0.083	LIKELY_LOCAL_ROAD
Route tertiaire	NC	2.529	Kindia	0.000	0.000	LIKELY_LOCAL_ROAD
Route tertiaire	NC	2.529	Mamou	0.095	0.310	OUTSIDE_BDRI_SCOPE
Route tertiaire	NC	2.525	Kindia	0.000	0.000	LIKELY_LOCAL_ROAD
Route secondaire	NC	2.521	Nzérékoré	0.000	0.000	POTENTIAL_BDRI_MISSING
Voie rapide	N6	2.518	Kankan	1.000	1.000	LIKELY_DUPLICATE
Route secondaire	NC	2.517	Faranah	0.022	0.400	UNDETERMINED
Route tertiaire	NC	2.509	Nzérékoré	0.178	1.000	LIKELY_DUPLICATE
Route secondaire	NC	2.508	Conakry	0.000	0.000	POTENTIAL_BDRI_MISSING
Route tertiaire	NC	2.505	Kankan	0.000	0.780	LIKELY_DUPLICATE
Voie rapide	NC	2.505	Boké	1.000	1.000	LIKELY_DUPLICATE
Route tertiaire	NC	2.504	Nzérékoré	0.000	0.000	LIKELY_LOCAL_ROAD
Route primaire	NC	2.504	Nzérékoré	0.047	0.781	LIKELY_DUPLICATE
Voie rapide	N3	2.502	Boké	1.000	1.000	LIKELY_DUPLICATE
Voie rapide	N5	2.500	Labé	1.000	1.000	LIKELY_DUPLICATE
Route tertiaire	NC	2.499	Faranah	0.140	0.263	OUTSIDE_BDRI_SCOPE
Route tertiaire	NC	2.494	Faranah	0.050	0.533	LIKELY_DUPLICATE
Voie rapide	N1	2.489	Kankan	1.000	1.000	LIKELY_DUPLICATE
Route tertiaire	NC	2.487	Labé	0.000	0.000	LIKELY_LOCAL_ROAD
Route tertiaire	NC	2.483	Kindia	0.018	0.193	OUTSIDE_BDRI_SCOPE
Route tertiaire	NC	2.479	Mamou	1.000	1.000	LIKELY_DUPLICATE
Route tertiaire	NC	2.478	Faranah	1.000	1.000	LIKELY_DUPLICATE
Route tertiaire	NC	2.474	Nzérékoré	0.063	0.313	OUTSIDE_BDRI_SCOPE
Voie rapide	N1	2.473	Kindia	1.000	1.000	LIKELY_DUPLICATE
Route tertiaire	NC	2.473	Nzérékoré	0.043	0.283	OUTSIDE_BDRI_SCOPE
Route tertiaire	NC	2.471	Boké	0.012	0.074	LIKELY_LOCAL_ROAD
Route tertiaire	NC	2.470	Kindia	0.022	0.311	OUTSIDE_BDRI_SCOPE
Route tertiaire	NC	2.468	Labé	1.000	1.000	LIKELY_DUPLICATE
Route tertiaire	NC	2.465	Nzérékoré	0.000	0.000	LIKELY_LOCAL_ROAD
Route primaire	N1	2.465	Boké	1.000	1.000	LIKELY_DUPLICATE
Route tertiaire	NC	2.463	Kindia	0.059	0.843	LIKELY_DUPLICATE
Route tertiaire	NC	2.455	Kankan	0.000	0.000	LIKELY_LOCAL_ROAD
Route tertiaire	NC	2.453	Labé	1.000	1.000	LIKELY_DUPLICATE
Route tertiaire	NC	2.450	Kankan	0.000	0.000	LIKELY_LOCAL_ROAD
Route tertiaire	NC	2.446	Faranah	0.000	0.000	LIKELY_LOCAL_ROAD
Route tertiaire	NC	2.445	Kankan	0.065	0.239	OUTSIDE_BDRI_SCOPE
Route tertiaire	NC	2.443	Nzérékoré	0.000	0.000	LIKELY_LOCAL_ROAD
Route tertiaire	NC	2.437	Faranah	0.020	0.549	LIKELY_DUPLICATE
Route tertiaire	NC	2.433	Kindia	0.028	0.306	OUTSIDE_BDRI_SCOPE
Route tertiaire	NC	2.432	Labé	0.000	0.000	LIKELY_LOCAL_ROAD
Route tertiaire	NC	2.430	Labé	0.000	0.000	LIKELY_LOCAL_ROAD
Route tertiaire	NC	2.429	Kankan	0.024	0.707	LIKELY_DUPLICATE
Route tertiaire	NC	2.425	Faranah	0.000	0.000	LIKELY_LOCAL_ROAD
Route tertiaire	NC	2.421	Faranah	0.000	0.000	LIKELY_LOCAL_ROAD
Route tertiaire	NC	2.419	Faranah	0.000	0.000	LIKELY_LOCAL_ROAD
Voie rapide	N5	2.418	Labé	0.984	1.000	LIKELY_DUPLICATE
Route tertiaire	NC	2.418	Kindia	0.052	0.190	OUTSIDE_BDRI_SCOPE
Route tertiaire	NC	2.417	Mamou	0.000	0.000	LIKELY_LOCAL_ROAD
Voie rapide	N2	2.414	Faranah	1.000	1.000	LIKELY_DUPLICATE
Route tertiaire	NC	2.413	Kankan	0.000	0.000	LIKELY_LOCAL_ROAD
Route tertiaire	NC	2.412	Kankan	0.030	0.121	OUTSIDE_BDRI_SCOPE
Route primaire	N24	2.411	Boké	1.000	1.000	LIKELY_DUPLICATE
Route tertiaire	NC	2.404	Kankan	0.000	0.000	LIKELY_LOCAL_ROAD
Route tertiaire	NC	2.404	Boké	0.125	0.925	LIKELY_DUPLICATE
Route tertiaire	NC	2.403	Nzérékoré	0.000	0.148	OUTSIDE_BDRI_SCOPE
Route secondaire	NC	2.403	Nzérékoré	0.627	1.000	LIKELY_DUPLICATE
Route tertiaire	NC	2.403	Nzérékoré	0.000	0.000	LIKELY_LOCAL_ROAD
Route primaire	N30	2.397	Kankan	1.000	1.000	LIKELY_DUPLICATE
Voie rapide	NC	2.395	Boké	1.000	1.000	LIKELY_DUPLICATE
Route primaire	N1	2.391	Nzérékoré	1.000	1.000	LIKELY_DUPLICATE
Route primaire	N24	2.384	Kindia	0.429	1.000	LIKELY_DUPLICATE
Route tertiaire	NC	2.383	Faranah	0.000	0.000	LIKELY_LOCAL_ROAD
Route tertiaire	NC	2.380	Kankan	0.000	0.000	LIKELY_LOCAL_ROAD
Route tertiaire	NC	2.380	Kankan	0.024	0.951	LIKELY_DUPLICATE
Route tertiaire	NC	2.380	Faranah	0.000	0.000	LIKELY_LOCAL_ROAD
Route tertiaire	NC	2.378	Kindia	0.000	0.000	LIKELY_LOCAL_ROAD
Route tertiaire	NC	2.376	Kankan	0.060	0.600	LIKELY_DUPLICATE
Route tertiaire	NC	2.375	Mamou	0.000	0.000	LIKELY_LOCAL_ROAD
Route tertiaire	NC	2.371	Kankan	0.000	0.653	LIKELY_DUPLICATE
Route tertiaire	NC	2.369	Kindia	0.000	0.000	LIKELY_LOCAL_ROAD
Route tertiaire	NC	2.368	Labé	0.000	0.000	LIKELY_LOCAL_ROAD
Route secondaire	NC	2.368	Nzérékoré	0.000	0.023	POTENTIAL_BDRI_MISSING
Route tertiaire	NC	2.367	Kankan	0.048	0.595	LIKELY_DUPLICATE
Route tertiaire	NC	2.353	Faranah	0.000	0.000	LIKELY_LOCAL_ROAD
Route primaire	MA 784	2.351	Conakry	1.000	1.000	LIKELY_DUPLICATE
Route tertiaire	NC	2.348	Kankan	0.000	0.000	LIKELY_LOCAL_ROAD
Route tertiaire	NC	2.346	Nzérékoré	0.000	0.000	LIKELY_LOCAL_ROAD
Route tertiaire	NC	2.346	Nzérékoré	0.000	0.409	OUTSIDE_BDRI_SCOPE
Voie rapide	N6	2.346	Kankan	1.000	1.000	LIKELY_DUPLICATE
Route tertiaire	NC	2.345	Kindia	0.000	0.000	LIKELY_LOCAL_ROAD
Route tertiaire	NC	2.332	Labé	0.000	0.000	LIKELY_LOCAL_ROAD
Route tertiaire	NC	2.328	Nzérékoré	0.000	0.000	LIKELY_LOCAL_ROAD
Route tertiaire	NC	2.325	Mamou	1.000	1.000	LIKELY_DUPLICATE
Route tertiaire	NC	2.321	Faranah	0.183	0.517	LIKELY_DUPLICATE
Route secondaire	NC	2.321	Nzérékoré	0.224	1.000	LIKELY_DUPLICATE
Route tertiaire	NC	2.309	Kindia	0.091	1.000	LIKELY_DUPLICATE
Voie rapide	N1	2.309	Kankan	1.000	1.000	LIKELY_DUPLICATE
Route tertiaire	NC	2.307	Kindia	0.000	0.000	LIKELY_LOCAL_ROAD
Route secondaire	NC	2.302	Mamou	0.000	0.000	POTENTIAL_BDRI_MISSING
Route primaire	N20	2.299	Boké	1.000	1.000	LIKELY_DUPLICATE
Route primaire	N33	2.294	Kankan	1.000	1.000	LIKELY_DUPLICATE
Route tertiaire	NC	2.293	Labé	0.036	0.236	OUTSIDE_BDRI_SCOPE
Route tertiaire	NC	2.293	Kindia	0.093	0.605	LIKELY_DUPLICATE
Route tertiaire	NC	2.292	Mamou	0.054	0.378	OUTSIDE_BDRI_SCOPE
Route tertiaire	NC	2.291	Kankan	0.000	0.000	LIKELY_LOCAL_ROAD
Route tertiaire	NC	2.290	Kankan	0.000	0.000	LIKELY_LOCAL_ROAD
Route tertiaire	NC	2.275	Mamou	0.000	0.000	LIKELY_LOCAL_ROAD
Route tertiaire	NC	2.270	Kindia	0.000	0.000	LIKELY_LOCAL_ROAD
Route secondaire	NC	2.269	Nzérékoré	0.232	1.000	LIKELY_DUPLICATE
Voie rapide	N2	2.266	Nzérékoré	1.000	1.000	LIKELY_DUPLICATE
Route secondaire	NC	2.262	Kankan	0.116	0.419	UNDETERMINED
Route primaire	N8	2.261	Labé	1.000	1.000	LIKELY_DUPLICATE
Route tertiaire	NC	2.261	Kindia	0.000	0.000	LIKELY_LOCAL_ROAD
Route secondaire	NC	2.258	Nzérékoré	0.000	0.000	POTENTIAL_BDRI_MISSING
Route tertiaire	NC	2.254	Kankan	0.081	0.649	LIKELY_DUPLICATE
Route tertiaire	NC	2.252	Faranah	0.000	0.000	LIKELY_LOCAL_ROAD
Route tertiaire	NC	2.248	Kankan	0.000	0.000	LIKELY_LOCAL_ROAD
Route tertiaire	NC	2.243	Mamou	0.000	0.000	LIKELY_LOCAL_ROAD
Route tertiaire	NC	2.240	Kindia	0.000	0.000	LIKELY_LOCAL_ROAD
Route primaire	N8	2.238	Labé	1.000	1.000	LIKELY_DUPLICATE
Route tertiaire	NC	2.234	Kankan	0.081	0.811	LIKELY_DUPLICATE
Route secondaire	NC	2.233	Nzérékoré	0.000	0.000	POTENTIAL_BDRI_MISSING
Route tertiaire	NC	2.233	Mamou	0.024	0.190	OUTSIDE_BDRI_SCOPE
Route tertiaire	NC	2.232	Nzérékoré	0.048	0.159	OUTSIDE_BDRI_SCOPE
Route tertiaire	NC	2.224	Kankan	0.020	0.080	LIKELY_LOCAL_ROAD
Route tertiaire	NC	2.224	Kindia	0.000	0.000	LIKELY_LOCAL_ROAD
Route secondaire	NC	2.221	Faranah	0.069	1.000	LIKELY_DUPLICATE
Route tertiaire	NC	2.220	Boké	0.000	0.794	LIKELY_DUPLICATE
Route primaire	NC	2.215	Kindia	0.000	0.000	POTENTIAL_BDRI_MISSING
Route tertiaire	NC	2.214	Labé	0.000	0.325	OUTSIDE_BDRI_SCOPE
Route tertiaire	NC	2.213	Mamou	0.000	0.000	LIKELY_LOCAL_ROAD
Route secondaire	NC	2.208	Kankan	1.000	1.000	LIKELY_DUPLICATE
Route tertiaire	NC	2.207	Boké	0.000	0.000	LIKELY_LOCAL_ROAD
Route tertiaire	NC	2.205	Boké	0.023	0.364	OUTSIDE_BDRI_SCOPE
Route secondaire	NC	2.203	Conakry	0.000	0.000	POTENTIAL_BDRI_MISSING
Route tertiaire	NC	2.202	Kankan	0.027	0.324	OUTSIDE_BDRI_SCOPE
Route tertiaire	NC	2.201	Kankan	0.000	0.043	LIKELY_LOCAL_ROAD
Route tertiaire	NC	2.200	Kankan	0.000	0.000	LIKELY_LOCAL_ROAD
Route tertiaire	NC	2.192	Faranah	0.000	0.000	LIKELY_LOCAL_ROAD
Route tertiaire	NC	2.191	Faranah	0.125	1.000	LIKELY_DUPLICATE
Voie rapide	N1	2.186	Kindia	0.976	1.000	LIKELY_DUPLICATE
Route primaire	NC	2.186	Conakry	0.000	0.000	POTENTIAL_BDRI_MISSING
Route tertiaire	NC	2.179	Conakry	0.000	0.000	LIKELY_LOCAL_ROAD
Route primaire	NC	2.178	Conakry	0.000	0.000	POTENTIAL_BDRI_MISSING
Route tertiaire	NC	2.178	Kankan	0.056	0.167	OUTSIDE_BDRI_SCOPE
Route tertiaire	NC	2.177	Kankan	0.000	0.000	LIKELY_LOCAL_ROAD
Route tertiaire	NC	2.176	Faranah	0.052	0.379	OUTSIDE_BDRI_SCOPE
Route primaire	NC	2.174	Kindia	0.000	0.229	UNDETERMINED
Route tertiaire	NC	2.172	Kankan	0.000	0.000	LIKELY_LOCAL_ROAD
Voie rapide	N2	2.168	Faranah	1.000	1.000	LIKELY_DUPLICATE
Route tertiaire	NC	2.167	Conakry	0.048	0.452	OUTSIDE_BDRI_SCOPE
Route tertiaire	NC	2.163	Labé	0.000	0.000	LIKELY_LOCAL_ROAD
Route tertiaire	NC	2.162	Nzérékoré	0.000	0.000	LIKELY_LOCAL_ROAD
Route tertiaire	NC	2.159	Kankan	0.000	0.000	LIKELY_LOCAL_ROAD
Route secondaire	NC	2.159	Nzérékoré	0.019	0.132	UNDETERMINED
Route tertiaire	NC	2.157	Labé	0.000	0.000	LIKELY_LOCAL_ROAD
Route tertiaire	NC	2.157	Faranah	0.000	0.000	LIKELY_LOCAL_ROAD
Route tertiaire	NC	2.156	Mamou	0.000	0.000	LIKELY_LOCAL_ROAD
Route tertiaire	NC	2.154	Kindia	0.000	0.207	OUTSIDE_BDRI_SCOPE
Route tertiaire	NC	2.153	Nzérékoré	0.000	0.000	LIKELY_LOCAL_ROAD
Route tertiaire	NC	2.144	Labé	0.000	0.000	LIKELY_LOCAL_ROAD
Route tertiaire	NC	2.144	Kindia	0.000	0.000	LIKELY_LOCAL_ROAD
Route primaire	NC	2.142	Conakry	0.000	0.000	POTENTIAL_BDRI_MISSING
Route secondaire	NC	2.140	Boké	0.021	0.083	POTENTIAL_BDRI_MISSING
Route tertiaire	NC	2.135	Mamou	0.113	0.873	LIKELY_DUPLICATE
Voie rapide	N1	2.132	Nzérékoré	1.000	1.000	LIKELY_DUPLICATE
Route tertiaire	NC	2.131	Kankan	0.021	0.125	OUTSIDE_BDRI_SCOPE
Route tertiaire	NC	2.130	Nzérékoré	0.000	0.000	LIKELY_LOCAL_ROAD
Route primaire	N16	2.126	Nzérékoré	0.962	1.000	LIKELY_DUPLICATE
Route primaire	N1	2.124	Nzérékoré	1.000	1.000	LIKELY_DUPLICATE
Route tertiaire	NC	2.122	Nzérékoré	0.000	0.000	LIKELY_LOCAL_ROAD
Route tertiaire	NC	2.117	Mamou	1.000	1.000	LIKELY_DUPLICATE
Route tertiaire	NC	2.110	Nzérékoré	0.000	0.000	LIKELY_LOCAL_ROAD
Voie rapide	N6	2.107	Faranah	1.000	1.000	LIKELY_DUPLICATE
Route primaire	NC	2.106	Nzérékoré	0.000	0.000	POTENTIAL_BDRI_MISSING
Route tertiaire	NC	2.104	Kankan	0.000	0.000	LIKELY_LOCAL_ROAD
Route tertiaire	NC	2.104	Faranah	0.000	0.000	LIKELY_LOCAL_ROAD
Route secondaire	NC	2.103	Faranah	0.000	0.000	POTENTIAL_BDRI_MISSING
Route tertiaire	NC	2.102	Nzérékoré	0.841	1.000	LIKELY_DUPLICATE
Voie rapide	N1	2.100	Kankan	1.000	1.000	LIKELY_DUPLICATE
Route tertiaire	NC	2.098	Kankan	0.000	0.000	LIKELY_LOCAL_ROAD
Route tertiaire	NC	2.097	Mamou	0.000	0.020	LIKELY_LOCAL_ROAD
Route tertiaire	NC	2.095	Labé	0.026	0.158	OUTSIDE_BDRI_SCOPE
Route tertiaire	NC	2.094	Kankan	0.000	0.000	LIKELY_LOCAL_ROAD
Route tertiaire	NC	2.093	Kindia	0.000	0.432	OUTSIDE_BDRI_SCOPE
Route tertiaire	NC	2.083	Conakry	0.000	0.000	LIKELY_LOCAL_ROAD
Voie rapide	N3	2.082	Conakry	1.000	1.000	LIKELY_DUPLICATE
Route tertiaire	NC	2.081	Conakry	0.000	0.000	LIKELY_LOCAL_ROAD
Route tertiaire	NC	2.077	Mamou	0.000	0.000	LIKELY_LOCAL_ROAD
Route tertiaire	NC	2.075	Conakry	0.000	0.000	LIKELY_LOCAL_ROAD
Route tertiaire	NC	2.071	Conakry	0.000	0.000	LIKELY_LOCAL_ROAD
Voie rapide	N2	2.061	Faranah	1.000	1.000	LIKELY_DUPLICATE
Route tertiaire	NC	2.059	Kankan	0.000	0.000	LIKELY_LOCAL_ROAD
Route tertiaire	NC	2.056	Kankan	0.000	0.000	LIKELY_LOCAL_ROAD
Route tertiaire	NC	2.052	Faranah	0.000	0.000	LIKELY_LOCAL_ROAD
Route tertiaire	NC	2.049	Labé	0.013	0.132	OUTSIDE_BDRI_SCOPE
Route tertiaire	NC	2.049	Kindia	0.213	0.681	LIKELY_DUPLICATE
Route tertiaire	NC	2.048	Faranah	0.167	0.500	LIKELY_DUPLICATE
Route secondaire	NC	2.048	Nzérékoré	0.039	0.510	LIKELY_DUPLICATE
Route tertiaire	NC	2.047	Mamou	0.000	0.000	LIKELY_LOCAL_ROAD
Route tertiaire	NC	2.046	Faranah	0.048	0.921	LIKELY_DUPLICATE
Route tertiaire	NC	2.046	Boké	0.059	0.853	LIKELY_DUPLICATE
Route tertiaire	NC	2.042	Conakry	0.000	0.000	LIKELY_LOCAL_ROAD
Route tertiaire	NC	2.031	Faranah	0.000	0.000	LIKELY_LOCAL_ROAD
Voie rapide	NC	2.029	Nzérékoré	0.000	0.270	UNDETERMINED
Route tertiaire	NC	2.022	Nzérékoré	0.177	0.468	OUTSIDE_BDRI_SCOPE
Voie rapide	N2	2.021	Nzérékoré	1.000	1.000	LIKELY_DUPLICATE
Route primaire	DI 002	2.021	Conakry	1.000	1.000	LIKELY_DUPLICATE
Route tertiaire	NC	2.019	Faranah	0.257	1.000	LIKELY_DUPLICATE
Route tertiaire	NC	2.017	Kankan	0.968	1.000	LIKELY_DUPLICATE
Route primaire	NC	2.017	Nzérékoré	0.034	0.288	UNDETERMINED
Route tertiaire	NC	2.014	Mamou	0.000	0.000	LIKELY_LOCAL_ROAD
Route tertiaire	NC	2.012	Kindia	0.073	0.683	LIKELY_DUPLICATE
Route tertiaire	NC	2.012	Kindia	0.000	0.000	LIKELY_LOCAL_ROAD
Voie rapide	N5	2.012	Labé	0.965	1.000	LIKELY_DUPLICATE
Route tertiaire	NC	2.012	Nzérékoré	0.000	0.031	LIKELY_LOCAL_ROAD
Route tertiaire	NC	2.009	Labé	0.026	0.385	OUTSIDE_BDRI_SCOPE
Voie rapide	N1	2.003	Kindia	1.000	1.000	LIKELY_DUPLICATE
Route primaire	NC	2.002	Conakry	0.000	0.000	POTENTIAL_BDRI_MISSING
Route tertiaire	NC	2.001	Kindia	0.000	0.000	LIKELY_LOCAL_ROAD
Route tertiaire	NC	2.001	Kankan	0.000	0.000	LIKELY_LOCAL_ROAD
Route tertiaire	NC	2.000	Labé	0.000	0.000	LIKELY_LOCAL_ROAD
Route tertiaire	NC	1.986	Mamou	0.000	0.905	LIKELY_DUPLICATE
Route primaire	N33	1.986	Kankan	1.000	1.000	LIKELY_DUPLICATE
Route tertiaire	NC	1.983	Labé	0.000	0.848	LIKELY_DUPLICATE
Route tertiaire	NC	1.982	Labé	0.176	1.000	LIKELY_DUPLICATE
Route tertiaire	NC	1.979	Kankan	0.000	0.000	LIKELY_LOCAL_ROAD
Voie rapide	N3	1.979	Boké	1.000	1.000	LIKELY_DUPLICATE
Route tertiaire	NC	1.975	Kindia	0.000	0.000	LIKELY_LOCAL_ROAD
Voie rapide	N2	1.975	Faranah	1.000	1.000	LIKELY_DUPLICATE
Route secondaire	NC	1.969	Kankan	1.000	1.000	LIKELY_DUPLICATE
Route primaire	N29	1.968	Faranah	1.000	1.000	LIKELY_DUPLICATE
Route tertiaire	NC	1.968	Boké	0.000	0.000	LIKELY_LOCAL_ROAD
Route tertiaire	NC	1.967	Faranah	0.000	0.000	LIKELY_LOCAL_ROAD
Route primaire	N1	1.966	Nzérékoré	1.000	1.000	LIKELY_DUPLICATE
Route tertiaire	N25	1.965	Labé	1.000	1.000	LIKELY_DUPLICATE
Route tertiaire	NC	1.965	Kindia	0.015	0.121	OUTSIDE_BDRI_SCOPE
Route tertiaire	NC	1.963	Kankan	0.026	0.342	OUTSIDE_BDRI_SCOPE
Route tertiaire	NC	1.963	Nzérékoré	0.000	0.000	LIKELY_LOCAL_ROAD
Route tertiaire	NC	1.962	Kankan	0.000	0.000	LIKELY_LOCAL_ROAD
Route tertiaire	NC	1.959	Faranah	0.031	0.156	OUTSIDE_BDRI_SCOPE
Route secondaire	NC	1.957	Conakry	0.000	0.732	LIKELY_DUPLICATE
Voie rapide	N1	1.954	Kindia	0.646	1.000	LIKELY_DUPLICATE
Route secondaire	NC	1.947	Kankan	1.000	1.000	LIKELY_DUPLICATE
Route tertiaire	NC	1.945	Boké	1.000	1.000	LIKELY_DUPLICATE
Route secondaire	NC	1.941	Kankan	0.000	0.107	UNDETERMINED
Route secondaire	NC	1.941	Kindia	0.000	0.600	LIKELY_DUPLICATE
Route tertiaire	NC	1.941	Nzérékoré	0.000	0.140	OUTSIDE_BDRI_SCOPE
Route secondaire	NC	1.935	Faranah	0.043	0.196	UNDETERMINED
Route tertiaire	NC	1.927	Kindia	0.000	0.000	LIKELY_LOCAL_ROAD
Voie rapide	N2	1.923	Nzérékoré	1.000	1.000	LIKELY_DUPLICATE
Route tertiaire	NC	1.923	Kankan	0.023	0.209	OUTSIDE_BDRI_SCOPE
Route primaire	NC	1.921	Kindia	0.000	0.000	POTENTIAL_BDRI_MISSING
Route tertiaire	NC	1.919	Mamou	0.000	0.000	LIKELY_LOCAL_ROAD
Voie rapide	N1	1.916	Conakry	1.000	1.000	LIKELY_DUPLICATE
Route tertiaire	NC	1.914	Mamou	0.036	0.321	OUTSIDE_BDRI_SCOPE
Voie rapide	N1	1.914	Kankan	1.000	1.000	LIKELY_DUPLICATE
Route tertiaire	NC	1.913	Kindia	0.000	0.000	LIKELY_LOCAL_ROAD
Route secondaire	NC	1.913	Mamou	1.000	1.000	LIKELY_DUPLICATE
Route secondaire	NC	1.912	Faranah	0.000	0.000	POTENTIAL_BDRI_MISSING
Route primaire	N1	1.912	Nzérékoré	1.000	1.000	LIKELY_DUPLICATE
Voie rapide	N1	1.911	Conakry	1.000	1.000	LIKELY_DUPLICATE
Route tertiaire	NC	1.905	Kankan	0.053	0.474	OUTSIDE_BDRI_SCOPE
Route secondaire	NC	1.903	Nzérékoré	0.000	0.000	POTENTIAL_BDRI_MISSING
Route tertiaire	NC	1.903	Kindia	0.000	0.000	LIKELY_LOCAL_ROAD
Route tertiaire	NC	1.901	Faranah	0.000	0.000	LIKELY_LOCAL_ROAD
Route secondaire	NC	1.899	Conakry	0.045	0.159	UNDETERMINED
Route secondaire	NC	1.898	Nzérékoré	0.000	0.571	LIKELY_DUPLICATE
Route tertiaire	NC	1.892	Kankan	0.032	0.226	OUTSIDE_BDRI_SCOPE
Route secondaire	NC	1.892	Labé	0.000	0.000	POTENTIAL_BDRI_MISSING
Route tertiaire	NC	1.890	Conakry	0.000	0.000	LIKELY_LOCAL_ROAD
Voie rapide	N2	1.889	Nzérékoré	1.000	1.000	LIKELY_DUPLICATE
Route tertiaire	NC	1.887	Labé	0.146	0.500	LIKELY_DUPLICATE
Route tertiaire	NC	1.884	Kankan	0.063	0.188	OUTSIDE_BDRI_SCOPE
Route tertiaire	NC	1.883	Kindia	0.000	0.000	LIKELY_LOCAL_ROAD
Voie rapide	N1	1.882	Kindia	1.000	1.000	LIKELY_DUPLICATE
Route tertiaire	NC	1.880	Nzérékoré	0.000	0.000	LIKELY_LOCAL_ROAD
Route primaire	N29	1.879	Faranah	1.000	1.000	LIKELY_DUPLICATE
Voie rapide	N2	1.876	Faranah	1.000	1.000	LIKELY_DUPLICATE
Route tertiaire	NC	1.875	Labé	0.071	1.000	LIKELY_DUPLICATE
Route secondaire	NC	1.869	Nzérékoré	0.000	0.089	POTENTIAL_BDRI_MISSING
Route secondaire	NC	1.868	Conakry	0.000	0.143	UNDETERMINED
Route secondaire	NC	1.867	Conakry	0.000	0.103	UNDETERMINED
Route tertiaire	NC	1.865	Kindia	0.097	0.387	OUTSIDE_BDRI_SCOPE
Route primaire	NC	1.862	Conakry	0.000	0.000	POTENTIAL_BDRI_MISSING
Route secondaire	MA. 250	1.860	Conakry	1.000	1.000	LIKELY_DUPLICATE
Route tertiaire	NC	1.859	Kankan	0.000	0.000	LIKELY_LOCAL_ROAD
Voie rapide	N2	1.847	Nzérékoré	1.000	1.000	LIKELY_DUPLICATE
Route tertiaire	NC	1.847	Kindia	0.000	0.000	LIKELY_LOCAL_ROAD
Route tertiaire	NC	1.846	Nzérékoré	0.000	0.000	LIKELY_LOCAL_ROAD
Route tertiaire	NC	1.844	Mamou	0.037	0.354	OUTSIDE_BDRI_SCOPE
Route tertiaire	NC	1.843	Nzérékoré	0.091	0.800	LIKELY_DUPLICATE
Route primaire	NC	1.842	Nzérékoré	0.040	0.374	UNDETERMINED
Route tertiaire	NC	1.838	Nzérékoré	0.156	1.000	LIKELY_DUPLICATE
Route tertiaire	NC	1.837	Labé	0.000	0.000	LIKELY_LOCAL_ROAD
Voie rapide	N1	1.836	Nzérékoré	1.000	1.000	LIKELY_DUPLICATE
Voie rapide	N1	1.834	Conakry	0.891	1.000	LIKELY_DUPLICATE
Route tertiaire	NC	1.833	Faranah	0.000	0.000	LIKELY_LOCAL_ROAD
Route secondaire	NC	1.832	Kankan	0.000	0.000	POTENTIAL_BDRI_MISSING
Route tertiaire	NC	1.832	Boké	0.000	0.000	LIKELY_LOCAL_ROAD
Route secondaire	NC	1.830	Kankan	0.000	0.000	POTENTIAL_BDRI_MISSING
Route tertiaire	NC	1.826	Kankan	0.029	0.265	OUTSIDE_BDRI_SCOPE
Route tertiaire	NC	1.825	Kindia	0.032	0.516	LIKELY_DUPLICATE
Route tertiaire	NC	1.825	Kankan	0.037	0.444	OUTSIDE_BDRI_SCOPE
Route secondaire	NC	1.824	Kindia	0.171	0.371	UNDETERMINED
Route tertiaire	NC	1.823	Nzérékoré	0.000	0.000	LIKELY_LOCAL_ROAD
Route tertiaire	NC	1.821	Boké	0.063	0.531	LIKELY_DUPLICATE
Route secondaire	DI 256	1.818	Conakry	1.000	1.000	LIKELY_DUPLICATE
Route tertiaire	NC	1.817	Labé	0.000	0.000	LIKELY_LOCAL_ROAD
Route primaire	MA 286	1.811	Conakry	1.000	1.000	LIKELY_DUPLICATE
Route tertiaire	NC	1.806	Kankan	0.393	0.643	LIKELY_DUPLICATE
Route primaire	DI 814	1.804	Conakry	1.000	1.000	LIKELY_DUPLICATE
Route tertiaire	NC	1.802	Nzérékoré	0.000	0.063	LIKELY_LOCAL_ROAD
Route secondaire	N14	1.798	Faranah	0.767	1.000	LIKELY_DUPLICATE
Route tertiaire	NC	1.792	Faranah	0.034	0.207	OUTSIDE_BDRI_SCOPE
Route primaire	NC	1.791	Faranah	0.000	0.000	POTENTIAL_BDRI_MISSING
Route tertiaire	NC	1.784	Faranah	0.000	0.000	LIKELY_LOCAL_ROAD
Route tertiaire	NC	1.784	Kindia	0.000	0.000	LIKELY_LOCAL_ROAD
Route tertiaire	NC	1.783	Nzérékoré	0.067	0.500	LIKELY_DUPLICATE
Route tertiaire	NC	1.782	Mamou	0.071	0.429	OUTSIDE_BDRI_SCOPE
Route secondaire	NC	1.781	Nzérékoré	0.000	0.000	POTENTIAL_BDRI_MISSING
Voie rapide	N5	1.780	Labé	1.000	1.000	LIKELY_DUPLICATE
Route tertiaire	NC	1.779	Labé	0.000	0.862	LIKELY_DUPLICATE
Route tertiaire	NC	1.778	Boké	0.000	0.000	LIKELY_LOCAL_ROAD
Route tertiaire	NC	1.777	Faranah	0.000	0.000	LIKELY_LOCAL_ROAD
Route primaire	N30	1.776	Faranah	1.000	1.000	LIKELY_DUPLICATE
Route tertiaire	NC	1.772	Labé	0.000	0.000	LIKELY_LOCAL_ROAD
Route tertiaire	NC	1.770	Nzérékoré	0.000	0.000	LIKELY_LOCAL_ROAD
Route tertiaire	NC	1.767	Conakry	0.000	0.000	LIKELY_LOCAL_ROAD
Route secondaire	NC	1.763	Nzérékoré	0.059	0.500	LIKELY_DUPLICATE
Route tertiaire	NC	1.758	Nzérékoré	0.000	0.000	LIKELY_LOCAL_ROAD
Route tertiaire	NC	1.757	Faranah	0.000	0.000	LIKELY_LOCAL_ROAD
Voie rapide	N2	1.756	Nzérékoré	1.000	1.000	LIKELY_DUPLICATE
Route primaire	NC	1.756	Conakry	0.000	0.000	POTENTIAL_BDRI_MISSING
Route secondaire	NC	1.756	Nzérékoré	0.000	0.000	POTENTIAL_BDRI_MISSING
Route tertiaire	NC	1.754	Nzérékoré	0.156	1.000	LIKELY_DUPLICATE
Route primaire	NC	1.754	Conakry	0.000	0.000	POTENTIAL_BDRI_MISSING
Route secondaire	NC	1.754	Kankan	1.000	1.000	LIKELY_DUPLICATE
Route tertiaire	NC	1.754	Mamou	0.000	0.000	LIKELY_LOCAL_ROAD
Route tertiaire	NC	1.753	Conakry	0.029	0.114	OUTSIDE_BDRI_SCOPE
Route tertiaire	NC	1.752	Kankan	0.000	0.000	LIKELY_LOCAL_ROAD
Route tertiaire	NC	1.750	Kindia	0.048	0.500	LIKELY_DUPLICATE
Route primaire	NC	1.747	Conakry	0.000	0.000	POTENTIAL_BDRI_MISSING
Route primaire	NC	1.747	Conakry	0.000	0.000	POTENTIAL_BDRI_MISSING
Route tertiaire	NC	1.745	Nzérékoré	0.000	0.000	LIKELY_LOCAL_ROAD
Route tertiaire	NC	1.745	Kankan	0.032	0.161	OUTSIDE_BDRI_SCOPE
Route secondaire	NC	1.742	Labé	1.000	1.000	LIKELY_DUPLICATE
Route tertiaire	NC	1.735	Labé	1.000	1.000	LIKELY_DUPLICATE
Route secondaire	NC	1.734	Nzérékoré	0.048	0.667	LIKELY_DUPLICATE
Route tertiaire	NC	1.734	Kindia	0.000	0.786	LIKELY_DUPLICATE
Route tertiaire	NC	1.730	Boké	0.000	0.000	LIKELY_LOCAL_ROAD
Voie rapide	N1	1.729	Nzérékoré	1.000	1.000	LIKELY_DUPLICATE
Route tertiaire	NC	1.728	Mamou	0.000	0.000	LIKELY_LOCAL_ROAD
Route secondaire	NC	1.728	Nzérékoré	0.000	0.184	UNDETERMINED
Route tertiaire	NC	1.726	Labé	0.087	0.609	LIKELY_DUPLICATE
Route tertiaire	NC	1.726	Faranah	0.000	0.000	LIKELY_LOCAL_ROAD
Route secondaire	NC	1.725	Conakry	0.000	0.000	POTENTIAL_BDRI_MISSING
Route tertiaire	NC	1.721	Kindia	0.000	0.000	LIKELY_LOCAL_ROAD
Route secondaire	NC	1.721	Conakry	0.000	0.000	POTENTIAL_BDRI_MISSING
Route secondaire	NC	1.721	Nzérékoré	0.732	1.000	LIKELY_DUPLICATE
Route tertiaire	NC	1.719	Labé	1.000	1.000	LIKELY_DUPLICATE
Route tertiaire	NC	1.710	Kankan	0.000	0.000	LIKELY_LOCAL_ROAD
Route tertiaire	NC	1.710	Boké	1.000	1.000	LIKELY_DUPLICATE
Route primaire	N18	1.710	Nzérékoré	1.000	1.000	LIKELY_DUPLICATE
Route tertiaire	NC	1.710	Mamou	0.000	0.000	LIKELY_LOCAL_ROAD
Route tertiaire	NC	1.709	Nzérékoré	0.000	0.000	LIKELY_LOCAL_ROAD
Voie rapide	N3	1.708	Kindia	1.000	1.000	LIKELY_DUPLICATE
Route tertiaire	NC	1.708	Conakry	0.048	0.619	LIKELY_DUPLICATE
Route primaire	NC	1.702	Conakry	0.000	0.000	POTENTIAL_BDRI_MISSING
Route tertiaire	NC	1.701	Conakry	0.000	0.333	OUTSIDE_BDRI_SCOPE
Route secondaire	NC	1.699	Labé	0.063	0.313	UNDETERMINED
Route tertiaire	NC	1.699	Faranah	0.000	0.000	LIKELY_LOCAL_ROAD
Route primaire	NC	1.697	Conakry	0.000	0.000	POTENTIAL_BDRI_MISSING
Route primaire	NC	1.696	Conakry	0.000	0.000	POTENTIAL_BDRI_MISSING
Route primaire	NC	1.695	Nzérékoré	0.000	0.000	POTENTIAL_BDRI_MISSING
Route secondaire	NC	1.694	Conakry	0.000	0.125	UNDETERMINED
Route primaire	DI 814	1.690	Conakry	1.000	1.000	LIKELY_DUPLICATE
Route tertiaire	NC	1.688	Kankan	0.056	0.667	LIKELY_DUPLICATE
Route primaire	NC	1.688	Kindia	0.000	0.000	POTENTIAL_BDRI_MISSING
Route secondaire	NC	1.687	Conakry	0.089	0.607	LIKELY_DUPLICATE
Route tertiaire	NC	1.683	Kankan	0.000	0.000	LIKELY_LOCAL_ROAD
Route tertiaire	NC	1.681	Kankan	0.000	0.000	LIKELY_LOCAL_ROAD
Route tertiaire	NC	1.678	Nzérékoré	0.000	0.447	OUTSIDE_BDRI_SCOPE
Route tertiaire	NC	1.677	Kindia	0.000	0.000	LIKELY_LOCAL_ROAD
Route tertiaire	NC	1.676	Kankan	0.000	0.000	LIKELY_LOCAL_ROAD
Route tertiaire	NC	1.675	Kankan	1.000	1.000	LIKELY_DUPLICATE
Route primaire	N30	1.674	Kankan	1.000	1.000	LIKELY_DUPLICATE
Route tertiaire	NC	1.673	Faranah	0.000	0.000	LIKELY_LOCAL_ROAD
Route primaire	NC	1.672	Boké	1.000	1.000	LIKELY_DUPLICATE
Route secondaire	N27	1.670	Faranah	1.000	1.000	LIKELY_DUPLICATE
Route secondaire	NC	1.669	Nzérékoré	0.000	0.229	UNDETERMINED
Route secondaire	NC	1.667	Nzérékoré	0.139	1.000	LIKELY_DUPLICATE
Route tertiaire	NC	1.666	Labé	0.097	0.806	LIKELY_DUPLICATE
Route secondaire	NC	1.663	Faranah	0.000	0.000	POTENTIAL_BDRI_MISSING
Route tertiaire	NC	1.661	Nzérékoré	0.000	0.000	LIKELY_LOCAL_ROAD
Voie rapide	N2	1.661	Nzérékoré	1.000	1.000	LIKELY_DUPLICATE
Route secondaire	NC	1.661	Faranah	0.229	1.000	LIKELY_DUPLICATE
Route primaire	NC	1.660	Kindia	0.000	0.000	POTENTIAL_BDRI_MISSING
Route tertiaire	NC	1.658	Boké	0.000	0.391	OUTSIDE_BDRI_SCOPE
Route tertiaire	NC	1.657	Nzérékoré	0.000	0.105	OUTSIDE_BDRI_SCOPE
Route tertiaire	NC	1.651	Kindia	0.000	0.000	LIKELY_LOCAL_ROAD
Route tertiaire	NC	1.650	Kindia	0.000	0.000	LIKELY_LOCAL_ROAD
Route tertiaire	NC	1.650	Conakry	0.000	0.000	LIKELY_LOCAL_ROAD
Route tertiaire	NC	1.646	Kindia	0.000	0.000	LIKELY_LOCAL_ROAD
Voie rapide	N6	1.645	Kankan	1.000	1.000	LIKELY_DUPLICATE
Route tertiaire	NC	1.643	Faranah	0.000	0.000	LIKELY_LOCAL_ROAD
Route tertiaire	NC	1.641	Kankan	0.040	0.440	OUTSIDE_BDRI_SCOPE
Route tertiaire	NC	1.635	Conakry	0.114	0.800	LIKELY_DUPLICATE
Route primaire	N1	1.633	Nzérékoré	1.000	1.000	LIKELY_DUPLICATE
Voie rapide	N5	1.633	Mamou	1.000	1.000	LIKELY_DUPLICATE
Route secondaire	NC	1.626	Kankan	0.543	0.971	LIKELY_DUPLICATE
Route tertiaire	NC	1.625	Labé	0.114	1.000	LIKELY_DUPLICATE
Route secondaire	NC	1.624	Nzérékoré	0.000	0.080	POTENTIAL_BDRI_MISSING
Route tertiaire	NC	1.623	Labé	0.000	0.000	LIKELY_LOCAL_ROAD
Voie rapide	N6	1.623	Kankan	0.231	1.000	LIKELY_DUPLICATE
Voie rapide	N1	1.622	Conakry	0.781	1.000	LIKELY_DUPLICATE
Route tertiaire	NC	1.621	Kindia	0.000	0.000	LIKELY_LOCAL_ROAD
Voie rapide	N2	1.618	Nzérékoré	1.000	1.000	LIKELY_DUPLICATE
Voie rapide	N1	1.618	Conakry	0.800	1.000	LIKELY_DUPLICATE
Route tertiaire	NC	1.618	Conakry	0.094	0.813	LIKELY_DUPLICATE
Route primaire	NC	1.617	Nzérékoré	0.022	0.217	UNDETERMINED
Voie rapide	N3	1.615	Kindia	1.000	1.000	LIKELY_DUPLICATE
Route secondaire	NC	1.612	Boké	0.032	0.194	UNDETERMINED
Route tertiaire	NC	1.607	Kindia	0.000	0.848	LIKELY_DUPLICATE
Route tertiaire	NC	1.598	Labé	0.000	0.000	LIKELY_LOCAL_ROAD
Route tertiaire	NC	1.597	Faranah	0.000	0.000	LIKELY_LOCAL_ROAD
Route tertiaire	NC	1.594	Kindia	0.069	0.621	LIKELY_DUPLICATE
Route secondaire	MA. 500	1.593	Conakry	1.000	1.000	LIKELY_DUPLICATE
Route primaire	NC	1.592	Nzérékoré	0.000	0.000	POTENTIAL_BDRI_MISSING
Route tertiaire	NC	1.587	Conakry	0.000	0.000	LIKELY_LOCAL_ROAD
Route tertiaire	NC	1.587	Kindia	0.000	0.000	LIKELY_LOCAL_ROAD
Route primaire	N24	1.585	Kindia	1.000	1.000	LIKELY_DUPLICATE
Route tertiaire	NC	1.583	Faranah	0.027	0.216	OUTSIDE_BDRI_SCOPE
Route tertiaire	NC	1.574	Nzérékoré	0.031	0.219	OUTSIDE_BDRI_SCOPE
Route tertiaire	NC	1.572	Boké	0.077	0.641	LIKELY_DUPLICATE
Route tertiaire	NC	1.571	Boké	0.000	0.000	LIKELY_LOCAL_ROAD
Route tertiaire	NC	1.571	Kindia	0.000	0.000	LIKELY_LOCAL_ROAD
Route primaire	NC	1.569	Kindia	0.000	0.000	POTENTIAL_BDRI_MISSING
Route tertiaire	NC	1.567	Kindia	0.036	0.250	OUTSIDE_BDRI_SCOPE
Voie rapide	N3	1.566	Conakry	1.000	1.000	LIKELY_DUPLICATE
Voie rapide	NC	1.564	Boké	1.000	1.000	LIKELY_DUPLICATE
Route primaire	N10	1.562	Nzérékoré	1.000	1.000	LIKELY_DUPLICATE
Route primaire	N33	1.559	Kankan	1.000	1.000	LIKELY_DUPLICATE
Route secondaire	NC	1.559	Mamou	1.000	1.000	LIKELY_DUPLICATE
Route secondaire	NC	1.558	Kindia	0.000	0.000	POTENTIAL_BDRI_MISSING
Route tertiaire	NC	1.557	Nzérékoré	0.000	0.000	LIKELY_LOCAL_ROAD
Route secondaire	NC	1.557	Boké	0.545	0.667	LIKELY_DUPLICATE
Route tertiaire	NC	1.553	Faranah	0.033	0.433	OUTSIDE_BDRI_SCOPE
Route tertiaire	NC	1.553	Faranah	0.000	0.000	LIKELY_LOCAL_ROAD
Route tertiaire	NC	1.551	Kindia	0.000	0.000	LIKELY_LOCAL_ROAD
Route secondaire	NC	1.550	Kankan	0.167	0.433	UNDETERMINED
Route primaire	NC	1.550	Nzérékoré	0.000	0.654	LIKELY_DUPLICATE
Route secondaire	NC	1.549	Nzérékoré	0.171	1.000	LIKELY_DUPLICATE
Route tertiaire	NC	1.546	Mamou	0.156	1.000	LIKELY_DUPLICATE
Voie rapide	N1	1.546	Kindia	0.967	1.000	LIKELY_DUPLICATE
Route primaire	N27	1.543	Faranah	1.000	1.000	LIKELY_DUPLICATE
Route tertiaire	NC	1.543	Faranah	0.000	0.000	LIKELY_LOCAL_ROAD
Route primaire	NC	1.539	Conakry	0.000	0.000	POTENTIAL_BDRI_MISSING
Route tertiaire	NC	1.539	Kindia	0.059	0.588	LIKELY_DUPLICATE
Route tertiaire	NC	1.538	Faranah	0.000	0.406	OUTSIDE_BDRI_SCOPE
Route secondaire	NC	1.538	Nzérékoré	0.000	0.000	POTENTIAL_BDRI_MISSING
Voie rapide	NC	1.535	Boké	1.000	1.000	LIKELY_DUPLICATE
Route tertiaire	NC	1.534	Faranah	0.000	0.000	LIKELY_LOCAL_ROAD
Voie rapide	N1	1.531	Kindia	1.000	1.000	LIKELY_DUPLICATE
Route tertiaire	NC	1.528	Boké	0.000	0.000	LIKELY_LOCAL_ROAD
Voie rapide	N1	1.528	Conakry	1.000	1.000	LIKELY_DUPLICATE
Route tertiaire	NC	1.526	Nzérékoré	0.000	0.000	LIKELY_LOCAL_ROAD
Route tertiaire	NC	1.525	Kindia	0.000	0.318	OUTSIDE_BDRI_SCOPE
Route tertiaire	NC	1.522	Kindia	0.000	0.031	LIKELY_LOCAL_ROAD
Route tertiaire	NC	1.521	Faranah	0.000	0.000	LIKELY_LOCAL_ROAD
Route tertiaire	NC	1.521	Boké	0.020	0.196	OUTSIDE_BDRI_SCOPE
Voie rapide	N1	1.519	Conakry	1.000	1.000	LIKELY_DUPLICATE
Route primaire	N27	1.517	Labé	1.000	1.000	LIKELY_DUPLICATE
Voie rapide	RN5	1.515	Kankan	0.375	0.469	UNDETERMINED
Route tertiaire	NC	1.514	Kankan	0.000	0.000	LIKELY_LOCAL_ROAD
Route tertiaire	NC	1.514	Kankan	0.000	0.000	LIKELY_LOCAL_ROAD
Route primaire	N30	1.514	Kankan	1.000	1.000	LIKELY_DUPLICATE
Route tertiaire	NC	1.512	Nzérékoré	0.000	0.000	LIKELY_LOCAL_ROAD
Voie rapide	N2	1.511	Faranah	1.000	1.000	LIKELY_DUPLICATE
Route primaire	N18	1.511	Nzérékoré	1.000	1.000	LIKELY_DUPLICATE
Route tertiaire	NC	1.507	Kankan	0.069	0.414	OUTSIDE_BDRI_SCOPE
Route secondaire	NC	1.503	Mamou	1.000	1.000	LIKELY_DUPLICATE
Route tertiaire	NC	1.502	Kankan	0.000	0.000	LIKELY_LOCAL_ROAD
Route tertiaire	NC	1.502	Kankan	0.000	0.000	LIKELY_LOCAL_ROAD
Route tertiaire	NC	1.502	Kindia	0.000	0.000	LIKELY_LOCAL_ROAD
Voie rapide	N4	1.502	Kindia	1.000	1.000	LIKELY_DUPLICATE
Route tertiaire	NC	1.501	Labé	0.036	0.357	OUTSIDE_BDRI_SCOPE
Voie rapide	N1;N2	1.499	Nzérékoré	1.000	1.000	LIKELY_DUPLICATE
Route tertiaire	NC	1.499	Kindia	0.000	0.000	LIKELY_LOCAL_ROAD
Route tertiaire	NC	1.495	Conakry	0.000	0.000	LIKELY_LOCAL_ROAD
Route tertiaire	NC	1.495	Kankan	0.000	0.148	OUTSIDE_BDRI_SCOPE
Voie rapide	N5	1.486	Labé	1.000	1.000	LIKELY_DUPLICATE
Route primaire	MA. 006	1.481	Conakry	1.000	1.000	LIKELY_DUPLICATE
Route secondaire	NC	1.479	Mamou	0.000	0.000	POTENTIAL_BDRI_MISSING
Route tertiaire	NC	1.470	Kindia	0.040	0.800	LIKELY_DUPLICATE
Route tertiaire	NC	1.467	Kankan	0.000	0.000	LIKELY_LOCAL_ROAD
Route primaire	NC	1.467	Kindia	0.000	0.000	POTENTIAL_BDRI_MISSING
Route tertiaire	NC	1.466	Faranah	0.000	0.000	LIKELY_LOCAL_ROAD
Route tertiaire	NC	1.465	Conakry	0.000	0.000	LIKELY_LOCAL_ROAD
Route tertiaire	NC	1.461	Kindia	0.000	0.000	LIKELY_LOCAL_ROAD
Route tertiaire	NC	1.460	Kindia	0.034	0.207	OUTSIDE_BDRI_SCOPE
Route primaire	KA 080	1.457	Conakry	1.000	1.000	LIKELY_DUPLICATE
Route secondaire	NC	1.457	Kindia	1.000	1.000	LIKELY_DUPLICATE
Route tertiaire	NC	1.454	Labé	0.029	0.265	OUTSIDE_BDRI_SCOPE
Route tertiaire	NC	1.453	Mamou	0.000	0.257	OUTSIDE_BDRI_SCOPE
Route primaire	A8	1.453	Nzérékoré	0.000	0.129	UNDETERMINED
Route tertiaire	NC	1.444	Faranah	0.000	0.000	LIKELY_LOCAL_ROAD
Route secondaire	NC	1.442	Nzérékoré	0.000	0.111	UNDETERMINED
Route tertiaire	NC	1.441	Kindia	0.000	0.000	LIKELY_LOCAL_ROAD
Route tertiaire	NC	1.441	Nzérékoré	0.000	0.000	LIKELY_LOCAL_ROAD
Route tertiaire	NC	1.440	Kankan	0.000	0.426	OUTSIDE_BDRI_SCOPE
Route tertiaire	NC	1.433	Kankan	0.000	0.000	LIKELY_LOCAL_ROAD
Route secondaire	N31	1.431	Kankan	1.000	1.000	LIKELY_DUPLICATE
Route tertiaire	NC	1.427	Kindia	0.038	0.308	OUTSIDE_BDRI_SCOPE
Route primaire	N24	1.427	Kindia	1.000	1.000	LIKELY_DUPLICATE
Route primaire	N30	1.422	Kankan	1.000	1.000	LIKELY_DUPLICATE
Voie rapide	N1	1.421	Conakry	1.000	1.000	LIKELY_DUPLICATE
Route tertiaire	NC	1.421	Kankan	0.000	0.077	LIKELY_LOCAL_ROAD
Route tertiaire	NC	1.418	Boké	0.087	0.348	OUTSIDE_BDRI_SCOPE
Route tertiaire	NC	1.418	Kindia	0.000	0.000	LIKELY_LOCAL_ROAD
Route tertiaire	NC	1.417	Nzérékoré	0.000	0.000	LIKELY_LOCAL_ROAD
Route tertiaire	NC	1.416	Mamou	0.000	0.100	OUTSIDE_BDRI_SCOPE
Route primaire	N30	1.415	Kankan	0.963	1.000	LIKELY_DUPLICATE
Route tertiaire	NC	1.414	Faranah	0.000	0.111	OUTSIDE_BDRI_SCOPE
Route tertiaire	NC	1.411	Faranah	0.037	0.259	OUTSIDE_BDRI_SCOPE
Route tertiaire	NC	1.406	Faranah	0.000	0.000	LIKELY_LOCAL_ROAD
Route tertiaire	NC	1.406	Kankan	0.000	0.000	LIKELY_LOCAL_ROAD
Route tertiaire	NC	1.404	Kankan	0.000	0.000	LIKELY_LOCAL_ROAD
Route tertiaire	NC	1.403	Kindia	0.033	0.377	OUTSIDE_BDRI_SCOPE
Voie rapide	N3	1.402	Kindia	1.000	1.000	LIKELY_DUPLICATE
Route secondaire	NC	1.402	Nzérékoré	0.000	0.000	POTENTIAL_BDRI_MISSING
Voie rapide	N6	1.399	Kankan	1.000	1.000	LIKELY_DUPLICATE
Route tertiaire	NC	1.398	Nzérékoré	0.071	0.286	OUTSIDE_BDRI_SCOPE
Route tertiaire	NC	1.398	Conakry	0.045	0.591	LIKELY_DUPLICATE
Route tertiaire	NC	1.398	Boké	1.000	1.000	LIKELY_DUPLICATE
Route tertiaire	NC	1.390	Kankan	0.000	0.000	LIKELY_LOCAL_ROAD
Route tertiaire	NC	1.388	Faranah	0.000	0.000	LIKELY_LOCAL_ROAD
Voie rapide	N6	1.388	Kankan	1.000	1.000	LIKELY_DUPLICATE
Route tertiaire	NC	1.381	Kindia	0.148	0.370	OUTSIDE_BDRI_SCOPE
Route tertiaire	KA 004	1.372	Conakry	1.000	1.000	LIKELY_DUPLICATE
Route tertiaire	NC	1.371	Nzérékoré	0.000	0.000	LIKELY_LOCAL_ROAD
Route tertiaire	NC	1.368	Kindia	0.000	0.000	LIKELY_LOCAL_ROAD
Route tertiaire	NC	1.363	Kankan	0.000	0.000	LIKELY_LOCAL_ROAD
Route tertiaire	NC	1.360	Faranah	0.038	0.346	OUTSIDE_BDRI_SCOPE
Route tertiaire	NC	1.359	Mamou	0.029	0.771	LIKELY_DUPLICATE
Route tertiaire	NC	1.356	Kankan	0.000	0.400	OUTSIDE_BDRI_SCOPE
Route primaire	N1	1.354	Nzérékoré	1.000	1.000	LIKELY_DUPLICATE
Route tertiaire	NC	1.350	Faranah	0.000	0.000	LIKELY_LOCAL_ROAD
Route tertiaire	NC	1.349	Kindia	0.000	0.000	LIKELY_LOCAL_ROAD
Route tertiaire	NC	1.345	Boké	0.054	0.270	OUTSIDE_BDRI_SCOPE
Route tertiaire	NC	1.340	Labé	0.048	0.190	OUTSIDE_BDRI_SCOPE
Voie rapide	N1	1.339	Conakry	1.000	1.000	LIKELY_DUPLICATE
Route tertiaire	NC	1.335	Nzérékoré	0.000	0.000	LIKELY_LOCAL_ROAD
Route primaire	N29	1.335	Faranah	1.000	1.000	LIKELY_DUPLICATE
Voie rapide	N1	1.335	Conakry	1.000	1.000	LIKELY_DUPLICATE
Route tertiaire	NC	1.334	Kankan	0.000	0.000	LIKELY_LOCAL_ROAD
Route tertiaire	NC	1.334	Kankan	0.000	0.000	LIKELY_LOCAL_ROAD
Route tertiaire	NC	1.333	Kindia	0.000	0.000	LIKELY_LOCAL_ROAD
Route secondaire	NC	1.332	Boké	0.000	0.000	POTENTIAL_BDRI_MISSING
Route tertiaire	NC	1.332	Kindia	0.125	0.542	LIKELY_DUPLICATE
Route primaire	N24	1.332	Boké	1.000	1.000	LIKELY_DUPLICATE
Route primaire	DI 002	1.324	Conakry	1.000	1.000	LIKELY_DUPLICATE
Route primaire	N10	1.324	Nzérékoré	1.000	1.000	LIKELY_DUPLICATE
Route tertiaire	NC	1.320	Kankan	0.107	0.357	OUTSIDE_BDRI_SCOPE
Route primaire	N8	1.320	Labé	1.000	1.000	LIKELY_DUPLICATE
Voie rapide	N1	1.319	Kindia	0.778	1.000	LIKELY_DUPLICATE
Route tertiaire	NC	1.318	Kindia	0.044	0.622	LIKELY_DUPLICATE
Route tertiaire	NC	1.317	Kankan	0.000	0.000	LIKELY_LOCAL_ROAD
Route tertiaire	NC	1.315	Kindia	0.000	0.000	LIKELY_LOCAL_ROAD
Route primaire	NC	1.314	Kindia	0.000	0.000	POTENTIAL_BDRI_MISSING
Route secondaire	NC	1.314	Faranah	0.000	0.829	LIKELY_DUPLICATE
Route primaire	KA 086	1.314	Conakry	1.000	1.000	LIKELY_DUPLICATE
Route tertiaire	NC	1.312	Faranah	0.000	0.000	LIKELY_LOCAL_ROAD
Route tertiaire	NC	1.311	Nzérékoré	0.000	0.000	LIKELY_LOCAL_ROAD
Route secondaire	NC	1.307	Faranah	0.000	0.259	UNDETERMINED
Route tertiaire	NC	1.303	Labé	0.080	0.320	OUTSIDE_BDRI_SCOPE
Route secondaire	NC	1.302	Nzérékoré	0.000	0.000	POTENTIAL_BDRI_MISSING
Voie rapide	N3	1.301	Kindia	1.000	1.000	LIKELY_DUPLICATE
Route secondaire	NC	1.300	Conakry	0.115	0.192	UNDETERMINED
Route tertiaire	NC	1.298	Labé	0.097	0.484	OUTSIDE_BDRI_SCOPE
Voie rapide	N2	1.295	Nzérékoré	1.000	1.000	LIKELY_DUPLICATE
Voie rapide	N2	1.292	Nzérékoré	1.000	1.000	LIKELY_DUPLICATE
Route tertiaire	NC	1.289	Kindia	0.000	0.000	LIKELY_LOCAL_ROAD
Route primaire	N30	1.287	Kankan	1.000	1.000	LIKELY_DUPLICATE
Route tertiaire	NC	1.286	Kindia	0.000	0.000	LIKELY_LOCAL_ROAD
Route tertiaire	NC	1.285	Kankan	0.000	0.120	OUTSIDE_BDRI_SCOPE
Route tertiaire	NC	1.282	Boké	0.103	0.276	OUTSIDE_BDRI_SCOPE
Route tertiaire	NC	1.282	Nzérékoré	0.000	0.000	LIKELY_LOCAL_ROAD
Route tertiaire	NC	1.281	Nzérékoré	0.000	0.000	LIKELY_LOCAL_ROAD
Voie rapide	N2	1.278	Nzérékoré	1.000	1.000	LIKELY_DUPLICATE
Route tertiaire	NC	1.276	Kindia	0.000	0.000	LIKELY_LOCAL_ROAD
Route tertiaire	NC	1.276	Mamou	0.113	0.451	OUTSIDE_BDRI_SCOPE
Voie rapide	N2	1.274	Faranah	1.000	1.000	LIKELY_DUPLICATE
Route tertiaire	NC	1.274	Boké	0.043	0.304	OUTSIDE_BDRI_SCOPE
Route tertiaire	NC	1.271	Faranah	0.000	0.000	LIKELY_LOCAL_ROAD
Route tertiaire	NC	1.270	Boké	0.053	0.211	OUTSIDE_BDRI_SCOPE
Route primaire	N29	1.267	Faranah	1.000	1.000	LIKELY_DUPLICATE
Route tertiaire	NC	1.266	Faranah	0.000	0.000	LIKELY_LOCAL_ROAD
Route tertiaire	NC	1.263	Conakry	0.000	0.364	OUTSIDE_BDRI_SCOPE
Route tertiaire	NC	1.262	Kankan	0.000	0.000	LIKELY_LOCAL_ROAD
Route tertiaire	NC	1.261	Kankan	0.057	0.868	LIKELY_DUPLICATE
Voie rapide	N1	1.259	Kankan	1.000	1.000	LIKELY_DUPLICATE
Voie rapide	N5	1.258	Labé	0.778	1.000	LIKELY_DUPLICATE
Voie rapide	N2	1.254	Faranah	1.000	1.000	LIKELY_DUPLICATE
Route secondaire	NC	1.253	Kankan	0.000	0.000	POTENTIAL_BDRI_MISSING
Route tertiaire	NC	1.249	Kindia	0.000	0.000	LIKELY_LOCAL_ROAD
Route secondaire	N31	1.247	Faranah	1.000	1.000	LIKELY_DUPLICATE
Route secondaire	NC	1.246	Boké	0.000	0.000	POTENTIAL_BDRI_MISSING
Route tertiaire	NC	1.245	Kindia	0.000	0.000	LIKELY_LOCAL_ROAD
Route tertiaire	NC	1.236	Nzérékoré	0.000	0.000	LIKELY_LOCAL_ROAD
Route tertiaire	NC	1.234	Kindia	0.038	0.462	OUTSIDE_BDRI_SCOPE
Route secondaire	NC	1.234	Kankan	1.000	1.000	LIKELY_DUPLICATE
Route secondaire	NC	1.233	Nzérékoré	0.000	0.000	POTENTIAL_BDRI_MISSING
Route tertiaire	NC	1.232	Nzérékoré	0.050	0.200	OUTSIDE_BDRI_SCOPE
Voie rapide	N2	1.228	Mamou	1.000	1.000	LIKELY_DUPLICATE
Route tertiaire	NC	1.227	Kindia	0.033	0.200	OUTSIDE_BDRI_SCOPE
Route tertiaire	NC	1.226	Kindia	0.000	0.000	LIKELY_LOCAL_ROAD
Route tertiaire	NC	1.225	Kindia	0.000	0.139	OUTSIDE_BDRI_SCOPE
Route primaire	N30	1.221	Faranah	1.000	1.000	LIKELY_DUPLICATE
Voie rapide	N5	1.220	Labé	1.000	1.000	LIKELY_DUPLICATE
Voie rapide	N5	1.220	Labé	0.957	1.000	LIKELY_DUPLICATE
Route tertiaire	NC	1.219	Kindia	0.074	0.630	LIKELY_DUPLICATE
Route tertiaire	NC	1.216	Conakry	0.000	0.000	LIKELY_LOCAL_ROAD
Route tertiaire	NC	1.211	Faranah	0.000	0.000	LIKELY_LOCAL_ROAD
Route tertiaire	NC	1.210	Mamou	0.000	0.000	LIKELY_LOCAL_ROAD
Route tertiaire	NC	1.208	Nzérékoré	0.000	0.000	LIKELY_LOCAL_ROAD
Route tertiaire	NC	1.205	Kankan	0.000	0.467	OUTSIDE_BDRI_SCOPE
Route primaire	NC	1.202	Conakry	0.000	0.000	POTENTIAL_BDRI_MISSING
Route tertiaire	NC	1.202	Nzérékoré	0.029	0.257	OUTSIDE_BDRI_SCOPE
Route primaire	NC	1.200	Conakry	0.000	0.000	POTENTIAL_BDRI_MISSING
Route primaire	NC	1.198	Kindia	1.000	1.000	LIKELY_DUPLICATE
Route tertiaire	NC	1.198	Nzérékoré	0.000	0.190	OUTSIDE_BDRI_SCOPE
Voie rapide	N1	1.194	Conakry	1.000	1.000	LIKELY_DUPLICATE
Route tertiaire	NC	1.194	Faranah	0.000	0.000	LIKELY_LOCAL_ROAD
Route tertiaire	NC	1.193	Nzérékoré	0.050	0.700	LIKELY_DUPLICATE
Route primaire	NC	1.190	Kindia	0.050	0.650	LIKELY_DUPLICATE
Route tertiaire	NC	1.190	Kindia	0.034	0.552	LIKELY_DUPLICATE
Route tertiaire	NC	1.189	Faranah	0.000	0.188	OUTSIDE_BDRI_SCOPE
Route tertiaire	NC	1.189	Mamou	0.000	0.048	LIKELY_LOCAL_ROAD
Route tertiaire	NC	1.188	Kankan	0.000	0.000	LIKELY_LOCAL_ROAD
Voie rapide	N5	1.184	Labé	1.000	1.000	LIKELY_DUPLICATE
Route tertiaire	NC	1.182	Kankan	0.000	0.000	LIKELY_LOCAL_ROAD
Route secondaire	NC	1.181	Nzérékoré	0.000	0.000	POTENTIAL_BDRI_MISSING
Route tertiaire	NC	1.181	Kindia	0.000	0.000	LIKELY_LOCAL_ROAD
Route tertiaire	NC	1.180	Conakry	0.075	0.175	OUTSIDE_BDRI_SCOPE
Route tertiaire	NC	1.180	Kankan	0.000	0.000	LIKELY_LOCAL_ROAD
Route tertiaire	NC	1.179	Nzérékoré	0.000	0.045	LIKELY_LOCAL_ROAD
Route tertiaire	NC	1.176	Kankan	0.000	0.000	LIKELY_LOCAL_ROAD
Route tertiaire	NC	1.175	Nzérékoré	0.000	0.280	OUTSIDE_BDRI_SCOPE
Route tertiaire	NC	1.172	Conakry	0.000	0.000	LIKELY_LOCAL_ROAD
Voie rapide	N5	1.171	Labé	0.867	1.000	LIKELY_DUPLICATE
Route tertiaire	NC	1.163	Kankan	1.000	1.000	LIKELY_DUPLICATE
Route tertiaire	NC	1.162	Nzérékoré	0.050	1.000	LIKELY_DUPLICATE
Route tertiaire	NC	1.160	Conakry	0.000	0.000	LIKELY_LOCAL_ROAD
Voie rapide	N2	1.160	Faranah	1.000	1.000	LIKELY_DUPLICATE
Voie rapide	N1	1.157	Kankan	1.000	1.000	LIKELY_DUPLICATE
Route tertiaire	NC	1.153	Kindia	0.000	0.000	LIKELY_LOCAL_ROAD
Route tertiaire	NC	1.149	Nzérékoré	0.000	0.000	LIKELY_LOCAL_ROAD
Route secondaire	NC	1.149	Kankan	0.000	0.000	POTENTIAL_BDRI_MISSING
Route tertiaire	NC	1.148	Boké	0.037	0.148	OUTSIDE_BDRI_SCOPE
Route tertiaire	NC	1.148	Labé	0.107	0.321	OUTSIDE_BDRI_SCOPE
Route tertiaire	NC	1.148	Nzérékoré	0.000	0.000	LIKELY_LOCAL_ROAD
Route tertiaire	NC	1.147	Kankan	0.100	0.900	LIKELY_DUPLICATE
Voie rapide	N1	1.147	Kankan	1.000	1.000	LIKELY_DUPLICATE
Route tertiaire	NC	1.141	Kankan	0.080	0.760	LIKELY_DUPLICATE
Route secondaire	NC	1.141	Nzérékoré	1.000	1.000	LIKELY_DUPLICATE
Route tertiaire	NC	1.141	Conakry	0.000	0.273	OUTSIDE_BDRI_SCOPE
Route primaire	N24	1.138	Kindia	1.000	1.000	LIKELY_DUPLICATE
Route tertiaire	NC	1.135	Nzérékoré	0.000	0.000	LIKELY_LOCAL_ROAD
Route tertiaire	NC	1.127	Mamou	0.000	0.000	LIKELY_LOCAL_ROAD
Route secondaire	N31	1.125	Kankan	0.381	1.000	LIKELY_DUPLICATE
Route tertiaire	NC	1.125	Labé	0.000	0.000	LIKELY_LOCAL_ROAD
Route primaire	NC	1.123	Boké	1.000	1.000	LIKELY_DUPLICATE
Route tertiaire	NC	1.121	Kankan	0.042	0.292	OUTSIDE_BDRI_SCOPE
Route primaire	N1	1.119	Nzérékoré	1.000	1.000	LIKELY_DUPLICATE
Route tertiaire	NC	1.119	Nzérékoré	0.034	0.241	OUTSIDE_BDRI_SCOPE
Route primaire	NC	1.116	Conakry	0.000	0.000	POTENTIAL_BDRI_MISSING
Route secondaire	NC	1.115	Conakry	0.049	0.805	LIKELY_DUPLICATE
Voie rapide	N2	1.112	Nzérékoré	1.000	1.000	LIKELY_DUPLICATE
Route tertiaire	NC	1.111	Labé	0.000	0.000	LIKELY_LOCAL_ROAD
Voie rapide	N6	1.110	Kankan	1.000	1.000	LIKELY_DUPLICATE
Route secondaire	NC	1.109	Kankan	1.000	1.000	LIKELY_DUPLICATE
Route secondaire	NC	1.108	Labé	1.000	1.000	LIKELY_DUPLICATE
Route secondaire	NC	1.105	Kankan	0.905	1.000	LIKELY_DUPLICATE
Voie rapide	N6	1.103	Kankan	1.000	1.000	LIKELY_DUPLICATE
Route primaire	N33	1.101	Kankan	1.000	1.000	LIKELY_DUPLICATE
Route tertiaire	NC	1.100	Boké	0.000	0.000	LIKELY_LOCAL_ROAD
Route primaire	NC	1.100	Boké	1.000	1.000	LIKELY_DUPLICATE
Route tertiaire	NC	1.096	Nzérékoré	0.000	0.263	OUTSIDE_BDRI_SCOPE
Route tertiaire	NC	1.096	Kindia	0.000	0.150	OUTSIDE_BDRI_SCOPE
Route secondaire	NC	1.095	Kindia	0.077	0.769	LIKELY_DUPLICATE
Route tertiaire	NC	1.093	Kankan	0.000	0.000	LIKELY_LOCAL_ROAD
Route tertiaire	NC	1.093	Nzérékoré	0.000	0.000	LIKELY_LOCAL_ROAD
Voie rapide	N5	1.090	Labé	1.000	1.000	LIKELY_DUPLICATE
Route secondaire	NC	1.089	Kindia	0.036	0.643	LIKELY_DUPLICATE
Route secondaire	NC	1.089	Conakry	0.000	0.227	UNDETERMINED
Route primaire	NC	1.085	Nzérékoré	0.000	0.111	UNDETERMINED
Voie rapide	N5	1.083	Mamou	1.000	1.000	LIKELY_DUPLICATE
Route secondaire	NC	1.080	Nzérékoré	0.360	0.720	LIKELY_DUPLICATE
Route tertiaire	NC	1.079	Boké	0.083	0.292	OUTSIDE_BDRI_SCOPE
Route tertiaire	NC	1.078	Kankan	0.053	0.263	OUTSIDE_BDRI_SCOPE
Route tertiaire	NC	1.077	Boké	0.000	0.250	OUTSIDE_BDRI_SCOPE
Route tertiaire	NC	1.077	Conakry	0.000	0.000	LIKELY_LOCAL_ROAD
Route primaire	KA 086	1.076	Conakry	1.000	1.000	LIKELY_DUPLICATE
Voie rapide	N1	1.070	Mamou	1.000	1.000	LIKELY_DUPLICATE
Route tertiaire	NC	1.069	Kankan	0.000	0.000	LIKELY_LOCAL_ROAD
Voie rapide	N1	1.067	Conakry	0.906	1.000	LIKELY_DUPLICATE
Route primaire	N27	1.066	Labé	1.000	1.000	LIKELY_DUPLICATE
Route secondaire	NC	1.065	Conakry	0.040	1.000	LIKELY_DUPLICATE
Voie rapide	N6	1.064	Kankan	1.000	1.000	LIKELY_DUPLICATE
Route tertiaire	NC	1.063	Kankan	0.000	0.000	LIKELY_LOCAL_ROAD
Route tertiaire	NC	1.061	Nzérékoré	0.050	0.700	LIKELY_DUPLICATE
Route tertiaire	NC	1.058	Kankan	0.000	0.000	LIKELY_LOCAL_ROAD
Route tertiaire	NC	1.057	Kindia	0.037	0.222	OUTSIDE_BDRI_SCOPE
Route tertiaire	NC	1.057	Boké	0.000	0.625	LIKELY_DUPLICATE
Route tertiaire	NC	1.057	Conakry	0.192	1.000	LIKELY_DUPLICATE
Voie rapide	N2	1.053	Faranah	1.000	1.000	LIKELY_DUPLICATE
Route secondaire	N31	1.052	Faranah	1.000	1.000	LIKELY_DUPLICATE
Voie rapide	N2	1.052	Faranah	0.708	1.000	LIKELY_DUPLICATE
Voie rapide	N2	1.051	Nzérékoré	1.000	1.000	LIKELY_DUPLICATE
Route tertiaire	NC	1.051	Nzérékoré	0.000	0.000	LIKELY_LOCAL_ROAD
Route tertiaire	N4	1.050	Kindia	1.000	1.000	LIKELY_DUPLICATE
Route tertiaire	NC	1.048	Nzérékoré	0.000	0.000	LIKELY_LOCAL_ROAD
Route primaire	N30	1.047	Kankan	1.000	1.000	LIKELY_DUPLICATE
Route tertiaire	NC	1.047	Kindia	0.000	0.000	LIKELY_LOCAL_ROAD
Route tertiaire	NC	1.046	Kindia	0.000	0.000	LIKELY_LOCAL_ROAD
Route secondaire	NC	1.046	Kankan	1.000	1.000	LIKELY_DUPLICATE
Route secondaire	NC	1.041	Labé	0.900	1.000	LIKELY_DUPLICATE
Route tertiaire	NC	1.038	Labé	0.176	1.000	LIKELY_DUPLICATE
Voie rapide	N1	1.037	Faranah	1.000	1.000	LIKELY_DUPLICATE
Route tertiaire	NC	1.037	Boké	0.133	1.000	LIKELY_DUPLICATE
Voie rapide	N1	1.037	Faranah	1.000	1.000	LIKELY_DUPLICATE
Route secondaire	NC	1.037	Kankan	0.000	0.000	POTENTIAL_BDRI_MISSING
Route tertiaire	NC	1.033	Kankan	0.000	0.000	LIKELY_LOCAL_ROAD
Route tertiaire	NC	1.032	Kindia	0.000	0.000	LIKELY_LOCAL_ROAD
Route tertiaire	NC	1.030	Kindia	0.000	0.000	LIKELY_LOCAL_ROAD
Route tertiaire	NC	1.029	Faranah	0.217	1.000	LIKELY_DUPLICATE
Route secondaire	NC	1.029	Faranah	0.091	0.818	LIKELY_DUPLICATE
Route secondaire	NC	1.028	Boké	0.000	0.583	LIKELY_DUPLICATE
Route tertiaire	NC	1.025	Nzérékoré	0.063	0.688	LIKELY_DUPLICATE
Route secondaire	N31	1.023	Faranah	1.000	1.000	LIKELY_DUPLICATE
Voie rapide	N2	1.020	Faranah	1.000	1.000	LIKELY_DUPLICATE
Route primaire	MA. 006	1.019	Conakry	1.000	1.000	LIKELY_DUPLICATE
Route tertiaire	NC	1.018	Labé	0.037	0.185	OUTSIDE_BDRI_SCOPE
Route secondaire	KA 094	1.016	Conakry	1.000	1.000	LIKELY_DUPLICATE
Route tertiaire	NC	1.015	Faranah	0.000	0.000	LIKELY_LOCAL_ROAD
Route primaire	N30	1.013	Faranah	1.000	1.000	LIKELY_DUPLICATE
Route primaire	N30	1.011	Faranah	1.000	1.000	LIKELY_DUPLICATE
Voie rapide	N3	1.011	Boké	1.000	1.000	LIKELY_DUPLICATE
Route tertiaire	NC	1.009	Kindia	0.000	0.000	LIKELY_LOCAL_ROAD
Route tertiaire	NC	1.008	Kankan	0.000	0.400	OUTSIDE_BDRI_SCOPE
Route tertiaire	NC	1.007	Boké	0.000	0.000	LIKELY_LOCAL_ROAD
Route tertiaire	NC	1.006	Kankan	0.000	0.000	LIKELY_LOCAL_ROAD
Voie rapide	N1	1.006	Nzérékoré	1.000	1.000	LIKELY_DUPLICATE
Route tertiaire	NC	1.005	Kindia	0.000	0.000	LIKELY_LOCAL_ROAD
Route tertiaire	NC	1.004	Faranah	0.000	0.000	LIKELY_LOCAL_ROAD
Route tertiaire	NC	1.004	Faranah	0.000	0.000	LIKELY_LOCAL_ROAD
Route primaire	NC	1.003	Conakry	0.000	0.000	POTENTIAL_BDRI_MISSING
Route secondaire	NC	1.001	Nzérékoré	0.091	1.000	LIKELY_DUPLICATE
Route tertiaire	NC	1.001	Faranah	0.000	0.000	LIKELY_LOCAL_ROAD
Route tertiaire	NC	1.000	Nzérékoré	0.080	0.320	OUTSIDE_BDRI_SCOPE
Route primaire	NC	0.998	Kindia	0.000	0.000	POTENTIAL_BDRI_MISSING
Voie rapide	N1	0.997	Conakry	0.826	1.000	LIKELY_DUPLICATE
Route tertiaire	NC	0.995	Kindia	0.000	0.000	LIKELY_LOCAL_ROAD
Route tertiaire	NC	0.995	Kindia	0.000	0.000	LIKELY_LOCAL_ROAD
Route secondaire	NC	0.993	Faranah	0.048	1.000	LIKELY_DUPLICATE
Route tertiaire	NC	0.991	Nzérékoré	0.000	0.188	OUTSIDE_BDRI_SCOPE
Route tertiaire	NC	0.987	Mamou	0.067	0.933	LIKELY_DUPLICATE
Voie rapide	N1	0.986	Conakry	1.000	1.000	LIKELY_DUPLICATE
Route primaire	NC	0.986	Faranah	0.000	0.000	POTENTIAL_BDRI_MISSING
Route primaire	N27	0.985	Labé	1.000	1.000	LIKELY_DUPLICATE
Route tertiaire	NC	0.985	Mamou	0.000	0.000	LIKELY_LOCAL_ROAD
Route tertiaire	NC	0.984	Kindia	0.000	0.095	LIKELY_LOCAL_ROAD
Route secondaire	N31	0.984	Kankan	0.316	1.000	LIKELY_DUPLICATE
Route tertiaire	NC	0.982	Nzérékoré	1.000	1.000	LIKELY_DUPLICATE
Route tertiaire	NC	0.979	Nzérékoré	0.000	0.286	OUTSIDE_BDRI_SCOPE
Voie rapide	N1	0.972	Kankan	1.000	1.000	LIKELY_DUPLICATE
Route tertiaire	NC	0.968	Boké	0.000	0.000	LIKELY_LOCAL_ROAD
Voie rapide	N2	0.967	Nzérékoré	1.000	1.000	LIKELY_DUPLICATE
Route tertiaire	NC	0.961	Kankan	0.000	0.000	LIKELY_LOCAL_ROAD
Route tertiaire	NC	0.956	Labé	0.021	0.208	OUTSIDE_BDRI_SCOPE
Route tertiaire	NC	0.954	Nzérékoré	0.000	0.000	LIKELY_LOCAL_ROAD
Voie rapide	N1	0.953	Kankan	1.000	1.000	LIKELY_DUPLICATE
Route tertiaire	NC	0.952	Nzérékoré	0.000	0.000	LIKELY_LOCAL_ROAD
Route secondaire	NC	0.950	Nzérékoré	0.000	0.000	POTENTIAL_BDRI_MISSING
Route tertiaire	NC	0.950	Kindia	0.000	0.000	LIKELY_LOCAL_ROAD
Route tertiaire	NC	0.948	Kankan	0.000	0.421	OUTSIDE_BDRI_SCOPE
Route primaire	N33	0.944	Kankan	1.000	1.000	LIKELY_DUPLICATE
Route tertiaire	NC	0.942	Nzérékoré	0.467	1.000	LIKELY_DUPLICATE
Voie rapide	N1	0.938	Nzérékoré	1.000	1.000	LIKELY_DUPLICATE
Route primaire	N10	0.937	Nzérékoré	1.000	1.000	LIKELY_DUPLICATE
Route tertiaire	NC	0.933	Kankan	0.182	1.000	LIKELY_DUPLICATE
Route tertiaire	NC	0.932	Conakry	0.080	0.280	OUTSIDE_BDRI_SCOPE
Voie rapide	N6	0.928	Faranah	1.000	1.000	LIKELY_DUPLICATE
Route primaire	NC	0.926	Kindia	0.000	0.000	POTENTIAL_BDRI_MISSING
Route tertiaire	NC	0.926	Faranah	0.000	0.000	LIKELY_LOCAL_ROAD
Voie rapide	N1	0.925	Kindia	1.000	1.000	LIKELY_DUPLICATE
Route tertiaire	NC	0.925	Faranah	0.000	0.828	LIKELY_DUPLICATE
Route primaire	NC	0.924	Nzérékoré	0.000	0.190	UNDETERMINED
Route tertiaire	NC	0.923	Kindia	0.111	0.611	LIKELY_DUPLICATE
Route secondaire	NC	0.922	Kindia	0.000	0.000	POTENTIAL_BDRI_MISSING
Route tertiaire	NC	0.919	Boké	0.000	0.000	LIKELY_LOCAL_ROAD
Voie rapide	N5	0.916	Labé	1.000	1.000	LIKELY_DUPLICATE
Route tertiaire	NC	0.914	Nzérékoré	0.000	0.000	LIKELY_LOCAL_ROAD
Route tertiaire	NC	0.913	Nzérékoré	0.000	0.000	LIKELY_LOCAL_ROAD
Route tertiaire	N25	0.910	Mamou	1.000	1.000	LIKELY_DUPLICATE
Route tertiaire	NC	0.908	Kindia	0.000	0.000	LIKELY_LOCAL_ROAD
Route tertiaire	NC	0.907	Nzérékoré	0.063	0.250	OUTSIDE_BDRI_SCOPE
Route tertiaire	NC	0.903	Kankan	0.000	0.000	LIKELY_LOCAL_ROAD
Route primaire	NC	0.901	Kindia	0.000	0.000	POTENTIAL_BDRI_MISSING
Voie rapide	N3	0.897	Kindia	1.000	1.000	LIKELY_DUPLICATE
Voie rapide	N3	0.897	Kindia	1.000	1.000	LIKELY_DUPLICATE
Route tertiaire	NC	0.897	Kankan	0.071	0.357	OUTSIDE_BDRI_SCOPE
Voie rapide	N1	0.896	Kankan	1.000	1.000	LIKELY_DUPLICATE
Route tertiaire	NC	0.896	Labé	0.477	0.977	LIKELY_DUPLICATE
Route tertiaire	NC	0.895	Mamou	0.063	0.375	OUTSIDE_BDRI_SCOPE
Route tertiaire	NC	0.895	Conakry	0.048	0.286	OUTSIDE_BDRI_SCOPE
Route tertiaire	NC	0.893	Conakry	0.000	0.000	LIKELY_LOCAL_ROAD
Route tertiaire	NC	0.890	Conakry	0.000	0.000	LIKELY_LOCAL_ROAD
Route secondaire	N31	0.886	Kankan	1.000	1.000	LIKELY_DUPLICATE
Route tertiaire	NC	0.885	Nzérékoré	0.000	0.115	OUTSIDE_BDRI_SCOPE
Route secondaire	NC	0.884	Labé	0.125	0.313	UNDETERMINED
Route tertiaire	NC	0.883	Conakry	1.000	1.000	LIKELY_DUPLICATE
Route tertiaire	NC	0.880	Kankan	0.036	1.000	LIKELY_DUPLICATE
Route tertiaire	NC	0.877	Nzérékoré	0.000	0.000	LIKELY_LOCAL_ROAD
Route tertiaire	NC	0.876	Faranah	0.000	0.000	LIKELY_LOCAL_ROAD
Route tertiaire	NC	0.874	Conakry	0.045	0.909	LIKELY_DUPLICATE
Route tertiaire	NC	0.873	Labé	0.222	0.611	LIKELY_DUPLICATE
Route tertiaire	NC	0.870	Boké	0.050	0.350	OUTSIDE_BDRI_SCOPE
Route tertiaire	NC	0.869	Kankan	0.000	0.000	LIKELY_LOCAL_ROAD
Voie rapide	N6	0.866	Faranah	1.000	1.000	LIKELY_DUPLICATE
Route secondaire	NC	0.866	Kankan	0.133	0.733	LIKELY_DUPLICATE
Voie rapide	N1	0.865	Kankan	1.000	1.000	LIKELY_DUPLICATE
Route tertiaire	NC	0.862	Kindia	0.000	0.000	LIKELY_LOCAL_ROAD
Route primaire	N30	0.861	Faranah	1.000	1.000	LIKELY_DUPLICATE
Route primaire	NC	0.858	Nzérékoré	0.000	0.000	POTENTIAL_BDRI_MISSING
Route tertiaire	NC	0.858	Mamou	0.000	0.000	LIKELY_LOCAL_ROAD
Route tertiaire	NC	0.856	Nzérékoré	0.000	0.000	LIKELY_LOCAL_ROAD
Route secondaire	NC	0.856	Faranah	0.000	0.000	POTENTIAL_BDRI_MISSING
Route tertiaire	NC	0.850	Kindia	0.000	0.000	LIKELY_LOCAL_ROAD
Route secondaire	NC	0.844	Nzérékoré	0.000	0.579	LIKELY_DUPLICATE
Route tertiaire	NC	0.842	Conakry	0.000	0.294	OUTSIDE_BDRI_SCOPE
Route tertiaire	NC	0.842	Mamou	0.000	0.000	LIKELY_LOCAL_ROAD
Route secondaire	NC	0.841	Kindia	0.238	1.000	LIKELY_DUPLICATE
Route tertiaire	NC	0.841	Faranah	0.000	0.000	LIKELY_LOCAL_ROAD
Route tertiaire	NC	0.841	Kankan	0.000	0.000	LIKELY_LOCAL_ROAD
Voie rapide	N3	0.841	Kindia	1.000	1.000	LIKELY_DUPLICATE
Route tertiaire	NC	0.840	Labé	0.000	0.000	LIKELY_LOCAL_ROAD
Route tertiaire	NC	0.840	Kankan	0.043	0.348	OUTSIDE_BDRI_SCOPE
Route tertiaire	NC	0.838	Conakry	0.000	0.000	LIKELY_LOCAL_ROAD
Voie rapide	N2	0.838	Faranah	1.000	1.000	LIKELY_DUPLICATE
Route primaire	N1	0.836	Nzérékoré	1.000	1.000	LIKELY_DUPLICATE
Route tertiaire	NC	0.836	Conakry	1.000	1.000	LIKELY_DUPLICATE
Voie rapide	N5	0.835	Boké	1.000	1.000	LIKELY_DUPLICATE
Route tertiaire	NC	0.834	Kindia	0.107	0.679	LIKELY_DUPLICATE
Voie rapide	N6	0.832	Kankan	1.000	1.000	LIKELY_DUPLICATE
Route tertiaire	NC	0.832	Conakry	0.231	0.923	LIKELY_DUPLICATE
Route secondaire	NC	0.830	Nzérékoré	0.000	0.000	POTENTIAL_BDRI_MISSING
Route tertiaire	NC	0.827	Boké	0.000	0.000	LIKELY_LOCAL_ROAD
Route primaire	NC	0.827	Faranah	0.056	1.000	LIKELY_DUPLICATE
Route primaire	NC	0.824	Kindia	0.000	0.000	POTENTIAL_BDRI_MISSING
Route tertiaire	NC	0.824	Mamou	0.000	0.000	LIKELY_LOCAL_ROAD
Route tertiaire	NC	0.823	Kindia	0.000	0.000	LIKELY_LOCAL_ROAD
Route tertiaire	NC	0.821	Kindia	0.063	0.313	OUTSIDE_BDRI_SCOPE
Route tertiaire	NC	0.819	Nzérékoré	0.000	0.000	LIKELY_LOCAL_ROAD
Voie rapide	N5	0.818	Mamou	1.000	1.000	LIKELY_DUPLICATE
Route secondaire	NC	0.818	Nzérékoré	0.273	0.727	LIKELY_DUPLICATE
Route tertiaire	NC	0.817	Conakry	0.000	0.000	LIKELY_LOCAL_ROAD
Route tertiaire	NC	0.817	Kankan	0.000	0.000	LIKELY_LOCAL_ROAD
Route tertiaire	KA. 050	0.817	Conakry	1.000	1.000	LIKELY_DUPLICATE
Route tertiaire	NC	0.814	Faranah	0.000	0.000	LIKELY_LOCAL_ROAD
Route tertiaire	NC	0.814	Faranah	0.000	1.000	LIKELY_DUPLICATE
Route tertiaire	NC	0.813	Conakry	0.000	0.000	LIKELY_LOCAL_ROAD
Route tertiaire	NC	0.812	Kankan	0.077	1.000	LIKELY_DUPLICATE
Route tertiaire	NC	0.808	Kindia	0.000	0.000	LIKELY_LOCAL_ROAD
Route tertiaire	NC	0.807	Mamou	0.000	0.000	LIKELY_LOCAL_ROAD
Route secondaire	N27	0.804	Faranah	1.000	1.000	LIKELY_DUPLICATE
Route secondaire	NC	0.803	Nzérékoré	0.000	0.000	POTENTIAL_BDRI_MISSING
Route primaire	N24	0.802	Kindia	1.000	1.000	LIKELY_DUPLICATE
Route tertiaire	NC	0.802	Labé	0.118	0.941	LIKELY_DUPLICATE
Route tertiaire	N22	0.795	Mamou	1.000	1.000	LIKELY_DUPLICATE
Route tertiaire	NC	0.794	Kankan	0.000	0.000	LIKELY_LOCAL_ROAD
Voie rapide	N1	0.794	Faranah	1.000	1.000	LIKELY_DUPLICATE
Route tertiaire	NC	0.794	Kankan	0.000	0.188	OUTSIDE_BDRI_SCOPE
Route tertiaire	NC	0.792	Kindia	0.000	0.000	LIKELY_LOCAL_ROAD
Route primaire	NC	0.791	Nzérékoré	0.000	0.800	LIKELY_DUPLICATE
Voie rapide	N2	0.790	Nzérékoré	1.000	1.000	LIKELY_DUPLICATE
Route secondaire	NC	0.789	Boké	0.071	0.500	LIKELY_DUPLICATE
Route secondaire	NC	0.789	Nzérékoré	0.000	0.000	POTENTIAL_BDRI_MISSING
Route tertiaire	NC	0.789	Kindia	0.067	0.400	OUTSIDE_BDRI_SCOPE
Route tertiaire	NC	0.786	Kankan	0.071	0.571	LIKELY_DUPLICATE
Route tertiaire	NC	0.785	Faranah	0.500	1.000	LIKELY_DUPLICATE
Route tertiaire	NC	0.784	Conakry	0.000	0.000	LIKELY_LOCAL_ROAD
Route tertiaire	NC	0.784	Kankan	0.143	0.429	OUTSIDE_BDRI_SCOPE
Voie rapide	N5	0.783	Mamou	1.000	1.000	LIKELY_DUPLICATE
Voie rapide	N1	0.781	Conakry	1.000	1.000	LIKELY_DUPLICATE
Route tertiaire	NC	0.781	Kankan	0.000	0.000	LIKELY_LOCAL_ROAD
Route tertiaire	NC	0.781	Kankan	0.000	0.000	LIKELY_LOCAL_ROAD
Route tertiaire	NC	0.781	Labé	0.059	0.294	OUTSIDE_BDRI_SCOPE
Route tertiaire	NC	0.779	Labé	0.409	1.000	LIKELY_DUPLICATE
Voie rapide	N1	0.779	Conakry	1.000	1.000	LIKELY_DUPLICATE
Route tertiaire	NC	0.778	Kankan	0.000	0.000	LIKELY_LOCAL_ROAD
Route tertiaire	N4	0.778	Kindia	1.000	1.000	LIKELY_DUPLICATE
Route tertiaire	NC	0.778	Nzérékoré	0.000	0.000	LIKELY_LOCAL_ROAD
Route tertiaire	N15	0.778	Faranah	1.000	1.000	LIKELY_DUPLICATE
Route tertiaire	NC	0.776	Kindia	0.071	0.429	OUTSIDE_BDRI_SCOPE
Voie rapide	N2	0.775	Faranah	1.000	1.000	LIKELY_DUPLICATE
Route tertiaire	NC	0.775	Kindia	0.107	0.464	OUTSIDE_BDRI_SCOPE
Route tertiaire	NC	0.774	Nzérékoré	0.000	0.000	LIKELY_LOCAL_ROAD
Route secondaire	NC	0.774	Mamou	1.000	1.000	LIKELY_DUPLICATE
Route tertiaire	NC	0.773	Nzérékoré	0.000	0.000	LIKELY_LOCAL_ROAD
Route primaire	MA 006	0.772	Conakry	1.000	1.000	LIKELY_DUPLICATE
Route tertiaire	NC	0.772	Kankan	0.000	0.077	LIKELY_LOCAL_ROAD
Route tertiaire	NC	0.772	Kindia	0.000	0.000	LIKELY_LOCAL_ROAD
Route tertiaire	NC	0.768	Kindia	0.438	1.000	LIKELY_DUPLICATE
Route tertiaire	NC	0.768	Conakry	0.053	0.421	OUTSIDE_BDRI_SCOPE
Route tertiaire	NC	0.767	Faranah	0.000	0.000	LIKELY_LOCAL_ROAD
Route secondaire	NC	0.767	Nzérékoré	0.000	0.200	UNDETERMINED
Route tertiaire	NC	0.766	Nzérékoré	0.000	0.000	LIKELY_LOCAL_ROAD
Route tertiaire	NC	0.765	Kindia	0.000	0.000	LIKELY_LOCAL_ROAD
Route secondaire	NC	0.765	Faranah	0.000	0.000	POTENTIAL_BDRI_MISSING
Voie rapide	N2	0.764	Nzérékoré	1.000	1.000	LIKELY_DUPLICATE
Route tertiaire	NC	0.764	Kindia	0.000	0.400	OUTSIDE_BDRI_SCOPE
Route tertiaire	NC	0.763	Kankan	0.000	0.000	LIKELY_LOCAL_ROAD
Route tertiaire	NC	0.763	Labé	0.000	0.000	LIKELY_LOCAL_ROAD
Voie rapide	N2	0.759	Nzérékoré	1.000	1.000	LIKELY_DUPLICATE
Route tertiaire	NC	0.758	Faranah	0.000	0.000	LIKELY_LOCAL_ROAD
Route tertiaire	NC	0.758	Nzérékoré	0.000	0.000	LIKELY_LOCAL_ROAD
Route tertiaire	NC	0.755	Nzérékoré	0.000	0.000	LIKELY_LOCAL_ROAD
Route tertiaire	NC	0.754	Kindia	0.000	0.000	LIKELY_LOCAL_ROAD
Route tertiaire	NC	0.752	Kindia	0.000	0.000	LIKELY_LOCAL_ROAD
Route tertiaire	NC	0.751	Kindia	0.000	0.000	LIKELY_LOCAL_ROAD
Route tertiaire	NC	0.749	Conakry	0.000	0.000	LIKELY_LOCAL_ROAD
Route tertiaire	NC	0.749	Nzérékoré	0.000	0.125	OUTSIDE_BDRI_SCOPE
Route primaire	N33	0.748	Kankan	1.000	1.000	LIKELY_DUPLICATE
Route tertiaire	NC	0.746	Kindia	0.000	0.000	LIKELY_LOCAL_ROAD
Route tertiaire	NC	0.746	Labé	0.067	0.333	OUTSIDE_BDRI_SCOPE
Voie rapide	N1	0.743	Kankan	1.000	1.000	LIKELY_DUPLICATE
Voie rapide	N2	0.743	Faranah	1.000	1.000	LIKELY_DUPLICATE
Route secondaire	NC	0.740	Nzérékoré	0.048	0.619	LIKELY_DUPLICATE
Route tertiaire	NC	0.739	Kankan	0.143	0.857	LIKELY_DUPLICATE
Route tertiaire	NC	0.739	Kindia	0.000	0.000	LIKELY_LOCAL_ROAD
Voie rapide	NC	0.739	Kankan	1.000	1.000	LIKELY_DUPLICATE
Route tertiaire	NC	0.736	Kankan	0.000	0.538	LIKELY_DUPLICATE
Route tertiaire	NC	0.736	Kankan	0.118	0.471	OUTSIDE_BDRI_SCOPE
Route tertiaire	NC	0.735	Faranah	0.000	0.000	LIKELY_LOCAL_ROAD
Route primaire	N33	0.734	Kankan	1.000	1.000	LIKELY_DUPLICATE
Route secondaire	NC	0.733	Labé	0.000	1.000	LIKELY_DUPLICATE
Route tertiaire	NC	0.732	Labé	0.000	0.000	LIKELY_LOCAL_ROAD
Route tertiaire	NC	0.732	Kankan	0.000	0.000	LIKELY_LOCAL_ROAD
Route tertiaire	NC	0.731	Kankan	0.000	0.364	OUTSIDE_BDRI_SCOPE
Route secondaire	NC	0.730	Kindia	1.000	1.000	LIKELY_DUPLICATE
Route tertiaire	NC	0.728	Conakry	0.000	1.000	LIKELY_DUPLICATE
Route tertiaire	NC	0.728	Mamou	0.000	1.000	LIKELY_DUPLICATE
Route tertiaire	NC	0.725	Conakry	0.000	0.000	LIKELY_LOCAL_ROAD
Route secondaire	NC	0.722	Nzérékoré	0.000	0.000	POTENTIAL_BDRI_MISSING
Route tertiaire	NC	0.719	Boké	0.154	0.462	OUTSIDE_BDRI_SCOPE
Route tertiaire	NC	0.718	Nzérékoré	0.250	0.750	LIKELY_DUPLICATE
Route tertiaire	NC	0.718	Mamou	0.000	0.412	OUTSIDE_BDRI_SCOPE
Route secondaire	NC	0.716	Kankan	0.000	0.462	UNDETERMINED
Route tertiaire	NC	0.716	Nzérékoré	0.098	0.784	LIKELY_DUPLICATE
Route secondaire	NC	0.715	Kankan	0.000	0.000	POTENTIAL_BDRI_MISSING
Route tertiaire	NC	0.715	Kankan	0.000	0.667	LIKELY_DUPLICATE
Voie rapide	N1	0.714	Conakry	1.000	1.000	LIKELY_DUPLICATE
Route primaire	NC	0.713	Kindia	0.000	0.000	POTENTIAL_BDRI_MISSING
Route tertiaire	NC	0.712	Mamou	0.000	0.231	OUTSIDE_BDRI_SCOPE
Route tertiaire	NC	0.712	Mamou	0.000	0.000	LIKELY_LOCAL_ROAD
Voie rapide	N1	0.711	Kankan	1.000	1.000	LIKELY_DUPLICATE
Route tertiaire	NC	0.709	Faranah	0.000	0.400	OUTSIDE_BDRI_SCOPE
Route tertiaire	NC	0.709	Boké	0.038	0.923	LIKELY_DUPLICATE
Route tertiaire	NC	0.708	Conakry	0.000	0.000	LIKELY_LOCAL_ROAD
Route tertiaire	NC	0.708	Kankan	0.000	0.000	LIKELY_LOCAL_ROAD
Route tertiaire	NC	0.702	Nzérékoré	0.000	0.250	OUTSIDE_BDRI_SCOPE
Route secondaire	NC	0.702	Nzérékoré	0.000	0.000	POTENTIAL_BDRI_MISSING
Route secondaire	NC	0.701	Nzérékoré	0.067	0.533	LIKELY_DUPLICATE
Route tertiaire	NC	0.700	Kankan	0.063	0.313	OUTSIDE_BDRI_SCOPE
Route tertiaire	NC	0.700	Boké	0.000	0.000	LIKELY_LOCAL_ROAD
Route tertiaire	N15	0.699	Faranah	0.143	0.786	LIKELY_DUPLICATE
Route secondaire	NC	0.698	Kankan	1.000	1.000	LIKELY_DUPLICATE
Route tertiaire	NC	0.694	Kindia	0.067	0.500	LIKELY_DUPLICATE
Route tertiaire	NC	0.693	Nzérékoré	0.071	0.714	LIKELY_DUPLICATE
Route tertiaire	NC	0.692	Nzérékoré	0.000	0.000	LIKELY_LOCAL_ROAD
Route tertiaire	NC	0.692	Boké	0.000	0.000	LIKELY_LOCAL_ROAD
Route tertiaire	NC	0.690	Labé	0.133	0.467	OUTSIDE_BDRI_SCOPE
Route tertiaire	NC	0.689	Labé	0.000	0.000	LIKELY_LOCAL_ROAD
Route tertiaire	NC	0.687	Kankan	0.000	0.000	LIKELY_LOCAL_ROAD
Route tertiaire	NC	0.685	Conakry	0.000	0.000	LIKELY_LOCAL_ROAD
Route tertiaire	NC	0.685	Kankan	0.083	0.583	LIKELY_DUPLICATE
Route tertiaire	NC	0.684	Nzérékoré	0.000	0.000	LIKELY_LOCAL_ROAD
Voie rapide	N1	0.684	Kankan	1.000	1.000	LIKELY_DUPLICATE
Route tertiaire	NC	0.684	Nzérékoré	0.000	0.000	LIKELY_LOCAL_ROAD
Route tertiaire	NC	0.681	Labé	1.000	1.000	LIKELY_DUPLICATE
Route primaire	NC	0.681	Conakry	0.000	0.000	POTENTIAL_BDRI_MISSING
Route tertiaire	NC	0.680	Conakry	0.048	0.667	LIKELY_DUPLICATE
Route tertiaire	NC	0.680	Kankan	0.000	0.000	LIKELY_LOCAL_ROAD
Route tertiaire	NC	0.680	Kankan	1.000	1.000	LIKELY_DUPLICATE
Route tertiaire	NC	0.678	Conakry	0.150	0.550	LIKELY_DUPLICATE
Route secondaire	NC	0.676	Faranah	0.000	0.000	POTENTIAL_BDRI_MISSING
Route tertiaire	NC	0.676	Kindia	0.000	0.000	LIKELY_LOCAL_ROAD
Route tertiaire	NC	0.675	Kankan	0.077	0.385	OUTSIDE_BDRI_SCOPE
Route secondaire	DI 256	0.673	Conakry	1.000	1.000	LIKELY_DUPLICATE
Route tertiaire	NC	0.672	Nzérékoré	0.000	0.750	LIKELY_DUPLICATE
Route secondaire	NC	0.671	Conakry	0.071	0.857	LIKELY_DUPLICATE
Route tertiaire	NC	0.671	Kindia	0.000	0.000	LIKELY_LOCAL_ROAD
Voie rapide	N1	0.670	Conakry	1.000	1.000	LIKELY_DUPLICATE
Route tertiaire	NC	0.669	Kankan	0.000	0.000	LIKELY_LOCAL_ROAD
Route tertiaire	NC	0.668	Kankan	0.000	0.000	LIKELY_LOCAL_ROAD
Route tertiaire	NC	0.668	Kankan	0.000	0.000	LIKELY_LOCAL_ROAD
Route tertiaire	NC	0.667	Kindia	0.000	0.000	LIKELY_LOCAL_ROAD
Route tertiaire	NC	0.666	Kankan	0.071	1.000	LIKELY_DUPLICATE
Route tertiaire	NC	0.665	Conakry	0.000	0.400	OUTSIDE_BDRI_SCOPE
Route tertiaire	NC	0.665	Kindia	0.000	0.200	OUTSIDE_BDRI_SCOPE
Route tertiaire	NC	0.663	Kankan	0.000	0.321	OUTSIDE_BDRI_SCOPE
Voie rapide	N1	0.662	Conakry	1.000	1.000	LIKELY_DUPLICATE
Route tertiaire	NC	0.659	Labé	0.083	0.500	LIKELY_DUPLICATE
Route tertiaire	NC	0.658	Labé	0.000	0.000	LIKELY_LOCAL_ROAD
Route tertiaire	NC	0.658	Kankan	0.000	0.000	LIKELY_LOCAL_ROAD
Route tertiaire	NC	0.658	Nzérékoré	0.000	0.000	LIKELY_LOCAL_ROAD
Route primaire	NC	0.656	Conakry	0.000	0.000	POTENTIAL_BDRI_MISSING
Route secondaire	NC	0.655	Kankan	0.083	0.583	LIKELY_DUPLICATE
Route tertiaire	NC	0.654	Faranah	0.000	0.000	LIKELY_LOCAL_ROAD
Route tertiaire	NC	0.654	Kindia	0.125	1.000	LIKELY_DUPLICATE
Route tertiaire	NC	0.654	Conakry	0.250	1.000	LIKELY_DUPLICATE
Route secondaire	NC	0.653	Faranah	0.077	0.462	UNDETERMINED
Route primaire	N24	0.653	Kindia	0.308	1.000	LIKELY_DUPLICATE
Route tertiaire	NC	0.653	Kankan	0.000	0.231	OUTSIDE_BDRI_SCOPE
Route tertiaire	NC	0.646	Nzérékoré	0.000	0.000	LIKELY_LOCAL_ROAD
Route tertiaire	NC	0.644	Boké	0.000	0.000	LIKELY_LOCAL_ROAD
Route tertiaire	NC	0.642	Nzérékoré	0.000	0.000	LIKELY_LOCAL_ROAD
Route secondaire	NC	0.641	Nzérékoré	0.471	1.000	LIKELY_DUPLICATE
Route secondaire	NC	0.641	Nzérékoré	0.000	0.786	LIKELY_DUPLICATE
Voie rapide	N2	0.641	Faranah	1.000	1.000	LIKELY_DUPLICATE
Route primaire	N30	0.639	Faranah	1.000	1.000	LIKELY_DUPLICATE
Route tertiaire	NC	0.638	Mamou	0.000	1.000	LIKELY_DUPLICATE
Route tertiaire	NC	0.638	Kankan	0.000	0.000	LIKELY_LOCAL_ROAD
Route tertiaire	NC	0.637	Kankan	0.000	0.000	LIKELY_LOCAL_ROAD
Route tertiaire	NC	0.635	Faranah	0.000	0.000	LIKELY_LOCAL_ROAD
Voie rapide	N2	0.634	Nzérékoré	1.000	1.000	LIKELY_DUPLICATE
Voie rapide	N1	0.634	Conakry	1.000	1.000	LIKELY_DUPLICATE
Route tertiaire	NC	0.633	Faranah	0.000	0.000	LIKELY_LOCAL_ROAD
Route tertiaire	N4	0.633	Kindia	0.118	0.824	LIKELY_DUPLICATE
Route tertiaire	NC	0.633	Mamou	0.150	0.650	LIKELY_DUPLICATE
Voie rapide	N1	0.632	Faranah	1.000	1.000	LIKELY_DUPLICATE
Route tertiaire	NC	0.631	Boké	0.000	0.000	LIKELY_LOCAL_ROAD
Route tertiaire	NC	0.630	Kindia	0.045	0.500	LIKELY_DUPLICATE
Route tertiaire	NC	0.630	Kankan	1.000	1.000	LIKELY_DUPLICATE
Route tertiaire	NC	0.629	Kankan	0.000	0.000	LIKELY_LOCAL_ROAD
Route tertiaire	N22	0.628	Mamou	1.000	1.000	LIKELY_DUPLICATE
Route tertiaire	NC	0.627	Boké	0.000	0.000	LIKELY_LOCAL_ROAD
Route tertiaire	NC	0.624	Faranah	0.143	0.429	OUTSIDE_BDRI_SCOPE
Route tertiaire	NC	0.624	Nzérékoré	0.000	0.000	LIKELY_LOCAL_ROAD
Route tertiaire	NC	0.623	Kankan	0.000	0.000	LIKELY_LOCAL_ROAD
Voie rapide	N5	0.623	Labé	1.000	1.000	LIKELY_DUPLICATE
Route primaire	N10	0.622	Nzérékoré	1.000	1.000	LIKELY_DUPLICATE
Route primaire	N30	0.621	Faranah	1.000	1.000	LIKELY_DUPLICATE
Route tertiaire	NC	0.620	Conakry	0.000	0.000	LIKELY_LOCAL_ROAD
Route tertiaire	NC	0.619	Nzérékoré	0.000	0.538	LIKELY_DUPLICATE
Route primaire	N33	0.618	Kankan	1.000	1.000	LIKELY_DUPLICATE
Route tertiaire	NC	0.618	Kankan	0.000	0.000	LIKELY_LOCAL_ROAD
Route tertiaire	NC	0.616	Kindia	0.000	0.000	LIKELY_LOCAL_ROAD
Route primaire	N24	0.616	Kindia	1.000	1.000	LIKELY_DUPLICATE
Voie rapide	N2	0.612	Nzérékoré	1.000	1.000	LIKELY_DUPLICATE
Route tertiaire	NC	0.611	Kankan	0.000	0.000	LIKELY_LOCAL_ROAD
Route tertiaire	NC	0.605	Labé	0.143	0.357	OUTSIDE_BDRI_SCOPE
Voie rapide	N6	0.605	Kankan	1.000	1.000	LIKELY_DUPLICATE
Route tertiaire	NC	0.605	Kankan	0.067	0.667	LIKELY_DUPLICATE
Route tertiaire	NC	0.604	Faranah	0.091	0.727	LIKELY_DUPLICATE
Route tertiaire	NC	0.604	Kankan	0.095	1.000	LIKELY_DUPLICATE
Route tertiaire	NC	0.604	Kankan	0.167	1.000	LIKELY_DUPLICATE
Route tertiaire	NC	0.603	Labé	0.029	0.853	LIKELY_DUPLICATE
Route tertiaire	NC	0.603	Mamou	0.000	0.000	LIKELY_LOCAL_ROAD
Route tertiaire	NC	0.603	Kankan	0.000	0.000	LIKELY_LOCAL_ROAD
Route secondaire	NC	0.602	Kankan	0.154	1.000	LIKELY_DUPLICATE
Route tertiaire	NC	0.602	Conakry	0.000	0.000	LIKELY_LOCAL_ROAD
Voie rapide	N6	0.600	Kankan	1.000	1.000	LIKELY_DUPLICATE
Route tertiaire	NC	0.599	Kindia	0.000	0.000	LIKELY_LOCAL_ROAD
Route tertiaire	NC	0.598	Mamou	0.000	0.000	LIKELY_LOCAL_ROAD
Route tertiaire	NC	0.598	Conakry	0.000	0.000	LIKELY_LOCAL_ROAD
Route tertiaire	NC	0.595	Kankan	0.462	1.000	LIKELY_DUPLICATE
Route tertiaire	NC	0.593	Conakry	0.000	0.000	LIKELY_LOCAL_ROAD
Voie rapide	N6	0.592	Kankan	0.000	1.000	LIKELY_DUPLICATE
Route tertiaire	NC	0.592	Nzérékoré	1.000	1.000	LIKELY_DUPLICATE
Route tertiaire	NC	0.591	Kindia	0.385	1.000	LIKELY_DUPLICATE
Route tertiaire	NC	0.591	Kindia	0.000	0.000	LIKELY_LOCAL_ROAD
Voie rapide	N2	0.590	Nzérékoré	0.412	1.000	LIKELY_DUPLICATE
Voie rapide	N2	0.586	Faranah	1.000	1.000	LIKELY_DUPLICATE
Route primaire	NC	0.585	Conakry	0.000	0.000	POTENTIAL_BDRI_MISSING
Route secondaire	NC	0.584	Conakry	0.000	0.000	POTENTIAL_BDRI_MISSING
Route secondaire	NC	0.584	Kankan	0.053	0.737	LIKELY_DUPLICATE
Route primaire	NC	0.581	Nzérékoré	0.000	0.636	LIKELY_DUPLICATE
Route secondaire	NC	0.581	Nzérékoré	0.000	0.000	POTENTIAL_BDRI_MISSING
Route tertiaire	NC	0.581	Kankan	0.000	0.000	LIKELY_LOCAL_ROAD
Route tertiaire	NC	0.581	Kindia	0.000	0.000	LIKELY_LOCAL_ROAD
Route tertiaire	NC	0.580	Nzérékoré	0.000	1.000	LIKELY_DUPLICATE
Route tertiaire	NC	0.580	Kankan	0.000	0.813	LIKELY_DUPLICATE
Route tertiaire	NC	0.578	Mamou	0.000	0.000	LIKELY_LOCAL_ROAD
Route secondaire	NC	0.578	Mamou	0.000	0.304	UNDETERMINED
Voie rapide	N1	0.577	Kankan	0.571	1.000	LIKELY_DUPLICATE
Route secondaire	NC	0.577	Conakry	0.000	0.313	UNDETERMINED
Route tertiaire	NC	0.576	Faranah	0.000	0.000	LIKELY_LOCAL_ROAD
Route tertiaire	NC	0.576	Kindia	0.000	0.000	LIKELY_LOCAL_ROAD
Route tertiaire	NC	0.575	Kankan	0.000	0.000	LIKELY_LOCAL_ROAD
Route tertiaire	NC	0.575	Labé	0.000	0.000	LIKELY_LOCAL_ROAD
Route secondaire	NC	0.573	Faranah	0.000	0.250	UNDETERMINED
Route secondaire	NC	0.573	Kindia	0.154	1.000	LIKELY_DUPLICATE
Route tertiaire	NC	0.572	Labé	0.000	0.000	LIKELY_LOCAL_ROAD
Route tertiaire	NC	0.572	Conakry	0.000	0.000	LIKELY_LOCAL_ROAD
Route primaire	NC	0.571	Boké	0.105	1.000	LIKELY_DUPLICATE
Route secondaire	NC	0.570	Nzérékoré	0.083	0.417	UNDETERMINED
Route tertiaire	NC	0.569	Nzérékoré	0.000	0.000	LIKELY_LOCAL_ROAD
Route tertiaire	NC	0.569	Boké	0.000	0.000	LIKELY_LOCAL_ROAD
Route tertiaire	NC	0.567	Nzérékoré	0.000	0.000	LIKELY_LOCAL_ROAD
Route primaire	KA 007	0.567	Conakry	1.000	1.000	LIKELY_DUPLICATE
Route tertiaire	NC	0.565	Kindia	0.000	0.000	LIKELY_LOCAL_ROAD
Route tertiaire	NC	0.565	Nzérékoré	0.000	0.000	LIKELY_LOCAL_ROAD
Route tertiaire	NC	0.565	Kindia	0.154	0.538	LIKELY_DUPLICATE
Route tertiaire	NC	0.564	Kankan	0.000	0.000	LIKELY_LOCAL_ROAD
Route tertiaire	NC	0.564	Kankan	0.000	0.000	LIKELY_LOCAL_ROAD
Route primaire	N30	0.563	Kankan	1.000	1.000	LIKELY_DUPLICATE
Route primaire	DI 814	0.562	Conakry	1.000	1.000	LIKELY_DUPLICATE
Route tertiaire	NC	0.562	Conakry	0.000	0.182	OUTSIDE_BDRI_SCOPE
Route secondaire	NC	0.560	Nzérékoré	1.000	1.000	LIKELY_DUPLICATE
Voie rapide	N1	0.557	Kindia	1.000	1.000	LIKELY_DUPLICATE
Route primaire	N22	0.556	Boké	0.750	1.000	LIKELY_DUPLICATE
Route primaire	N24	0.555	Kindia	1.000	1.000	LIKELY_DUPLICATE
Route tertiaire	NC	0.554	Faranah	0.000	0.000	LIKELY_LOCAL_ROAD
Route tertiaire	NC	0.553	Labé	0.000	0.000	LIKELY_LOCAL_ROAD
Route tertiaire	NC	0.551	Kankan	0.000	0.000	LIKELY_LOCAL_ROAD
Route tertiaire	NC	0.551	Boké	0.000	0.000	LIKELY_LOCAL_ROAD
Route tertiaire	NC	0.551	Kindia	0.091	0.455	OUTSIDE_BDRI_SCOPE
Route primaire	DI 814	0.551	Conakry	1.000	1.000	LIKELY_DUPLICATE
Route tertiaire	NC	0.550	Kankan	0.000	0.000	LIKELY_LOCAL_ROAD
Route tertiaire	NC	0.549	Kindia	0.000	0.000	LIKELY_LOCAL_ROAD
Route secondaire	NC	0.549	Nzérékoré	0.000	0.000	POTENTIAL_BDRI_MISSING
Voie rapide	N3	0.549	Boké	1.000	1.000	LIKELY_DUPLICATE
Route tertiaire	NC	0.548	Labé	0.000	0.000	LIKELY_LOCAL_ROAD
Route tertiaire	NC	0.548	Conakry	0.000	0.000	LIKELY_LOCAL_ROAD
Route tertiaire	NC	0.548	Labé	0.250	0.667	LIKELY_DUPLICATE
Route tertiaire	NC	0.548	Faranah	0.000	0.000	LIKELY_LOCAL_ROAD
Route tertiaire	NC	0.546	Boké	0.000	0.000	LIKELY_LOCAL_ROAD
Route tertiaire	NC	0.544	Faranah	0.000	0.000	LIKELY_LOCAL_ROAD
Route tertiaire	NC	0.542	Kankan	0.000	0.000	LIKELY_LOCAL_ROAD
Route tertiaire	NC	0.542	Kankan	0.000	0.000	LIKELY_LOCAL_ROAD
Route primaire	N1	0.542	Nzérékoré	0.294	1.000	LIKELY_DUPLICATE
Voie rapide	N1	0.541	Conakry	1.000	1.000	LIKELY_DUPLICATE
Route tertiaire	NC	0.541	Kindia	0.059	0.529	LIKELY_DUPLICATE
Route tertiaire	NC	0.540	Kankan	0.000	0.000	LIKELY_LOCAL_ROAD
Route tertiaire	NC	0.539	Faranah	0.000	0.000	LIKELY_LOCAL_ROAD
Route tertiaire	NC	0.539	Mamou	0.143	0.429	OUTSIDE_BDRI_SCOPE
Route primaire	N27	0.538	Faranah	0.100	0.700	LIKELY_DUPLICATE
Route tertiaire	NC	0.538	Faranah	0.000	0.000	LIKELY_LOCAL_ROAD
Route tertiaire	NC	0.536	Kankan	0.077	0.385	OUTSIDE_BDRI_SCOPE
Route tertiaire	NC	0.536	Boké	0.000	1.000	LIKELY_DUPLICATE
Route tertiaire	NC	0.536	Mamou	0.083	0.333	OUTSIDE_BDRI_SCOPE
Route tertiaire	NC	0.534	Kankan	0.000	0.429	OUTSIDE_BDRI_SCOPE
Route tertiaire	NC	0.532	Faranah	0.077	1.000	LIKELY_DUPLICATE
Route secondaire	NC	0.532	Nzérékoré	0.563	1.000	LIKELY_DUPLICATE
Route tertiaire	NC	0.528	Kindia	0.000	0.000	LIKELY_LOCAL_ROAD
Route tertiaire	NC	0.527	Conakry	0.400	0.933	LIKELY_DUPLICATE
Route tertiaire	NC	0.526	Nzérékoré	0.250	1.000	LIKELY_DUPLICATE
Route tertiaire	NC	0.526	Kankan	0.000	0.000	LIKELY_LOCAL_ROAD
Route tertiaire	NC	0.526	Faranah	0.091	0.727	LIKELY_DUPLICATE
Route tertiaire	NC	0.525	Nzérékoré	0.000	0.000	LIKELY_LOCAL_ROAD
Route tertiaire	NC	0.524	Conakry	1.000	1.000	LIKELY_DUPLICATE
Route tertiaire	NC	0.524	Conakry	1.000	1.000	LIKELY_DUPLICATE
Voie rapide	N5	0.521	Labé	1.000	1.000	LIKELY_DUPLICATE
Route secondaire	NC	0.520	Kindia	1.000	1.000	LIKELY_DUPLICATE
Route primaire	KA. 080	0.519	Conakry	1.000	1.000	LIKELY_DUPLICATE
Route tertiaire	NC	0.517	Kindia	0.000	0.118	OUTSIDE_BDRI_SCOPE
Route tertiaire	NC	0.517	Boké	0.071	0.929	LIKELY_DUPLICATE
Route tertiaire	NC	0.515	Nzérékoré	0.000	0.000	LIKELY_LOCAL_ROAD
Route tertiaire	NC	0.513	Kindia	0.000	0.000	LIKELY_LOCAL_ROAD
Route secondaire	NC	0.511	Nzérékoré	0.000	0.000	POTENTIAL_BDRI_MISSING
Route tertiaire	NC	0.510	Kindia	0.100	0.500	LIKELY_DUPLICATE
Route tertiaire	NC	0.509	Nzérékoré	0.158	0.947	LIKELY_DUPLICATE
Route primaire	NC	0.509	Kindia	0.000	0.000	POTENTIAL_BDRI_MISSING
Route tertiaire	NC	0.508	Kindia	0.000	0.000	LIKELY_LOCAL_ROAD
Route tertiaire	NC	0.507	Faranah	0.000	0.000	LIKELY_LOCAL_ROAD
Route tertiaire	NC	0.506	Nzérékoré	0.000	0.000	LIKELY_LOCAL_ROAD
Voie rapide	N5	0.505	Labé	1.000	1.000	LIKELY_DUPLICATE
Route secondaire	NC	0.503	Nzérékoré	0.000	0.533	LIKELY_DUPLICATE
Route primaire	NC	0.501	Conakry	0.222	1.000	LIKELY_DUPLICATE
Route tertiaire	NC	0.500	Nzérékoré	0.000	0.000	LIKELY_LOCAL_ROAD
Route tertiaire	NC	0.500	Labé	0.125	0.938	LIKELY_DUPLICATE
Voie rapide	N6	0.499	Kankan	1.000	1.000	LIKELY_DUPLICATE
Route tertiaire	NC	0.499	Nzérékoré	0.214	1.000	LIKELY_DUPLICATE
Route tertiaire	NC	0.498	Kankan	0.000	0.000	LIKELY_LOCAL_ROAD
Route tertiaire	NC	0.497	Faranah	0.000	0.000	LIKELY_LOCAL_ROAD
Route secondaire	NC	0.496	Nzérékoré	0.000	1.000	LIKELY_DUPLICATE
Route tertiaire	NC	0.496	Kindia	0.000	0.000	LIKELY_LOCAL_ROAD
Route tertiaire	NC	0.496	Nzérékoré	0.000	0.000	LIKELY_LOCAL_ROAD
Route tertiaire	NC	0.495	Kankan	0.000	0.000	LIKELY_LOCAL_ROAD
Route tertiaire	NC	0.494	Boké	0.125	1.000	LIKELY_DUPLICATE
Route tertiaire	NC	0.494	Kankan	0.000	0.000	LIKELY_LOCAL_ROAD
Voie rapide	N1	0.493	Kindia	1.000	1.000	LIKELY_DUPLICATE
Route primaire	N30	0.493	Kankan	1.000	1.000	LIKELY_DUPLICATE
Route tertiaire	NC	0.493	Kankan	0.000	0.000	LIKELY_LOCAL_ROAD
Route tertiaire	NC	0.493	Conakry	0.000	0.000	LIKELY_LOCAL_ROAD
Route tertiaire	NC	0.492	Kindia	0.000	0.091	LIKELY_LOCAL_ROAD
Route tertiaire	NC	0.491	Kindia	0.000	0.000	LIKELY_LOCAL_ROAD
Route tertiaire	NC	0.491	Mamou	0.000	0.000	LIKELY_LOCAL_ROAD
Route tertiaire	NC	0.484	Faranah	0.000	0.000	LIKELY_LOCAL_ROAD
Route secondaire	NC	0.484	Nzérékoré	0.000	0.000	POTENTIAL_BDRI_MISSING
Route primaire	N1	0.484	Nzérékoré	0.333	1.000	LIKELY_DUPLICATE
Route tertiaire	NC	0.483	Conakry	0.000	0.000	LIKELY_LOCAL_ROAD
Route tertiaire	NC	0.482	Kankan	0.000	0.200	OUTSIDE_BDRI_SCOPE
Route tertiaire	NC	0.481	Nzérékoré	0.083	0.667	LIKELY_DUPLICATE
Route tertiaire	NC	0.481	Kindia	0.000	0.000	LIKELY_LOCAL_ROAD
Route secondaire	NC	0.480	Kankan	0.000	0.364	UNDETERMINED
Route secondaire	NC	0.478	Conakry	0.182	1.000	LIKELY_DUPLICATE
Route secondaire	NC	0.478	Labé	0.333	1.000	LIKELY_DUPLICATE
Route secondaire	NC	0.475	Nzérékoré	0.067	0.867	LIKELY_DUPLICATE
Route primaire	NC	0.474	Nzérékoré	0.000	0.308	UNDETERMINED
Route tertiaire	NC	0.474	Conakry	0.143	0.857	LIKELY_DUPLICATE
Route tertiaire	NC	0.472	Kankan	0.111	0.667	LIKELY_DUPLICATE
Route tertiaire	NC	0.469	Kankan	0.000	0.000	LIKELY_LOCAL_ROAD
Route primaire	N30	0.467	Kankan	1.000	1.000	LIKELY_DUPLICATE
Route tertiaire	NC	0.466	Kindia	0.000	0.000	LIKELY_LOCAL_ROAD
Route tertiaire	NC	0.465	Labé	0.000	1.000	LIKELY_DUPLICATE
Route tertiaire	NC	0.464	Nzérékoré	0.000	1.000	LIKELY_DUPLICATE
Route tertiaire	NC	0.464	Kindia	0.000	0.188	OUTSIDE_BDRI_SCOPE
Route tertiaire	NC	0.463	Labé	1.000	1.000	LIKELY_DUPLICATE
Route tertiaire	NC	0.463	Boké	1.000	1.000	LIKELY_DUPLICATE
Route tertiaire	NC	0.463	Boké	0.000	0.000	LIKELY_LOCAL_ROAD
Route tertiaire	NC	0.462	Conakry	0.214	0.857	LIKELY_DUPLICATE
Route tertiaire	NC	0.462	Mamou	0.000	0.000	LIKELY_LOCAL_ROAD
Route tertiaire	NC	0.462	Kindia	0.000	0.000	LIKELY_LOCAL_ROAD
Route tertiaire	NC	0.462	Mamou	0.000	1.000	LIKELY_DUPLICATE
Voie rapide	N3	0.461	Kindia	1.000	1.000	LIKELY_DUPLICATE
Route tertiaire	NC	0.461	Labé	0.364	1.000	LIKELY_DUPLICATE
Voie rapide	NC	0.461	Nzérékoré	1.000	1.000	LIKELY_DUPLICATE
Route secondaire	NC	0.460	Nzérékoré	0.091	0.545	LIKELY_DUPLICATE
Route tertiaire	NC	0.460	Kankan	0.000	0.000	LIKELY_LOCAL_ROAD
Route tertiaire	NC	0.458	Kindia	0.000	0.000	LIKELY_LOCAL_ROAD
Route tertiaire	NC	0.458	Labé	0.000	0.000	LIKELY_LOCAL_ROAD
Route tertiaire	NC	0.457	Kankan	0.000	1.000	LIKELY_DUPLICATE
Route tertiaire	NC	0.457	Conakry	0.000	0.600	LIKELY_DUPLICATE
Route secondaire	NC	0.456	Nzérékoré	0.133	1.000	LIKELY_DUPLICATE
Route tertiaire	NC	0.454	Kindia	0.000	0.000	LIKELY_LOCAL_ROAD
Voie rapide	N1	0.451	Conakry	1.000	1.000	LIKELY_DUPLICATE
Voie rapide	N1	0.449	Conakry	1.000	1.000	LIKELY_DUPLICATE
Route tertiaire	NC	0.448	Nzérékoré	0.000	0.000	LIKELY_LOCAL_ROAD
Route tertiaire	NC	0.448	Boké	0.000	0.545	LIKELY_DUPLICATE
Route tertiaire	NC	0.447	Kankan	0.000	0.000	LIKELY_LOCAL_ROAD
Route secondaire	NC	0.446	Nzérékoré	0.000	1.000	LIKELY_DUPLICATE
Route tertiaire	NC	0.445	Nzérékoré	0.000	0.000	LIKELY_LOCAL_ROAD
Route tertiaire	NC	0.443	Kankan	0.000	0.000	LIKELY_LOCAL_ROAD
Route secondaire	NC	0.442	Nzérékoré	0.000	1.000	LIKELY_DUPLICATE
Route tertiaire	NC	0.442	Kankan	0.150	0.550	LIKELY_DUPLICATE
Route tertiaire	NC	0.440	Faranah	0.000	0.556	LIKELY_DUPLICATE
Route tertiaire	NC	0.439	Conakry	0.091	0.636	LIKELY_DUPLICATE
Route tertiaire	NC	0.437	Conakry	0.000	0.000	LIKELY_LOCAL_ROAD
Route secondaire	NC	0.433	Nzérékoré	0.091	0.909	LIKELY_DUPLICATE
Route tertiaire	NC	0.433	Boké	0.071	0.571	LIKELY_DUPLICATE
Route tertiaire	NC	0.430	Mamou	0.000	0.000	LIKELY_LOCAL_ROAD
Route tertiaire	NC	0.429	Kindia	0.000	0.000	LIKELY_LOCAL_ROAD
Route tertiaire	NC	0.426	Kankan	0.000	0.500	LIKELY_DUPLICATE
Route tertiaire	NC	0.426	Kankan	0.125	0.500	LIKELY_DUPLICATE
Route tertiaire	NC	0.425	Labé	0.077	0.615	LIKELY_DUPLICATE
Route primaire	NC	0.422	Faranah	0.000	1.000	LIKELY_DUPLICATE
Route tertiaire	NC	0.422	Faranah	0.000	0.000	LIKELY_LOCAL_ROAD
Route tertiaire	NC	0.420	Kindia	0.000	0.000	LIKELY_LOCAL_ROAD
Route primaire	N10	0.418	Kankan	1.000	1.000	LIKELY_DUPLICATE
Route tertiaire	NC	0.418	Kankan	0.222	0.889	LIKELY_DUPLICATE
Route secondaire	NC	0.417	Kindia	0.000	0.000	POTENTIAL_BDRI_MISSING
Route tertiaire	NC	0.416	Kankan	0.000	1.000	LIKELY_DUPLICATE
Route secondaire	NC	0.416	Conakry	0.000	0.000	POTENTIAL_BDRI_MISSING
Route secondaire	NC	0.415	Conakry	0.000	0.000	POTENTIAL_BDRI_MISSING
Route tertiaire	NC	0.414	Mamou	0.000	0.154	OUTSIDE_BDRI_SCOPE
Route tertiaire	NC	0.414	Mamou	0.000	0.000	LIKELY_LOCAL_ROAD
Route tertiaire	NC	0.413	Kankan	0.000	0.000	LIKELY_LOCAL_ROAD
Route tertiaire	NC	0.413	Labé	0.100	0.600	LIKELY_DUPLICATE
Route primaire	N10	0.413	Nzérékoré	1.000	1.000	LIKELY_DUPLICATE
Route secondaire	NC	0.412	Faranah	0.000	0.455	UNDETERMINED
Route primaire	N30	0.411	Kankan	1.000	1.000	LIKELY_DUPLICATE
Route secondaire	NC	0.410	Nzérékoré	0.167	1.000	LIKELY_DUPLICATE
Route secondaire	NC	0.409	Faranah	0.000	0.500	LIKELY_DUPLICATE
Route tertiaire	NC	0.409	Kindia	0.000	0.000	LIKELY_LOCAL_ROAD
Route tertiaire	NC	0.408	Nzérékoré	1.000	1.000	LIKELY_DUPLICATE
Route tertiaire	NC	0.408	Kankan	0.000	0.000	LIKELY_LOCAL_ROAD
Route tertiaire	NC	0.407	Boké	0.000	0.000	LIKELY_LOCAL_ROAD
Route tertiaire	NC	0.406	Conakry	0.000	0.000	LIKELY_LOCAL_ROAD
Route tertiaire	NC	0.405	Labé	0.286	1.000	LIKELY_DUPLICATE
Route tertiaire	NC	0.405	Kindia	0.000	0.000	LIKELY_LOCAL_ROAD
Route tertiaire	NC	0.405	Conakry	0.000	0.000	LIKELY_LOCAL_ROAD
Route secondaire	DI 256	0.405	Conakry	1.000	1.000	LIKELY_DUPLICATE
Route secondaire	NC	0.404	Conakry	0.000	0.300	UNDETERMINED
Route tertiaire	NC	0.404	Faranah	0.000	0.000	LIKELY_LOCAL_ROAD
Voie rapide	N3	0.404	Kindia	1.000	1.000	LIKELY_DUPLICATE
Route tertiaire	NC	0.404	Kankan	0.000	0.538	LIKELY_DUPLICATE
Voie rapide	N1	0.404	Kindia	1.000	1.000	LIKELY_DUPLICATE
Route tertiaire	NC	0.403	Kankan	0.000	0.000	LIKELY_LOCAL_ROAD
Route tertiaire	NC	0.403	Kindia	0.000	0.000	LIKELY_LOCAL_ROAD
Route tertiaire	NC	0.403	Kindia	0.000	0.000	LIKELY_LOCAL_ROAD
Route tertiaire	NC	0.401	Kindia	0.000	0.000	LIKELY_LOCAL_ROAD
Route tertiaire	NC	0.401	Kankan	0.083	1.000	LIKELY_DUPLICATE
Route tertiaire	NC	0.401	Kankan	0.000	0.000	LIKELY_LOCAL_ROAD
Route tertiaire	NC	0.401	Boké	0.000	0.000	LIKELY_LOCAL_ROAD
Route secondaire	KA. 035	0.401	Conakry	1.000	1.000	LIKELY_DUPLICATE
Route tertiaire	NC	0.396	Mamou	0.000	0.000	LIKELY_LOCAL_ROAD
Voie rapide	N2	0.394	Nzérékoré	1.000	1.000	LIKELY_DUPLICATE
Route tertiaire	NC	0.393	Nzérékoré	0.091	0.636	LIKELY_DUPLICATE
Route tertiaire	NC	0.391	Nzérékoré	0.000	0.000	LIKELY_LOCAL_ROAD
Route primaire	N8	0.389	Labé	1.000	1.000	LIKELY_DUPLICATE
Route tertiaire	NC	0.388	Conakry	0.000	0.000	LIKELY_LOCAL_ROAD
Voie rapide	N1	0.388	Kankan	1.000	1.000	LIKELY_DUPLICATE
Route tertiaire	NC	0.388	Faranah	0.000	0.000	LIKELY_LOCAL_ROAD
Route primaire	NC	0.386	Kindia	0.000	0.000	POTENTIAL_BDRI_MISSING
Route tertiaire	NC	0.386	Kindia	0.000	0.000	LIKELY_LOCAL_ROAD
Voie rapide	N2	0.386	Faranah	1.000	1.000	LIKELY_DUPLICATE
Route tertiaire	NC	0.385	Boké	1.000	1.000	LIKELY_DUPLICATE
Route tertiaire	NC	0.384	Faranah	0.000	0.000	LIKELY_LOCAL_ROAD
Route primaire	N33	0.383	Kankan	1.000	1.000	LIKELY_DUPLICATE
Route tertiaire	NC	0.383	Labé	0.000	0.000	LIKELY_LOCAL_ROAD
Route tertiaire	NC	0.382	Nzérékoré	0.000	0.000	LIKELY_LOCAL_ROAD
Route tertiaire	NC	0.382	Kankan	0.000	0.000	LIKELY_LOCAL_ROAD
Route secondaire	NC	0.382	Conakry	0.111	1.000	LIKELY_DUPLICATE
Voie rapide	N5	0.382	Mamou	1.000	1.000	LIKELY_DUPLICATE
Route tertiaire	NC	0.381	Kindia	0.000	0.000	LIKELY_LOCAL_ROAD
Route tertiaire	NC	0.381	Kankan	0.000	0.000	LIKELY_LOCAL_ROAD
Route tertiaire	NC	0.379	Nzérékoré	0.000	1.000	LIKELY_DUPLICATE
Route tertiaire	KA. 050	0.378	Conakry	1.000	1.000	LIKELY_DUPLICATE
Route tertiaire	NC	0.378	Kankan	1.000	1.000	LIKELY_DUPLICATE
Route tertiaire	NC	0.378	Nzérékoré	0.000	0.000	LIKELY_LOCAL_ROAD
Route tertiaire	NC	0.377	Kankan	0.000	0.000	LIKELY_LOCAL_ROAD
Route tertiaire	NC	0.377	Faranah	0.000	0.000	LIKELY_LOCAL_ROAD
Route tertiaire	NC	0.377	Kindia	0.000	0.091	LIKELY_LOCAL_ROAD
Route secondaire	NC	0.377	Conakry	0.143	1.000	LIKELY_DUPLICATE
Route tertiaire	NC	0.376	Kankan	0.143	1.000	LIKELY_DUPLICATE
Route tertiaire	NC	0.375	Kankan	0.000	0.000	LIKELY_LOCAL_ROAD
Route primaire	NC	0.374	Boké	1.000	1.000	LIKELY_DUPLICATE
Route tertiaire	NC	0.373	Nzérékoré	0.111	1.000	LIKELY_DUPLICATE
Route primaire	NC	0.373	Kindia	0.000	0.000	POTENTIAL_BDRI_MISSING
Route tertiaire	NC	0.373	Nzérékoré	0.000	0.000	LIKELY_LOCAL_ROAD
Route tertiaire	NC	0.372	Kindia	0.000	0.000	LIKELY_LOCAL_ROAD
Route tertiaire	NC	0.372	Nzérékoré	0.000	0.000	LIKELY_LOCAL_ROAD
Route secondaire	NC	0.372	Labé	0.111	0.556	LIKELY_DUPLICATE
Route tertiaire	NC	0.371	Kankan	0.000	0.000	LIKELY_LOCAL_ROAD
Route secondaire	NC	0.371	Conakry	0.333	1.000	LIKELY_DUPLICATE
Route tertiaire	NC	0.371	Faranah	0.143	1.000	LIKELY_DUPLICATE
Route tertiaire	NC	0.370	Boké	0.000	0.000	LIKELY_LOCAL_ROAD
Voie rapide	N3	0.370	Boké	1.000	1.000	LIKELY_DUPLICATE
Route secondaire	NC	0.368	Kindia	0.143	1.000	LIKELY_DUPLICATE
Route tertiaire	NC	0.368	Kankan	0.000	0.000	LIKELY_LOCAL_ROAD
Route tertiaire	NC	0.367	Faranah	0.000	0.000	LIKELY_LOCAL_ROAD
Voie rapide	N6	0.366	Kankan	1.000	1.000	LIKELY_DUPLICATE
Route tertiaire	NC	0.366	Nzérékoré	0.000	0.000	LIKELY_LOCAL_ROAD
Voie rapide	N5	0.364	Mamou	1.000	1.000	LIKELY_DUPLICATE
Route tertiaire	NC	0.364	Kindia	0.000	0.500	LIKELY_DUPLICATE
Route tertiaire	NC	0.364	Kankan	0.000	0.000	LIKELY_LOCAL_ROAD
Voie rapide	N6	0.364	Kankan	1.000	1.000	LIKELY_DUPLICATE
Route tertiaire	NC	0.363	Mamou	0.133	1.000	LIKELY_DUPLICATE
Route tertiaire	NC	0.359	Kindia	0.000	0.000	LIKELY_LOCAL_ROAD
Route tertiaire	NC	0.358	Mamou	0.000	0.000	LIKELY_LOCAL_ROAD
Route tertiaire	NC	0.358	Mamou	0.000	0.000	LIKELY_LOCAL_ROAD
Route tertiaire	NC	0.358	Kankan	0.000	0.000	LIKELY_LOCAL_ROAD
Route tertiaire	NC	0.357	Mamou	1.000	1.000	LIKELY_DUPLICATE
Route primaire	NC	0.356	Kindia	0.000	0.000	POTENTIAL_BDRI_MISSING
Route tertiaire	NC	0.356	Kankan	0.000	0.000	LIKELY_LOCAL_ROAD
Voie rapide	N6	0.355	Kankan	1.000	1.000	LIKELY_DUPLICATE
Route tertiaire	NC	0.355	Kankan	0.000	0.778	LIKELY_DUPLICATE
Route tertiaire	NC	0.354	Conakry	0.222	1.000	LIKELY_DUPLICATE
Route primaire	NC	0.352	Kindia	0.000	0.000	POTENTIAL_BDRI_MISSING
Route tertiaire	NC	0.351	Nzérékoré	0.000	0.000	LIKELY_LOCAL_ROAD
Route tertiaire	NC	0.350	Kankan	0.583	1.000	LIKELY_DUPLICATE
Route tertiaire	NC	0.349	Labé	0.000	0.833	LIKELY_DUPLICATE
Route tertiaire	NC	0.348	Labé	0.125	0.563	LIKELY_DUPLICATE
Route primaire	NC	0.348	Nzérékoré	0.000	0.000	POTENTIAL_BDRI_MISSING
Route tertiaire	NC	0.347	Kankan	0.000	0.000	LIKELY_LOCAL_ROAD
Voie rapide	N1	0.347	Conakry	1.000	1.000	LIKELY_DUPLICATE
Route tertiaire	NC	0.343	Kankan	0.000	0.000	LIKELY_LOCAL_ROAD
Route tertiaire	NC	0.342	Kankan	0.154	1.000	LIKELY_DUPLICATE
Route primaire	N8	0.342	Labé	1.000	1.000	LIKELY_DUPLICATE
Route secondaire	NC	0.342	Nzérékoré	0.000	0.000	POTENTIAL_BDRI_MISSING
Voie rapide	N2	0.341	Nzérékoré	1.000	1.000	LIKELY_DUPLICATE
Route primaire	DI 002	0.341	Conakry	1.000	1.000	LIKELY_DUPLICATE
Route tertiaire	NC	0.340	Kankan	0.000	0.000	LIKELY_LOCAL_ROAD
Route tertiaire	NC	0.340	Faranah	0.091	0.818	LIKELY_DUPLICATE
Voie rapide	N6	0.340	Faranah	1.000	1.000	LIKELY_DUPLICATE
Route secondaire	N31	0.340	Kankan	1.000	1.000	LIKELY_DUPLICATE
Route tertiaire	NC	0.339	Kankan	0.429	1.000	LIKELY_DUPLICATE
Route tertiaire	NC	0.338	Nzérékoré	1.000	1.000	LIKELY_DUPLICATE
Route tertiaire	NC	0.337	Kindia	0.143	0.857	LIKELY_DUPLICATE
Route tertiaire	NC	0.336	Nzérékoré	0.000	0.000	LIKELY_LOCAL_ROAD
Route tertiaire	NC	0.334	Mamou	0.000	0.529	LIKELY_DUPLICATE
Route secondaire	NC	0.332	Conakry	0.385	1.000	LIKELY_DUPLICATE
Route tertiaire	NC	0.331	Faranah	0.000	0.000	LIKELY_LOCAL_ROAD
Route primaire	NC	0.330	Nzérékoré	0.000	0.000	POTENTIAL_BDRI_MISSING
Route tertiaire	NC	0.329	Faranah	0.000	1.000	LIKELY_DUPLICATE
Route tertiaire	NC	0.327	Mamou	0.077	0.769	LIKELY_DUPLICATE
Voie rapide	N4	0.327	Kindia	1.000	1.000	LIKELY_DUPLICATE
Route tertiaire	NC	0.327	Kankan	0.000	0.000	LIKELY_LOCAL_ROAD
Route primaire	NC	0.325	Nzérékoré	0.000	0.000	POTENTIAL_BDRI_MISSING
Route tertiaire	NC	0.323	Kankan	0.000	0.000	LIKELY_LOCAL_ROAD
Voie rapide	N3	0.323	Kindia	1.000	1.000	LIKELY_DUPLICATE
Route secondaire	NC	0.323	Kankan	0.125	1.000	LIKELY_DUPLICATE
Route tertiaire	NC	0.321	Kankan	0.000	0.000	LIKELY_LOCAL_ROAD
Route tertiaire	NC	0.320	Kindia	0.000	0.333	OUTSIDE_BDRI_SCOPE
Route tertiaire	NC	0.320	Kindia	0.143	0.571	LIKELY_DUPLICATE
Route tertiaire	NC	0.318	Kindia	0.000	0.000	LIKELY_LOCAL_ROAD
Route tertiaire	NC	0.318	Mamou	0.000	0.000	LIKELY_LOCAL_ROAD
Route primaire	NC	0.318	Boké	1.000	1.000	LIKELY_DUPLICATE
Route tertiaire	NC	0.315	Conakry	0.000	0.000	LIKELY_LOCAL_ROAD
Voie rapide	N1	0.314	Kankan	1.000	1.000	LIKELY_DUPLICATE
Route primaire	N10	0.314	Nzérékoré	1.000	1.000	LIKELY_DUPLICATE
Voie rapide	N6	0.313	Kankan	1.000	1.000	LIKELY_DUPLICATE
Route tertiaire	NC	0.311	Faranah	0.000	0.000	LIKELY_LOCAL_ROAD
Voie rapide	N1	0.309	Kankan	1.000	1.000	LIKELY_DUPLICATE
Route tertiaire	NC	0.307	Kindia	0.143	0.714	LIKELY_DUPLICATE
Route secondaire	NC	0.307	Kankan	1.000	1.000	LIKELY_DUPLICATE
Route tertiaire	NC	0.307	Faranah	0.375	1.000	LIKELY_DUPLICATE
Route tertiaire	NC	0.306	Kankan	0.333	1.000	LIKELY_DUPLICATE
Route tertiaire	NC	0.304	Mamou	0.000	0.000	LIKELY_LOCAL_ROAD
Voie rapide	N1	0.303	Kankan	1.000	1.000	LIKELY_DUPLICATE
Route tertiaire	NC	0.303	Boké	0.000	0.000	LIKELY_LOCAL_ROAD
Route tertiaire	NC	0.302	Kindia	0.000	0.000	LIKELY_LOCAL_ROAD
Route tertiaire	NC	0.302	Kankan	0.000	0.000	LIKELY_LOCAL_ROAD
Route tertiaire	NC	0.302	Faranah	0.000	0.000	LIKELY_LOCAL_ROAD
Route primaire	N30	0.301	Faranah	0.571	1.000	LIKELY_DUPLICATE
Route tertiaire	NC	0.301	Faranah	0.000	0.000	LIKELY_LOCAL_ROAD
Route secondaire	NC	0.300	Faranah	0.111	0.778	LIKELY_DUPLICATE
Route secondaire	NC	0.299	Mamou	0.000	0.000	POTENTIAL_BDRI_MISSING
Route secondaire	NC	0.297	Nzérékoré	0.250	1.000	LIKELY_DUPLICATE
Route tertiaire	NC	0.297	Kindia	0.222	0.889	LIKELY_DUPLICATE
Route primaire	N30	0.297	Kankan	1.000	1.000	LIKELY_DUPLICATE
Route tertiaire	NC	0.296	Nzérékoré	0.000	0.000	LIKELY_LOCAL_ROAD
Route tertiaire	NC	0.296	Kindia	0.000	0.000	LIKELY_LOCAL_ROAD
Route tertiaire	NC	0.295	Kindia	0.000	0.000	LIKELY_LOCAL_ROAD
Route tertiaire	NC	0.295	Conakry	0.000	0.000	LIKELY_LOCAL_ROAD
Route secondaire	NC	0.294	Labé	1.000	1.000	LIKELY_DUPLICATE
Route tertiaire	NC	0.293	Faranah	0.000	1.000	LIKELY_DUPLICATE
Route tertiaire	NC	0.292	Faranah	0.000	1.000	LIKELY_DUPLICATE
Route tertiaire	NC	0.291	Boké	0.000	0.600	LIKELY_DUPLICATE
Route secondaire	NC	0.290	Conakry	0.300	1.000	LIKELY_DUPLICATE
Route tertiaire	NC	0.288	Kindia	0.375	1.000	LIKELY_DUPLICATE
Route tertiaire	NC	0.288	Kindia	0.800	1.000	LIKELY_DUPLICATE
Route secondaire	NC	0.288	Labé	1.000	1.000	LIKELY_DUPLICATE
Route tertiaire	NC	0.288	Kankan	0.000	0.000	LIKELY_LOCAL_ROAD
Route tertiaire	NC	0.288	Kindia	0.143	1.000	LIKELY_DUPLICATE
Route tertiaire	NC	0.288	Kankan	0.000	0.000	LIKELY_LOCAL_ROAD
Route tertiaire	NC	0.288	Kindia	0.000	0.000	LIKELY_LOCAL_ROAD
Route tertiaire	NC	0.287	Labé	0.000	0.000	LIKELY_LOCAL_ROAD
Route tertiaire	NC	0.286	Mamou	0.000	0.000	LIKELY_LOCAL_ROAD
Route primaire	NC	0.286	Boké	0.400	1.000	LIKELY_DUPLICATE
Route tertiaire	NC	0.284	Faranah	0.000	0.000	LIKELY_LOCAL_ROAD
Route tertiaire	NC	0.284	Kankan	0.000	0.000	LIKELY_LOCAL_ROAD
Route primaire	N1	0.281	Conakry	1.000	1.000	LIKELY_DUPLICATE
Route tertiaire	NC	0.280	Kankan	0.000	0.000	LIKELY_LOCAL_ROAD
Route tertiaire	NC	0.280	Nzérékoré	0.000	1.000	LIKELY_DUPLICATE
Route secondaire	NC	0.279	Kindia	0.400	1.000	LIKELY_DUPLICATE
Route tertiaire	NC	0.277	Kankan	0.400	1.000	LIKELY_DUPLICATE
Route tertiaire	NC	0.275	Nzérékoré	0.000	0.000	LIKELY_LOCAL_ROAD
Route tertiaire	NC	0.275	Conakry	0.000	1.000	LIKELY_DUPLICATE
Route tertiaire	NC	0.275	Kindia	0.000	0.000	LIKELY_LOCAL_ROAD
Route tertiaire	NC	0.273	Mamou	0.000	0.000	LIKELY_LOCAL_ROAD
Route tertiaire	NC	0.273	Conakry	0.000	1.000	LIKELY_DUPLICATE
Route tertiaire	NC	0.272	Kindia	0.000	0.000	LIKELY_LOCAL_ROAD
Route tertiaire	NC	0.272	Boké	0.000	0.000	LIKELY_LOCAL_ROAD
Voie rapide	NC	0.272	Boké	1.000	1.000	LIKELY_DUPLICATE
Route tertiaire	NC	0.272	Nzérékoré	0.000	0.000	LIKELY_LOCAL_ROAD
Route tertiaire	NC	0.270	Faranah	1.000	1.000	LIKELY_DUPLICATE
Route tertiaire	NC	0.270	Kindia	0.000	0.000	LIKELY_LOCAL_ROAD
Route tertiaire	NC	0.269	Mamou	0.000	0.000	LIKELY_LOCAL_ROAD
Route secondaire	NC	0.269	Conakry	0.200	1.000	LIKELY_DUPLICATE
Route tertiaire	NC	0.268	Kankan	0.000	0.000	LIKELY_LOCAL_ROAD
Route primaire	NC	0.267	Nzérékoré	0.000	1.000	LIKELY_DUPLICATE
Route primaire	N30	0.266	Faranah	1.000	1.000	LIKELY_DUPLICATE
Route tertiaire	NC	0.266	Mamou	0.000	1.000	LIKELY_DUPLICATE
Route tertiaire	NC	0.266	Kankan	0.143	1.000	LIKELY_DUPLICATE
Route tertiaire	NC	0.265	Kankan	0.000	0.000	LIKELY_LOCAL_ROAD
Route tertiaire	NC	0.265	Nzérékoré	0.000	0.000	LIKELY_LOCAL_ROAD
Route tertiaire	NC	0.263	Faranah	0.182	1.000	LIKELY_DUPLICATE
Route secondaire	NC	0.263	Conakry	0.000	1.000	LIKELY_DUPLICATE
Route tertiaire	NC	0.263	Kindia	0.143	0.857	LIKELY_DUPLICATE
Route tertiaire	NC	0.262	Kankan	0.000	0.000	LIKELY_LOCAL_ROAD
Route tertiaire	NC	0.261	Labé	0.400	1.000	LIKELY_DUPLICATE
Route tertiaire	NC	0.261	Kankan	0.200	0.800	LIKELY_DUPLICATE
Voie rapide	N1	0.261	Conakry	1.000	1.000	LIKELY_DUPLICATE
Route tertiaire	NC	0.261	Kankan	0.000	0.000	LIKELY_LOCAL_ROAD
Voie rapide	N4	0.260	Kindia	1.000	1.000	LIKELY_DUPLICATE
Route tertiaire	NC	0.260	Kindia	0.000	0.333	OUTSIDE_BDRI_SCOPE
Route tertiaire	NC	0.258	Nzérékoré	0.000	1.000	LIKELY_DUPLICATE
Route tertiaire	NC	0.257	Conakry	0.375	1.000	LIKELY_DUPLICATE
Route tertiaire	NC	0.257	Nzérékoré	0.000	1.000	LIKELY_DUPLICATE
Route tertiaire	NC	0.257	Kankan	0.000	0.000	LIKELY_LOCAL_ROAD
Route tertiaire	NC	0.256	Faranah	0.000	0.000	LIKELY_LOCAL_ROAD
Route tertiaire	NC	0.256	Mamou	0.600	1.000	LIKELY_DUPLICATE
Route tertiaire	NC	0.255	Conakry	0.000	0.000	LIKELY_LOCAL_ROAD
Voie rapide	N6	0.254	Kankan	1.000	1.000	LIKELY_DUPLICATE
Route tertiaire	NC	0.254	Kindia	0.000	0.000	LIKELY_LOCAL_ROAD
Route primaire	N1	0.254	Nzérékoré	1.000	1.000	LIKELY_DUPLICATE
Route tertiaire	NC	0.254	Faranah	0.000	0.000	LIKELY_LOCAL_ROAD
Route tertiaire	NC	0.253	Nzérékoré	0.000	0.364	OUTSIDE_BDRI_SCOPE
Route secondaire	MA 784	0.253	Conakry	1.000	1.000	LIKELY_DUPLICATE
Route tertiaire	NC	0.252	Kindia	0.000	0.000	LIKELY_LOCAL_ROAD
Route tertiaire	NC	0.252	Mamou	0.833	1.000	LIKELY_DUPLICATE
Route tertiaire	NC	0.252	Faranah	0.000	0.000	LIKELY_LOCAL_ROAD
Route tertiaire	NC	0.250	Kindia	0.000	0.000	LIKELY_LOCAL_ROAD
Route tertiaire	NC	0.248	Mamou	0.000	1.000	LIKELY_DUPLICATE
Voie rapide	N2	0.247	Nzérékoré	1.000	1.000	LIKELY_DUPLICATE
Voie rapide	N2	0.247	Nzérékoré	1.000	1.000	LIKELY_DUPLICATE
Route tertiaire	NC	0.247	Nzérékoré	0.000	0.000	LIKELY_LOCAL_ROAD
Route tertiaire	NC	0.244	Boké	0.000	0.000	LIKELY_LOCAL_ROAD
Route tertiaire	NC	0.241	Kindia	0.000	0.000	LIKELY_LOCAL_ROAD
Route tertiaire	NC	0.240	Nzérékoré	0.000	0.000	LIKELY_LOCAL_ROAD
Route tertiaire	NC	0.240	Faranah	0.000	0.000	LIKELY_LOCAL_ROAD
Route tertiaire	NC	0.239	Nzérékoré	0.000	0.000	LIKELY_LOCAL_ROAD
Route secondaire	NC	0.239	Nzérékoré	0.250	1.000	LIKELY_DUPLICATE
Route secondaire	NC	0.238	Conakry	0.500	1.000	LIKELY_DUPLICATE
Route tertiaire	NC	0.238	Kankan	0.182	1.000	LIKELY_DUPLICATE
Voie rapide	N1	0.238	Conakry	1.000	1.000	LIKELY_DUPLICATE
Route tertiaire	NC	0.238	Labé	0.143	1.000	LIKELY_DUPLICATE
Route tertiaire	NC	0.238	Conakry	0.000	0.000	LIKELY_LOCAL_ROAD
Route tertiaire	NC	0.236	Mamou	0.000	0.000	LIKELY_LOCAL_ROAD
Voie rapide	N1	0.236	Conakry	1.000	1.000	LIKELY_DUPLICATE
Route tertiaire	NC	0.236	Kindia	0.143	1.000	LIKELY_DUPLICATE
Route tertiaire	NC	0.236	Nzérékoré	0.000	0.571	LIKELY_DUPLICATE
Route tertiaire	NC	0.236	Labé	0.200	1.000	LIKELY_DUPLICATE
Route secondaire	NC	0.234	Kindia	1.000	1.000	LIKELY_DUPLICATE
Route tertiaire	NC	0.234	Conakry	0.000	1.000	LIKELY_DUPLICATE
Voie rapide	N1;N2	0.234	Nzérékoré	1.000	1.000	LIKELY_DUPLICATE
Route tertiaire	NC	0.232	Conakry	0.000	1.000	LIKELY_DUPLICATE
Route tertiaire	NC	0.232	Labé	0.000	1.000	LIKELY_DUPLICATE
Route tertiaire	NC	0.230	Kankan	0.000	0.438	OUTSIDE_BDRI_SCOPE
Route tertiaire	NC	0.230	Nzérékoré	0.000	0.000	LIKELY_LOCAL_ROAD
Route tertiaire	NC	0.230	Kankan	0.167	1.000	LIKELY_DUPLICATE
Route secondaire	NC	0.229	Kindia	1.000	1.000	LIKELY_DUPLICATE
Route tertiaire	NC	0.228	Kankan	0.000	0.000	LIKELY_LOCAL_ROAD
Route tertiaire	NC	0.227	Kankan	0.000	0.000	LIKELY_LOCAL_ROAD
Route primaire	NC	0.227	Kindia	0.000	0.800	LIKELY_DUPLICATE
Voie rapide	N1	0.225	Kankan	1.000	1.000	LIKELY_DUPLICATE
Route tertiaire	NC	0.225	Nzérékoré	0.143	1.000	LIKELY_DUPLICATE
Route tertiaire	NC	0.225	Kankan	0.000	0.000	LIKELY_LOCAL_ROAD
Route tertiaire	NC	0.225	Mamou	0.000	0.000	LIKELY_LOCAL_ROAD
Route tertiaire	NC	0.224	Boké	0.000	0.750	LIKELY_DUPLICATE
Route tertiaire	NC	0.223	Conakry	0.000	0.000	LIKELY_LOCAL_ROAD
Route secondaire	MA 784	0.222	Conakry	1.000	1.000	LIKELY_DUPLICATE
Route primaire	NC	0.221	Boké	1.000	1.000	LIKELY_DUPLICATE
Route tertiaire	NC	0.219	Kindia	0.000	0.000	LIKELY_LOCAL_ROAD
Route tertiaire	NC	0.217	Nzérékoré	0.000	0.000	LIKELY_LOCAL_ROAD
Route tertiaire	NC	0.216	Kankan	0.000	0.000	LIKELY_LOCAL_ROAD
Route tertiaire	NC	0.216	Mamou	0.000	0.333	OUTSIDE_BDRI_SCOPE
Route primaire	NC	0.216	Conakry	0.545	1.000	LIKELY_DUPLICATE
Route tertiaire	NC	0.216	Kindia	0.000	1.000	LIKELY_DUPLICATE
Route tertiaire	NC	0.215	Kindia	0.000	0.000	LIKELY_LOCAL_ROAD
Route primaire	NC	0.215	Conakry	0.778	1.000	LIKELY_DUPLICATE
Route tertiaire	NC	0.214	Conakry	0.000	0.000	LIKELY_LOCAL_ROAD
Route tertiaire	NC	0.213	Kindia	0.250	1.000	LIKELY_DUPLICATE
Route tertiaire	NC	0.213	Kankan	1.000	1.000	LIKELY_DUPLICATE
Route tertiaire	NC	0.212	Conakry	0.000	0.400	OUTSIDE_BDRI_SCOPE
Route tertiaire	NC	0.212	Kankan	0.000	0.000	LIKELY_LOCAL_ROAD
Route tertiaire	NC	0.212	Kankan	0.000	0.000	LIKELY_LOCAL_ROAD
Route tertiaire	NC	0.210	Mamou	0.000	0.000	LIKELY_LOCAL_ROAD
Route tertiaire	NC	0.210	Kankan	0.167	1.000	LIKELY_DUPLICATE
Route tertiaire	NC	0.209	Kankan	0.000	0.000	LIKELY_LOCAL_ROAD
Route tertiaire	NC	0.209	Mamou	0.000	0.000	LIKELY_LOCAL_ROAD
Route tertiaire	NC	0.207	Mamou	0.000	0.000	LIKELY_LOCAL_ROAD
Route tertiaire	NC	0.207	Kindia	0.167	1.000	LIKELY_DUPLICATE
Route tertiaire	NC	0.207	Kankan	1.000	1.000	LIKELY_DUPLICATE
Route tertiaire	NC	0.206	Nzérékoré	0.000	1.000	LIKELY_DUPLICATE
Route tertiaire	NC	0.206	Faranah	0.000	0.167	OUTSIDE_BDRI_SCOPE
Route tertiaire	NC	0.205	Kankan	0.000	0.000	LIKELY_LOCAL_ROAD
Route tertiaire	NC	0.205	Nzérékoré	0.000	0.000	LIKELY_LOCAL_ROAD
Route tertiaire	NC	0.204	Faranah	0.000	0.000	LIKELY_LOCAL_ROAD
Route tertiaire	NC	0.204	Kankan	0.000	0.000	LIKELY_LOCAL_ROAD
Route tertiaire	NC	0.203	Conakry	0.000	1.000	LIKELY_DUPLICATE
Route tertiaire	NC	0.202	Labé	0.000	0.000	LIKELY_LOCAL_ROAD
Route tertiaire	NC	0.200	Kankan	0.000	1.000	LIKELY_DUPLICATE
Route secondaire	N21	0.200	Kindia	0.714	1.000	LIKELY_DUPLICATE
Route tertiaire	NC	0.200	Faranah	0.000	0.000	LIKELY_LOCAL_ROAD
Route tertiaire	NC	0.199	Nzérékoré	0.000	0.000	LIKELY_LOCAL_ROAD
Route tertiaire	NC	0.199	Faranah	0.000	0.000	LIKELY_LOCAL_ROAD
Route tertiaire	NC	0.199	Nzérékoré	0.000	1.000	LIKELY_DUPLICATE
Voie rapide	N5	0.198	Labé	1.000	1.000	LIKELY_DUPLICATE
Voie rapide	N4	0.198	Kindia	1.000	1.000	LIKELY_DUPLICATE
Route primaire	NC	0.197	Kindia	0.667	1.000	LIKELY_DUPLICATE
Route tertiaire	NC	0.197	Labé	0.000	1.000	LIKELY_DUPLICATE
Route tertiaire	NC	0.197	Nzérékoré	0.000	1.000	LIKELY_DUPLICATE
Route tertiaire	NC	0.197	Nzérékoré	0.000	1.000	LIKELY_DUPLICATE
Route tertiaire	NC	0.196	Nzérékoré	0.000	0.000	LIKELY_LOCAL_ROAD
Route tertiaire	NC	0.195	Kankan	0.000	0.000	LIKELY_LOCAL_ROAD
Route tertiaire	NC	0.194	Kankan	0.000	0.000	LIKELY_LOCAL_ROAD
Route secondaire	NC	0.194	Nzérékoré	0.500	1.000	LIKELY_DUPLICATE
Voie rapide	NC	0.193	Boké	1.000	1.000	LIKELY_DUPLICATE
Route tertiaire	NC	0.193	Nzérékoré	0.000	0.000	LIKELY_LOCAL_ROAD
Route secondaire	NC	0.192	Faranah	0.400	1.000	LIKELY_DUPLICATE
Route secondaire	NC	0.192	Conakry	0.111	1.000	LIKELY_DUPLICATE
Route tertiaire	NC	0.191	Kankan	0.556	1.000	LIKELY_DUPLICATE
Route tertiaire	NC	0.190	Labé	0.000	0.000	LIKELY_LOCAL_ROAD
Route tertiaire	NC	0.189	Kankan	0.000	0.000	LIKELY_LOCAL_ROAD
Route tertiaire	NC	0.188	Conakry	0.000	0.000	LIKELY_LOCAL_ROAD
Route tertiaire	NC	0.188	Faranah	0.222	1.000	LIKELY_DUPLICATE
Route tertiaire	NC	0.187	Faranah	0.000	0.000	LIKELY_LOCAL_ROAD
Voie rapide	N3	0.187	Kindia	1.000	1.000	LIKELY_DUPLICATE
Route tertiaire	NC	0.185	Conakry	0.250	1.000	LIKELY_DUPLICATE
Route secondaire	NC	0.185	Conakry	0.100	1.000	LIKELY_DUPLICATE
Voie rapide	N1	0.184	Nzérékoré	1.000	1.000	LIKELY_DUPLICATE
Route primaire	N33	0.182	Faranah	1.000	1.000	LIKELY_DUPLICATE
Route secondaire	KA. 050	0.180	Conakry	1.000	1.000	LIKELY_DUPLICATE
Route tertiaire	NC	0.180	Kankan	0.000	0.000	LIKELY_LOCAL_ROAD
Route tertiaire	NC	0.179	Nzérékoré	0.000	0.000	LIKELY_LOCAL_ROAD
Route tertiaire	NC	0.179	Labé	0.000	0.000	LIKELY_LOCAL_ROAD
Route secondaire	NC	0.179	Mamou	0.000	0.000	POTENTIAL_BDRI_MISSING
Voie rapide	N2	0.178	Faranah	1.000	1.000	LIKELY_DUPLICATE
Route tertiaire	NC	0.178	Kindia	0.286	1.000	LIKELY_DUPLICATE
Route secondaire	NC	0.178	Nzérékoré	0.000	1.000	LIKELY_DUPLICATE
Route tertiaire	NC	0.175	Labé	0.000	0.000	LIKELY_LOCAL_ROAD
Route tertiaire	NC	0.175	Nzérékoré	0.400	1.000	LIKELY_DUPLICATE
Route tertiaire	NC	0.175	Faranah	0.000	0.000	LIKELY_LOCAL_ROAD
Voie rapide	N6	0.175	Kankan	1.000	1.000	LIKELY_DUPLICATE
Route tertiaire	NC	0.175	Kankan	0.000	0.000	LIKELY_LOCAL_ROAD
Route tertiaire	NC	0.175	Kankan	0.000	0.000	LIKELY_LOCAL_ROAD
Route tertiaire	NC	0.175	Nzérékoré	1.000	1.000	LIKELY_DUPLICATE
Voie rapide	N2	0.174	Faranah	1.000	1.000	LIKELY_DUPLICATE
Route tertiaire	NC	0.173	Conakry	0.000	0.000	LIKELY_LOCAL_ROAD
Voie rapide	N2	0.173	Faranah	1.000	1.000	LIKELY_DUPLICATE
Route secondaire	NC	0.172	Nzérékoré	0.000	0.000	POTENTIAL_BDRI_MISSING
Route tertiaire	NC	0.171	Labé	0.000	0.000	LIKELY_LOCAL_ROAD
Route tertiaire	NC	0.169	Mamou	0.200	1.000	LIKELY_DUPLICATE
Route tertiaire	NC	0.169	Kankan	0.000	0.000	LIKELY_LOCAL_ROAD
Route tertiaire	NC	0.169	Kindia	0.000	0.000	LIKELY_LOCAL_ROAD
Voie rapide	N3	0.169	Boké	1.000	1.000	LIKELY_DUPLICATE
Route tertiaire	NC	0.168	Mamou	0.200	1.000	LIKELY_DUPLICATE
Voie rapide	N2	0.168	Faranah	1.000	1.000	LIKELY_DUPLICATE
Voie rapide	N2	0.168	Faranah	1.000	1.000	LIKELY_DUPLICATE
Route primaire	NC	0.167	Conakry	0.000	1.000	LIKELY_DUPLICATE
Route tertiaire	NC	0.166	Conakry	0.333	1.000	LIKELY_DUPLICATE
Route tertiaire	NC	0.166	Kindia	0.000	0.000	LIKELY_LOCAL_ROAD
Route tertiaire	NC	0.165	Kindia	0.286	1.000	LIKELY_DUPLICATE
Route tertiaire	NC	0.165	Faranah	0.000	0.000	LIKELY_LOCAL_ROAD
Route secondaire	NC	0.165	Conakry	0.333	1.000	LIKELY_DUPLICATE
Route primaire	N1	0.164	Conakry	1.000	1.000	LIKELY_DUPLICATE
Route secondaire	T1	0.163	Conakry	0.286	1.000	LIKELY_DUPLICATE
Voie rapide	N2	0.163	Nzérékoré	1.000	1.000	LIKELY_DUPLICATE
Route secondaire	NC	0.162	Nzérékoré	0.286	1.000	LIKELY_DUPLICATE
Voie rapide	N2	0.162	Faranah	1.000	1.000	LIKELY_DUPLICATE
Route tertiaire	NC	0.162	Boké	0.000	0.000	LIKELY_LOCAL_ROAD
Route tertiaire	NC	0.161	Labé	0.000	0.000	LIKELY_LOCAL_ROAD
Route tertiaire	NC	0.161	Boké	0.000	0.000	LIKELY_LOCAL_ROAD
Route primaire	NC	0.160	Nzérékoré	0.000	0.000	POTENTIAL_BDRI_MISSING
Route secondaire	T1	0.160	Conakry	0.333	1.000	LIKELY_DUPLICATE
Route tertiaire	NC	0.160	Mamou	0.000	0.000	LIKELY_LOCAL_ROAD
Route tertiaire	NC	0.160	Labé	0.000	0.000	LIKELY_LOCAL_ROAD
Route tertiaire	NC	0.160	Kindia	0.000	1.000	LIKELY_DUPLICATE
Route tertiaire	NC	0.159	Kankan	0.000	1.000	LIKELY_DUPLICATE
Voie rapide	NC	0.159	Faranah	0.773	1.000	LIKELY_DUPLICATE
Route primaire	NC	0.158	Conakry	0.000	0.000	POTENTIAL_BDRI_MISSING
Route tertiaire	NC	0.158	Labé	0.571	1.000	LIKELY_DUPLICATE
Voie rapide	N3	0.157	Kindia	1.000	1.000	LIKELY_DUPLICATE
Voie rapide	N5	0.155	Mamou	1.000	1.000	LIKELY_DUPLICATE
Route tertiaire	NC	0.155	Faranah	0.000	1.000	LIKELY_DUPLICATE
Route tertiaire	NC	0.155	Kankan	0.667	1.000	LIKELY_DUPLICATE
Voie rapide	N1	0.155	Kindia	1.000	1.000	LIKELY_DUPLICATE
Route secondaire	NC	0.155	Boké	1.000	1.000	LIKELY_DUPLICATE
Voie rapide	N1	0.155	Conakry	0.800	1.000	LIKELY_DUPLICATE
Route tertiaire	NC	0.154	Nzérékoré	0.000	0.000	LIKELY_LOCAL_ROAD
Voie rapide	N6	0.154	Kankan	0.750	1.000	LIKELY_DUPLICATE
Route tertiaire	NC	0.154	Nzérékoré	1.000	1.000	LIKELY_DUPLICATE
Voie rapide	N2	0.153	Nzérékoré	1.000	1.000	LIKELY_DUPLICATE
Route tertiaire	NC	0.151	Kindia	0.000	0.000	LIKELY_LOCAL_ROAD
Route tertiaire	NC	0.150	Kindia	0.250	1.000	LIKELY_DUPLICATE
Voie rapide	N2	0.150	Nzérékoré	0.600	1.000	LIKELY_DUPLICATE
Route tertiaire	NC	0.150	Conakry	0.200	1.000	LIKELY_DUPLICATE
Route primaire	NC	0.149	Conakry	0.000	0.000	POTENTIAL_BDRI_MISSING
Route primaire	NC	0.149	Conakry	0.000	0.000	POTENTIAL_BDRI_MISSING
Route tertiaire	NC	0.148	Mamou	0.000	0.000	LIKELY_LOCAL_ROAD
Route secondaire	NC	0.148	Mamou	0.200	1.000	LIKELY_DUPLICATE
Route tertiaire	NC	0.147	Kankan	0.250	1.000	LIKELY_DUPLICATE
Route tertiaire	NC	0.146	Faranah	0.000	0.000	LIKELY_LOCAL_ROAD
Route tertiaire	NC	0.146	Kankan	0.000	0.000	LIKELY_LOCAL_ROAD
Route tertiaire	NC	0.145	Nzérékoré	0.000	0.000	LIKELY_LOCAL_ROAD
Route tertiaire	NC	0.144	Kankan	0.000	1.000	LIKELY_DUPLICATE
Route primaire	N20	0.144	Boké	0.500	1.000	LIKELY_DUPLICATE
Route tertiaire	NC	0.143	Labé	0.000	0.000	LIKELY_LOCAL_ROAD
Voie rapide	NC	0.142	Kankan	1.000	1.000	LIKELY_DUPLICATE
Route secondaire	NC	0.142	Faranah	0.000	0.000	POTENTIAL_BDRI_MISSING
Route primaire	NC	0.141	Kindia	0.000	1.000	LIKELY_DUPLICATE
Route primaire	DI 814	0.141	Conakry	1.000	1.000	LIKELY_DUPLICATE
Route tertiaire	NC	0.141	Mamou	0.000	0.000	LIKELY_LOCAL_ROAD
Route primaire	NC	0.141	Conakry	0.500	1.000	LIKELY_DUPLICATE
Route tertiaire	NC	0.140	Labé	0.000	0.000	LIKELY_LOCAL_ROAD
Route tertiaire	NC	0.140	Kindia	0.000	0.000	LIKELY_LOCAL_ROAD
Route primaire	DI 814	0.139	Conakry	1.000	1.000	LIKELY_DUPLICATE
Route tertiaire	NC	0.139	Boké	0.000	0.000	LIKELY_LOCAL_ROAD
Route tertiaire	NC	0.138	Boké	0.000	0.000	LIKELY_LOCAL_ROAD
Route secondaire	NC	0.138	Faranah	0.000	0.000	POTENTIAL_BDRI_MISSING
Route tertiaire	NC	0.138	Kankan	0.000	0.000	LIKELY_LOCAL_ROAD
Voie rapide	N2	0.137	Nzérékoré	1.000	1.000	LIKELY_DUPLICATE
Route primaire	NC	0.137	Boké	1.000	1.000	LIKELY_DUPLICATE
Route tertiaire	NC	0.136	Kankan	1.000	1.000	LIKELY_DUPLICATE
Route tertiaire	NC	0.136	Nzérékoré	0.000	0.333	OUTSIDE_BDRI_SCOPE
Voie rapide	N2	0.136	Nzérékoré	1.000	1.000	LIKELY_DUPLICATE
Route primaire	NC	0.135	Conakry	0.000	0.000	POTENTIAL_BDRI_MISSING
Route tertiaire	NC	0.134	Kindia	0.000	0.000	LIKELY_LOCAL_ROAD
Voie rapide	N3	0.133	Boké	1.000	1.000	LIKELY_DUPLICATE
Route tertiaire	NC	0.133	Nzérékoré	0.000	0.000	LIKELY_LOCAL_ROAD
Route tertiaire	NC	0.132	Kindia	0.000	0.000	LIKELY_LOCAL_ROAD
Route tertiaire	NC	0.132	Kindia	0.000	0.000	LIKELY_LOCAL_ROAD
Route secondaire	NC	0.132	Nzérékoré	0.333	1.000	LIKELY_DUPLICATE
Route primaire	NC	0.132	Conakry	0.000	0.000	POTENTIAL_BDRI_MISSING
Voie rapide	N3	0.131	Boké	0.636	1.000	LIKELY_DUPLICATE
Route tertiaire	NC	0.131	Kankan	0.000	0.000	LIKELY_LOCAL_ROAD
Route primaire	N30	0.131	Kankan	1.000	1.000	LIKELY_DUPLICATE
Route tertiaire	NC	0.130	Kindia	0.000	0.000	LIKELY_LOCAL_ROAD
Route tertiaire	NC	0.129	Kindia	0.000	0.000	LIKELY_LOCAL_ROAD
Voie rapide	N4	0.129	Kindia	1.000	1.000	LIKELY_DUPLICATE
Route secondaire	N14	0.129	Faranah	1.000	1.000	LIKELY_DUPLICATE
Voie rapide	NC	0.129	Kankan	1.000	1.000	LIKELY_DUPLICATE
Route primaire	NC	0.128	Conakry	0.000	0.000	POTENTIAL_BDRI_MISSING
Route tertiaire	NC	0.127	Mamou	0.000	1.000	LIKELY_DUPLICATE
Route tertiaire	NC	0.127	Kankan	0.000	0.000	LIKELY_LOCAL_ROAD
Route tertiaire	NC	0.126	Boké	0.000	0.000	LIKELY_LOCAL_ROAD
Route primaire	NC	0.126	Conakry	0.667	1.000	LIKELY_DUPLICATE
Route tertiaire	NC	0.126	Boké	0.000	0.000	LIKELY_LOCAL_ROAD
Voie rapide	N1	0.126	Kankan	1.000	1.000	LIKELY_DUPLICATE
Voie rapide	NC	0.125	Boké	1.000	1.000	LIKELY_DUPLICATE
Route primaire	NC	0.124	Conakry	0.000	1.000	LIKELY_DUPLICATE
Route tertiaire	NC	0.124	Faranah	0.000	0.000	LIKELY_LOCAL_ROAD
Route tertiaire	NC	0.124	Faranah	0.000	0.000	LIKELY_LOCAL_ROAD
Route tertiaire	NC	0.124	Nzérékoré	0.000	0.000	LIKELY_LOCAL_ROAD
Route tertiaire	NC	0.124	Faranah	1.000	1.000	LIKELY_DUPLICATE
Route tertiaire	NC	0.123	Kindia	0.000	0.000	LIKELY_LOCAL_ROAD
Route secondaire	NC	0.123	Conakry	0.000	0.000	POTENTIAL_BDRI_MISSING
Route secondaire	NC	0.123	Nzérékoré	0.000	0.000	POTENTIAL_BDRI_MISSING
Route tertiaire	NC	0.123	Boké	0.400	1.000	LIKELY_DUPLICATE
Route tertiaire	NC	0.123	Mamou	0.000	0.000	LIKELY_LOCAL_ROAD
Route primaire	NC	0.123	Conakry	0.000	0.000	POTENTIAL_BDRI_MISSING
Route primaire	N1	0.122	Conakry	1.000	1.000	LIKELY_DUPLICATE
Route tertiaire	NC	0.122	Kindia	0.400	1.000	LIKELY_DUPLICATE
Route tertiaire	NC	0.121	Mamou	0.000	0.000	LIKELY_LOCAL_ROAD
Route primaire	NC	0.120	Conakry	0.545	1.000	LIKELY_DUPLICATE
Route primaire	NC	0.120	Boké	1.000	1.000	LIKELY_DUPLICATE
Route secondaire	NC	0.120	Kindia	1.000	1.000	LIKELY_DUPLICATE
Route tertiaire	NC	0.119	Kankan	0.333	1.000	LIKELY_DUPLICATE
Route tertiaire	NC	0.119	Kankan	0.000	0.000	LIKELY_LOCAL_ROAD
Route tertiaire	NC	0.118	Kankan	0.000	1.000	LIKELY_DUPLICATE
Route tertiaire	NC	0.118	Nzérékoré	0.000	0.000	LIKELY_LOCAL_ROAD
Route tertiaire	NC	0.117	Kankan	0.000	0.000	LIKELY_LOCAL_ROAD
Route tertiaire	NC	0.117	Faranah	0.000	0.000	LIKELY_LOCAL_ROAD
Route primaire	N27	0.116	Labé	0.333	1.000	LIKELY_DUPLICATE
Route tertiaire	NC	0.116	Boké	0.000	0.000	LIKELY_LOCAL_ROAD
Route tertiaire	NC	0.116	Boké	1.000	1.000	LIKELY_DUPLICATE
Voie rapide	N1	0.116	Mamou	1.000	1.000	LIKELY_DUPLICATE
Voie rapide	N2	0.115	Nzérékoré	1.000	1.000	LIKELY_DUPLICATE
Voie rapide	N6	0.115	Faranah	1.000	1.000	LIKELY_DUPLICATE
Route secondaire	NC	0.114	Kindia	1.000	1.000	LIKELY_DUPLICATE
Route secondaire	NC	0.114	Kindia	0.333	1.000	LIKELY_DUPLICATE
Route tertiaire	NC	0.114	Nzérékoré	0.000	0.000	LIKELY_LOCAL_ROAD
Voie rapide	N1	0.114	Conakry	1.000	1.000	LIKELY_DUPLICATE
Route tertiaire	NC	0.113	Boké	0.714	1.000	LIKELY_DUPLICATE
Route primaire	NC	0.113	Faranah	0.000	1.000	LIKELY_DUPLICATE
Route primaire	N24	0.112	Kindia	1.000	1.000	LIKELY_DUPLICATE
Route secondaire	NC	0.112	Kankan	0.571	1.000	LIKELY_DUPLICATE
Voie rapide	N2	0.112	Faranah	1.000	1.000	LIKELY_DUPLICATE
Route tertiaire	NC	0.112	Nzérékoré	0.000	0.000	LIKELY_LOCAL_ROAD
Route tertiaire	NC	0.111	Faranah	0.000	0.000	LIKELY_LOCAL_ROAD
Route tertiaire	NC	0.110	Labé	0.000	0.000	LIKELY_LOCAL_ROAD
Route tertiaire	NC	0.109	Kankan	0.000	0.000	LIKELY_LOCAL_ROAD
Route tertiaire	NC	0.109	Mamou	0.000	0.000	LIKELY_LOCAL_ROAD
Route secondaire	NC	0.108	Kindia	0.250	1.000	LIKELY_DUPLICATE
Voie rapide	N6	0.108	Kankan	1.000	1.000	LIKELY_DUPLICATE
Route secondaire	NC	0.108	Faranah	0.000	0.000	POTENTIAL_BDRI_MISSING
Voie rapide	N1	0.107	Kankan	1.000	1.000	LIKELY_DUPLICATE
Route tertiaire	NC	0.107	Kankan	0.000	0.000	LIKELY_LOCAL_ROAD
Route secondaire	NC	0.107	Kankan	1.000	1.000	LIKELY_DUPLICATE
Route secondaire	NC	0.107	Kindia	1.000	1.000	LIKELY_DUPLICATE
Voie rapide	N5	0.107	Boké	1.000	1.000	LIKELY_DUPLICATE
Voie rapide	N1	0.106	Conakry	0.400	1.000	LIKELY_DUPLICATE
Voie rapide	N2	0.106	Faranah	1.000	1.000	LIKELY_DUPLICATE
Route tertiaire	NC	0.106	Nzérékoré	0.000	0.000	LIKELY_LOCAL_ROAD
Route tertiaire	NC	0.106	Nzérékoré	0.000	0.000	LIKELY_LOCAL_ROAD
Voie rapide	N3	0.105	Conakry	0.333	1.000	LIKELY_DUPLICATE
Voie rapide	N3	0.105	Kindia	1.000	1.000	LIKELY_DUPLICATE
Route tertiaire	NC	0.105	Kankan	0.000	0.000	LIKELY_LOCAL_ROAD
Route primaire	N24	0.105	Kindia	1.000	1.000	LIKELY_DUPLICATE
Voie rapide	N1	0.104	Conakry	1.000	1.000	LIKELY_DUPLICATE
Voie rapide	N3	0.104	Boké	1.000	1.000	LIKELY_DUPLICATE
Route tertiaire	NC	0.104	Kindia	0.000	0.000	LIKELY_LOCAL_ROAD
Route tertiaire	NC	0.104	Conakry	0.714	1.000	LIKELY_DUPLICATE
Route secondaire	NC	0.104	Nzérékoré	0.400	1.000	LIKELY_DUPLICATE
Route primaire	NC	0.103	Conakry	0.000	1.000	LIKELY_DUPLICATE
Voie rapide	N5	0.103	Labé	1.000	1.000	LIKELY_DUPLICATE
Voie rapide	N6	0.103	Kankan	0.813	1.000	LIKELY_DUPLICATE
Route tertiaire	NC	0.103	Kankan	0.000	1.000	LIKELY_DUPLICATE
Voie rapide	N4	0.103	Kindia	1.000	1.000	LIKELY_DUPLICATE
Voie rapide	N1;N6	0.103	Kankan	1.000	1.000	LIKELY_DUPLICATE
Route tertiaire	NC	0.102	Faranah	0.000	0.000	LIKELY_LOCAL_ROAD
Voie rapide	N1	0.102	Faranah	1.000	1.000	LIKELY_DUPLICATE
Route primaire	N33	0.102	Faranah	1.000	1.000	LIKELY_DUPLICATE
Route secondaire	N30	0.102	Faranah	1.000	1.000	LIKELY_DUPLICATE
Voie rapide	N1	0.102	Conakry	1.000	1.000	LIKELY_DUPLICATE
Route tertiaire	NC	0.102	Nzérékoré	0.000	0.000	LIKELY_LOCAL_ROAD
Route tertiaire	NC	0.102	Nzérékoré	0.667	1.000	LIKELY_DUPLICATE
Voie rapide	N3	0.101	Kindia	1.000	1.000	LIKELY_DUPLICATE
Voie rapide	N2	0.101	Faranah	1.000	1.000	LIKELY_DUPLICATE
Route tertiaire	NC	0.101	Faranah	0.000	0.400	OUTSIDE_BDRI_SCOPE
Route secondaire	NC	0.101	Conakry	0.000	0.000	POTENTIAL_BDRI_MISSING
Route tertiaire	NC	0.101	Labé	1.000	1.000	LIKELY_DUPLICATE
Voie rapide	N6	0.101	Kankan	0.909	1.000	LIKELY_DUPLICATE
Voie rapide	N1	0.100	Conakry	0.167	1.000	LIKELY_DUPLICATE
Voie rapide	N2	0.100	Nzérékoré	1.000	1.000	LIKELY_DUPLICATE
Route tertiaire	NC	0.099	Boké	0.000	0.000	LIKELY_LOCAL_ROAD
Route tertiaire	NC	0.099	Boké	0.000	0.000	LIKELY_LOCAL_ROAD
Route primaire	DI 814	0.099	Conakry	1.000	1.000	LIKELY_DUPLICATE
Route tertiaire	NC	0.098	Faranah	0.000	0.000	LIKELY_LOCAL_ROAD
Route tertiaire	NC	0.098	Kankan	0.000	0.000	LIKELY_LOCAL_ROAD
Route primaire	N33	0.098	Kankan	1.000	1.000	LIKELY_DUPLICATE
Route tertiaire	NC	0.098	Kindia	0.750	1.000	LIKELY_DUPLICATE
Route tertiaire	NC	0.097	Kindia	0.000	1.000	LIKELY_DUPLICATE
Route secondaire	NC	0.097	Conakry	0.250	1.000	LIKELY_DUPLICATE
Route secondaire	NC	0.097	Kankan	1.000	1.000	LIKELY_DUPLICATE
Voie rapide	N1	0.097	Conakry	1.000	1.000	LIKELY_DUPLICATE
Voie rapide	N4	0.096	Kindia	1.000	1.000	LIKELY_DUPLICATE
Route tertiaire	NC	0.096	Boké	1.000	1.000	LIKELY_DUPLICATE
Route tertiaire	NC	0.096	Kankan	0.000	0.000	LIKELY_LOCAL_ROAD
Voie rapide	N2	0.096	Nzérékoré	1.000	1.000	LIKELY_DUPLICATE
Voie rapide	NC	0.095	Boké	1.000	1.000	LIKELY_DUPLICATE
Route tertiaire	NC	0.095	Kankan	0.000	0.000	LIKELY_LOCAL_ROAD
Voie rapide	N3	0.095	Boké	1.000	1.000	LIKELY_DUPLICATE
Route tertiaire	NC	0.095	Kankan	0.000	0.000	LIKELY_LOCAL_ROAD
Voie rapide	NC	0.093	Kankan	1.000	1.000	LIKELY_DUPLICATE
Voie rapide	RN5	0.093	Kankan	0.000	0.000	POTENTIAL_BDRI_MISSING
Route tertiaire	NC	0.093	Faranah	0.000	0.000	LIKELY_LOCAL_ROAD
Route tertiaire	NC	0.092	Nzérékoré	0.000	0.000	LIKELY_LOCAL_ROAD
Route tertiaire	NC	0.092	Kankan	0.000	0.000	LIKELY_LOCAL_ROAD
Route primaire	N1	0.092	Conakry	1.000	1.000	LIKELY_DUPLICATE
Voie rapide	N6	0.092	Kankan	1.000	1.000	LIKELY_DUPLICATE
Route tertiaire	NC	0.091	Kindia	0.600	1.000	LIKELY_DUPLICATE
Route tertiaire	NC	0.091	Faranah	0.000	0.000	LIKELY_LOCAL_ROAD
Voie rapide	N1	0.091	Kindia	1.000	1.000	LIKELY_DUPLICATE
Route tertiaire	NC	0.090	Kankan	1.000	1.000	LIKELY_DUPLICATE
Route tertiaire	NC	0.090	Kankan	0.000	1.000	LIKELY_DUPLICATE
Route primaire	NC	0.090	Boké	1.000	1.000	LIKELY_DUPLICATE
Route primaire	N20	0.090	Boké	0.400	1.000	LIKELY_DUPLICATE
Route tertiaire	NC	0.090	Boké	0.000	0.000	LIKELY_LOCAL_ROAD
Route primaire	N30	0.089	Kankan	1.000	1.000	LIKELY_DUPLICATE
Route tertiaire	NC	0.089	Faranah	0.000	1.000	LIKELY_DUPLICATE
Route tertiaire	NC	0.089	Kindia	0.000	1.000	LIKELY_DUPLICATE
Route tertiaire	NC	0.089	Kindia	0.000	0.000	LIKELY_LOCAL_ROAD
Voie rapide	N5	0.088	Mamou	1.000	1.000	LIKELY_DUPLICATE
Route primaire	NC	0.088	Boké	1.000	1.000	LIKELY_DUPLICATE
Route tertiaire	NC	0.087	Nzérékoré	0.600	1.000	LIKELY_DUPLICATE
Route tertiaire	NC	0.087	Kankan	0.000	0.000	LIKELY_LOCAL_ROAD
Route tertiaire	NC	0.086	Mamou	0.000	0.500	LIKELY_DUPLICATE
Route secondaire	NC	0.086	Kindia	1.000	1.000	LIKELY_DUPLICATE
Route tertiaire	NC	0.086	Kindia	0.444	1.000	LIKELY_DUPLICATE
Route primaire	NC	0.085	Conakry	0.800	1.000	LIKELY_DUPLICATE
Route primaire	NC	0.085	Conakry	0.000	1.000	LIKELY_DUPLICATE
Route secondaire	NC	0.085	Faranah	0.333	1.000	LIKELY_DUPLICATE
Voie rapide	N1	0.085	Kindia	1.000	1.000	LIKELY_DUPLICATE
Route tertiaire	NC	0.085	Nzérékoré	0.000	0.000	LIKELY_LOCAL_ROAD
Route primaire	NC	0.085	Conakry	0.667	1.000	LIKELY_DUPLICATE
Route tertiaire	NC	0.084	Kindia	0.000	0.000	LIKELY_LOCAL_ROAD
Route tertiaire	NC	0.084	Faranah	0.000	0.000	LIKELY_LOCAL_ROAD
Route tertiaire	NC	0.084	Nzérékoré	0.000	0.000	LIKELY_LOCAL_ROAD
Route tertiaire	NC	0.084	Kankan	0.000	0.000	LIKELY_LOCAL_ROAD
Voie rapide	N3	0.083	Boké	1.000	1.000	LIKELY_DUPLICATE
Route primaire	N33	0.083	Kankan	1.000	1.000	LIKELY_DUPLICATE
Voie rapide	N3	0.083	Kindia	1.000	1.000	LIKELY_DUPLICATE
Voie rapide	N2	0.082	Faranah	1.000	1.000	LIKELY_DUPLICATE
Route tertiaire	NC	0.082	Faranah	0.000	1.000	LIKELY_DUPLICATE
Voie rapide	NC	0.082	Conakry	1.000	1.000	LIKELY_DUPLICATE
Route secondaire	NC	0.082	Nzérékoré	1.000	1.000	LIKELY_DUPLICATE
Route primaire	NC	0.081	Kindia	0.000	0.000	POTENTIAL_BDRI_MISSING
Voie rapide	NC	0.081	Labé	1.000	1.000	LIKELY_DUPLICATE
Route primaire	N8	0.081	Labé	1.000	1.000	LIKELY_DUPLICATE
Route tertiaire	NC	0.081	Faranah	0.000	0.000	LIKELY_LOCAL_ROAD
Route tertiaire	NC	0.080	Faranah	0.000	0.000	LIKELY_LOCAL_ROAD
Route secondaire	NC	0.080	Mamou	0.000	0.000	POTENTIAL_BDRI_MISSING
Voie rapide	N1	0.080	Kindia	0.400	1.000	LIKELY_DUPLICATE
Voie rapide	N2	0.080	Nzérékoré	1.000	1.000	LIKELY_DUPLICATE
Route tertiaire	NC	0.080	Boké	0.000	0.000	LIKELY_LOCAL_ROAD
Route tertiaire	NC	0.079	Kankan	0.000	0.000	LIKELY_LOCAL_ROAD
Route tertiaire	N25	0.079	Labé	1.000	1.000	LIKELY_DUPLICATE
Route tertiaire	NC	0.079	Nzérékoré	0.500	1.000	LIKELY_DUPLICATE
Route primaire	N29	0.079	Faranah	1.000	1.000	LIKELY_DUPLICATE
Voie rapide	N6	0.078	Faranah	0.500	1.000	LIKELY_DUPLICATE
Voie rapide	N1	0.078	Kindia	1.000	1.000	LIKELY_DUPLICATE
Voie rapide	N1	0.078	Kindia	1.000	1.000	LIKELY_DUPLICATE
Route tertiaire	NC	0.078	Kindia	0.000	0.000	LIKELY_LOCAL_ROAD
Route primaire	NC	0.078	Nzérékoré	0.000	1.000	LIKELY_DUPLICATE
Voie rapide	N2	0.078	Nzérékoré	1.000	1.000	LIKELY_DUPLICATE
Route primaire	MA. 006	0.078	Conakry	1.000	1.000	LIKELY_DUPLICATE
Voie rapide	N3	0.078	Conakry	1.000	1.000	LIKELY_DUPLICATE
Route tertiaire	NC	0.077	Boké	0.000	0.000	LIKELY_LOCAL_ROAD
Route tertiaire	NC	0.077	Kindia	1.000	1.000	LIKELY_DUPLICATE
Voie rapide	N3	0.077	Kindia	1.000	1.000	LIKELY_DUPLICATE
Route tertiaire	NC	0.077	Kindia	0.571	1.000	LIKELY_DUPLICATE
Route tertiaire	NC	0.077	Boké	0.000	0.000	LIKELY_LOCAL_ROAD
Route secondaire	N14	0.076	Faranah	0.000	1.000	LIKELY_DUPLICATE
Voie rapide	N2	0.076	Faranah	0.000	1.000	LIKELY_DUPLICATE
Route tertiaire	NC	0.076	Conakry	0.000	0.000	LIKELY_LOCAL_ROAD
Route tertiaire	NC	0.076	Nzérékoré	0.000	0.000	LIKELY_LOCAL_ROAD
Route tertiaire	NC	0.076	Faranah	0.000	0.000	LIKELY_LOCAL_ROAD
Route secondaire	NC	0.076	Conakry	0.000	1.000	LIKELY_DUPLICATE
Route tertiaire	NC	0.076	Faranah	0.000	0.000	LIKELY_LOCAL_ROAD
Route primaire	NC	0.076	Conakry	0.000	0.000	POTENTIAL_BDRI_MISSING
Route tertiaire	NC	0.075	Conakry	0.000	0.000	LIKELY_LOCAL_ROAD
Route tertiaire	NC	0.075	Kindia	0.000	0.000	LIKELY_LOCAL_ROAD
Route tertiaire	NC	0.075	Kankan	0.000	0.000	LIKELY_LOCAL_ROAD
Route primaire	NC	0.075	Kindia	0.000	0.000	POTENTIAL_BDRI_MISSING
Route tertiaire	NC	0.075	Mamou	0.400	1.000	LIKELY_DUPLICATE
Route primaire	N29	0.075	Faranah	1.000	1.000	LIKELY_DUPLICATE
Route tertiaire	NC	0.075	Faranah	0.000	1.000	LIKELY_DUPLICATE
Route tertiaire	NC	0.075	Kindia	0.500	1.000	LIKELY_DUPLICATE
Voie rapide	N2	0.075	Faranah	1.000	1.000	LIKELY_DUPLICATE
Route tertiaire	NC	0.075	Kindia	0.000	0.000	LIKELY_LOCAL_ROAD
Route secondaire	N21	0.074	Kindia	1.000	1.000	LIKELY_DUPLICATE
Route secondaire	N21	0.074	Kindia	1.000	1.000	LIKELY_DUPLICATE
Route secondaire	NC	0.073	Conakry	0.400	1.000	LIKELY_DUPLICATE
Voie rapide	NC	0.073	Kankan	1.000	1.000	LIKELY_DUPLICATE
Route primaire	N30	0.073	Faranah	1.000	1.000	LIKELY_DUPLICATE
Route primaire	NC	0.073	Conakry	0.571	1.000	LIKELY_DUPLICATE
Route primaire	N8	0.073	Labé	1.000	1.000	LIKELY_DUPLICATE
Route secondaire	NC	0.073	Kankan	0.000	1.000	LIKELY_DUPLICATE
Route primaire	NC	0.073	Faranah	0.000	0.000	POTENTIAL_BDRI_MISSING
Route secondaire	N21	0.073	Kindia	1.000	1.000	LIKELY_DUPLICATE
Voie rapide	N2	0.073	Faranah	0.800	1.000	LIKELY_DUPLICATE
Route tertiaire	NC	0.073	Conakry	0.000	0.000	LIKELY_LOCAL_ROAD
Route secondaire	N21	0.072	Kindia	1.000	1.000	LIKELY_DUPLICATE
Route secondaire	NC	0.071	Conakry	0.667	1.000	LIKELY_DUPLICATE
Voie rapide	N2	0.071	Faranah	1.000	1.000	LIKELY_DUPLICATE
Voie rapide	N2	0.071	Nzérékoré	1.000	1.000	LIKELY_DUPLICATE
Route secondaire	NC	0.071	Conakry	0.000	1.000	LIKELY_DUPLICATE
Voie rapide	N4	0.070	Kindia	1.000	1.000	LIKELY_DUPLICATE
Route secondaire	NC	0.070	Kankan	1.000	1.000	LIKELY_DUPLICATE
Voie rapide	N6	0.070	Faranah	1.000	1.000	LIKELY_DUPLICATE
Route primaire	N18	0.070	Nzérékoré	1.000	1.000	LIKELY_DUPLICATE
Route tertiaire	NC	0.070	Kindia	0.000	0.000	LIKELY_LOCAL_ROAD
Route tertiaire	NC	0.070	Mamou	0.000	0.000	LIKELY_LOCAL_ROAD
Route secondaire	MA 784	0.070	Conakry	1.000	1.000	LIKELY_DUPLICATE
Route tertiaire	NC	0.069	Labé	0.500	1.000	LIKELY_DUPLICATE
Route tertiaire	NC	0.069	Labé	0.000	0.000	LIKELY_LOCAL_ROAD
Route primaire	N32	0.069	Kankan	0.500	1.000	LIKELY_DUPLICATE
Route tertiaire	NC	0.069	Faranah	0.000	0.000	LIKELY_LOCAL_ROAD
Route tertiaire	NC	0.069	Nzérékoré	0.000	0.000	LIKELY_LOCAL_ROAD
Route tertiaire	NC	0.069	Nzérékoré	0.000	1.000	LIKELY_DUPLICATE
Route tertiaire	NC	0.069	Kankan	0.000	0.000	LIKELY_LOCAL_ROAD
Route tertiaire	NC	0.069	Labé	0.000	0.000	LIKELY_LOCAL_ROAD
Route tertiaire	NC	0.069	Kindia	0.000	0.000	LIKELY_LOCAL_ROAD
Voie rapide	N2	0.068	Faranah	1.000	1.000	LIKELY_DUPLICATE
Route tertiaire	NC	0.068	Kankan	0.000	0.000	LIKELY_LOCAL_ROAD
Route secondaire	NC	0.068	Conakry	0.333	1.000	LIKELY_DUPLICATE
Route secondaire	NC	0.068	Conakry	0.500	1.000	LIKELY_DUPLICATE
Route tertiaire	NC	0.068	Conakry	0.000	0.000	LIKELY_LOCAL_ROAD
Voie rapide	N2	0.068	Faranah	1.000	1.000	LIKELY_DUPLICATE
Voie rapide	N1	0.068	Conakry	1.000	1.000	LIKELY_DUPLICATE
Route tertiaire	NC	0.068	Kindia	0.000	0.000	LIKELY_LOCAL_ROAD
Route primaire	NC	0.067	Nzérékoré	0.000	0.000	POTENTIAL_BDRI_MISSING
Route tertiaire	NC	0.067	Faranah	0.000	0.000	LIKELY_LOCAL_ROAD
Voie rapide	N6	0.067	Kankan	1.000	1.000	LIKELY_DUPLICATE
Route tertiaire	NC	0.067	Nzérékoré	0.000	0.000	LIKELY_LOCAL_ROAD
Route tertiaire	NC	0.066	Kankan	0.000	0.000	LIKELY_LOCAL_ROAD
Voie rapide	N1	0.066	Conakry	1.000	1.000	LIKELY_DUPLICATE
Voie rapide	N1	0.066	Conakry	1.000	1.000	LIKELY_DUPLICATE
Route tertiaire	NC	0.065	Kindia	0.000	0.000	LIKELY_LOCAL_ROAD
Route primaire	N24	0.065	Boké	1.000	1.000	LIKELY_DUPLICATE
Voie rapide	N4	0.065	Kindia	1.000	1.000	LIKELY_DUPLICATE
Voie rapide	N2	0.065	Faranah	1.000	1.000	LIKELY_DUPLICATE
Route tertiaire	NC	0.065	Kindia	0.000	0.000	LIKELY_LOCAL_ROAD
Voie rapide	N1	0.065	Kankan	1.000	1.000	LIKELY_DUPLICATE
Voie rapide	N1	0.065	Conakry	1.000	1.000	LIKELY_DUPLICATE
Route tertiaire	NC	0.065	Nzérékoré	0.000	0.000	LIKELY_LOCAL_ROAD
Route tertiaire	NC	0.065	Faranah	0.000	1.000	LIKELY_DUPLICATE
Route primaire	N10	0.065	Kankan	1.000	1.000	LIKELY_DUPLICATE
Route secondaire	NC	0.065	Nzérékoré	0.000	1.000	LIKELY_DUPLICATE
Route secondaire	N21	0.065	Kindia	0.000	1.000	LIKELY_DUPLICATE
Route tertiaire	NC	0.064	Boké	0.000	0.000	LIKELY_LOCAL_ROAD
Route tertiaire	NC	0.064	Nzérékoré	0.000	0.000	LIKELY_LOCAL_ROAD
Route secondaire	N21	0.064	Kindia	0.000	1.000	LIKELY_DUPLICATE
Route tertiaire	NC	0.064	Mamou	0.000	0.000	LIKELY_LOCAL_ROAD
Route tertiaire	NC	0.064	Faranah	0.000	0.000	LIKELY_LOCAL_ROAD
Route secondaire	NC	0.064	Conakry	0.000	1.000	LIKELY_DUPLICATE
Voie rapide	N1	0.063	Mamou	1.000	1.000	LIKELY_DUPLICATE
Route tertiaire	NC	0.063	Kankan	0.000	0.000	LIKELY_LOCAL_ROAD
Route tertiaire	NC	0.063	Kindia	0.000	0.000	LIKELY_LOCAL_ROAD
Route tertiaire	NC	0.062	Kankan	0.000	0.000	LIKELY_LOCAL_ROAD
Voie rapide	N6	0.062	Kankan	1.000	1.000	LIKELY_DUPLICATE
Voie rapide	NC	0.062	Conakry	0.167	1.000	LIKELY_DUPLICATE
Route tertiaire	NC	0.062	Labé	0.000	0.000	LIKELY_LOCAL_ROAD
Route tertiaire	NC	0.062	Boké	0.000	0.000	LIKELY_LOCAL_ROAD
Route secondaire	NC	0.062	Conakry	0.333	1.000	LIKELY_DUPLICATE
Route tertiaire	NC	0.061	Boké	0.000	0.000	LIKELY_LOCAL_ROAD
Route primaire	DI. 002	0.061	Conakry	1.000	1.000	LIKELY_DUPLICATE
Route secondaire	NC	0.061	Conakry	0.400	1.000	LIKELY_DUPLICATE
Route primaire	NC	0.061	Kindia	0.000	0.000	POTENTIAL_BDRI_MISSING
Route tertiaire	NC	0.061	Labé	1.000	1.000	LIKELY_DUPLICATE
Route tertiaire	NC	0.061	Boké	0.000	0.000	LIKELY_LOCAL_ROAD
Voie rapide	N6	0.060	Kankan	1.000	1.000	LIKELY_DUPLICATE
Route primaire	N32	0.060	Kankan	1.000	1.000	LIKELY_DUPLICATE
Voie rapide	N3	0.060	Boké	1.000	1.000	LIKELY_DUPLICATE
Route primaire	NC	0.060	Boké	1.000	1.000	LIKELY_DUPLICATE
Voie rapide	N1	0.060	Mamou	1.000	1.000	LIKELY_DUPLICATE
Voie rapide	N6	0.060	Faranah	1.000	1.000	LIKELY_DUPLICATE
Route tertiaire	NC	0.060	Mamou	0.000	0.000	LIKELY_LOCAL_ROAD
Route tertiaire	NC	0.060	Kindia	0.000	0.000	LIKELY_LOCAL_ROAD
Route tertiaire	NC	0.060	Nzérékoré	0.000	0.000	LIKELY_LOCAL_ROAD
Route secondaire	NC	0.060	Nzérékoré	0.000	0.000	POTENTIAL_BDRI_MISSING
Voie rapide	N6	0.059	Kankan	1.000	1.000	LIKELY_DUPLICATE
Route tertiaire	NC	0.059	Nzérékoré	0.000	0.000	LIKELY_LOCAL_ROAD
Route tertiaire	NC	0.059	Kankan	0.000	0.000	LIKELY_LOCAL_ROAD
Route tertiaire	NC	0.059	Kindia	0.000	0.000	LIKELY_LOCAL_ROAD
Voie rapide	N1	0.059	Mamou	1.000	1.000	LIKELY_DUPLICATE
Route tertiaire	NC	0.059	Kankan	0.000	0.000	LIKELY_LOCAL_ROAD
Route secondaire	NC	0.059	Conakry	0.000	0.000	POTENTIAL_BDRI_MISSING
Route secondaire	N14	0.059	Faranah	1.000	1.000	LIKELY_DUPLICATE
Route tertiaire	N25	0.059	Labé	1.000	1.000	LIKELY_DUPLICATE
Route tertiaire	NC	0.058	Labé	0.000	0.000	LIKELY_LOCAL_ROAD
Route tertiaire	NC	0.058	Conakry	0.000	0.000	LIKELY_LOCAL_ROAD
Route tertiaire	NC	0.058	Faranah	0.000	0.250	OUTSIDE_BDRI_SCOPE
Voie rapide	N6	0.058	Kankan	1.000	1.000	LIKELY_DUPLICATE
Voie rapide	NC	0.058	Conakry	0.000	1.000	LIKELY_DUPLICATE
Route secondaire	NC	0.058	Kankan	1.000	1.000	LIKELY_DUPLICATE
Route tertiaire	NC	0.057	Labé	0.000	1.000	LIKELY_DUPLICATE
Route tertiaire	NC	0.057	Faranah	0.000	0.000	LIKELY_LOCAL_ROAD
Route secondaire	NC	0.057	Conakry	0.000	1.000	LIKELY_DUPLICATE
Route tertiaire	NC	0.057	Faranah	0.000	0.000	LIKELY_LOCAL_ROAD
Route primaire	NC	0.057	Boké	1.000	1.000	LIKELY_DUPLICATE
Route secondaire	N31	0.057	Kankan	1.000	1.000	LIKELY_DUPLICATE
Route tertiaire	NC	0.057	Nzérékoré	0.000	1.000	LIKELY_DUPLICATE
Route tertiaire	NC	0.057	Faranah	0.000	0.000	LIKELY_LOCAL_ROAD
Route secondaire	NC	0.057	Nzérékoré	0.429	1.000	LIKELY_DUPLICATE
Voie rapide	N2	0.056	Nzérékoré	1.000	1.000	LIKELY_DUPLICATE
Voie rapide	N1	0.056	Kankan	1.000	1.000	LIKELY_DUPLICATE
Route tertiaire	NC	0.056	Kindia	0.000	0.000	LIKELY_LOCAL_ROAD
Route primaire	N8	0.056	Labé	1.000	1.000	LIKELY_DUPLICATE
Voie rapide	N2	0.056	Mamou	1.000	1.000	LIKELY_DUPLICATE
Route tertiaire	NC	0.056	Kindia	0.000	0.000	LIKELY_LOCAL_ROAD
Route tertiaire	NC	0.056	Faranah	0.000	0.000	LIKELY_LOCAL_ROAD
Route tertiaire	NC	0.056	Conakry	0.333	1.000	LIKELY_DUPLICATE
Route secondaire	N1	0.056	Nzérékoré	1.000	1.000	LIKELY_DUPLICATE
Route tertiaire	NC	0.056	Kindia	0.000	0.000	LIKELY_LOCAL_ROAD
Route primaire	NC	0.055	Conakry	0.000	0.000	POTENTIAL_BDRI_MISSING
Voie rapide	N1	0.055	Conakry	1.000	1.000	LIKELY_DUPLICATE
Voie rapide	N4	0.055	Kindia	1.000	1.000	LIKELY_DUPLICATE
Voie rapide	N1	0.055	Kindia	1.000	1.000	LIKELY_DUPLICATE
Route secondaire	NC	0.055	Conakry	0.667	1.000	LIKELY_DUPLICATE
Route tertiaire	NC	0.055	Kankan	0.000	0.000	LIKELY_LOCAL_ROAD
Voie rapide	N2	0.055	Faranah	1.000	1.000	LIKELY_DUPLICATE
Route tertiaire	NC	0.055	Conakry	0.600	1.000	LIKELY_DUPLICATE
Route tertiaire	NC	0.055	Conakry	0.286	1.000	LIKELY_DUPLICATE
Route primaire	NC	0.055	Conakry	0.125	1.000	LIKELY_DUPLICATE
Route secondaire	NC	0.055	Conakry	0.500	1.000	LIKELY_DUPLICATE
Route tertiaire	NC	0.055	Conakry	0.000	0.000	LIKELY_LOCAL_ROAD
Route tertiaire	NC	0.055	Labé	1.000	1.000	LIKELY_DUPLICATE
Route primaire	NC	0.054	Boké	1.000	1.000	LIKELY_DUPLICATE
Route primaire	DI. 002	0.054	Conakry	1.000	1.000	LIKELY_DUPLICATE
Route tertiaire	NC	0.054	Labé	0.000	0.000	LIKELY_LOCAL_ROAD
Route tertiaire	NC	0.054	Labé	0.000	1.000	LIKELY_DUPLICATE
Voie rapide	N3	0.054	Boké	1.000	1.000	LIKELY_DUPLICATE
Route primaire	NC	0.054	Conakry	0.000	0.000	POTENTIAL_BDRI_MISSING
Route tertiaire	NC	0.054	Conakry	0.000	0.000	LIKELY_LOCAL_ROAD
Voie rapide	N3	0.054	Boké	1.000	1.000	LIKELY_DUPLICATE
Route tertiaire	NC	0.054	Boké	0.000	0.000	LIKELY_LOCAL_ROAD
Route tertiaire	N22	0.053	Mamou	1.000	1.000	LIKELY_DUPLICATE
Voie rapide	N3	0.053	Boké	1.000	1.000	LIKELY_DUPLICATE
Route tertiaire	NC	0.053	Nzérékoré	0.000	0.000	LIKELY_LOCAL_ROAD
Route primaire	N33	0.053	Kankan	1.000	1.000	LIKELY_DUPLICATE
Voie rapide	N1	0.053	Kankan	1.000	1.000	LIKELY_DUPLICATE
Route secondaire	NC	0.053	Conakry	0.500	1.000	LIKELY_DUPLICATE
Route tertiaire	NC	0.053	Mamou	0.500	1.000	LIKELY_DUPLICATE
Route primaire	NC	0.053	Conakry	0.000	0.000	POTENTIAL_BDRI_MISSING
Route primaire	N20	0.052	Boké	1.000	1.000	LIKELY_DUPLICATE
Route secondaire	NC	0.052	Kankan	1.000	1.000	LIKELY_DUPLICATE
Voie rapide	N5	0.052	Mamou	1.000	1.000	LIKELY_DUPLICATE
Voie rapide	N3	0.052	Boké	1.000	1.000	LIKELY_DUPLICATE
Route primaire	NC	0.052	Conakry	0.000	0.000	POTENTIAL_BDRI_MISSING
Route primaire	NC	0.052	Conakry	0.167	1.000	LIKELY_DUPLICATE
Voie rapide	N1	0.052	Faranah	1.000	1.000	LIKELY_DUPLICATE
Route secondaire	NC	0.052	Conakry	0.500	1.000	LIKELY_DUPLICATE
Route tertiaire	NC	0.052	Kankan	0.000	0.000	LIKELY_LOCAL_ROAD
Voie rapide	N3	0.052	Kindia	1.000	1.000	LIKELY_DUPLICATE
Route tertiaire	NC	0.052	Kankan	0.000	0.000	LIKELY_LOCAL_ROAD
Route tertiaire	NC	0.052	Faranah	0.000	0.000	LIKELY_LOCAL_ROAD
Route tertiaire	NC	0.052	Faranah	0.000	0.000	LIKELY_LOCAL_ROAD
Route tertiaire	NC	0.051	Nzérékoré	1.000	1.000	LIKELY_DUPLICATE
Voie rapide	N2	0.051	Faranah	1.000	1.000	LIKELY_DUPLICATE
Route secondaire	NC	0.051	Kankan	0.000	0.000	POTENTIAL_BDRI_MISSING
Route tertiaire	NC	0.051	Conakry	0.667	1.000	LIKELY_DUPLICATE
Voie rapide	N3	0.051	Boké	1.000	1.000	LIKELY_DUPLICATE
Voie rapide	NC	0.051	Boké	1.000	1.000	LIKELY_DUPLICATE
Route tertiaire	NC	0.051	Conakry	0.000	0.000	LIKELY_LOCAL_ROAD
Route tertiaire	NC	0.051	Kankan	0.000	0.000	LIKELY_LOCAL_ROAD
Route tertiaire	NC	0.051	Kindia	0.000	0.500	LIKELY_DUPLICATE
Route secondaire	NC	0.051	Kankan	0.500	1.000	LIKELY_DUPLICATE
Voie rapide	N6	0.051	Kankan	1.000	1.000	LIKELY_DUPLICATE
Route tertiaire	NC	0.051	Mamou	0.000	0.000	LIKELY_LOCAL_ROAD
Voie rapide	NC	0.051	Nzérékoré	1.000	1.000	LIKELY_DUPLICATE
Route secondaire	NC	0.050	Kankan	1.000	1.000	LIKELY_DUPLICATE
Voie rapide	N2	0.050	Nzérékoré	1.000	1.000	LIKELY_DUPLICATE
Route tertiaire	NC	0.050	Boké	0.000	0.500	LIKELY_DUPLICATE
Voie rapide	N6	0.050	Kankan	0.750	1.000	LIKELY_DUPLICATE
Route tertiaire	NC	0.050	Boké	0.000	1.000	LIKELY_DUPLICATE
Route secondaire	NC	0.050	Conakry	0.000	1.000	LIKELY_DUPLICATE
Route tertiaire	NC	0.050	Conakry	0.500	1.000	LIKELY_DUPLICATE
Route tertiaire	NC	0.050	Conakry	0.800	1.000	LIKELY_DUPLICATE
Route tertiaire	KA. 050	0.050	Conakry	1.000	1.000	LIKELY_DUPLICATE
Route tertiaire	NC	0.050	Faranah	0.000	1.000	LIKELY_DUPLICATE
Route primaire	NC	0.050	Nzérékoré	0.000	0.000	POTENTIAL_BDRI_MISSING
Voie rapide	N6	0.049	Kankan	1.000	1.000	LIKELY_DUPLICATE
Voie rapide	NC	0.049	Nzérékoré	1.000	1.000	LIKELY_DUPLICATE
Voie rapide	NC	0.049	Nzérékoré	0.500	1.000	LIKELY_DUPLICATE
Route secondaire	NC	0.049	Kindia	0.000	1.000	LIKELY_DUPLICATE
Route secondaire	N21	0.049	Kindia	0.000	1.000	LIKELY_DUPLICATE
Route tertiaire	NC	0.049	Kankan	0.000	0.000	LIKELY_LOCAL_ROAD
Route tertiaire	NC	0.049	Faranah	0.000	0.000	LIKELY_LOCAL_ROAD
Voie rapide	N3	0.049	Kindia	1.000	1.000	LIKELY_DUPLICATE
Voie rapide	N5	0.049	Labé	1.000	1.000	LIKELY_DUPLICATE
Route secondaire	N21	0.049	Kindia	0.000	1.000	LIKELY_DUPLICATE
Voie rapide	NC	0.049	Conakry	1.000	1.000	LIKELY_DUPLICATE
Route tertiaire	N25	0.049	Labé	1.000	1.000	LIKELY_DUPLICATE
Route tertiaire	NC	0.049	Kindia	0.000	0.000	LIKELY_LOCAL_ROAD
Route tertiaire	NC	0.049	Faranah	0.000	0.000	LIKELY_LOCAL_ROAD
Voie rapide	N6	0.049	Faranah	1.000	1.000	LIKELY_DUPLICATE
Voie rapide	N1	0.049	Kankan	1.000	1.000	LIKELY_DUPLICATE
Route tertiaire	NC	0.049	Kankan	0.000	0.000	LIKELY_LOCAL_ROAD
Route tertiaire	NC	0.049	Nzérékoré	0.500	1.000	LIKELY_DUPLICATE
Route secondaire	NC	0.049	Kankan	0.000	0.000	POTENTIAL_BDRI_MISSING
Voie rapide	N2	0.048	Faranah	1.000	1.000	LIKELY_DUPLICATE
Route tertiaire	NC	0.048	Mamou	0.000	0.000	LIKELY_LOCAL_ROAD
Voie rapide	N2	0.048	Faranah	1.000	1.000	LIKELY_DUPLICATE
Voie rapide	N5	0.048	Boké	0.500	1.000	LIKELY_DUPLICATE
Route tertiaire	NC	0.048	Faranah	0.000	0.000	LIKELY_LOCAL_ROAD
Route tertiaire	NC	0.048	Kankan	0.000	0.000	LIKELY_LOCAL_ROAD
Route primaire	NC	0.048	Conakry	0.500	1.000	LIKELY_DUPLICATE
Route tertiaire	NC	0.048	Faranah	0.000	0.000	LIKELY_LOCAL_ROAD
Voie rapide	N6	0.048	Kankan	1.000	1.000	LIKELY_DUPLICATE
Route tertiaire	NC	0.048	Faranah	0.000	0.000	LIKELY_LOCAL_ROAD
Route tertiaire	NC	0.048	Kankan	0.000	1.000	LIKELY_DUPLICATE
Route tertiaire	NC	0.048	Kindia	0.000	0.000	LIKELY_LOCAL_ROAD
Route tertiaire	NC	0.048	Conakry	0.000	0.000	LIKELY_LOCAL_ROAD
Voie rapide	N2	0.048	Faranah	1.000	1.000	LIKELY_DUPLICATE
Route secondaire	NC	0.048	Conakry	0.600	1.000	LIKELY_DUPLICATE
Route secondaire	NC	0.048	Faranah	0.000	1.000	LIKELY_DUPLICATE
Route tertiaire	NC	0.047	Faranah	0.000	0.000	LIKELY_LOCAL_ROAD
Voie rapide	N1	0.047	Kindia	0.000	1.000	LIKELY_DUPLICATE
Route tertiaire	NC	0.047	Conakry	0.000	0.000	LIKELY_LOCAL_ROAD
Route tertiaire	NC	0.047	Nzérékoré	0.000	1.000	LIKELY_DUPLICATE
Voie rapide	N6	0.047	Kankan	1.000	1.000	LIKELY_DUPLICATE
Voie rapide	N4	0.047	Kindia	1.000	1.000	LIKELY_DUPLICATE
Voie rapide	N1	0.047	Kindia	1.000	1.000	LIKELY_DUPLICATE
Route primaire	NC	0.047	Conakry	0.000	1.000	LIKELY_DUPLICATE
Voie rapide	N5	0.047	Boké	1.000	1.000	LIKELY_DUPLICATE
Voie rapide	NC	0.047	Boké	1.000	1.000	LIKELY_DUPLICATE
Route secondaire	NC	0.047	Conakry	0.500	1.000	LIKELY_DUPLICATE
Voie rapide	N6	0.046	Kankan	1.000	1.000	LIKELY_DUPLICATE
Route tertiaire	NC	0.046	Mamou	0.000	1.000	LIKELY_DUPLICATE
Route tertiaire	KA. 050	0.046	Conakry	1.000	1.000	LIKELY_DUPLICATE
Route primaire	MA 006	0.046	Conakry	0.500	1.000	LIKELY_DUPLICATE
Voie rapide	N1	0.046	Kindia	1.000	1.000	LIKELY_DUPLICATE
Route tertiaire	NC	0.046	Kankan	0.500	1.000	LIKELY_DUPLICATE
Route secondaire	NC	0.046	Kankan	1.000	1.000	LIKELY_DUPLICATE
Route primaire	MA. 006	0.046	Conakry	0.500	1.000	LIKELY_DUPLICATE
Voie rapide	N1	0.046	Kindia	1.000	1.000	LIKELY_DUPLICATE
Route secondaire	NC	0.046	Faranah	0.000	1.000	LIKELY_DUPLICATE
Voie rapide	N1	0.046	Kindia	0.000	1.000	LIKELY_DUPLICATE
Voie rapide	NC	0.046	Boké	1.000	1.000	LIKELY_DUPLICATE
Voie rapide	N1	0.045	Kindia	1.000	1.000	LIKELY_DUPLICATE
Route tertiaire	NC	0.045	Nzérékoré	0.000	0.000	LIKELY_LOCAL_ROAD
Route tertiaire	NC	0.045	Nzérékoré	0.000	0.000	LIKELY_LOCAL_ROAD
Voie rapide	N6	0.045	Kankan	1.000	1.000	LIKELY_DUPLICATE
Route primaire	NC	0.045	Conakry	0.250	1.000	LIKELY_DUPLICATE
Voie rapide	N1	0.045	Kindia	1.000	1.000	LIKELY_DUPLICATE
Route primaire	KA 007	0.045	Conakry	0.500	1.000	LIKELY_DUPLICATE
Route tertiaire	NC	0.045	Kankan	0.000	0.000	LIKELY_LOCAL_ROAD
Voie rapide	N3	0.045	Boké	1.000	1.000	LIKELY_DUPLICATE
Voie rapide	N3	0.045	Kindia	1.000	1.000	LIKELY_DUPLICATE
Voie rapide	N2	0.045	Nzérékoré	1.000	1.000	LIKELY_DUPLICATE
Route primaire	NC	0.045	Nzérékoré	0.000	0.000	POTENTIAL_BDRI_MISSING
Voie rapide	N1	0.045	Faranah	1.000	1.000	LIKELY_DUPLICATE
Route secondaire	NC	0.045	Conakry	0.250	1.000	LIKELY_DUPLICATE
Route tertiaire	NC	0.045	Kindia	0.000	0.000	LIKELY_LOCAL_ROAD
Route secondaire	N21	0.045	Kindia	0.000	1.000	LIKELY_DUPLICATE
Route primaire	MA 006	0.045	Conakry	0.500	1.000	LIKELY_DUPLICATE
Route secondaire	NC	0.045	Conakry	0.000	1.000	LIKELY_DUPLICATE
Voie rapide	N1	0.044	Kindia	0.000	1.000	LIKELY_DUPLICATE
Route secondaire	N21	0.044	Kindia	0.000	1.000	LIKELY_DUPLICATE
Route tertiaire	NC	0.044	Kankan	0.667	1.000	LIKELY_DUPLICATE
Voie rapide	N1	0.044	Mamou	1.000	1.000	LIKELY_DUPLICATE
Route secondaire	NC	0.044	Conakry	0.000	1.000	LIKELY_DUPLICATE
Route secondaire	NC	0.044	Conakry	0.667	1.000	LIKELY_DUPLICATE
Route secondaire	NC	0.044	Faranah	0.000	0.000	POTENTIAL_BDRI_MISSING
Route tertiaire	NC	0.044	Kankan	0.000	0.000	LIKELY_LOCAL_ROAD
Voie rapide	N1	0.044	Mamou	1.000	1.000	LIKELY_DUPLICATE
Route secondaire	NC	0.044	Conakry	0.000	1.000	LIKELY_DUPLICATE
Route tertiaire	NC	0.044	Conakry	0.000	0.000	LIKELY_LOCAL_ROAD
Voie rapide	N5	0.044	Boké	1.000	1.000	LIKELY_DUPLICATE
Voie rapide	N5	0.044	Boké	1.000	1.000	LIKELY_DUPLICATE
Route tertiaire	NC	0.044	Faranah	0.000	1.000	LIKELY_DUPLICATE
Route secondaire	NC	0.044	Conakry	1.000	1.000	LIKELY_DUPLICATE
Route primaire	N22	0.044	Boké	1.000	1.000	LIKELY_DUPLICATE
Route secondaire	NC	0.043	Conakry	0.000	0.000	POTENTIAL_BDRI_MISSING
Route primaire	NC	0.043	Conakry	0.500	1.000	LIKELY_DUPLICATE
Route primaire	NC	0.043	Conakry	0.000	0.000	POTENTIAL_BDRI_MISSING
Route tertiaire	NC	0.043	Boké	0.000	0.000	LIKELY_LOCAL_ROAD
Voie rapide	N1	0.043	Faranah	1.000	1.000	LIKELY_DUPLICATE
Voie rapide	N3	0.043	Boké	1.000	1.000	LIKELY_DUPLICATE
Route secondaire	NC	0.043	Conakry	0.000	1.000	LIKELY_DUPLICATE
Route secondaire	NC	0.043	Nzérékoré	0.500	1.000	LIKELY_DUPLICATE
Route primaire	NC	0.043	Nzérékoré	0.000	0.000	POTENTIAL_BDRI_MISSING
Route primaire	N16	0.043	Nzérékoré	1.000	1.000	LIKELY_DUPLICATE
Route tertiaire	NC	0.043	Conakry	0.800	1.000	LIKELY_DUPLICATE
Voie rapide	N1	0.043	Kindia	0.333	1.000	LIKELY_DUPLICATE
Route secondaire	NC	0.043	Conakry	0.333	1.000	LIKELY_DUPLICATE
Voie rapide	N1	0.043	Kindia	1.000	1.000	LIKELY_DUPLICATE
Route secondaire	NC	0.043	Conakry	0.000	1.000	LIKELY_DUPLICATE
Route tertiaire	NC	0.043	Nzérékoré	0.000	0.000	LIKELY_LOCAL_ROAD
Voie rapide	N5	0.043	Mamou	1.000	1.000	LIKELY_DUPLICATE
Route tertiaire	NC	0.043	Faranah	0.000	0.000	LIKELY_LOCAL_ROAD
Voie rapide	N6	0.043	Kankan	1.000	1.000	LIKELY_DUPLICATE
Voie rapide	N1	0.042	Kankan	1.000	1.000	LIKELY_DUPLICATE
Route primaire	A8	0.042	Nzérékoré	0.500	1.000	LIKELY_DUPLICATE
Route tertiaire	NC	0.042	Conakry	0.667	1.000	LIKELY_DUPLICATE
Route primaire	N33	0.042	Kankan	1.000	1.000	LIKELY_DUPLICATE
Voie rapide	N6	0.042	Kankan	1.000	1.000	LIKELY_DUPLICATE
Route secondaire	NC	0.042	Conakry	0.000	0.000	POTENTIAL_BDRI_MISSING
Route secondaire	NC	0.042	Conakry	0.000	1.000	LIKELY_DUPLICATE
Voie rapide	N3	0.042	Boké	1.000	1.000	LIKELY_DUPLICATE
Route tertiaire	NC	0.042	Kindia	0.000	0.000	LIKELY_LOCAL_ROAD
Route tertiaire	NC	0.042	Boké	0.000	1.000	LIKELY_DUPLICATE
Route tertiaire	NC	0.042	Faranah	0.000	0.000	LIKELY_LOCAL_ROAD
Route primaire	A12	0.042	Nzérékoré	0.000	1.000	LIKELY_DUPLICATE
Route secondaire	NC	0.042	Conakry	0.600	1.000	LIKELY_DUPLICATE
Route secondaire	NC	0.042	Nzérékoré	0.000	1.000	LIKELY_DUPLICATE
Route primaire	N8	0.042	Labé	1.000	1.000	LIKELY_DUPLICATE
Route secondaire	NC	0.042	Conakry	0.250	1.000	LIKELY_DUPLICATE
Route tertiaire	NC	0.041	Kankan	0.500	1.000	LIKELY_DUPLICATE
Route secondaire	NC	0.041	Boké	0.000	0.000	POTENTIAL_BDRI_MISSING
Route primaire	NC	0.041	Nzérékoré	0.000	0.000	POTENTIAL_BDRI_MISSING
Route secondaire	NC	0.041	Conakry	0.000	0.000	POTENTIAL_BDRI_MISSING
Route tertiaire	NC	0.041	Conakry	0.800	1.000	LIKELY_DUPLICATE
Voie rapide	N3	0.041	Kindia	1.000	1.000	LIKELY_DUPLICATE
Voie rapide	N3	0.041	Kindia	1.000	1.000	LIKELY_DUPLICATE
Voie rapide	N6	0.041	Kankan	1.000	1.000	LIKELY_DUPLICATE
Route tertiaire	NC	0.041	Kankan	0.000	0.000	LIKELY_LOCAL_ROAD
Route tertiaire	NC	0.041	Nzérékoré	0.000	0.000	LIKELY_LOCAL_ROAD
Route tertiaire	NC	0.041	Faranah	0.000	0.500	LIKELY_DUPLICATE
Route primaire	NC	0.041	Nzérékoré	0.000	1.000	LIKELY_DUPLICATE
Route primaire	NC	0.041	Boké	1.000	1.000	LIKELY_DUPLICATE
Voie rapide	N1	0.041	Kankan	1.000	1.000	LIKELY_DUPLICATE
Route tertiaire	NC	0.040	Boké	0.500	1.000	LIKELY_DUPLICATE
Voie rapide	NC	0.040	Kankan	1.000	1.000	LIKELY_DUPLICATE
Voie rapide	N2	0.040	Nzérékoré	1.000	1.000	LIKELY_DUPLICATE
Route tertiaire	NC	0.040	Kindia	0.500	1.000	LIKELY_DUPLICATE
Voie rapide	N1	0.040	Kankan	1.000	1.000	LIKELY_DUPLICATE
Voie rapide	N3	0.040	Boké	1.000	1.000	LIKELY_DUPLICATE
Route primaire	N8	0.040	Labé	1.000	1.000	LIKELY_DUPLICATE
Route tertiaire	NC	0.040	Labé	0.000	0.000	LIKELY_LOCAL_ROAD
Voie rapide	N3	0.040	Boké	1.000	1.000	LIKELY_DUPLICATE
Route secondaire	NC	0.040	Conakry	1.000	1.000	LIKELY_DUPLICATE
Voie rapide	N2	0.040	Faranah	1.000	1.000	LIKELY_DUPLICATE
Route secondaire	NC	0.040	Conakry	0.000	0.000	POTENTIAL_BDRI_MISSING
Route tertiaire	NC	0.040	Nzérékoré	0.500	1.000	LIKELY_DUPLICATE
Route tertiaire	NC	0.040	Faranah	0.000	0.000	LIKELY_LOCAL_ROAD
Route tertiaire	NC	0.040	Labé	0.000	1.000	LIKELY_DUPLICATE
Route secondaire	T1	0.040	Conakry	0.750	1.000	LIKELY_DUPLICATE
Route tertiaire	NC	0.040	Labé	0.000	0.000	LIKELY_LOCAL_ROAD
Route primaire	NC	0.040	Boké	1.000	1.000	LIKELY_DUPLICATE
Route primaire	N30	0.040	Faranah	1.000	1.000	LIKELY_DUPLICATE
Route tertiaire	NC	0.040	Kindia	0.500	1.000	LIKELY_DUPLICATE
Voie rapide	N1	0.040	Conakry	0.500	1.000	LIKELY_DUPLICATE
Route secondaire	N31	0.040	Faranah	0.000	1.000	LIKELY_DUPLICATE
Voie rapide	N3	0.040	Kindia	1.000	1.000	LIKELY_DUPLICATE
Route secondaire	NC	0.040	Kindia	1.000	1.000	LIKELY_DUPLICATE
Route primaire	N10	0.039	Nzérékoré	1.000	1.000	LIKELY_DUPLICATE
Voie rapide	N4	0.039	Kindia	1.000	1.000	LIKELY_DUPLICATE
Route tertiaire	NC	0.039	Kindia	0.000	0.000	LIKELY_LOCAL_ROAD
Route secondaire	N14	0.039	Faranah	0.500	1.000	LIKELY_DUPLICATE
Route secondaire	NC	0.039	Kankan	0.667	1.000	LIKELY_DUPLICATE
Voie rapide	N6	0.039	Kankan	1.000	1.000	LIKELY_DUPLICATE
Voie rapide	N1	0.039	Conakry	1.000	1.000	LIKELY_DUPLICATE
Voie rapide	N1	0.039	Kankan	1.000	1.000	LIKELY_DUPLICATE
Voie rapide	NC	0.039	Kankan	1.000	1.000	LIKELY_DUPLICATE
Route secondaire	NC	0.039	Conakry	0.000	1.000	LIKELY_DUPLICATE
Route secondaire	NC	0.039	Conakry	0.000	1.000	LIKELY_DUPLICATE
Route tertiaire	NC	0.039	Nzérékoré	0.000	1.000	LIKELY_DUPLICATE
Voie rapide	N3	0.039	Boké	1.000	1.000	LIKELY_DUPLICATE
Route primaire	N29	0.039	Faranah	1.000	1.000	LIKELY_DUPLICATE
Voie rapide	N6	0.039	Faranah	1.000	1.000	LIKELY_DUPLICATE
Route secondaire	NC	0.039	Conakry	0.200	1.000	LIKELY_DUPLICATE
Route secondaire	NC	0.039	Conakry	0.000	0.000	POTENTIAL_BDRI_MISSING
Voie rapide	N3	0.038	Boké	1.000	1.000	LIKELY_DUPLICATE
Voie rapide	N1	0.038	Kankan	1.000	1.000	LIKELY_DUPLICATE
Route tertiaire	NC	0.038	Labé	1.000	1.000	LIKELY_DUPLICATE
Route tertiaire	NC	0.038	Kindia	0.000	0.000	LIKELY_LOCAL_ROAD
Route tertiaire	NC	0.038	Conakry	0.000	0.000	LIKELY_LOCAL_ROAD
Route primaire	N29	0.038	Faranah	1.000	1.000	LIKELY_DUPLICATE
Voie rapide	N2	0.038	Faranah	1.000	1.000	LIKELY_DUPLICATE
Route secondaire	NC	0.038	Kankan	1.000	1.000	LIKELY_DUPLICATE
Route tertiaire	NC	0.038	Conakry	0.000	0.000	LIKELY_LOCAL_ROAD
Route primaire	KA 007	0.038	Conakry	1.000	1.000	LIKELY_DUPLICATE
Voie rapide	N5	0.038	Boké	1.000	1.000	LIKELY_DUPLICATE
Route tertiaire	NC	0.038	Conakry	0.000	0.000	LIKELY_LOCAL_ROAD
Route secondaire	NC	0.038	Nzérékoré	0.000	1.000	LIKELY_DUPLICATE
Voie rapide	NC	0.038	Boké	1.000	1.000	LIKELY_DUPLICATE
Route primaire	N30	0.037	Faranah	1.000	1.000	LIKELY_DUPLICATE
Route primaire	N8	0.037	Labé	1.000	1.000	LIKELY_DUPLICATE
Voie rapide	N3	0.037	Kindia	1.000	1.000	LIKELY_DUPLICATE
Route secondaire	T1	0.037	Conakry	0.500	1.000	LIKELY_DUPLICATE
Route primaire	NC	0.037	Faranah	1.000	1.000	LIKELY_DUPLICATE
Route tertiaire	NC	0.037	Faranah	0.000	0.000	LIKELY_LOCAL_ROAD
Route tertiaire	NC	0.037	Mamou	0.000	0.000	LIKELY_LOCAL_ROAD
Voie rapide	N5	0.037	Boké	1.000	1.000	LIKELY_DUPLICATE
Voie rapide	N1	0.037	Kankan	0.000	1.000	LIKELY_DUPLICATE
Route secondaire	NC	0.037	Conakry	0.000	0.000	POTENTIAL_BDRI_MISSING
Route tertiaire	NC	0.037	Mamou	0.000	0.000	LIKELY_LOCAL_ROAD
Route primaire	N30	0.037	Kankan	1.000	1.000	LIKELY_DUPLICATE
Route tertiaire	NC	0.037	Faranah	0.000	0.000	LIKELY_LOCAL_ROAD
Route tertiaire	NC	0.037	Nzérékoré	0.500	1.000	LIKELY_DUPLICATE
Voie rapide	N5	0.036	Mamou	1.000	1.000	LIKELY_DUPLICATE
Route tertiaire	NC	0.036	Kindia	0.000	0.000	LIKELY_LOCAL_ROAD
Route tertiaire	NC	0.036	Nzérékoré	0.000	0.000	LIKELY_LOCAL_ROAD
Voie rapide	N2	0.036	Faranah	1.000	1.000	LIKELY_DUPLICATE
Route secondaire	NC	0.036	Kankan	0.000	0.000	POTENTIAL_BDRI_MISSING
Route tertiaire	NC	0.036	Kankan	0.000	0.000	LIKELY_LOCAL_ROAD
Route tertiaire	NC	0.036	Boké	0.000	0.000	LIKELY_LOCAL_ROAD
Voie rapide	N6	0.036	Kankan	1.000	1.000	LIKELY_DUPLICATE
Route primaire	N18	0.036	Nzérékoré	0.500	1.000	LIKELY_DUPLICATE
Route tertiaire	NC	0.036	Faranah	0.000	1.000	LIKELY_DUPLICATE
Route secondaire	NC	0.036	Kankan	1.000	1.000	LIKELY_DUPLICATE
Route tertiaire	NC	0.036	Kankan	0.000	0.000	LIKELY_LOCAL_ROAD
Voie rapide	N3	0.036	Kindia	1.000	1.000	LIKELY_DUPLICATE
Route tertiaire	NC	0.036	Conakry	0.500	1.000	LIKELY_DUPLICATE
Voie rapide	NC	0.036	Conakry	0.778	1.000	LIKELY_DUPLICATE
Route tertiaire	NC	0.036	Faranah	0.000	0.000	LIKELY_LOCAL_ROAD
Route tertiaire	NC	0.036	Kindia	0.000	0.000	LIKELY_LOCAL_ROAD
Voie rapide	N2	0.036	Faranah	1.000	1.000	LIKELY_DUPLICATE
Voie rapide	N2	0.036	Mamou	1.000	1.000	LIKELY_DUPLICATE
Route primaire	N30	0.036	Faranah	1.000	1.000	LIKELY_DUPLICATE
Route tertiaire	NC	0.036	Faranah	0.000	0.000	LIKELY_LOCAL_ROAD
Route secondaire	NC	0.035	Faranah	0.000	0.000	POTENTIAL_BDRI_MISSING
Voie rapide	N2	0.035	Nzérékoré	1.000	1.000	LIKELY_DUPLICATE
Voie rapide	N2	0.035	Nzérékoré	1.000	1.000	LIKELY_DUPLICATE
Route tertiaire	NC	0.035	Kindia	0.000	1.000	LIKELY_DUPLICATE
Route tertiaire	NC	0.035	Nzérékoré	0.500	1.000	LIKELY_DUPLICATE
Route tertiaire	NC	0.035	Boké	0.000	0.000	LIKELY_LOCAL_ROAD
Route tertiaire	NC	0.035	Nzérékoré	0.000	1.000	LIKELY_DUPLICATE
Route tertiaire	NC	0.035	Kankan	0.000	0.000	LIKELY_LOCAL_ROAD
Route primaire	N30	0.035	Faranah	1.000	1.000	LIKELY_DUPLICATE
Route tertiaire	NC	0.035	Kindia	0.000	0.000	LIKELY_LOCAL_ROAD
Route secondaire	N31	0.035	Faranah	0.000	1.000	LIKELY_DUPLICATE
Voie rapide	N4	0.034	Kindia	1.000	1.000	LIKELY_DUPLICATE
Voie rapide	N3	0.034	Kindia	1.000	1.000	LIKELY_DUPLICATE
Route tertiaire	NC	0.034	Kankan	0.000	0.000	LIKELY_LOCAL_ROAD
Route secondaire	NC	0.034	Kankan	1.000	1.000	LIKELY_DUPLICATE
Route tertiaire	NC	0.034	Labé	0.000	0.000	LIKELY_LOCAL_ROAD
Voie rapide	N1	0.034	Kankan	1.000	1.000	LIKELY_DUPLICATE
Route tertiaire	NC	0.034	Kankan	0.000	0.000	LIKELY_LOCAL_ROAD
Route secondaire	T1	0.034	Conakry	0.333	1.000	LIKELY_DUPLICATE
Voie rapide	N4	0.034	Kindia	1.000	1.000	LIKELY_DUPLICATE
Route tertiaire	NC	0.034	Conakry	0.000	0.000	LIKELY_LOCAL_ROAD
Route tertiaire	NC	0.034	Faranah	0.000	1.000	LIKELY_DUPLICATE
Voie rapide	N1	0.033	Kankan	1.000	1.000	LIKELY_DUPLICATE
Route tertiaire	NC	0.033	Boké	0.000	0.000	LIKELY_LOCAL_ROAD
Route tertiaire	NC	0.033	Faranah	0.000	0.000	LIKELY_LOCAL_ROAD
Voie rapide	N1	0.033	Nzérékoré	1.000	1.000	LIKELY_DUPLICATE
Route primaire	N30	0.033	Kankan	1.000	1.000	LIKELY_DUPLICATE
Route tertiaire	NC	0.033	Faranah	0.000	0.000	LIKELY_LOCAL_ROAD
Voie rapide	NC	0.033	Conakry	0.500	1.000	LIKELY_DUPLICATE
Voie rapide	NC	0.033	Conakry	1.000	1.000	LIKELY_DUPLICATE
Voie rapide	N3	0.033	Boké	1.000	1.000	LIKELY_DUPLICATE
Voie rapide	N3	0.033	Boké	1.000	1.000	LIKELY_DUPLICATE
Voie rapide	N3	0.033	Boké	1.000	1.000	LIKELY_DUPLICATE
Route tertiaire	N25	0.033	Labé	1.000	1.000	LIKELY_DUPLICATE
Voie rapide	N5	0.033	Labé	1.000	1.000	LIKELY_DUPLICATE
Route tertiaire	NC	0.033	Faranah	0.000	0.000	LIKELY_LOCAL_ROAD
Voie rapide	N1	0.033	Mamou	1.000	1.000	LIKELY_DUPLICATE
Route tertiaire	NC	0.033	Kankan	0.000	1.000	LIKELY_DUPLICATE
Route tertiaire	NC	0.033	Faranah	0.000	0.000	LIKELY_LOCAL_ROAD
Voie rapide	NC	0.032	Boké	1.000	1.000	LIKELY_DUPLICATE
Route primaire	N10	0.032	Kankan	1.000	1.000	LIKELY_DUPLICATE
Route secondaire	NC	0.032	Conakry	0.000	0.000	POTENTIAL_BDRI_MISSING
Route tertiaire	NC	0.032	Kindia	0.500	1.000	LIKELY_DUPLICATE
Route secondaire	NC	0.032	Boké	0.500	1.000	LIKELY_DUPLICATE
Voie rapide	NC	0.032	Conakry	0.857	1.000	LIKELY_DUPLICATE
Route secondaire	NC	0.032	Kankan	1.000	1.000	LIKELY_DUPLICATE
Route secondaire	N31	0.032	Faranah	1.000	1.000	LIKELY_DUPLICATE
Route primaire	N2	0.032	Faranah	1.000	1.000	LIKELY_DUPLICATE
Route tertiaire	NC	0.032	Faranah	0.000	1.000	LIKELY_DUPLICATE
Route secondaire	NC	0.032	Conakry	0.500	1.000	LIKELY_DUPLICATE
Voie rapide	N4	0.032	Kindia	1.000	1.000	LIKELY_DUPLICATE
Route tertiaire	NC	0.032	Conakry	0.000	0.000	LIKELY_LOCAL_ROAD
Route secondaire	NC	0.032	Conakry	0.000	0.000	POTENTIAL_BDRI_MISSING
Route primaire	N29	0.032	Faranah	1.000	1.000	LIKELY_DUPLICATE
Voie rapide	N3	0.032	Boké	1.000	1.000	LIKELY_DUPLICATE
Route tertiaire	NC	0.032	Nzérékoré	0.000	1.000	LIKELY_DUPLICATE
Route tertiaire	NC	0.032	Kindia	0.000	0.000	LIKELY_LOCAL_ROAD
Route tertiaire	NC	0.032	Kankan	0.000	0.000	LIKELY_LOCAL_ROAD
Voie rapide	N5	0.031	Labé	1.000	1.000	LIKELY_DUPLICATE
Route tertiaire	N25	0.031	Labé	1.000	1.000	LIKELY_DUPLICATE
Route secondaire	NC	0.031	Labé	1.000	1.000	LIKELY_DUPLICATE
Route tertiaire	NC	0.031	Kankan	0.000	0.000	LIKELY_LOCAL_ROAD
Route tertiaire	NC	0.031	Conakry	0.000	1.000	LIKELY_DUPLICATE
Voie rapide	N6	0.031	Kankan	1.000	1.000	LIKELY_DUPLICATE
Route tertiaire	NC	0.031	Labé	0.000	0.000	LIKELY_LOCAL_ROAD
Voie rapide	N6	0.031	Kankan	1.000	1.000	LIKELY_DUPLICATE
Route tertiaire	NC	0.031	Conakry	0.667	1.000	LIKELY_DUPLICATE
Voie rapide	N1	0.031	Kindia	1.000	1.000	LIKELY_DUPLICATE
Route primaire	N24	0.031	Kindia	1.000	1.000	LIKELY_DUPLICATE
Voie rapide	N1	0.031	Mamou	1.000	1.000	LIKELY_DUPLICATE
Route tertiaire	NC	0.031	Labé	1.000	1.000	LIKELY_DUPLICATE
Voie rapide	N2	0.031	Faranah	0.500	1.000	LIKELY_DUPLICATE
Route tertiaire	NC	0.031	Kindia	0.000	0.000	LIKELY_LOCAL_ROAD
Route primaire	N30	0.031	Faranah	1.000	1.000	LIKELY_DUPLICATE
Route tertiaire	NC	0.031	Kindia	0.000	0.000	LIKELY_LOCAL_ROAD
Voie rapide	N3	0.031	Boké	1.000	1.000	LIKELY_DUPLICATE
Route tertiaire	NC	0.031	Kankan	0.000	0.000	LIKELY_LOCAL_ROAD
Voie rapide	N2	0.031	Faranah	1.000	1.000	LIKELY_DUPLICATE
Route tertiaire	NC	0.031	Kankan	0.000	0.000	LIKELY_LOCAL_ROAD
Route tertiaire	NC	0.031	Nzérékoré	0.000	1.000	LIKELY_DUPLICATE
Route secondaire	NC	0.031	Kankan	1.000	1.000	LIKELY_DUPLICATE
Route secondaire	NC	0.031	Kankan	0.000	0.000	POTENTIAL_BDRI_MISSING
Voie rapide	N2	0.030	Faranah	1.000	1.000	LIKELY_DUPLICATE
Route tertiaire	NC	0.030	Kindia	0.000	0.500	LIKELY_DUPLICATE
Route tertiaire	NC	0.030	Kindia	0.000	0.000	LIKELY_LOCAL_ROAD
Route primaire	N30	0.030	Kankan	1.000	1.000	LIKELY_DUPLICATE
Route secondaire	NC	0.030	Conakry	0.750	1.000	LIKELY_DUPLICATE
Route secondaire	NC	0.030	Nzérékoré	0.000	0.000	POTENTIAL_BDRI_MISSING
Route tertiaire	NC	0.030	Kindia	0.000	0.000	LIKELY_LOCAL_ROAD
Route secondaire	NC	0.030	Kankan	1.000	1.000	LIKELY_DUPLICATE
Voie rapide	N1	0.030	Conakry	1.000	1.000	LIKELY_DUPLICATE
Voie rapide	N1	0.030	Conakry	1.000	1.000	LIKELY_DUPLICATE
Voie rapide	N6	0.030	Kankan	1.000	1.000	LIKELY_DUPLICATE
Route secondaire	NC	0.030	Nzérékoré	1.000	1.000	LIKELY_DUPLICATE
Voie rapide	N6	0.030	Kankan	1.000	1.000	LIKELY_DUPLICATE
Route primaire	N30	0.030	Faranah	1.000	1.000	LIKELY_DUPLICATE
Route primaire	NC	0.030	Kindia	1.000	1.000	LIKELY_DUPLICATE
Route secondaire	MA 784	0.030	Conakry	1.000	1.000	LIKELY_DUPLICATE
Route secondaire	T1	0.030	Conakry	0.500	1.000	LIKELY_DUPLICATE
Route primaire	MA. 006	0.030	Conakry	0.500	1.000	LIKELY_DUPLICATE
Voie rapide	N2	0.030	Nzérékoré	1.000	1.000	LIKELY_DUPLICATE
Route tertiaire	NC	0.030	Kindia	0.000	0.000	LIKELY_LOCAL_ROAD
Route secondaire	NC	0.030	Boké	0.500	1.000	LIKELY_DUPLICATE
Route tertiaire	NC	0.030	Boké	0.000	1.000	LIKELY_DUPLICATE
Route primaire	N22	0.030	Boké	0.000	1.000	LIKELY_DUPLICATE
Voie rapide	N3	0.030	Boké	1.000	1.000	LIKELY_DUPLICATE
Route tertiaire	NC	0.029	Kankan	0.000	0.000	LIKELY_LOCAL_ROAD
Voie rapide	N1	0.029	Mamou	1.000	1.000	LIKELY_DUPLICATE
Route tertiaire	NC	0.029	Mamou	0.000	1.000	LIKELY_DUPLICATE
Route secondaire	NC	0.029	Nzérékoré	0.000	0.000	POTENTIAL_BDRI_MISSING
Voie rapide	N1	0.029	Kankan	1.000	1.000	LIKELY_DUPLICATE
Route secondaire	NC	0.029	Mamou	1.000	1.000	LIKELY_DUPLICATE
Route secondaire	NC	0.029	Kindia	0.000	1.000	LIKELY_DUPLICATE
Route tertiaire	NC	0.029	Kindia	0.000	0.000	LIKELY_LOCAL_ROAD
Route tertiaire	NC	0.029	Nzérékoré	0.000	1.000	LIKELY_DUPLICATE
Voie rapide	N1	0.029	Kindia	1.000	1.000	LIKELY_DUPLICATE
Voie rapide	N3	0.029	Boké	1.000	1.000	LIKELY_DUPLICATE
Voie rapide	N3	0.029	Boké	1.000	1.000	LIKELY_DUPLICATE
Voie rapide	N1	0.029	Kankan	1.000	1.000	LIKELY_DUPLICATE
Route secondaire	NC	0.029	Kankan	1.000	1.000	LIKELY_DUPLICATE
Route tertiaire	NC	0.029	Kindia	0.000	0.000	LIKELY_LOCAL_ROAD
Route tertiaire	NC	0.029	Nzérékoré	0.000	0.000	LIKELY_LOCAL_ROAD
Route primaire	N33	0.029	Faranah	1.000	1.000	LIKELY_DUPLICATE
Route tertiaire	NC	0.029	Kankan	0.000	0.000	LIKELY_LOCAL_ROAD
Route primaire	N2	0.029	Faranah	1.000	1.000	LIKELY_DUPLICATE
Voie rapide	N1	0.029	Kindia	1.000	1.000	LIKELY_DUPLICATE
Route secondaire	NC	0.029	Kankan	1.000	1.000	LIKELY_DUPLICATE
Route tertiaire	NC	0.029	Kindia	0.000	0.000	LIKELY_LOCAL_ROAD
Route tertiaire	NC	0.029	Nzérékoré	0.000	0.000	LIKELY_LOCAL_ROAD
Voie rapide	N6	0.029	Kankan	1.000	1.000	LIKELY_DUPLICATE
Route tertiaire	NC	0.028	Boké	0.000	0.000	LIKELY_LOCAL_ROAD
Voie rapide	N6	0.028	Kankan	1.000	1.000	LIKELY_DUPLICATE
Route tertiaire	NC	0.028	Kankan	0.000	0.000	LIKELY_LOCAL_ROAD
Route tertiaire	NC	0.028	Faranah	0.000	0.000	LIKELY_LOCAL_ROAD
Route tertiaire	N25	0.028	Labé	1.000	1.000	LIKELY_DUPLICATE
Route tertiaire	NC	0.028	Faranah	0.000	1.000	LIKELY_DUPLICATE
Route secondaire	NC	0.028	Labé	0.000	0.000	POTENTIAL_BDRI_MISSING
Voie rapide	N2	0.028	Faranah	1.000	1.000	LIKELY_DUPLICATE
Route secondaire	NC	0.028	Conakry	0.500	1.000	LIKELY_DUPLICATE
Route tertiaire	NC	0.028	Kankan	0.000	0.000	LIKELY_LOCAL_ROAD
Route secondaire	NC	0.028	Faranah	0.000	0.000	POTENTIAL_BDRI_MISSING
Route secondaire	NC	0.028	Faranah	0.000	0.000	POTENTIAL_BDRI_MISSING
Voie rapide	N1	0.028	Kindia	1.000	1.000	LIKELY_DUPLICATE
Voie rapide	N1	0.028	Mamou	1.000	1.000	LIKELY_DUPLICATE
Route tertiaire	NC	0.028	Kindia	0.333	1.000	LIKELY_DUPLICATE
Voie rapide	NC	0.028	Kankan	1.000	1.000	LIKELY_DUPLICATE
Voie rapide	NC	0.028	Kankan	1.000	1.000	LIKELY_DUPLICATE
Route tertiaire	NC	0.028	Conakry	0.000	1.000	LIKELY_DUPLICATE
Voie rapide	NC	0.028	Boké	1.000	1.000	LIKELY_DUPLICATE
Route tertiaire	NC	0.028	Nzérékoré	0.000	0.000	LIKELY_LOCAL_ROAD
Route secondaire	N31	0.028	Faranah	1.000	1.000	LIKELY_DUPLICATE
Voie rapide	N1	0.028	Kankan	1.000	1.000	LIKELY_DUPLICATE
Voie rapide	N5	0.027	Labé	1.000	1.000	LIKELY_DUPLICATE
Route secondaire	NC	0.027	Faranah	0.000	1.000	LIKELY_DUPLICATE
Route tertiaire	NC	0.027	Boké	0.000	0.000	LIKELY_LOCAL_ROAD
Voie rapide	N6	0.027	Kankan	1.000	1.000	LIKELY_DUPLICATE
Voie rapide	N2	0.027	Faranah	1.000	1.000	LIKELY_DUPLICATE
Route primaire	N24	0.027	Kindia	1.000	1.000	LIKELY_DUPLICATE
Route tertiaire	NC	0.027	Kindia	0.667	1.000	LIKELY_DUPLICATE
Route secondaire	N31	0.027	Faranah	1.000	1.000	LIKELY_DUPLICATE
Route tertiaire	NC	0.027	Kankan	0.000	0.000	LIKELY_LOCAL_ROAD
Route tertiaire	NC	0.027	Conakry	0.000	1.000	LIKELY_DUPLICATE
Voie rapide	N4	0.027	Kindia	1.000	1.000	LIKELY_DUPLICATE
Voie rapide	N1	0.027	Kankan	1.000	1.000	LIKELY_DUPLICATE
Voie rapide	N5	0.027	Labé	0.500	1.000	LIKELY_DUPLICATE
Route tertiaire	NC	0.027	Kankan	0.000	0.000	LIKELY_LOCAL_ROAD
Voie rapide	N3	0.027	Kindia	1.000	1.000	LIKELY_DUPLICATE
Route secondaire	NC	0.027	Kankan	0.000	0.000	POTENTIAL_BDRI_MISSING
Route secondaire	NC	0.027	Nzérékoré	0.000	0.000	POTENTIAL_BDRI_MISSING
Voie rapide	N1	0.027	Kankan	1.000	1.000	LIKELY_DUPLICATE
Route tertiaire	NC	0.027	Kindia	0.000	0.000	LIKELY_LOCAL_ROAD
Route tertiaire	NC	0.027	Kankan	0.000	0.000	LIKELY_LOCAL_ROAD
Voie rapide	N3	0.027	Kindia	1.000	1.000	LIKELY_DUPLICATE
Voie rapide	N1	0.027	Mamou	1.000	1.000	LIKELY_DUPLICATE
Route tertiaire	NC	0.027	Boké	0.000	0.000	LIKELY_LOCAL_ROAD
Route tertiaire	NC	0.027	Nzérékoré	0.500	1.000	LIKELY_DUPLICATE
Route tertiaire	NC	0.026	Kankan	0.000	0.000	LIKELY_LOCAL_ROAD
Route tertiaire	NC	0.026	Mamou	0.000	0.500	LIKELY_DUPLICATE
Voie rapide	N2	0.026	Nzérékoré	1.000	1.000	LIKELY_DUPLICATE
Voie rapide	N3	0.026	Kindia	1.000	1.000	LIKELY_DUPLICATE
Route tertiaire	NC	0.026	Kankan	0.000	0.000	LIKELY_LOCAL_ROAD
Voie rapide	N2	0.026	Faranah	1.000	1.000	LIKELY_DUPLICATE
Route tertiaire	NC	0.026	Kankan	0.000	1.000	LIKELY_DUPLICATE
Route tertiaire	NC	0.026	Nzérékoré	1.000	1.000	LIKELY_DUPLICATE
Route tertiaire	NC	0.026	Kindia	0.000	0.000	LIKELY_LOCAL_ROAD
Route tertiaire	NC	0.026	Labé	0.000	0.000	LIKELY_LOCAL_ROAD
Voie rapide	NC	0.026	Kankan	1.000	1.000	LIKELY_DUPLICATE
Route tertiaire	NC	0.026	Faranah	0.000	0.000	LIKELY_LOCAL_ROAD
Voie rapide	N1	0.026	Kankan	1.000	1.000	LIKELY_DUPLICATE
Route primaire	N24	0.026	Kindia	1.000	1.000	LIKELY_DUPLICATE
Route tertiaire	NC	0.026	Kankan	0.000	0.000	LIKELY_LOCAL_ROAD
Voie rapide	NC	0.026	Boké	1.000	1.000	LIKELY_DUPLICATE
Route tertiaire	NC	0.026	Kankan	0.000	0.000	LIKELY_LOCAL_ROAD
Voie rapide	NC	0.026	Boké	1.000	1.000	LIKELY_DUPLICATE
Voie rapide	N1	0.026	Kankan	1.000	1.000	LIKELY_DUPLICATE
Voie rapide	NC	0.026	Conakry	1.000	1.000	LIKELY_DUPLICATE
Voie rapide	NC	0.025	Boké	1.000	1.000	LIKELY_DUPLICATE
Route primaire	N33	0.025	Kankan	1.000	1.000	LIKELY_DUPLICATE
Route primaire	NC	0.025	Conakry	0.000	0.000	POTENTIAL_BDRI_MISSING
Voie rapide	NC	0.025	Kankan	1.000	1.000	LIKELY_DUPLICATE
Route tertiaire	NC	0.025	Kankan	0.000	1.000	LIKELY_DUPLICATE
Route tertiaire	NC	0.025	Kankan	0.000	0.000	LIKELY_LOCAL_ROAD
Route tertiaire	NC	0.025	Kankan	0.000	1.000	LIKELY_DUPLICATE
Route tertiaire	NC	0.025	Boké	0.000	0.000	LIKELY_LOCAL_ROAD
Route tertiaire	NC	0.025	Kankan	0.000	0.000	LIKELY_LOCAL_ROAD
Voie rapide	N5	0.025	Labé	1.000	1.000	LIKELY_DUPLICATE
Route secondaire	NC	0.025	Nzérékoré	0.000	0.000	POTENTIAL_BDRI_MISSING
Route tertiaire	NC	0.025	Kindia	0.000	0.000	LIKELY_LOCAL_ROAD
Route primaire	NC	0.025	Faranah	0.000	1.000	LIKELY_DUPLICATE
Route primaire	N32	0.025	Kankan	0.000	1.000	LIKELY_DUPLICATE
Route primaire	A8	0.025	Nzérékoré	0.000	1.000	LIKELY_DUPLICATE
Voie rapide	NC	0.025	Boké	1.000	1.000	LIKELY_DUPLICATE
Route tertiaire	NC	0.025	Kindia	0.000	0.000	LIKELY_LOCAL_ROAD
Voie rapide	N5	0.025	Labé	1.000	1.000	LIKELY_DUPLICATE
Route tertiaire	NC	0.025	Nzérékoré	1.000	1.000	LIKELY_DUPLICATE
Route secondaire	NC	0.025	Nzérékoré	0.000	0.000	POTENTIAL_BDRI_MISSING
Route tertiaire	NC	0.025	Kankan	0.000	0.000	LIKELY_LOCAL_ROAD
Route secondaire	N31	0.025	Faranah	1.000	1.000	LIKELY_DUPLICATE
Voie rapide	N5	0.025	Labé	1.000	1.000	LIKELY_DUPLICATE
Route tertiaire	NC	0.025	Kankan	0.000	0.000	LIKELY_LOCAL_ROAD
Voie rapide	N3	0.025	Kindia	1.000	1.000	LIKELY_DUPLICATE
Route tertiaire	NC	0.025	Nzérékoré	0.000	0.000	LIKELY_LOCAL_ROAD
Route secondaire	NC	0.025	Kindia	1.000	1.000	LIKELY_DUPLICATE
Voie rapide	N1	0.025	Kankan	1.000	1.000	LIKELY_DUPLICATE
Voie rapide	N1	0.025	Kankan	1.000	1.000	LIKELY_DUPLICATE
Route tertiaire	NC	0.025	Faranah	0.000	0.000	LIKELY_LOCAL_ROAD
Route tertiaire	NC	0.025	Kindia	0.000	0.000	LIKELY_LOCAL_ROAD
Voie rapide	N1	0.025	Kankan	1.000	1.000	LIKELY_DUPLICATE
Voie rapide	N1	0.025	Kindia	1.000	1.000	LIKELY_DUPLICATE
Voie rapide	N1	0.025	Kindia	1.000	1.000	LIKELY_DUPLICATE
Voie rapide	NC	0.025	Boké	1.000	1.000	LIKELY_DUPLICATE
Voie rapide	N6	0.025	Kankan	1.000	1.000	LIKELY_DUPLICATE
Voie rapide	N1	0.025	Mamou	1.000	1.000	LIKELY_DUPLICATE
Route tertiaire	NC	0.025	Faranah	0.000	0.000	LIKELY_LOCAL_ROAD
Route primaire	N27	0.025	Labé	1.000	1.000	LIKELY_DUPLICATE
Voie rapide	N5	0.025	Boké	1.000	1.000	LIKELY_DUPLICATE
Route tertiaire	NC	0.025	Kankan	0.000	0.000	LIKELY_LOCAL_ROAD
Route tertiaire	NC	0.025	Kankan	0.000	0.000	LIKELY_LOCAL_ROAD
Route secondaire	NC	0.024	Kankan	1.000	1.000	LIKELY_DUPLICATE
Route tertiaire	NC	0.024	Nzérékoré	0.000	0.000	LIKELY_LOCAL_ROAD
Route secondaire	NC	0.024	Kankan	1.000	1.000	LIKELY_DUPLICATE
Voie rapide	N2	0.024	Nzérékoré	1.000	1.000	LIKELY_DUPLICATE
Voie rapide	N6	0.024	Kankan	1.000	1.000	LIKELY_DUPLICATE
Voie rapide	N2	0.024	Nzérékoré	1.000	1.000	LIKELY_DUPLICATE
Route primaire	NC	0.024	Conakry	1.000	1.000	LIKELY_DUPLICATE
Voie rapide	N1	0.024	Kankan	1.000	1.000	LIKELY_DUPLICATE
Route tertiaire	NC	0.024	Nzérékoré	0.000	0.500	LIKELY_DUPLICATE
Route secondaire	NC	0.024	Kankan	1.000	1.000	LIKELY_DUPLICATE
Route primaire	NC	0.024	Nzérékoré	0.000	0.000	POTENTIAL_BDRI_MISSING
Route tertiaire	NC	0.024	Nzérékoré	0.000	0.000	LIKELY_LOCAL_ROAD
Route tertiaire	NC	0.024	Kindia	0.000	0.000	LIKELY_LOCAL_ROAD
Route tertiaire	NC	0.024	Kindia	0.000	0.000	LIKELY_LOCAL_ROAD
Voie rapide	NC	0.024	Boké	1.000	1.000	LIKELY_DUPLICATE
Voie rapide	N5	0.024	Mamou	1.000	1.000	LIKELY_DUPLICATE
Route tertiaire	NC	0.024	Nzérékoré	0.000	1.000	LIKELY_DUPLICATE
Route tertiaire	NC	0.024	Kankan	1.000	1.000	LIKELY_DUPLICATE
Route tertiaire	NC	0.024	Mamou	1.000	1.000	LIKELY_DUPLICATE
Route primaire	NC	0.024	Conakry	0.000	0.000	POTENTIAL_BDRI_MISSING
Route tertiaire	NC	0.024	Mamou	0.000	0.000	LIKELY_LOCAL_ROAD
Voie rapide	N2	0.024	Faranah	1.000	1.000	LIKELY_DUPLICATE
Route secondaire	NC	0.024	Boké	0.000	1.000	LIKELY_DUPLICATE
Voie rapide	N2	0.024	Faranah	1.000	1.000	LIKELY_DUPLICATE
Route secondaire	N25	0.024	Labé	1.000	1.000	LIKELY_DUPLICATE
Voie rapide	N1	0.024	Kankan	1.000	1.000	LIKELY_DUPLICATE
Route tertiaire	NC	0.024	Kankan	1.000	1.000	LIKELY_DUPLICATE
Route primaire	N8	0.024	Labé	1.000	1.000	LIKELY_DUPLICATE
Voie rapide	N6	0.024	Kankan	1.000	1.000	LIKELY_DUPLICATE
Route tertiaire	NC	0.024	Faranah	0.000	0.000	LIKELY_LOCAL_ROAD
Route secondaire	NC	0.024	Kankan	1.000	1.000	LIKELY_DUPLICATE
Voie rapide	N1	0.024	Kindia	1.000	1.000	LIKELY_DUPLICATE
Voie rapide	N3	0.024	Kindia	1.000	1.000	LIKELY_DUPLICATE
Route tertiaire	NC	0.024	Labé	0.000	0.000	LIKELY_LOCAL_ROAD
Voie rapide	N2	0.024	Nzérékoré	1.000	1.000	LIKELY_DUPLICATE
Voie rapide	N1	0.024	Kankan	1.000	1.000	LIKELY_DUPLICATE
Route secondaire	NC	0.024	Kankan	1.000	1.000	LIKELY_DUPLICATE
Route primaire	NC	0.023	Conakry	0.000	0.000	POTENTIAL_BDRI_MISSING
Route primaire	N1	0.023	Nzérékoré	1.000	1.000	LIKELY_DUPLICATE
Voie rapide	N3	0.023	Kindia	1.000	1.000	LIKELY_DUPLICATE
Route secondaire	NC	0.023	Kankan	0.500	1.000	LIKELY_DUPLICATE
Route tertiaire	NC	0.023	Kankan	1.000	1.000	LIKELY_DUPLICATE
Route tertiaire	NC	0.023	Conakry	0.000	0.000	LIKELY_LOCAL_ROAD
Voie rapide	N5	0.023	Labé	1.000	1.000	LIKELY_DUPLICATE
Route secondaire	NC	0.023	Kankan	0.800	1.000	LIKELY_DUPLICATE
Route primaire	N33	0.023	Faranah	1.000	1.000	LIKELY_DUPLICATE
Route tertiaire	NC	0.023	Faranah	0.000	0.000	LIKELY_LOCAL_ROAD
Route tertiaire	NC	0.023	Kankan	0.000	0.000	LIKELY_LOCAL_ROAD
Route tertiaire	NC	0.023	Faranah	0.000	1.000	LIKELY_DUPLICATE
Route tertiaire	NC	0.023	Nzérékoré	0.000	0.000	LIKELY_LOCAL_ROAD
Route primaire	N30	0.023	Faranah	1.000	1.000	LIKELY_DUPLICATE
Route primaire	NC	0.023	Conakry	1.000	1.000	LIKELY_DUPLICATE
Route primaire	N30	0.023	Faranah	1.000	1.000	LIKELY_DUPLICATE
Route tertiaire	NC	0.023	Nzérékoré	1.000	1.000	LIKELY_DUPLICATE
Voie rapide	N1	0.023	Kankan	1.000	1.000	LIKELY_DUPLICATE
Route secondaire	NC	0.023	Labé	0.000	0.000	POTENTIAL_BDRI_MISSING
Route secondaire	NC	0.023	Kankan	0.500	1.000	LIKELY_DUPLICATE
Route secondaire	NC	0.023	Nzérékoré	0.000	0.000	POTENTIAL_BDRI_MISSING
Route primaire	N27	0.023	Labé	1.000	1.000	LIKELY_DUPLICATE
Route tertiaire	NC	0.023	Kankan	0.000	0.000	LIKELY_LOCAL_ROAD
Voie rapide	N5	0.023	Boké	1.000	1.000	LIKELY_DUPLICATE
Route secondaire	NC	0.023	Faranah	0.000	0.000	POTENTIAL_BDRI_MISSING
Route primaire	N32	0.023	Kankan	1.000	1.000	LIKELY_DUPLICATE
Route primaire	N27	0.023	Labé	1.000	1.000	LIKELY_DUPLICATE
Route primaire	N8	0.023	Labé	1.000	1.000	LIKELY_DUPLICATE
Route tertiaire	NC	0.023	Kankan	1.000	1.000	LIKELY_DUPLICATE
Route secondaire	NC	0.023	Kankan	1.000	1.000	LIKELY_DUPLICATE
Voie rapide	N6	0.022	Kankan	1.000	1.000	LIKELY_DUPLICATE
Route primaire	N1	0.022	Nzérékoré	1.000	1.000	LIKELY_DUPLICATE
Route tertiaire	NC	0.022	Kindia	0.000	0.000	LIKELY_LOCAL_ROAD
Voie rapide	N2	0.022	Faranah	1.000	1.000	LIKELY_DUPLICATE
Voie rapide	N1	0.022	Kindia	1.000	1.000	LIKELY_DUPLICATE
Route tertiaire	NC	0.022	Mamou	0.000	0.000	LIKELY_LOCAL_ROAD
Voie rapide	N2	0.022	Nzérékoré	1.000	1.000	LIKELY_DUPLICATE
Route tertiaire	NC	0.022	Labé	1.000	1.000	LIKELY_DUPLICATE
Voie rapide	N3	0.022	Kindia	1.000	1.000	LIKELY_DUPLICATE
Route secondaire	NC	0.022	Kankan	0.500	1.000	LIKELY_DUPLICATE
Voie rapide	N1	0.022	Kankan	1.000	1.000	LIKELY_DUPLICATE
Route secondaire	NC	0.022	Kankan	1.000	1.000	LIKELY_DUPLICATE
Route secondaire	NC	0.022	Nzérékoré	0.000	0.000	POTENTIAL_BDRI_MISSING
Voie rapide	NC	0.022	Conakry	1.000	1.000	LIKELY_DUPLICATE
Voie rapide	N5	0.022	Labé	1.000	1.000	LIKELY_DUPLICATE
Route tertiaire	NC	0.022	Kankan	0.000	0.000	LIKELY_LOCAL_ROAD
Route tertiaire	NC	0.022	Kankan	0.000	0.000	LIKELY_LOCAL_ROAD
Route primaire	NC	0.022	Kindia	0.000	0.000	POTENTIAL_BDRI_MISSING
Route tertiaire	NC	0.022	Faranah	0.000	0.000	LIKELY_LOCAL_ROAD
Route tertiaire	NC	0.022	Labé	1.000	1.000	LIKELY_DUPLICATE
Voie rapide	N2	0.022	Faranah	1.000	1.000	LIKELY_DUPLICATE
Voie rapide	N2	0.022	Nzérékoré	1.000	1.000	LIKELY_DUPLICATE
Voie rapide	N5	0.022	Labé	1.000	1.000	LIKELY_DUPLICATE
Voie rapide	N2	0.022	Faranah	1.000	1.000	LIKELY_DUPLICATE
Voie rapide	N5	0.022	Labé	1.000	1.000	LIKELY_DUPLICATE
Voie rapide	N3	0.022	Boké	1.000	1.000	LIKELY_DUPLICATE
Route tertiaire	NC	0.022	Nzérékoré	0.000	0.000	LIKELY_LOCAL_ROAD
Route primaire	NC	0.022	Conakry	0.000	0.000	POTENTIAL_BDRI_MISSING
Voie rapide	N6	0.022	Kankan	1.000	1.000	LIKELY_DUPLICATE
Voie rapide	NC	0.022	Conakry	1.000	1.000	LIKELY_DUPLICATE
Route primaire	N32	0.022	Kankan	0.000	1.000	LIKELY_DUPLICATE
Voie rapide	NC	0.022	Nzérékoré	1.000	1.000	LIKELY_DUPLICATE
Voie rapide	NC	0.022	Conakry	1.000	1.000	LIKELY_DUPLICATE
Route tertiaire	NC	0.022	Kindia	0.000	0.000	LIKELY_LOCAL_ROAD
Route secondaire	NC	0.022	Kankan	1.000	1.000	LIKELY_DUPLICATE
Route tertiaire	NC	0.022	Conakry	1.000	1.000	LIKELY_DUPLICATE
Route tertiaire	NC	0.022	Kankan	1.000	1.000	LIKELY_DUPLICATE
Route tertiaire	NC	0.022	Kankan	0.000	0.000	LIKELY_LOCAL_ROAD
Route tertiaire	NC	0.022	Faranah	0.000	0.000	LIKELY_LOCAL_ROAD
Route secondaire	NC	0.022	Nzérékoré	0.000	0.000	POTENTIAL_BDRI_MISSING
Route primaire	N30	0.022	Faranah	1.000	1.000	LIKELY_DUPLICATE
Voie rapide	N2	0.022	Nzérékoré	1.000	1.000	LIKELY_DUPLICATE
Route secondaire	NC	0.022	Conakry	1.000	1.000	LIKELY_DUPLICATE
Voie rapide	N1	0.021	Kankan	1.000	1.000	LIKELY_DUPLICATE
Route tertiaire	NC	0.021	Kindia	0.000	1.000	LIKELY_DUPLICATE
Route tertiaire	NC	0.021	Labé	0.000	0.000	LIKELY_LOCAL_ROAD
Route secondaire	N21	0.021	Kindia	1.000	1.000	LIKELY_DUPLICATE
Voie rapide	N4	0.021	Kindia	1.000	1.000	LIKELY_DUPLICATE
Voie rapide	N2	0.021	Faranah	1.000	1.000	LIKELY_DUPLICATE
Route primaire	N10	0.021	Nzérékoré	1.000	1.000	LIKELY_DUPLICATE
Route tertiaire	NC	0.021	Faranah	0.000	0.000	LIKELY_LOCAL_ROAD
Route tertiaire	NC	0.021	Kankan	0.000	0.000	LIKELY_LOCAL_ROAD
Route tertiaire	NC	0.021	Conakry	0.000	0.000	LIKELY_LOCAL_ROAD
Route primaire	N22	0.021	Boké	1.000	1.000	LIKELY_DUPLICATE
Route secondaire	NC	0.021	Labé	0.000	0.000	POTENTIAL_BDRI_MISSING
Route tertiaire	NC	0.021	Kankan	0.000	0.000	LIKELY_LOCAL_ROAD
Route tertiaire	NC	0.021	Conakry	0.000	1.000	LIKELY_DUPLICATE
Route primaire	N30	0.021	Kankan	1.000	1.000	LIKELY_DUPLICATE
Route secondaire	NC	0.021	Conakry	1.000	1.000	LIKELY_DUPLICATE
Route secondaire	NC	0.021	Kankan	1.000	1.000	LIKELY_DUPLICATE
Route tertiaire	NC	0.021	Kankan	0.000	0.000	LIKELY_LOCAL_ROAD
Voie rapide	N2	0.021	Nzérékoré	1.000	1.000	LIKELY_DUPLICATE
Route secondaire	NC	0.021	Kankan	1.000	1.000	LIKELY_DUPLICATE
Route tertiaire	NC	0.021	Nzérékoré	0.000	0.000	LIKELY_LOCAL_ROAD
Voie rapide	N1	0.021	Nzérékoré	1.000	1.000	LIKELY_DUPLICATE
Voie rapide	N2	0.021	Mamou	1.000	1.000	LIKELY_DUPLICATE
Voie rapide	NC	0.021	Boké	1.000	1.000	LIKELY_DUPLICATE
Voie rapide	N2	0.021	Faranah	1.000	1.000	LIKELY_DUPLICATE
Voie rapide	N5	0.021	Labé	1.000	1.000	LIKELY_DUPLICATE
Voie rapide	NC	0.021	Boké	1.000	1.000	LIKELY_DUPLICATE
Voie rapide	N1	0.021	Mamou	1.000	1.000	LIKELY_DUPLICATE
Voie rapide	N1	0.021	Kankan	1.000	1.000	LIKELY_DUPLICATE
Voie rapide	N5	0.021	Labé	0.000	1.000	LIKELY_DUPLICATE
Route secondaire	NC	0.020	Labé	0.000	1.000	LIKELY_DUPLICATE
Route tertiaire	NC	0.020	Nzérékoré	1.000	1.000	LIKELY_DUPLICATE
Voie rapide	N1	0.020	Kankan	1.000	1.000	LIKELY_DUPLICATE
Voie rapide	N1	0.020	Kankan	1.000	1.000	LIKELY_DUPLICATE
Voie rapide	N1	0.020	Nzérékoré	1.000	1.000	LIKELY_DUPLICATE
Route tertiaire	NC	0.020	Nzérékoré	0.000	0.000	LIKELY_LOCAL_ROAD
Route primaire	N32	0.020	Kankan	1.000	1.000	LIKELY_DUPLICATE
Route tertiaire	NC	0.020	Boké	1.000	1.000	LIKELY_DUPLICATE
Route secondaire	NC	0.020	Labé	0.000	1.000	LIKELY_DUPLICATE
Voie rapide	N1	0.020	Kankan	1.000	1.000	LIKELY_DUPLICATE
Route tertiaire	NC	0.020	Kindia	0.000	0.000	LIKELY_LOCAL_ROAD
Route secondaire	N31	0.020	Kankan	1.000	1.000	LIKELY_DUPLICATE
Voie rapide	N6	0.020	Kankan	1.000	1.000	LIKELY_DUPLICATE
Route tertiaire	NC	0.020	Mamou	0.000	0.000	LIKELY_LOCAL_ROAD
Voie rapide	NC	0.020	Boké	1.000	1.000	LIKELY_DUPLICATE
Route primaire	NC	0.020	Conakry	0.000	0.000	POTENTIAL_BDRI_MISSING
Route tertiaire	NC	0.020	Kankan	0.000	0.000	LIKELY_LOCAL_ROAD
Route secondaire	NC	0.020	Conakry	1.000	1.000	LIKELY_DUPLICATE
Voie rapide	N2	0.020	Faranah	1.000	1.000	LIKELY_DUPLICATE
Route tertiaire	NC	0.020	Kankan	0.000	0.000	LIKELY_LOCAL_ROAD
Voie rapide	N1	0.020	Nzérékoré	1.000	1.000	LIKELY_DUPLICATE
Route tertiaire	NC	0.020	Kindia	0.000	1.000	LIKELY_DUPLICATE
Voie rapide	N1	0.020	Kankan	1.000	1.000	LIKELY_DUPLICATE
Route secondaire	NC	0.020	Kankan	1.000	1.000	LIKELY_DUPLICATE
Route tertiaire	NC	0.020	Boké	1.000	1.000	LIKELY_DUPLICATE
Route tertiaire	NC	0.020	Nzérékoré	0.000	0.000	LIKELY_LOCAL_ROAD
Voie rapide	N2	0.020	Nzérékoré	1.000	1.000	LIKELY_DUPLICATE
Route secondaire	NC	0.020	Conakry	1.000	1.000	LIKELY_DUPLICATE
Voie rapide	N3	0.020	Kindia	1.000	1.000	LIKELY_DUPLICATE
Route tertiaire	NC	0.020	Nzérékoré	1.000	1.000	LIKELY_DUPLICATE
Route tertiaire	NC	0.020	Kankan	0.000	0.000	LIKELY_LOCAL_ROAD
Voie rapide	N1	0.020	Kankan	1.000	1.000	LIKELY_DUPLICATE
Route secondaire	NC	0.020	Kankan	1.000	1.000	LIKELY_DUPLICATE
Route tertiaire	NC	0.020	Kankan	0.000	0.000	LIKELY_LOCAL_ROAD
Voie rapide	N6	0.020	Faranah	1.000	1.000	LIKELY_DUPLICATE
Voie rapide	N1	0.020	Faranah	1.000	1.000	LIKELY_DUPLICATE
Route secondaire	NC	0.020	Kankan	1.000	1.000	LIKELY_DUPLICATE
Route secondaire	NC	0.020	Nzérékoré	0.000	1.000	LIKELY_DUPLICATE
Route secondaire	NC	0.020	Faranah	0.000	0.000	POTENTIAL_BDRI_MISSING
Route secondaire	N21	0.020	Kindia	1.000	1.000	LIKELY_DUPLICATE
Route tertiaire	NC	0.020	Labé	0.000	0.000	LIKELY_LOCAL_ROAD
Route tertiaire	NC	0.020	Nzérékoré	0.000	1.000	LIKELY_DUPLICATE
Route tertiaire	NC	0.020	Faranah	1.000	1.000	LIKELY_DUPLICATE
Voie rapide	N1;N2	0.019	Nzérékoré	1.000	1.000	LIKELY_DUPLICATE
Route tertiaire	NC	0.019	Labé	1.000	1.000	LIKELY_DUPLICATE
Route primaire	NC	0.019	Kindia	1.000	1.000	LIKELY_DUPLICATE
Voie rapide	N3	0.019	Boké	1.000	1.000	LIKELY_DUPLICATE
Route tertiaire	NC	0.019	Kindia	0.000	0.000	LIKELY_LOCAL_ROAD
Route tertiaire	NC	0.019	Kindia	0.000	0.000	LIKELY_LOCAL_ROAD
Route secondaire	NC	0.019	Labé	1.000	1.000	LIKELY_DUPLICATE
Route tertiaire	NC	0.019	Kankan	0.000	0.000	LIKELY_LOCAL_ROAD
Route secondaire	NC	0.019	Conakry	0.000	1.000	LIKELY_DUPLICATE
Route tertiaire	NC	0.019	Kankan	0.000	0.000	LIKELY_LOCAL_ROAD
Route secondaire	NC	0.019	Faranah	0.000	1.000	LIKELY_DUPLICATE
Route primaire	N29	0.019	Faranah	1.000	1.000	LIKELY_DUPLICATE
Route primaire	MA006	0.019	Conakry	1.000	1.000	LIKELY_DUPLICATE
Route tertiaire	NC	0.019	Kankan	0.000	0.000	LIKELY_LOCAL_ROAD
Route primaire	N10	0.019	Kankan	1.000	1.000	LIKELY_DUPLICATE
Route secondaire	NC	0.019	Nzérékoré	0.000	0.000	POTENTIAL_BDRI_MISSING
Route tertiaire	NC	0.019	Kankan	0.000	1.000	LIKELY_DUPLICATE
Route primaire	N18	0.019	Nzérékoré	1.000	1.000	LIKELY_DUPLICATE
Voie rapide	N1	0.019	Kankan	1.000	1.000	LIKELY_DUPLICATE
Voie rapide	N2	0.019	Mamou	1.000	1.000	LIKELY_DUPLICATE
Route tertiaire	NC	0.019	Faranah	0.000	1.000	LIKELY_DUPLICATE
Voie rapide	N6	0.019	Kankan	1.000	1.000	LIKELY_DUPLICATE
Route primaire	NC	0.019	Conakry	0.000	0.000	POTENTIAL_BDRI_MISSING
Route secondaire	N21	0.019	Boké	1.000	1.000	LIKELY_DUPLICATE
Voie rapide	N5	0.019	Labé	1.000	1.000	LIKELY_DUPLICATE
Route tertiaire	NC	0.019	Faranah	0.000	0.000	LIKELY_LOCAL_ROAD
Route tertiaire	NC	0.019	Kindia	0.000	0.000	LIKELY_LOCAL_ROAD
Route secondaire	NC	0.019	Faranah	0.000	0.000	POTENTIAL_BDRI_MISSING
Route tertiaire	NC	0.019	Kindia	0.000	0.000	LIKELY_LOCAL_ROAD
Voie rapide	N1	0.019	Mamou	1.000	1.000	LIKELY_DUPLICATE
Route secondaire	NC	0.019	Conakry	0.000	1.000	LIKELY_DUPLICATE
Route tertiaire	NC	0.019	Nzérékoré	1.000	1.000	LIKELY_DUPLICATE
Voie rapide	N1	0.019	Kindia	1.000	1.000	LIKELY_DUPLICATE
Route primaire	MA006	0.019	Conakry	1.000	1.000	LIKELY_DUPLICATE
Voie rapide	N2	0.019	Faranah	1.000	1.000	LIKELY_DUPLICATE
Voie rapide	N2	0.019	Faranah	1.000	1.000	LIKELY_DUPLICATE
Route tertiaire	NC	0.019	Nzérékoré	0.000	0.000	LIKELY_LOCAL_ROAD
Route tertiaire	NC	0.019	Kankan	0.000	0.000	LIKELY_LOCAL_ROAD
Route primaire	N27	0.018	Labé	1.000	1.000	LIKELY_DUPLICATE
Route tertiaire	NC	0.018	Labé	1.000	1.000	LIKELY_DUPLICATE
Voie rapide	N3	0.018	Kindia	1.000	1.000	LIKELY_DUPLICATE
Voie rapide	N1	0.018	Kankan	1.000	1.000	LIKELY_DUPLICATE
Route tertiaire	NC	0.018	Kindia	0.000	1.000	LIKELY_DUPLICATE
Route tertiaire	NC	0.018	Labé	1.000	1.000	LIKELY_DUPLICATE
Voie rapide	N6	0.018	Kankan	1.000	1.000	LIKELY_DUPLICATE
Route tertiaire	NC	0.018	Faranah	0.000	0.000	LIKELY_LOCAL_ROAD
Route tertiaire	NC	0.018	Kindia	0.000	0.000	LIKELY_LOCAL_ROAD
Route tertiaire	NC	0.018	Kankan	0.000	0.000	LIKELY_LOCAL_ROAD
Route secondaire	NC	0.018	Nzérékoré	0.000	0.000	POTENTIAL_BDRI_MISSING
Voie rapide	N2	0.018	Nzérékoré	1.000	1.000	LIKELY_DUPLICATE
Voie rapide	N6	0.018	Kankan	1.000	1.000	LIKELY_DUPLICATE
Route tertiaire	NC	0.018	Kankan	0.000	1.000	LIKELY_DUPLICATE
Route secondaire	N31	0.018	Kankan	1.000	1.000	LIKELY_DUPLICATE
Route tertiaire	NC	0.018	Labé	0.000	0.000	LIKELY_LOCAL_ROAD
Route tertiaire	NC	0.018	Labé	0.000	0.000	LIKELY_LOCAL_ROAD
Route secondaire	NC	0.018	Nzérékoré	0.000	0.000	POTENTIAL_BDRI_MISSING
Voie rapide	N3	0.018	Boké	1.000	1.000	LIKELY_DUPLICATE
Voie rapide	N5	0.018	Mamou	1.000	1.000	LIKELY_DUPLICATE
Route tertiaire	NC	0.018	Faranah	0.000	0.000	LIKELY_LOCAL_ROAD
Route tertiaire	NC	0.018	Conakry	0.000	0.000	LIKELY_LOCAL_ROAD
Route secondaire	NC	0.018	Nzérékoré	0.000	0.000	POTENTIAL_BDRI_MISSING
Route tertiaire	NC	0.018	Boké	0.000	0.000	LIKELY_LOCAL_ROAD
Route secondaire	NC	0.018	Kindia	1.000	1.000	LIKELY_DUPLICATE
Route secondaire	NC	0.018	Faranah	0.000	0.000	POTENTIAL_BDRI_MISSING
Route primaire	NC	0.018	Kindia	0.000	1.000	LIKELY_DUPLICATE
Voie rapide	N1	0.018	Kankan	1.000	1.000	LIKELY_DUPLICATE
Route tertiaire	NC	0.018	Kindia	0.000	0.000	LIKELY_LOCAL_ROAD
Voie rapide	N3	0.018	Boké	1.000	1.000	LIKELY_DUPLICATE
Voie rapide	N6	0.018	Kankan	1.000	1.000	LIKELY_DUPLICATE
Voie rapide	N6	0.018	Kankan	0.000	1.000	LIKELY_DUPLICATE
Route tertiaire	NC	0.018	Boké	0.500	1.000	LIKELY_DUPLICATE
Route primaire	N10	0.018	Nzérékoré	1.000	1.000	LIKELY_DUPLICATE
Route tertiaire	NC	0.018	Kindia	0.000	0.000	LIKELY_LOCAL_ROAD
Route tertiaire	NC	0.018	Kindia	0.000	1.000	LIKELY_DUPLICATE
Route tertiaire	NC	0.018	Nzérékoré	0.000	0.000	LIKELY_LOCAL_ROAD
Route tertiaire	NC	0.017	Kankan	0.000	1.000	LIKELY_DUPLICATE
Route primaire	N8	0.017	Labé	1.000	1.000	LIKELY_DUPLICATE
Route primaire	NC	0.017	Conakry	0.500	1.000	LIKELY_DUPLICATE
Route tertiaire	NC	0.017	Kankan	0.000	1.000	LIKELY_DUPLICATE
Route secondaire	N22	0.017	Boké	1.000	1.000	LIKELY_DUPLICATE
Route tertiaire	NC	0.017	Kankan	0.000	0.000	LIKELY_LOCAL_ROAD
Route secondaire	NC	0.017	Kankan	1.000	1.000	LIKELY_DUPLICATE
Route primaire	NC	0.017	Conakry	0.000	0.000	POTENTIAL_BDRI_MISSING
Route secondaire	NC	0.017	Conakry	0.000	0.000	POTENTIAL_BDRI_MISSING
Route secondaire	NC	0.017	Conakry	0.000	0.000	POTENTIAL_BDRI_MISSING
Voie rapide	N2	0.017	Nzérékoré	1.000	1.000	LIKELY_DUPLICATE
Route tertiaire	NC	0.017	Kankan	0.500	1.000	LIKELY_DUPLICATE
Route tertiaire	NC	0.017	Faranah	0.000	1.000	LIKELY_DUPLICATE
Route primaire	N8	0.017	Labé	1.000	1.000	LIKELY_DUPLICATE
Route primaire	NC	0.017	Nzérékoré	0.000	0.000	POTENTIAL_BDRI_MISSING
Route tertiaire	NC	0.017	Kankan	0.000	0.000	LIKELY_LOCAL_ROAD
Voie rapide	N1	0.017	Nzérékoré	1.000	1.000	LIKELY_DUPLICATE
Voie rapide	N3	0.017	Boké	1.000	1.000	LIKELY_DUPLICATE
Voie rapide	N1	0.017	Nzérékoré	1.000	1.000	LIKELY_DUPLICATE
Route tertiaire	NC	0.017	Nzérékoré	0.000	0.000	LIKELY_LOCAL_ROAD
Route tertiaire	NC	0.017	Conakry	1.000	1.000	LIKELY_DUPLICATE
Voie rapide	N6	0.017	Kankan	1.000	1.000	LIKELY_DUPLICATE
Voie rapide	N2	0.017	Nzérékoré	1.000	1.000	LIKELY_DUPLICATE
Route secondaire	NC	0.017	Kankan	1.000	1.000	LIKELY_DUPLICATE
Route tertiaire	NC	0.017	Kankan	0.000	0.000	LIKELY_LOCAL_ROAD
Voie rapide	N6	0.017	Kankan	1.000	1.000	LIKELY_DUPLICATE
Route tertiaire	NC	0.017	Kankan	0.000	0.000	LIKELY_LOCAL_ROAD
Route tertiaire	NC	0.017	Kankan	0.000	0.000	LIKELY_LOCAL_ROAD
Route tertiaire	NC	0.017	Labé	0.000	0.000	LIKELY_LOCAL_ROAD
Route tertiaire	NC	0.017	Nzérékoré	0.000	0.000	LIKELY_LOCAL_ROAD
Route tertiaire	NC	0.017	Kankan	0.000	0.000	LIKELY_LOCAL_ROAD
Route tertiaire	NC	0.017	Boké	1.000	1.000	LIKELY_DUPLICATE
Route tertiaire	NC	0.017	Faranah	0.000	0.000	LIKELY_LOCAL_ROAD
Voie rapide	N1	0.017	Nzérékoré	1.000	1.000	LIKELY_DUPLICATE
Route tertiaire	NC	0.017	Kindia	0.000	0.000	LIKELY_LOCAL_ROAD
Voie rapide	N1	0.017	Kankan	1.000	1.000	LIKELY_DUPLICATE
Route secondaire	NC	0.017	Kankan	1.000	1.000	LIKELY_DUPLICATE
Voie rapide	N2	0.017	Nzérékoré	1.000	1.000	LIKELY_DUPLICATE
Route tertiaire	NC	0.016	Nzérékoré	0.000	0.000	LIKELY_LOCAL_ROAD
Voie rapide	N5	0.016	Mamou	1.000	1.000	LIKELY_DUPLICATE
Route primaire	N1	0.016	Nzérékoré	1.000	1.000	LIKELY_DUPLICATE
Route tertiaire	NC	0.016	Kindia	0.000	1.000	LIKELY_DUPLICATE
Route tertiaire	NC	0.016	Labé	0.000	0.000	LIKELY_LOCAL_ROAD
Route tertiaire	NC	0.016	Boké	0.500	1.000	LIKELY_DUPLICATE
Route primaire	NC	0.016	Nzérékoré	0.000	0.000	POTENTIAL_BDRI_MISSING
Route tertiaire	NC	0.016	Kankan	0.000	0.000	LIKELY_LOCAL_ROAD
Route secondaire	NC	0.016	Mamou	0.000	0.000	POTENTIAL_BDRI_MISSING
Route secondaire	NC	0.016	Labé	1.000	1.000	LIKELY_DUPLICATE
Route secondaire	NC	0.016	Faranah	0.000	0.000	POTENTIAL_BDRI_MISSING
Voie rapide	N1	0.016	Kankan	1.000	1.000	LIKELY_DUPLICATE
Voie rapide	N2	0.016	Nzérékoré	1.000	1.000	LIKELY_DUPLICATE
Route tertiaire	NC	0.016	Kankan	0.000	0.000	LIKELY_LOCAL_ROAD
Route tertiaire	NC	0.016	Kankan	0.000	0.000	LIKELY_LOCAL_ROAD
Route primaire	N27	0.016	Faranah	1.000	1.000	LIKELY_DUPLICATE
Route tertiaire	NC	0.016	Kankan	0.000	0.000	LIKELY_LOCAL_ROAD
Route secondaire	NC	0.016	Nzérékoré	0.000	1.000	LIKELY_DUPLICATE
Route tertiaire	NC	0.016	Mamou	1.000	1.000	LIKELY_DUPLICATE
Route secondaire	NC	0.016	Nzérékoré	0.000	0.000	POTENTIAL_BDRI_MISSING
Route secondaire	N31	0.016	Kankan	1.000	1.000	LIKELY_DUPLICATE
Route secondaire	NC	0.016	Faranah	0.000	1.000	LIKELY_DUPLICATE
Route primaire	NC	0.016	Conakry	0.000	1.000	LIKELY_DUPLICATE
Voie rapide	N6	0.016	Kankan	1.000	1.000	LIKELY_DUPLICATE
Voie rapide	N5	0.016	Mamou	0.500	1.000	LIKELY_DUPLICATE
Route primaire	N30	0.016	Faranah	1.000	1.000	LIKELY_DUPLICATE
Route secondaire	NC	0.016	Kindia	0.000	1.000	LIKELY_DUPLICATE
Voie rapide	N6	0.016	Kankan	1.000	1.000	LIKELY_DUPLICATE
Route secondaire	NC	0.016	Kankan	1.000	1.000	LIKELY_DUPLICATE
Route primaire	N24	0.016	Kindia	1.000	1.000	LIKELY_DUPLICATE
Voie rapide	N2	0.016	Nzérékoré	1.000	1.000	LIKELY_DUPLICATE
Route secondaire	NC	0.016	Nzérékoré	0.000	1.000	LIKELY_DUPLICATE
Voie rapide	N6	0.016	Kankan	1.000	1.000	LIKELY_DUPLICATE
Route primaire	N22	0.016	Boké	1.000	1.000	LIKELY_DUPLICATE
Route tertiaire	NC	0.016	Kankan	0.000	0.000	LIKELY_LOCAL_ROAD
Route secondaire	NC	0.016	Nzérékoré	0.000	0.000	POTENTIAL_BDRI_MISSING
Route tertiaire	NC	0.016	Kankan	0.000	1.000	LIKELY_DUPLICATE
Route secondaire	NC	0.016	Kankan	0.000	1.000	LIKELY_DUPLICATE
Voie rapide	N1	0.016	Kankan	1.000	1.000	LIKELY_DUPLICATE
Route tertiaire	NC	0.016	Nzérékoré	0.000	0.000	LIKELY_LOCAL_ROAD
Route tertiaire	NC	0.016	Nzérékoré	0.000	0.500	LIKELY_DUPLICATE
Voie rapide	N1	0.016	Kankan	1.000	1.000	LIKELY_DUPLICATE
Voie rapide	N6	0.016	Faranah	1.000	1.000	LIKELY_DUPLICATE
Voie rapide	N1	0.016	Mamou	1.000	1.000	LIKELY_DUPLICATE
Route tertiaire	NC	0.016	Kankan	0.000	0.000	LIKELY_LOCAL_ROAD
Route tertiaire	NC	0.016	Kindia	0.000	0.000	LIKELY_LOCAL_ROAD
Route secondaire	NC	0.016	Nzérékoré	0.000	1.000	LIKELY_DUPLICATE
Route tertiaire	NC	0.016	Labé	0.000	0.000	LIKELY_LOCAL_ROAD
Voie rapide	N6	0.015	Faranah	1.000	1.000	LIKELY_DUPLICATE
Voie rapide	N2	0.015	Nzérékoré	1.000	1.000	LIKELY_DUPLICATE
Route tertiaire	NC	0.015	Kindia	0.000	0.000	LIKELY_LOCAL_ROAD
Route tertiaire	NC	0.015	Faranah	0.000	0.000	LIKELY_LOCAL_ROAD
Route tertiaire	NC	0.015	Kindia	0.000	0.000	LIKELY_LOCAL_ROAD
Voie rapide	N1	0.015	Faranah	1.000	1.000	LIKELY_DUPLICATE
Route tertiaire	NC	0.015	Nzérékoré	1.000	1.000	LIKELY_DUPLICATE
Route secondaire	NC	0.015	Nzérékoré	1.000	1.000	LIKELY_DUPLICATE
Route secondaire	NC	0.015	Faranah	0.000	0.000	POTENTIAL_BDRI_MISSING
Route primaire	NC	0.015	Conakry	0.000	1.000	LIKELY_DUPLICATE
Voie rapide	N3	0.015	Boké	1.000	1.000	LIKELY_DUPLICATE
Route secondaire	NC	0.015	Faranah	0.000	0.000	POTENTIAL_BDRI_MISSING
Voie rapide	N1	0.015	Kindia	1.000	1.000	LIKELY_DUPLICATE
Route primaire	N30	0.015	Faranah	1.000	1.000	LIKELY_DUPLICATE
Route tertiaire	NC	0.015	Labé	0.000	0.000	LIKELY_LOCAL_ROAD
Route secondaire	N21	0.015	Kindia	1.000	1.000	LIKELY_DUPLICATE
Route tertiaire	NC	0.015	Mamou	0.000	1.000	LIKELY_DUPLICATE
Voie rapide	N2	0.015	Nzérékoré	1.000	1.000	LIKELY_DUPLICATE
Route tertiaire	NC	0.015	Labé	1.000	1.000	LIKELY_DUPLICATE
Route tertiaire	NC	0.015	Kankan	1.000	1.000	LIKELY_DUPLICATE
Route tertiaire	NC	0.015	Boké	1.000	1.000	LIKELY_DUPLICATE
Route secondaire	NC	0.015	Nzérékoré	0.000	0.000	POTENTIAL_BDRI_MISSING
Route tertiaire	NC	0.015	Kankan	0.000	1.000	LIKELY_DUPLICATE
Voie rapide	N3	0.015	Kindia	1.000	1.000	LIKELY_DUPLICATE
Route tertiaire	NC	0.015	Kindia	0.000	0.000	LIKELY_LOCAL_ROAD
Route tertiaire	NC	0.015	Kankan	0.000	0.000	LIKELY_LOCAL_ROAD
Route secondaire	N31	0.015	Faranah	1.000	1.000	LIKELY_DUPLICATE
Route tertiaire	NC	0.015	Faranah	0.000	1.000	LIKELY_DUPLICATE
Voie rapide	N1	0.015	Faranah	1.000	1.000	LIKELY_DUPLICATE
Route tertiaire	NC	0.015	Kindia	0.000	0.000	LIKELY_LOCAL_ROAD
Route secondaire	N31	0.015	Faranah	1.000	1.000	LIKELY_DUPLICATE
Voie rapide	N4	0.015	Kindia	1.000	1.000	LIKELY_DUPLICATE
Route tertiaire	NC	0.015	Nzérékoré	0.000	0.000	LIKELY_LOCAL_ROAD
Voie rapide	N2	0.014	Faranah	1.000	1.000	LIKELY_DUPLICATE
Route tertiaire	NC	0.014	Kankan	0.000	0.000	LIKELY_LOCAL_ROAD
Route primaire	NC	0.014	Kindia	0.000	0.000	POTENTIAL_BDRI_MISSING
Route tertiaire	NC	0.014	Kindia	0.000	1.000	LIKELY_DUPLICATE
Route secondaire	NC	0.014	Nzérékoré	0.000	0.000	POTENTIAL_BDRI_MISSING
Route tertiaire	NC	0.014	Nzérékoré	0.000	0.000	LIKELY_LOCAL_ROAD
Route primaire	N33	0.014	Kankan	1.000	1.000	LIKELY_DUPLICATE
Voie rapide	N1	0.014	Kindia	1.000	1.000	LIKELY_DUPLICATE
Route secondaire	NC	0.014	Nzérékoré	0.000	0.000	POTENTIAL_BDRI_MISSING
Route primaire	N30	0.014	Faranah	1.000	1.000	LIKELY_DUPLICATE
Voie rapide	N2	0.014	Nzérékoré	1.000	1.000	LIKELY_DUPLICATE
Route tertiaire	NC	0.014	Kankan	1.000	1.000	LIKELY_DUPLICATE
Route tertiaire	NC	0.014	Kindia	0.000	0.000	LIKELY_LOCAL_ROAD
Route tertiaire	NC	0.014	Kankan	0.000	0.000	LIKELY_LOCAL_ROAD
Route tertiaire	NC	0.014	Faranah	0.000	0.000	LIKELY_LOCAL_ROAD
Route tertiaire	NC	0.014	Kankan	0.000	0.000	LIKELY_LOCAL_ROAD
Route tertiaire	NC	0.014	Kankan	0.000	0.000	LIKELY_LOCAL_ROAD
Voie rapide	N1	0.014	Kankan	1.000	1.000	LIKELY_DUPLICATE
Route tertiaire	NC	0.014	Mamou	1.000	1.000	LIKELY_DUPLICATE
Route secondaire	NC	0.014	Nzérékoré	0.000	0.000	POTENTIAL_BDRI_MISSING
Voie rapide	N5	0.014	Labé	1.000	1.000	LIKELY_DUPLICATE
Voie rapide	N1	0.014	Mamou	1.000	1.000	LIKELY_DUPLICATE
Route tertiaire	NC	0.014	Kankan	0.000	0.000	LIKELY_LOCAL_ROAD
Route tertiaire	NC	0.014	Kankan	0.000	0.000	LIKELY_LOCAL_ROAD
Voie rapide	N5	0.014	Labé	1.000	1.000	LIKELY_DUPLICATE
Route tertiaire	NC	0.014	Kankan	0.000	0.000	LIKELY_LOCAL_ROAD
Route tertiaire	NC	0.014	Labé	1.000	1.000	LIKELY_DUPLICATE
Voie rapide	N1	0.014	Conakry	1.000	1.000	LIKELY_DUPLICATE
Route primaire	N8	0.014	Labé	1.000	1.000	LIKELY_DUPLICATE
Voie rapide	N2	0.014	Faranah	1.000	1.000	LIKELY_DUPLICATE
Route secondaire	NC	0.014	Labé	0.000	1.000	LIKELY_DUPLICATE
Voie rapide	N2	0.014	Faranah	1.000	1.000	LIKELY_DUPLICATE
Route tertiaire	NC	0.014	Boké	0.000	1.000	LIKELY_DUPLICATE
Route secondaire	NC	0.014	Conakry	1.000	1.000	LIKELY_DUPLICATE
Route tertiaire	NC	0.014	Kankan	1.000	1.000	LIKELY_DUPLICATE
Route tertiaire	NC	0.014	Faranah	0.000	0.000	LIKELY_LOCAL_ROAD
Route tertiaire	NC	0.014	Faranah	0.000	0.000	LIKELY_LOCAL_ROAD
Route tertiaire	NC	0.014	Faranah	0.000	0.000	LIKELY_LOCAL_ROAD
Route tertiaire	NC	0.014	Kindia	0.000	0.000	LIKELY_LOCAL_ROAD
Voie rapide	N1	0.014	Nzérékoré	1.000	1.000	LIKELY_DUPLICATE
Route secondaire	N22	0.014	Boké	1.000	1.000	LIKELY_DUPLICATE
Voie rapide	N2	0.014	Nzérékoré	1.000	1.000	LIKELY_DUPLICATE
Voie rapide	N1	0.014	Conakry	1.000	1.000	LIKELY_DUPLICATE
Route tertiaire	NC	0.014	Kankan	0.000	0.000	LIKELY_LOCAL_ROAD
Route tertiaire	NC	0.014	Kankan	0.000	1.000	LIKELY_DUPLICATE
Voie rapide	N2	0.014	Nzérékoré	1.000	1.000	LIKELY_DUPLICATE
Route tertiaire	NC	0.013	Mamou	0.000	0.000	LIKELY_LOCAL_ROAD
Route secondaire	NC	0.013	Nzérékoré	1.000	1.000	LIKELY_DUPLICATE
Route primaire	N29	0.013	Faranah	1.000	1.000	LIKELY_DUPLICATE
Voie rapide	N2	0.013	Nzérékoré	1.000	1.000	LIKELY_DUPLICATE
Route primaire	N30	0.013	Kankan	1.000	1.000	LIKELY_DUPLICATE
Voie rapide	N3	0.013	Kindia	1.000	1.000	LIKELY_DUPLICATE
Voie rapide	N6	0.013	Kankan	1.000	1.000	LIKELY_DUPLICATE
Route secondaire	N31	0.013	Faranah	1.000	1.000	LIKELY_DUPLICATE
Voie rapide	N1	0.013	Kankan	1.000	1.000	LIKELY_DUPLICATE
Route tertiaire	NC	0.013	Kankan	0.000	0.000	LIKELY_LOCAL_ROAD
Voie rapide	N6	0.013	Kankan	1.000	1.000	LIKELY_DUPLICATE
Route tertiaire	NC	0.013	Labé	0.000	0.000	LIKELY_LOCAL_ROAD
Voie rapide	N2	0.013	Faranah	1.000	1.000	LIKELY_DUPLICATE
Route tertiaire	NC	0.013	Mamou	0.000	0.000	LIKELY_LOCAL_ROAD
Route secondaire	NC	0.013	Kankan	1.000	1.000	LIKELY_DUPLICATE
Route tertiaire	NC	0.013	Labé	0.000	0.000	LIKELY_LOCAL_ROAD
Route secondaire	NC	0.013	Nzérékoré	0.000	0.000	POTENTIAL_BDRI_MISSING
Route tertiaire	NC	0.013	Faranah	0.000	0.000	LIKELY_LOCAL_ROAD
Route tertiaire	NC	0.013	Conakry	0.000	0.000	LIKELY_LOCAL_ROAD
Voie rapide	N1	0.013	Conakry	1.000	1.000	LIKELY_DUPLICATE
Voie rapide	N1	0.013	Kankan	1.000	1.000	LIKELY_DUPLICATE
Route secondaire	NC	0.013	Kankan	0.000	0.000	POTENTIAL_BDRI_MISSING
Route secondaire	NC	0.013	Conakry	0.000	1.000	LIKELY_DUPLICATE
Route tertiaire	NC	0.013	Labé	0.000	0.000	LIKELY_LOCAL_ROAD
Route secondaire	N31	0.013	Faranah	0.500	1.000	LIKELY_DUPLICATE
Voie rapide	N1	0.013	Kindia	1.000	1.000	LIKELY_DUPLICATE
Route tertiaire	NC	0.013	Kankan	0.000	0.000	LIKELY_LOCAL_ROAD
Route tertiaire	NC	0.013	Kankan	0.000	0.000	LIKELY_LOCAL_ROAD
Route tertiaire	NC	0.013	Boké	0.000	0.000	LIKELY_LOCAL_ROAD
Route primaire	N29	0.013	Faranah	1.000	1.000	LIKELY_DUPLICATE
Route tertiaire	NC	0.013	Labé	0.000	0.000	LIKELY_LOCAL_ROAD
Voie rapide	N1	0.013	Kankan	1.000	1.000	LIKELY_DUPLICATE
Voie rapide	N3	0.013	Kindia	1.000	1.000	LIKELY_DUPLICATE
Route tertiaire	NC	0.013	Labé	0.000	0.000	LIKELY_LOCAL_ROAD
Route tertiaire	NC	0.012	Kankan	1.000	1.000	LIKELY_DUPLICATE
Route primaire	NC	0.012	Nzérékoré	0.000	0.000	POTENTIAL_BDRI_MISSING
Route secondaire	NC	0.012	Nzérékoré	0.000	0.000	POTENTIAL_BDRI_MISSING
Voie rapide	N1	0.012	Nzérékoré	1.000	1.000	LIKELY_DUPLICATE
Route tertiaire	NC	0.012	Kankan	0.000	0.000	LIKELY_LOCAL_ROAD
Voie rapide	N2	0.012	Nzérékoré	1.000	1.000	LIKELY_DUPLICATE
Route tertiaire	NC	0.012	Conakry	0.000	0.000	LIKELY_LOCAL_ROAD
Route tertiaire	NC	0.012	Kankan	0.000	0.000	LIKELY_LOCAL_ROAD
Route tertiaire	NC	0.012	Faranah	0.000	0.000	LIKELY_LOCAL_ROAD
Route secondaire	NC	0.012	Mamou	0.000	0.000	POTENTIAL_BDRI_MISSING
Route secondaire	NC	0.012	Mamou	0.000	1.000	LIKELY_DUPLICATE
Voie rapide	N1	0.012	Mamou	1.000	1.000	LIKELY_DUPLICATE
Route tertiaire	NC	0.012	Mamou	0.000	1.000	LIKELY_DUPLICATE
Route tertiaire	NC	0.012	Labé	0.000	0.000	LIKELY_LOCAL_ROAD
Voie rapide	N1	0.012	Nzérékoré	1.000	1.000	LIKELY_DUPLICATE
Voie rapide	N1	0.012	Kindia	0.000	1.000	LIKELY_DUPLICATE
Voie rapide	N1	0.012	Nzérékoré	1.000	1.000	LIKELY_DUPLICATE
Voie rapide	N5	0.012	Labé	1.000	1.000	LIKELY_DUPLICATE
Route tertiaire	NC	0.012	Kankan	0.000	0.000	LIKELY_LOCAL_ROAD
Route secondaire	NC	0.012	Faranah	1.000	1.000	LIKELY_DUPLICATE
Route secondaire	NC	0.012	Kankan	1.000	1.000	LIKELY_DUPLICATE
Route tertiaire	NC	0.012	Boké	0.000	0.000	LIKELY_LOCAL_ROAD
Route tertiaire	NC	0.012	Labé	0.000	0.000	LIKELY_LOCAL_ROAD
Voie rapide	N3	0.012	Kindia	1.000	1.000	LIKELY_DUPLICATE
Route secondaire	NC	0.012	Boké	1.000	1.000	LIKELY_DUPLICATE
Voie rapide	N1	0.012	Kankan	1.000	1.000	LIKELY_DUPLICATE
Route secondaire	NC	0.012	Nzérékoré	0.000	1.000	LIKELY_DUPLICATE
Voie rapide	N2	0.012	Nzérékoré	1.000	1.000	LIKELY_DUPLICATE
Route secondaire	NC	0.012	Kankan	1.000	1.000	LIKELY_DUPLICATE
Route secondaire	NC	0.012	Kankan	1.000	1.000	LIKELY_DUPLICATE
Route tertiaire	NC	0.012	Kindia	0.000	0.000	LIKELY_LOCAL_ROAD
Voie rapide	N6	0.012	Kankan	1.000	1.000	LIKELY_DUPLICATE
Route primaire	N8	0.012	Labé	1.000	1.000	LIKELY_DUPLICATE
Route primaire	MA006	0.012	Conakry	1.000	1.000	LIKELY_DUPLICATE
Route tertiaire	NC	0.012	Faranah	0.000	0.000	LIKELY_LOCAL_ROAD
Voie rapide	N1	0.012	Conakry	1.000	1.000	LIKELY_DUPLICATE
Route tertiaire	NC	0.012	Kankan	0.000	0.000	LIKELY_LOCAL_ROAD
Route tertiaire	NC	0.012	Kankan	0.000	0.000	LIKELY_LOCAL_ROAD
Route tertiaire	NC	0.012	Kankan	0.000	0.000	LIKELY_LOCAL_ROAD
Route secondaire	NC	0.012	Nzérékoré	0.000	0.000	POTENTIAL_BDRI_MISSING
Route secondaire	NC	0.012	Nzérékoré	1.000	1.000	LIKELY_DUPLICATE
Route tertiaire	NC	0.012	Nzérékoré	0.000	1.000	LIKELY_DUPLICATE
Voie rapide	N1	0.012	Nzérékoré	1.000	1.000	LIKELY_DUPLICATE
Route secondaire	NC	0.012	Nzérékoré	0.000	0.000	POTENTIAL_BDRI_MISSING
Route primaire	N29	0.012	Faranah	1.000	1.000	LIKELY_DUPLICATE
Route primaire	N18	0.012	Nzérékoré	1.000	1.000	LIKELY_DUPLICATE
Route secondaire	NC	0.012	Kankan	1.000	1.000	LIKELY_DUPLICATE
Route tertiaire	NC	0.012	Kankan	0.000	0.000	LIKELY_LOCAL_ROAD
Route secondaire	NC	0.012	Nzérékoré	0.000	1.000	LIKELY_DUPLICATE
Route tertiaire	NC	0.012	Nzérékoré	1.000	1.000	LIKELY_DUPLICATE
Voie rapide	N1	0.012	Mamou	1.000	1.000	LIKELY_DUPLICATE
Route tertiaire	NC	0.012	Faranah	0.000	0.000	LIKELY_LOCAL_ROAD
Voie rapide	N1	0.012	Kindia	1.000	1.000	LIKELY_DUPLICATE
Route tertiaire	NC	0.012	Kankan	1.000	1.000	LIKELY_DUPLICATE
Voie rapide	NC	0.011	Boké	1.000	1.000	LIKELY_DUPLICATE
Route secondaire	NC	0.011	Nzérékoré	0.000	0.000	POTENTIAL_BDRI_MISSING
Route tertiaire	NC	0.011	Nzérékoré	0.000	1.000	LIKELY_DUPLICATE
Route tertiaire	NC	0.011	Faranah	0.000	0.000	LIKELY_LOCAL_ROAD
Route tertiaire	NC	0.011	Nzérékoré	1.000	1.000	LIKELY_DUPLICATE
Route tertiaire	NC	0.011	Kankan	1.000	1.000	LIKELY_DUPLICATE
Route secondaire	NC	0.011	Nzérékoré	0.000	0.000	POTENTIAL_BDRI_MISSING
Route secondaire	NC	0.011	Kankan	1.000	1.000	LIKELY_DUPLICATE
Route primaire	N33	0.011	Faranah	1.000	1.000	LIKELY_DUPLICATE
Voie rapide	N1	0.011	Kankan	1.000	1.000	LIKELY_DUPLICATE
Route tertiaire	NC	0.011	Kankan	0.000	0.000	LIKELY_LOCAL_ROAD
Route tertiaire	NC	0.011	Kankan	0.000	1.000	LIKELY_DUPLICATE
Route tertiaire	NC	0.011	Nzérékoré	0.000	0.000	LIKELY_LOCAL_ROAD
Route tertiaire	NC	0.011	Faranah	0.000	0.000	LIKELY_LOCAL_ROAD
Route tertiaire	NC	0.011	Faranah	1.000	1.000	LIKELY_DUPLICATE
Voie rapide	N2	0.011	Faranah	1.000	1.000	LIKELY_DUPLICATE
Voie rapide	N1	0.011	Kankan	1.000	1.000	LIKELY_DUPLICATE
Voie rapide	N6	0.011	Kankan	0.000	1.000	LIKELY_DUPLICATE
Route primaire	N30	0.011	Kankan	1.000	1.000	LIKELY_DUPLICATE
Route tertiaire	NC	0.011	Conakry	0.000	0.000	LIKELY_LOCAL_ROAD
Route tertiaire	NC	0.011	Faranah	0.000	0.000	LIKELY_LOCAL_ROAD
Voie rapide	N1	0.011	Kankan	1.000	1.000	LIKELY_DUPLICATE
Route secondaire	NC	0.011	Nzérékoré	0.000	0.000	POTENTIAL_BDRI_MISSING
Route tertiaire	NC	0.011	Mamou	0.000	0.000	LIKELY_LOCAL_ROAD
Route tertiaire	NC	0.011	Mamou	0.000	1.000	LIKELY_DUPLICATE
Voie rapide	N1	0.011	Nzérékoré	1.000	1.000	LIKELY_DUPLICATE
Route primaire	N1	0.011	Nzérékoré	1.000	1.000	LIKELY_DUPLICATE
Route tertiaire	NC	0.011	Faranah	0.000	0.000	LIKELY_LOCAL_ROAD
Route primaire	N29	0.011	Faranah	1.000	1.000	LIKELY_DUPLICATE
Route secondaire	NC	0.011	Kankan	0.000	0.000	POTENTIAL_BDRI_MISSING
Voie rapide	N1	0.011	Kankan	1.000	1.000	LIKELY_DUPLICATE
Route tertiaire	NC	0.011	Faranah	1.000	1.000	LIKELY_DUPLICATE
Route tertiaire	NC	0.011	Faranah	0.000	0.000	LIKELY_LOCAL_ROAD
Route primaire	N18	0.011	Nzérékoré	1.000	1.000	LIKELY_DUPLICATE
Route tertiaire	NC	0.011	Kankan	0.000	0.000	LIKELY_LOCAL_ROAD
Route tertiaire	NC	0.011	Kankan	0.000	0.000	LIKELY_LOCAL_ROAD
Route primaire	N8	0.011	Labé	1.000	1.000	LIKELY_DUPLICATE
Route secondaire	NC	0.011	Faranah	0.000	1.000	LIKELY_DUPLICATE
Route tertiaire	NC	0.011	Faranah	0.000	0.000	LIKELY_LOCAL_ROAD
Route secondaire	NC	0.011	Nzérékoré	0.000	0.000	POTENTIAL_BDRI_MISSING
Route tertiaire	NC	0.011	Kindia	0.000	0.000	LIKELY_LOCAL_ROAD
Route tertiaire	NC	0.011	Labé	0.000	0.000	LIKELY_LOCAL_ROAD
Voie rapide	N1	0.011	Kankan	1.000	1.000	LIKELY_DUPLICATE
Route tertiaire	NC	0.011	Labé	0.500	1.000	LIKELY_DUPLICATE
Route secondaire	NC	0.011	Kankan	1.000	1.000	LIKELY_DUPLICATE
Route primaire	N29	0.011	Faranah	1.000	1.000	LIKELY_DUPLICATE
Route tertiaire	NC	0.011	Kankan	1.000	1.000	LIKELY_DUPLICATE
Voie rapide	N2	0.011	Nzérékoré	1.000	1.000	LIKELY_DUPLICATE
Voie rapide	N3	0.011	Conakry	1.000	1.000	LIKELY_DUPLICATE
Route tertiaire	NC	0.011	Labé	0.000	1.000	LIKELY_DUPLICATE
Route tertiaire	NC	0.011	Kankan	0.000	0.000	LIKELY_LOCAL_ROAD
Route secondaire	NC	0.010	Kankan	1.000	1.000	LIKELY_DUPLICATE
Route secondaire	NC	0.010	Kankan	1.000	1.000	LIKELY_DUPLICATE
Route tertiaire	NC	0.010	Faranah	0.000	0.000	LIKELY_LOCAL_ROAD
Route secondaire	NC	0.010	Labé	1.000	1.000	LIKELY_DUPLICATE
Voie rapide	N1	0.010	Kindia	1.000	1.000	LIKELY_DUPLICATE
Route secondaire	NC	0.010	Conakry	1.000	1.000	LIKELY_DUPLICATE
Route secondaire	NC	0.010	Kankan	1.000	1.000	LIKELY_DUPLICATE
Route tertiaire	NC	0.010	Faranah	1.000	1.000	LIKELY_DUPLICATE
Route primaire	N18	0.010	Nzérékoré	1.000	1.000	LIKELY_DUPLICATE
Voie rapide	N6	0.010	Kankan	1.000	1.000	LIKELY_DUPLICATE
Route tertiaire	NC	0.010	Nzérékoré	0.000	0.000	LIKELY_LOCAL_ROAD
Route secondaire	NC	0.010	Kankan	0.000	0.000	POTENTIAL_BDRI_MISSING
Voie rapide	N6	0.010	Kankan	0.000	1.000	LIKELY_DUPLICATE
Voie rapide	N1	0.010	Nzérékoré	1.000	1.000	LIKELY_DUPLICATE
Route tertiaire	NC	0.010	Kankan	0.000	0.000	LIKELY_LOCAL_ROAD
Route secondaire	NC	0.010	Faranah	0.000	0.000	POTENTIAL_BDRI_MISSING
Route secondaire	NC	0.010	Nzérékoré	0.000	0.000	POTENTIAL_BDRI_MISSING
Route tertiaire	NC	0.010	Faranah	0.000	0.000	LIKELY_LOCAL_ROAD
Route tertiaire	NC	0.010	Nzérékoré	0.000	0.000	LIKELY_LOCAL_ROAD
Voie rapide	N1	0.010	Faranah	1.000	1.000	LIKELY_DUPLICATE
Route secondaire	NC	0.010	Faranah	1.000	1.000	LIKELY_DUPLICATE
Route tertiaire	NC	0.010	Nzérékoré	0.000	0.000	LIKELY_LOCAL_ROAD
Route secondaire	NC	0.010	Mamou	0.000	0.000	POTENTIAL_BDRI_MISSING
Route tertiaire	NC	0.010	Nzérékoré	0.000	0.000	LIKELY_LOCAL_ROAD
Voie rapide	N5	0.010	Mamou	1.000	1.000	LIKELY_DUPLICATE
Voie rapide	NC	0.010	Kankan	1.000	1.000	LIKELY_DUPLICATE
Route primaire	N10	0.010	Nzérékoré	1.000	1.000	LIKELY_DUPLICATE
Voie rapide	N1	0.010	Kindia	1.000	1.000	LIKELY_DUPLICATE
Route tertiaire	NC	0.010	Nzérékoré	0.000	0.000	LIKELY_LOCAL_ROAD
Route tertiaire	NC	0.010	Kankan	0.000	0.000	LIKELY_LOCAL_ROAD
Route tertiaire	NC	0.010	Kankan	0.000	0.000	LIKELY_LOCAL_ROAD
Route tertiaire	NC	0.010	Kankan	0.000	1.000	LIKELY_DUPLICATE
Route secondaire	NC	0.010	Nzérékoré	0.000	0.000	POTENTIAL_BDRI_MISSING
Voie rapide	N6	0.010	Kankan	1.000	1.000	LIKELY_DUPLICATE
Route tertiaire	NC	0.010	Conakry	0.000	0.000	LIKELY_LOCAL_ROAD
Route secondaire	NC	0.010	Nzérékoré	0.000	0.000	POTENTIAL_BDRI_MISSING
Route tertiaire	NC	0.010	Kankan	0.000	0.000	LIKELY_LOCAL_ROAD
Voie rapide	N1	0.010	Kankan	1.000	1.000	LIKELY_DUPLICATE
Route secondaire	NC	0.010	Kankan	0.000	1.000	LIKELY_DUPLICATE
Route tertiaire	NC	0.010	Kankan	0.000	1.000	LIKELY_DUPLICATE
Voie rapide	N2	0.010	Faranah	1.000	1.000	LIKELY_DUPLICATE
Voie rapide	N1	0.010	Nzérékoré	1.000	1.000	LIKELY_DUPLICATE
Voie rapide	N2	0.010	Faranah	1.000	1.000	LIKELY_DUPLICATE
Route tertiaire	NC	0.010	Faranah	0.000	0.000	LIKELY_LOCAL_ROAD
Route tertiaire	NC	0.010	Nzérékoré	0.000	1.000	LIKELY_DUPLICATE
Route secondaire	N31	0.010	Kankan	1.000	1.000	LIKELY_DUPLICATE
Voie rapide	N1	0.009	Conakry	1.000	1.000	LIKELY_DUPLICATE
Route secondaire	NC	0.009	Nzérékoré	0.000	1.000	LIKELY_DUPLICATE
Route tertiaire	NC	0.009	Kankan	0.000	0.000	LIKELY_LOCAL_ROAD
Route tertiaire	NC	0.009	Nzérékoré	1.000	1.000	LIKELY_DUPLICATE
Route tertiaire	NC	0.009	Labé	0.000	1.000	LIKELY_DUPLICATE
Route secondaire	NC	0.009	Kankan	0.000	0.000	POTENTIAL_BDRI_MISSING
Voie rapide	N2	0.009	Faranah	1.000	1.000	LIKELY_DUPLICATE
Route primaire	NC	0.009	Kindia	1.000	1.000	LIKELY_DUPLICATE
Route tertiaire	NC	0.009	Nzérékoré	0.000	0.000	LIKELY_LOCAL_ROAD
Route secondaire	NC	0.009	Nzérékoré	0.000	0.000	POTENTIAL_BDRI_MISSING
Route tertiaire	NC	0.009	Mamou	0.000	0.500	LIKELY_DUPLICATE
Route secondaire	NC	0.009	Kankan	0.000	0.000	POTENTIAL_BDRI_MISSING
Route tertiaire	NC	0.009	Kankan	0.000	0.000	LIKELY_LOCAL_ROAD
Route tertiaire	NC	0.009	Labé	1.000	1.000	LIKELY_DUPLICATE
Route primaire	NC	0.009	Kindia	0.000	0.000	POTENTIAL_BDRI_MISSING
Route tertiaire	NC	0.009	Kindia	0.000	0.000	LIKELY_LOCAL_ROAD
Route tertiaire	NC	0.009	Kindia	0.000	1.000	LIKELY_DUPLICATE
Route tertiaire	NC	0.009	Kindia	0.000	0.000	LIKELY_LOCAL_ROAD
Route tertiaire	NC	0.009	Conakry	0.000	1.000	LIKELY_DUPLICATE
Route secondaire	NC	0.009	Mamou	0.000	0.000	POTENTIAL_BDRI_MISSING
Voie rapide	N1	0.009	Nzérékoré	1.000	1.000	LIKELY_DUPLICATE
Route secondaire	NC	0.009	Kankan	0.000	0.000	POTENTIAL_BDRI_MISSING
Route secondaire	N31	0.009	Kankan	1.000	1.000	LIKELY_DUPLICATE
Route secondaire	NC	0.009	Nzérékoré	0.000	0.000	POTENTIAL_BDRI_MISSING
Route secondaire	NC	0.009	Nzérékoré	0.000	0.000	POTENTIAL_BDRI_MISSING
Route secondaire	NC	0.009	Nzérékoré	0.000	0.000	POTENTIAL_BDRI_MISSING
Route secondaire	NC	0.009	Nzérékoré	0.000	0.000	POTENTIAL_BDRI_MISSING
Route tertiaire	NC	0.009	Kindia	0.000	0.000	LIKELY_LOCAL_ROAD
Route tertiaire	NC	0.009	Kindia	1.000	1.000	LIKELY_DUPLICATE
Voie rapide	N5	0.009	Mamou	1.000	1.000	LIKELY_DUPLICATE
Route secondaire	NC	0.009	Nzérékoré	0.000	0.000	POTENTIAL_BDRI_MISSING
Route tertiaire	NC	0.009	Kankan	1.000	1.000	LIKELY_DUPLICATE
Voie rapide	N1	0.009	Nzérékoré	1.000	1.000	LIKELY_DUPLICATE
Route tertiaire	NC	0.009	Kindia	0.000	0.000	LIKELY_LOCAL_ROAD
Voie rapide	N5	0.009	Labé	1.000	1.000	LIKELY_DUPLICATE
Route secondaire	NC	0.009	Labé	0.000	0.000	POTENTIAL_BDRI_MISSING
Route secondaire	NC	0.009	Nzérékoré	0.000	0.000	POTENTIAL_BDRI_MISSING
Route secondaire	NC	0.009	Labé	1.000	1.000	LIKELY_DUPLICATE
Voie rapide	N2	0.009	Faranah	1.000	1.000	LIKELY_DUPLICATE
Route tertiaire	NC	0.009	Kankan	0.000	0.000	LIKELY_LOCAL_ROAD
Route secondaire	NC	0.009	Kankan	1.000	1.000	LIKELY_DUPLICATE
Voie rapide	N2	0.009	Faranah	1.000	1.000	LIKELY_DUPLICATE
Route tertiaire	NC	0.009	Kankan	0.000	0.000	LIKELY_LOCAL_ROAD
Route tertiaire	NC	0.009	Faranah	1.000	1.000	LIKELY_DUPLICATE
Route secondaire	N31	0.009	Kankan	1.000	1.000	LIKELY_DUPLICATE
Voie rapide	N5	0.008	Labé	1.000	1.000	LIKELY_DUPLICATE
Route secondaire	NC	0.008	Nzérékoré	0.000	0.000	POTENTIAL_BDRI_MISSING
Route secondaire	NC	0.008	Nzérékoré	0.000	0.000	POTENTIAL_BDRI_MISSING
Route tertiaire	NC	0.008	Boké	0.000	0.000	LIKELY_LOCAL_ROAD
Route tertiaire	NC	0.008	Kankan	0.000	0.000	LIKELY_LOCAL_ROAD
Route tertiaire	NC	0.008	Kankan	0.000	0.000	LIKELY_LOCAL_ROAD
Route tertiaire	NC	0.008	Labé	0.000	0.000	LIKELY_LOCAL_ROAD
Route tertiaire	NC	0.008	Boké	1.000	1.000	LIKELY_DUPLICATE
Route secondaire	NC	0.008	Nzérékoré	1.000	1.000	LIKELY_DUPLICATE
Route tertiaire	NC	0.008	Labé	0.000	0.000	LIKELY_LOCAL_ROAD
Route tertiaire	NC	0.008	Conakry	0.000	0.000	LIKELY_LOCAL_ROAD
Route tertiaire	NC	0.008	Kankan	0.000	0.000	LIKELY_LOCAL_ROAD
Route secondaire	NC	0.008	Nzérékoré	0.000	0.000	POTENTIAL_BDRI_MISSING
Route tertiaire	NC	0.008	Kankan	0.000	0.000	LIKELY_LOCAL_ROAD
Route secondaire	NC	0.008	Kankan	1.000	1.000	LIKELY_DUPLICATE
Voie rapide	N5	0.008	Mamou	1.000	1.000	LIKELY_DUPLICATE
Route primaire	N30	0.008	Faranah	1.000	1.000	LIKELY_DUPLICATE
Voie rapide	N5	0.008	Mamou	1.000	1.000	LIKELY_DUPLICATE
Route tertiaire	NC	0.008	Boké	0.000	0.000	LIKELY_LOCAL_ROAD
Voie rapide	N5	0.008	Mamou	1.000	1.000	LIKELY_DUPLICATE
Voie rapide	N1	0.008	Nzérékoré	1.000	1.000	LIKELY_DUPLICATE
Route tertiaire	NC	0.008	Kankan	0.000	0.000	LIKELY_LOCAL_ROAD
Route primaire	N30	0.008	Kankan	1.000	1.000	LIKELY_DUPLICATE
Route secondaire	NC	0.008	Nzérékoré	0.000	0.000	POTENTIAL_BDRI_MISSING
Route tertiaire	NC	0.008	Kankan	0.000	1.000	LIKELY_DUPLICATE
Route tertiaire	NC	0.008	Boké	0.000	0.000	LIKELY_LOCAL_ROAD
Route tertiaire	NC	0.008	Kindia	0.000	0.000	LIKELY_LOCAL_ROAD
Route primaire	N18	0.008	Nzérékoré	1.000	1.000	LIKELY_DUPLICATE
Route tertiaire	NC	0.008	Kindia	0.000	0.000	LIKELY_LOCAL_ROAD
Route tertiaire	NC	0.008	Faranah	0.000	0.000	LIKELY_LOCAL_ROAD
Route tertiaire	NC	0.008	Boké	0.000	0.000	LIKELY_LOCAL_ROAD
Route tertiaire	NC	0.008	Kankan	0.000	0.000	LIKELY_LOCAL_ROAD
Route tertiaire	NC	0.008	Kankan	0.000	0.000	LIKELY_LOCAL_ROAD
Voie rapide	N1	0.008	Mamou	1.000	1.000	LIKELY_DUPLICATE
Route tertiaire	NC	0.008	Labé	0.000	0.000	LIKELY_LOCAL_ROAD
Route tertiaire	NC	0.008	Nzérékoré	0.000	0.000	LIKELY_LOCAL_ROAD
Route tertiaire	NC	0.008	Kankan	0.000	0.000	LIKELY_LOCAL_ROAD
Route secondaire	NC	0.008	Nzérékoré	0.000	0.000	POTENTIAL_BDRI_MISSING
Route tertiaire	NC	0.007	Labé	0.000	0.000	LIKELY_LOCAL_ROAD
Voie rapide	NC	0.007	Nzérékoré	0.000	0.000	POTENTIAL_BDRI_MISSING
Route tertiaire	NC	0.007	Nzérékoré	0.000	0.000	LIKELY_LOCAL_ROAD
Route tertiaire	NC	0.007	Kindia	0.000	0.000	LIKELY_LOCAL_ROAD
Route tertiaire	NC	0.007	Kankan	0.000	0.000	LIKELY_LOCAL_ROAD
Route secondaire	NC	0.007	Conakry	1.000	1.000	LIKELY_DUPLICATE
Route secondaire	NC	0.007	Nzérékoré	0.000	0.000	POTENTIAL_BDRI_MISSING
Route secondaire	NC	0.007	Conakry	1.000	1.000	LIKELY_DUPLICATE
Route secondaire	NC	0.007	Nzérékoré	0.000	1.000	LIKELY_DUPLICATE
Voie rapide	N5	0.007	Labé	1.000	1.000	LIKELY_DUPLICATE
Route tertiaire	NC	0.007	Kindia	0.000	0.000	LIKELY_LOCAL_ROAD
Route tertiaire	NC	0.007	Nzérékoré	0.000	0.000	LIKELY_LOCAL_ROAD
Voie rapide	N5	0.007	Labé	1.000	1.000	LIKELY_DUPLICATE
Route primaire	N30	0.007	Faranah	1.000	1.000	LIKELY_DUPLICATE
Route secondaire	NC	0.007	Nzérékoré	0.000	1.000	LIKELY_DUPLICATE
Route tertiaire	NC	0.007	Kankan	0.000	0.000	LIKELY_LOCAL_ROAD
Route primaire	N29	0.007	Faranah	1.000	1.000	LIKELY_DUPLICATE
Route primaire	NC	0.007	Kindia	0.000	1.000	LIKELY_DUPLICATE
Route secondaire	NC	0.007	Faranah	0.000	1.000	LIKELY_DUPLICATE
Route tertiaire	NC	0.007	Nzérékoré	0.000	1.000	LIKELY_DUPLICATE
Route secondaire	N14	0.007	Faranah	0.000	1.000	LIKELY_DUPLICATE
Route tertiaire	NC	0.007	Mamou	0.000	1.000	LIKELY_DUPLICATE
Voie rapide	N2	0.007	Faranah	1.000	1.000	LIKELY_DUPLICATE
Route tertiaire	NC	0.007	Nzérékoré	0.000	0.000	LIKELY_LOCAL_ROAD
Route tertiaire	NC	0.007	Boké	0.000	0.000	LIKELY_LOCAL_ROAD
Route secondaire	NC	0.007	Kankan	1.000	1.000	LIKELY_DUPLICATE
Route tertiaire	NC	0.007	Faranah	0.000	0.000	LIKELY_LOCAL_ROAD
Route tertiaire	NC	0.007	Nzérékoré	0.000	1.000	LIKELY_DUPLICATE
Route secondaire	NC	0.007	Mamou	1.000	1.000	LIKELY_DUPLICATE
Route tertiaire	NC	0.007	Kankan	0.000	0.000	LIKELY_LOCAL_ROAD
Route tertiaire	NC	0.007	Kankan	0.000	0.000	LIKELY_LOCAL_ROAD
Route tertiaire	NC	0.007	Kankan	0.000	1.000	LIKELY_DUPLICATE
Route tertiaire	NC	0.007	Faranah	0.000	0.000	LIKELY_LOCAL_ROAD
Route tertiaire	NC	0.007	Labé	0.000	0.000	LIKELY_LOCAL_ROAD
Route secondaire	NC	0.006	Faranah	0.000	0.000	POTENTIAL_BDRI_MISSING
Route secondaire	NC	0.006	Conakry	1.000	1.000	LIKELY_DUPLICATE
Route secondaire	NC	0.006	Nzérékoré	0.000	0.000	POTENTIAL_BDRI_MISSING
Route secondaire	NC	0.006	Nzérékoré	0.000	0.000	POTENTIAL_BDRI_MISSING
Route primaire	N30	0.006	Kankan	1.000	1.000	LIKELY_DUPLICATE
Route tertiaire	NC	0.006	Kankan	1.000	1.000	LIKELY_DUPLICATE
Route tertiaire	NC	0.006	Kindia	0.000	0.000	LIKELY_LOCAL_ROAD
Route tertiaire	NC	0.006	Faranah	0.000	0.000	LIKELY_LOCAL_ROAD
Route tertiaire	NC	0.006	Nzérékoré	0.000	0.000	LIKELY_LOCAL_ROAD
Voie rapide	NC	0.006	Kankan	1.000	1.000	LIKELY_DUPLICATE
Route tertiaire	NC	0.006	Nzérékoré	0.000	1.000	LIKELY_DUPLICATE
Route tertiaire	NC	0.006	Kindia	0.000	0.000	LIKELY_LOCAL_ROAD
Voie rapide	N5	0.006	Labé	1.000	1.000	LIKELY_DUPLICATE
Route tertiaire	NC	0.006	Nzérékoré	0.000	0.000	LIKELY_LOCAL_ROAD
Route primaire	N18	0.006	Nzérékoré	1.000	1.000	LIKELY_DUPLICATE
Route primaire	N8	0.006	Labé	1.000	1.000	LIKELY_DUPLICATE
Route secondaire	NC	0.006	Nzérékoré	0.000	0.000	POTENTIAL_BDRI_MISSING
Route primaire	NC	0.006	Nzérékoré	0.000	1.000	LIKELY_DUPLICATE
Route tertiaire	NC	0.006	Faranah	0.000	0.000	LIKELY_LOCAL_ROAD
Route tertiaire	NC	0.006	Conakry	0.000	1.000	LIKELY_DUPLICATE
Route tertiaire	NC	0.006	Labé	0.000	1.000	LIKELY_DUPLICATE
Route tertiaire	NC	0.006	Kankan	0.000	0.000	LIKELY_LOCAL_ROAD
Route tertiaire	NC	0.006	Kankan	0.000	0.000	LIKELY_LOCAL_ROAD
Route secondaire	NC	0.006	Nzérékoré	0.000	0.000	POTENTIAL_BDRI_MISSING
Route primaire	N19	0.006	Nzérékoré	1.000	1.000	LIKELY_DUPLICATE
Voie rapide	N5	0.006	Labé	1.000	1.000	LIKELY_DUPLICATE
Route secondaire	NC	0.006	Faranah	0.000	0.000	POTENTIAL_BDRI_MISSING
Route tertiaire	NC	0.006	Kankan	0.000	1.000	LIKELY_DUPLICATE
Route secondaire	NC	0.006	Kankan	0.000	1.000	LIKELY_DUPLICATE
Route tertiaire	NC	0.005	Conakry	0.000	1.000	LIKELY_DUPLICATE
Route tertiaire	NC	0.005	Faranah	0.000	0.000	LIKELY_LOCAL_ROAD
Voie rapide	N2	0.005	Nzérékoré	1.000	1.000	LIKELY_DUPLICATE
Route secondaire	NC	0.005	Labé	0.000	0.000	POTENTIAL_BDRI_MISSING
Voie rapide	N2	0.005	Faranah	1.000	1.000	LIKELY_DUPLICATE
Route tertiaire	NC	0.005	Kankan	1.000	1.000	LIKELY_DUPLICATE
Route primaire	N1	0.005	Nzérékoré	1.000	1.000	LIKELY_DUPLICATE
Route tertiaire	NC	0.005	Labé	0.000	0.000	LIKELY_LOCAL_ROAD
Route secondaire	NC	0.005	Nzérékoré	0.000	0.000	POTENTIAL_BDRI_MISSING
Route secondaire	NC	0.005	Faranah	0.000	0.000	POTENTIAL_BDRI_MISSING
Route tertiaire	NC	0.005	Kankan	0.000	0.000	LIKELY_LOCAL_ROAD
Route tertiaire	NC	0.005	Kankan	0.000	0.000	LIKELY_LOCAL_ROAD
Route tertiaire	NC	0.005	Kankan	0.000	0.000	LIKELY_LOCAL_ROAD
Route tertiaire	NC	0.004	Nzérékoré	0.000	0.000	LIKELY_LOCAL_ROAD
Route primaire	N24	0.004	Kindia	1.000	1.000	LIKELY_DUPLICATE
Voie rapide	N2	0.004	Faranah	1.000	1.000	LIKELY_DUPLICATE
Route secondaire	N31	0.004	Kankan	1.000	1.000	LIKELY_DUPLICATE
Route tertiaire	NC	0.004	Kindia	0.000	1.000	LIKELY_DUPLICATE
Route tertiaire	NC	0.004	Nzérékoré	0.000	0.000	LIKELY_LOCAL_ROAD
Route secondaire	NC	0.004	Kankan	0.000	0.000	POTENTIAL_BDRI_MISSING
Route tertiaire	NC	0.004	Kindia	0.000	0.000	LIKELY_LOCAL_ROAD
Route tertiaire	NC	0.004	Nzérékoré	0.000	0.000	LIKELY_LOCAL_ROAD
Route tertiaire	NC	0.003	Kankan	0.000	0.000	LIKELY_LOCAL_ROAD
Voie rapide	N2	0.003	Faranah	1.000	1.000	LIKELY_DUPLICATE
Route tertiaire	NC	0.003	Labé	0.000	0.000	LIKELY_LOCAL_ROAD
Route tertiaire	NC	0.003	Faranah	0.000	0.000	LIKELY_LOCAL_ROAD
Route tertiaire	NC	0.002	Faranah	0.000	0.000	LIKELY_LOCAL_ROAD
