PONT_BDRI_PROCHE_250M	Pont	Voie rapide	N4		103	59	PONT	Pont PK 28.75	Kindia	w328841672
PONT_BDRI_PROCHE_250M	Pont	Route non classifiée			98	34	PONT	Pont rentrée forécariah	Kindia	w341739232
PONT_BDRI_PROCHE_250M	Pont	Voie rapide	N4		65	149	PONT	Kouété	Kindia	w264847125
PONT_BDRI_PROCHE_25M	Pont	Voie rapide	N4		198	1	PONT	Pont rentrée forécariah	Kindia	w162152944
PONT_BDRI_PROCHE_25M	Pont	Route non classifiée			112	23	PONT	Pont rentrée forécariah	Kindia	w341739233
PONT_BDRI_PROCHE_25M	Pont	Voie rapide	N4		55	14	PONT	Tonguiron	Kindia	w272018330
PONT_BDRI_PROCHE_25M	Pont	Voie rapide	N4		34	3	PONT	Coyah(Sambayah)	Kindia	w176146346
PONT_BDRI_PROCHE_25M	Pont	Route non classifiée			23	16	PONT	Coyah(Sambayah)	Kindia	w176146348
PONT_BDRI_PROCHE_25M	Pont	Voie rapide	N4		15	7	DALOT	Coyah	Kindia	w176146338
PONT_SANS_OUVRAGE	Gué	Route secondaire			26304	166848	PONT	Pont de Milo	Kankan	w236941820
PONT_SANS_OUVRAGE	Gué	Route tertiaire			15741	169259	PONT	Pont de Milo	Kankan	w302751593
PONT_SANS_OUVRAGE	Gué	Route non classifiée			4894	114677	PONCEAU	Ponceau PK15 Nzerekore	Nzérékoré	w917969551
PONT_SANS_OUVRAGE	Gué	Chemin non carrossable			3030	154393	PONCEAU	Ponceau PK15 Nzerekore	Faranah	w741580716
PONT_SANS_OUVRAGE	Gué	Route non classifiée			2804	178833	PONT	Pont de Milo	Kankan	w1137574033
PONT_SANS_OUVRAGE	Gué	Route non classifiée			2730	114293	PONCEAU	Ponceau PK15 Nzerekore	Nzérékoré	w917969550
PONT_SANS_OUVRAGE	Gué	Route tertiaire			2721	155985	PONT	Pont de Milo	Kankan	w305046385
PONT_SANS_OUVRAGE	Gué	Route non classifiée			2291	122490	PONCEAU	Ponceau PK15 Nzerekore	Nzérékoré	w917992791
PONT_SANS_OUVRAGE	Gué	Route résidentielle			1859	152496	RADIER	Radier de Diafore	Boké	w637897120
PONT_SANS_OUVRAGE	Gué	Route non classifiée			1844	15628	PONT	Pont de Kolente	Kindia	w328393772
PONT_SANS_OUVRAGE	Gué	Route non classifiée			1726	117517	PONCEAU	Ponceau PK15 Nzerekore	Nzérékoré	w917969553
PONT_SANS_OUVRAGE	Gué	Route non classifiée			1383	168915	PONT	Pont de Milo	Kankan	w1137560129
PONT_SANS_OUVRAGE	Gué	Route non classifiée			402	36505	PONT	Pont du Fatala	Boké	w677714432
PONT_SANS_OUVRAGE	Gué	Chemin carrossable			374	117524	PONCEAU	Ponceau PK15 Nzerekore	Nzérékoré	w917992782
PONT_SANS_OUVRAGE	Gué	Route secondaire	N31		340	74947	PONT	Pont de Milo	Kankan	w244791340
PONT_SANS_OUVRAGE	Gué	Chemin non carrossable			274	148185	PONCEAU	Ponceau PK15 Nzerekore	Nzérékoré	w736571561
PONT_SANS_OUVRAGE	Gué	Route non classifiée			268	30720	DALOT	Kouété	Kindia	w331401917
PONT_SANS_OUVRAGE	Gué	Route non classifiée			235	49205	PONT	Pont de Milo	Kankan	w270425559
PONT_SANS_OUVRAGE	Gué	Route non classifiée			233	23165	DALOT	Dalot PK35 Kindia-Mamou	Kindia	w422112954
PONT_SANS_OUVRAGE	Gué	Route non classifiée			203	73744	PONT	Pont du Konkoure	Kindia	w636187605
PONT_SANS_OUVRAGE	Gué	Chemin non carrossable			186	63254	PONT	Pont de Milo	Kankan	w305318047
PONT_SANS_OUVRAGE	Gué	Chemin carrossable			154	29840	DALOT	Dalot PK35 Kindia-Mamou	Kindia	w327652344
PONT_SANS_OUVRAGE	Gué	Route non classifiée			122	29080	DALOT	Kouété	Kindia	w333515208
PONT_SANS_OUVRAGE	Gué	Route primaire	N27		116	103599	RADIER	Radier de Diafore	Labé	w203454460
PONT_SANS_OUVRAGE	Gué	Chemin carrossable			115	84834	RADIER	Radier de Diafore	Boké	w631529903
PONT_SANS_OUVRAGE	Gué	Chemin carrossable			90	4161	DALOT	Tonguiron pneumatique	Kindia	w344622607
PONT_SANS_OUVRAGE	Gué	Route non classifiée			88	20211	DALOT	Dalot PK35 Kindia-Mamou	Kindia	w398554467
PONT_SANS_OUVRAGE	Gué	Chemin non carrossable			88	50302	PONCEAU	Ponceau PK15 Nzerekore	Nzérékoré	w761780065
PONT_SANS_OUVRAGE	Gué	Route non classifiée			88	76630	PONT	Pont du Konkoure	Kindia	w331283243
PONT_SANS_OUVRAGE	Gué	Chemin carrossable			88	103479	DALOT	Dalot PK112 Faranah	Faranah	w691422897
PONT_SANS_OUVRAGE	Gué	Route tertiaire			84	39091	DALOT	Coyah	Kindia	w328423647
PONT_SANS_OUVRAGE	Gué	Chemin non carrossable			83	18878	DALOT	Allassoyah barrage	Kindia	w328660045
PONT_SANS_OUVRAGE	Gué	Route secondaire			82	66355	PONCEAU	Ponceau PK15 Nzerekore	Nzérékoré	w1136683312
PONT_SANS_OUVRAGE	Gué	Chemin non carrossable			82	117489	PONT	Pont du Konkoure	Boké	w639943653
PONT_SANS_OUVRAGE	Gué	Chemin non carrossable			81	123046	PONT	Pont du Konkoure	Kindia	w639335685
PONT_SANS_OUVRAGE	Gué	Chemin carrossable			78	27976	DALOT	Coyah	Kindia	w666168939
PONT_SANS_OUVRAGE	Gué	Route non classifiée			78	49610	RADIER	Radier de Diafore	Mamou	w432751449
PONT_SANS_OUVRAGE	Gué	Route tertiaire			77	25586	PONT	Pont du Fatala	Boké	w270402396
PONT_SANS_OUVRAGE	Gué	Chemin non carrossable			75	118604	PONT	Pont du Konkoure	Boké	w639942215
PONT_SANS_OUVRAGE	Gué	Route non classifiée			75	190282	RADIER	Radier de Diafore	Faranah	w270012766
PONT_SANS_OUVRAGE	Gué	Chemin carrossable			72	72658	PONT	Pont de Kolente	Kindia	w1070042419
PONT_SANS_OUVRAGE	Gué	Chemin carrossable			72	148727	PONCEAU	Ponceau PK15 Nzerekore	Kankan	w310855143
PONT_SANS_OUVRAGE	Gué	Route non classifiée			70	109349	PONT	Pont de Milo	Kankan	w311703528
PONT_SANS_OUVRAGE	Gué	Route résidentielle			68	1915	PONT	Pont de Milo	Kankan	w541110039
PONT_SANS_OUVRAGE	Gué	Chemin non carrossable			68	111556	RADIER	Radier de Diafore	Boké	w774627766
PONT_SANS_OUVRAGE	Gué	Route non classifiée			67	134547	PONT	Pont de Milo	Kankan	w311382537
PONT_SANS_OUVRAGE	Gué	Route non classifiée			67	73203	PONT	Pont du Konkoure	Kindia	w330687984
PONT_SANS_OUVRAGE	Gué	Route primaire			67	171971	PONCEAU	Ponceau PK15 Nzerekore	Nzérékoré	w313322428
PONT_SANS_OUVRAGE	Gué	Chemin carrossable			67	83782	RADIER	Radier de Diafore	Boké	w633118425
PONT_SANS_OUVRAGE	Gué	Route non classifiée			66	132113	PONCEAU	Ponceau PK15 Nzerekore	Nzérékoré	w742901551
PONT_SANS_OUVRAGE	Gué	Chemin non carrossable			66	93622	RADIER	Radier de Diafore	Boké	w664566470
PONT_SANS_OUVRAGE	Gué	Route non classifiée			65	134997	PONT	Pont de Milo	Kankan	w311382539
PONT_SANS_OUVRAGE	Gué	Chemin carrossable			65	4043	PONCEAU	Ponceau PK15 Nzerekore	Nzérékoré	w312512046
PONT_SANS_OUVRAGE	Gué	Route tertiaire			65	150805	PONCEAU	Ponceau PK15 Nzerekore	Nzérékoré	w269940435
PONT_SANS_OUVRAGE	Gué	Chemin non carrossable			65	65664	PONCEAU	Ponceau PK15 Nzerekore	Nzérékoré	w274677226
PONT_SANS_OUVRAGE	Gué	Route non classifiée			64	45045	RADIER	Radier de Diafore	Mamou	w407711325
PONT_SANS_OUVRAGE	Gué	Chemin carrossable			64	118607	DALOT	Dalot PK112 Faranah	Kankan	w774651774
PONT_SANS_OUVRAGE	Gué	Route non classifiée			63	50844	PONCEAU	Ponceau PK15 Nzerekore	Nzérékoré	w273312963
PONT_SANS_OUVRAGE	Gué	Chemin non carrossable			62	77626	PONT	Pont du Konkoure	Kindia	w331283248
PONT_SANS_OUVRAGE	Gué	Route non classifiée			62	148300	DALOT	Dalot PK112 Faranah	Faranah	w271646659
PONT_SANS_OUVRAGE	Gué	Route non classifiée			62	16990	MUR_SOUTENEMENT	Mur de soutenement Mont Gangan	Mamou	w271626114
PONT_SANS_OUVRAGE	Gué	Route résidentielle			62	141086	DALOT	Dalot PK112 Faranah	Kankan	w689957321
PONT_SANS_OUVRAGE	Gué	Route non classifiée			61	23560	MUR_SOUTENEMENT	Mur de soutenement Mont Gangan	Mamou	w329738735
PONT_SANS_OUVRAGE	Gué	Route non classifiée			61	152164	PONT	Pont de Milo	Kankan	w270900237
PONT_SANS_OUVRAGE	Gué	Route non classifiée			61	54313	PONCEAU	Ponceau PK15 Nzerekore	Nzérékoré	w273312964
PONT_SANS_OUVRAGE	Gué	Chemin non carrossable			61	101035	PONT	Pont du Konkoure	Kindia	w633612612
PONT_SANS_OUVRAGE	Gué	Route non classifiée			60	50478	RADIER	Radier de Diafore	Mamou	w407979687
PONT_SANS_OUVRAGE	Gué	Chemin carrossable			59	118621	DALOT	Dalot PK112 Faranah	Kankan	w774651773
PONT_SANS_OUVRAGE	Gué	Chemin non carrossable			58	104901	PONT	Pont du Konkoure	Kindia	w636002572
PONT_SANS_OUVRAGE	Gué	Chemin non carrossable			58	70995	PONT	Pont de Kolente	Kindia	w330829026
PONT_SANS_OUVRAGE	Gué	Route non classifiée			58	23670	DALOT	Dalot PK35 Kindia-Mamou	Kindia	w330056455
PONT_SANS_OUVRAGE	Gué	Route non classifiée			57	73325	PONT	Pont du Konkoure	Kindia	w330687982
PONT_SANS_OUVRAGE	Gué	Route non classifiée			57	156932	PONT	Pont du Konkoure	Boké	w643380333
PONT_SANS_OUVRAGE	Gué	Chemin non carrossable			57	50441	PONCEAU	Ponceau PK15 Nzerekore	Nzérékoré	w761780636
PONT_SANS_OUVRAGE	Gué	Chemin carrossable			55	114149	PONCEAU	Ponceau PK15 Nzerekore	Nzérékoré	w917969539
PONT_SANS_OUVRAGE	Gué	Route non classifiée			55	78748	RADIER	Radier de Diafore	Labé	w665914654
PONT_SANS_OUVRAGE	Gué	Chemin non carrossable			55	105430	RADIER	Radier de Diafore	Kindia	w629934968
PONT_SANS_OUVRAGE	Gué	Route résidentielle			55	156012	PONT	Pont du Konkoure	Boké	w643380319
PONT_SANS_OUVRAGE	Gué	Chemin non carrossable			55	120878	PONCEAU	Ponceau PK15 Nzerekore	Nzérékoré	w745691344
PONT_SANS_OUVRAGE	Gué	Chemin non carrossable			54	21742	DALOT	Kouété	Kindia	w333343814
PONT_SANS_OUVRAGE	Gué	Route non classifiée			54	156601	PONT	Pont du Konkoure	Boké	w643380322
PONT_SANS_OUVRAGE	Gué	Chemin non carrossable			53	134398	PONCEAU	Ponceau PK15 Nzerekore	Nzérékoré	w742972345
PONT_SANS_OUVRAGE	Gué	Chemin non carrossable			52	114425	PONT	Pont du Konkoure	Kindia	w639346077
PONT_SANS_OUVRAGE	Gué	Route non classifiée			52	74453	PONT	Pont du Konkoure	Kindia	w330779891
PONT_SANS_OUVRAGE	Gué	Chemin non carrossable			52	151795	PONCEAU	Ponceau PK15 Nzerekore	Nzérékoré	w741174394
PONT_SANS_OUVRAGE	Gué	Chemin carrossable			52	140664	PONCEAU	Ponceau PK15 Nzerekore	Nzérékoré	w271921403
PONT_SANS_OUVRAGE	Gué	Chemin non carrossable			52	126084	RADIER	Radier de Diafore	Boké	w640239486
PONT_SANS_OUVRAGE	Gué	Chemin non carrossable			52	100429	PONT	Pont du Konkoure	Kindia	w633610302
PONT_SANS_OUVRAGE	Gué	Chemin carrossable			51	79145	PONCEAU	Ponceau PK15 Nzerekore	Nzérékoré	w274445915
PONT_SANS_OUVRAGE	Gué	Chemin non carrossable			51	64749	PONCEAU	Ponceau PK15 Nzerekore	Nzérékoré	w274677227
PONT_SANS_OUVRAGE	Gué	Route non classifiée			51	7812	DALOT	Dalot PK112 Faranah	Faranah	w416193717
PONT_SANS_OUVRAGE	Gué	Chemin carrossable			51	110718	DALOT	Dalot PK112 Faranah	Kankan	w691402623
PONT_SANS_OUVRAGE	Gué	Route non classifiée			50	133405	DALOT	Dalot PK112 Faranah	Faranah	w977394487
PONT_SANS_OUVRAGE	Gué	Chemin non carrossable			50	124088	PONT	Pont du Konkoure	Boké	w640251658
PONT_SANS_OUVRAGE	Gué	Chemin carrossable			50	149182	PONCEAU	Ponceau PK15 Nzerekore	Nzérékoré	w388300385
PONT_SANS_OUVRAGE	Gué	Chemin non carrossable			50	123739	PONT	Pont du Konkoure	Boké	w639950606
PONT_SANS_OUVRAGE	Gué	Chemin carrossable			48	62612	PONCEAU	Ponceau PK15 Nzerekore	Nzérékoré	w311964480
PONT_SANS_OUVRAGE	Gué	Chemin non carrossable			48	117882	PONT	Pont du Konkoure	Boké	w639942210
PONT_SANS_OUVRAGE	Gué	Chemin non carrossable			48	122252	PONT	Pont du Konkoure	Kindia	w639341439
PONT_SANS_OUVRAGE	Gué	Chemin non carrossable			48	99947	PONT	Pont du Konkoure	Kindia	w633607208
PONT_SANS_OUVRAGE	Gué	Chemin non carrossable			48	107728	RADIER	Radier de Diafore	Kindia	w629222954
PONT_SANS_OUVRAGE	Gué	Chemin non carrossable			47	119846	PONT	Pont du Konkoure	Boké	w639945486
PONT_SANS_OUVRAGE	Gué	Chemin non carrossable			47	117869	PONCEAU	Ponceau PK15 Nzerekore	Nzérékoré	w746214411
PONT_SANS_OUVRAGE	Gué	Chemin non carrossable			47	92913	PONCEAU	Ponceau PK15 Nzerekore	Nzérékoré	w750656520
PONT_SANS_OUVRAGE	Gué	Chemin non carrossable			47	78856	PONT	Pont du Konkoure	Kindia	w330655326
PONT_SANS_OUVRAGE	Gué	Chemin non carrossable			47	140287	RADIER	Radier de Diafore	Boké	w642112819
PONT_SANS_OUVRAGE	Gué	Chemin carrossable			46	151517	PONCEAU	Ponceau PK15 Nzerekore	Nzérékoré	w388300383
PONT_SANS_OUVRAGE	Gué	Chemin non carrossable			46	141575	PONCEAU	Ponceau PK15 Nzerekore	Nzérékoré	w744143700
PONT_SANS_OUVRAGE	Gué	Chemin carrossable			46	33011	DALOT	Dalot PK112 Faranah	Faranah	w763086458
PONT_SANS_OUVRAGE	Gué	Chemin non carrossable			46	61135	RADIER	Radier de Diafore	Boké	w645059542
PONT_SANS_OUVRAGE	Gué	Chemin non carrossable			45	130503	PONCEAU	Ponceau PK15 Nzerekore	Nzérékoré	w739732474
PONT_SANS_OUVRAGE	Gué	Route primaire			45	171976	PONCEAU	Ponceau PK15 Nzerekore	Nzérékoré	w571481912
PONT_SANS_OUVRAGE	Gué	Chemin non carrossable			45	119660	PONCEAU	Ponceau PK15 Nzerekore	Nzérékoré	w745116392
PONT_SANS_OUVRAGE	Gué	Chemin non carrossable			45	121401	PONT	Pont du Konkoure	Kindia	w639341435
PONT_SANS_OUVRAGE	Gué	Chemin non carrossable			44	123271	PONCEAU	Ponceau PK15 Nzerekore	Nzérékoré	w745691370
PONT_SANS_OUVRAGE	Gué	Chemin non carrossable			44	136601	RADIER	Radier de Diafore	Boké	w641810994
PONT_SANS_OUVRAGE	Gué	Route non classifiée			44	2323	PONT	Pont de Milo	Kankan	w541110045
PONT_SANS_OUVRAGE	Gué	Chemin non carrossable			44	682	PONT	Pont de Milo	Kankan	w541194656
PONT_SANS_OUVRAGE	Gué	Chemin non carrossable			43	124845	PONCEAU	Ponceau PK15 Nzerekore	Nzérékoré	w745420144
PONT_SANS_OUVRAGE	Gué	Route non classifiée			43	101109	PONT	Pont de Milo	Kankan	w311846360
PONT_SANS_OUVRAGE	Gué	Route non classifiée			43	139856	RADIER	Radier de Diafore	Boké	w625029763
PONT_SANS_OUVRAGE	Gué	Route non classifiée			43	126106	PONT	Pont de Milo	Kankan	w269104392
PONT_SANS_OUVRAGE	Gué	Chemin carrossable			42	30512	PONCEAU	Ponceau PK15 Nzerekore	Nzérékoré	w274063728
PONT_SANS_OUVRAGE	Gué	Route non classifiée			42	16169	DALOT	Allassoyah barrage	Kindia	w338703736
PONT_SANS_OUVRAGE	Gué	Chemin non carrossable			42	71380	PONT	Pont de Kolente	Kindia	w330809025
PONT_SANS_OUVRAGE	Gué	Chemin non carrossable			41	82688	PONT	Pont du Konkoure	Kindia	w330655327
PONT_SANS_OUVRAGE	Gué	Chemin non carrossable			41	66590	PONCEAU	Ponceau PK15 Nzerekore	Nzérékoré	w274677225
PONT_SANS_OUVRAGE	Gué	Chemin non carrossable			41	124097	PONT	Pont du Konkoure	Boké	w640251672
PONT_SANS_OUVRAGE	Gué	Chemin non carrossable			41	121868	PONT	Pont du Konkoure	Boké	w639950593
PONT_SANS_OUVRAGE	Gué	Route non classifiée			41	36410	PONT	Pont de Kolente	Kindia	w329181776
PONT_SANS_OUVRAGE	Gué	Route non classifiée			40	73549	PONT	Pont du Konkoure	Kindia	w330687981
PONT_SANS_OUVRAGE	Gué	Chemin non carrossable			40	73504	PONT	Pont du Konkoure	Kindia	w330687983
PONT_SANS_OUVRAGE	Gué	Chemin carrossable			40	141998	PONT	Pont de Milo	Kankan	w1084728366
PONT_SANS_OUVRAGE	Gué	Chemin non carrossable			40	77681	PONT	Pont du Konkoure	Kindia	w331283245
PONT_SANS_OUVRAGE	Gué	Chemin carrossable			39	62941	PONCEAU	Ponceau PK15 Nzerekore	Nzérékoré	w311964477
PONT_SANS_OUVRAGE	Gué	Route non classifiée			39	27898	DALOT	Coyah	Kindia	w271088733
PONT_SANS_OUVRAGE	Gué	Chemin carrossable			39	148134	PONCEAU	Ponceau PK15 Nzerekore	Kankan	w310857502
PONT_SANS_OUVRAGE	Gué	Route secondaire			39	148236	PONT	Pont de Milo	Kankan	w309855753
PONT_SANS_OUVRAGE	Gué	Route non classifiée			39	135730	PONT	Pont de Milo	Kankan	w311382538
PONT_SANS_OUVRAGE	Gué	Chemin non carrossable			39	126190	RADIER	Radier de Diafore	Boké	w640239482
PONT_SANS_OUVRAGE	Gué	Chemin non carrossable			39	100329	PONT	Pont du Konkoure	Kindia	w633607221
PONT_SANS_OUVRAGE	Gué	Chemin non carrossable			39	149688	PONCEAU	Ponceau PK15 Nzerekore	Nzérékoré	w738926226
PONT_SANS_OUVRAGE	Gué	Chemin non carrossable			38	121995	PONCEAU	Ponceau PK15 Nzerekore	Nzérékoré	w745439276
PONT_SANS_OUVRAGE	Gué	Route non classifiée			38	81039	PONT	Pont du Konkoure	Kindia	w331279654
PONT_SANS_OUVRAGE	Gué	Chemin non carrossable			38	149527	PONCEAU	Ponceau PK15 Nzerekore	Nzérékoré	w736694405
PONT_SANS_OUVRAGE	Gué	Chemin non carrossable			38	73585	PONT	Pont du Konkoure	Kindia	w330779890
PONT_SANS_OUVRAGE	Gué	Route non classifiée			37	24560	DALOT	Dalot PK112 Faranah	Faranah	w763106461
PONT_SANS_OUVRAGE	Gué	Chemin non carrossable			37	126450	PONCEAU	Ponceau PK15 Nzerekore	Kankan	w741071920
PONT_SANS_OUVRAGE	Gué	Route non classifiée			37	68160	PONT	Pont de Kolente	Kindia	w330829027
PONT_SANS_OUVRAGE	Gué	Route non classifiée			37	141840	DALOT	Dalot PK112 Faranah	Kankan	w689957313
PONT_SANS_OUVRAGE	Gué	Chemin carrossable			37	133020	PONCEAU	Ponceau PK15 Nzerekore	Kankan	w312124581
PONT_SANS_OUVRAGE	Gué	Chemin non carrossable			37	127407	PONT	Pont de Milo	Kankan	w678679748
PONT_SANS_OUVRAGE	Gué	Route non classifiée			37	38840	PONT	Pont de Milo	Kankan	w692646809
PONT_SANS_OUVRAGE	Gué	Chemin non carrossable			36	20410	DALOT	Allassoyah barrage	Kindia	w328660044
PONT_SANS_OUVRAGE	Gué	Chemin non carrossable			36	100194	PONT	Pont du Konkoure	Kindia	w633607205
PONT_SANS_OUVRAGE	Gué	Chemin carrossable			36	26339	PONCEAU	Ponceau PK15 Nzerekore	Nzérékoré	w273328692
PONT_SANS_OUVRAGE	Gué	Chemin non carrossable			36	137749	PONCEAU	Ponceau PK15 Nzerekore	Nzérékoré	w742417197
PONT_SANS_OUVRAGE	Gué	Route tertiaire			36	137562	DALOT	Dalot PK112 Faranah	Faranah	w244795183
PONT_SANS_OUVRAGE	Gué	Chemin non carrossable			36	133111	PONCEAU	Ponceau PK15 Nzerekore	Kankan	w738614754
PONT_SANS_OUVRAGE	Gué	Chemin non carrossable			36	139031	PONCEAU	Ponceau PK15 Nzerekore	Nzérékoré	w742503193
PONT_SANS_OUVRAGE	Gué	Chemin non carrossable			36	140875	PONCEAU	Ponceau PK15 Nzerekore	Nzérékoré	w744467224
PONT_SANS_OUVRAGE	Gué	Chemin non carrossable			36	125782	PONCEAU	Ponceau PK15 Nzerekore	Nzérékoré	w740107580
PONT_SANS_OUVRAGE	Gué	Chemin non carrossable			35	150536	PONCEAU	Ponceau PK15 Nzerekore	Nzérékoré	w738926243
PONT_SANS_OUVRAGE	Gué	Route non classifiée			35	8473	DALOT	Dalot PK112 Faranah	Faranah	w416193711
PONT_SANS_OUVRAGE	Gué	Route non classifiée			35	119631	PONCEAU	Ponceau PK15 Nzerekore	Nzérékoré	w745439304
PONT_SANS_OUVRAGE	Gué	Chemin non carrossable			35	156163	PONCEAU	Ponceau PK15 Nzerekore	Nzérékoré	w740713691
PONT_SANS_OUVRAGE	Gué	Chemin non carrossable			35	118372	PONCEAU	Ponceau PK15 Nzerekore	Nzérékoré	w745439292
PONT_SANS_OUVRAGE	Gué	Route tertiaire			34	53089	RADIER	Radier de Diafore	Labé	w635294647
PONT_SANS_OUVRAGE	Gué	Chemin non carrossable			34	124387	PONT	Pont du Konkoure	Boké	w647696495
PONT_SANS_OUVRAGE	Gué	Chemin non carrossable			34	152819	PONCEAU	Ponceau PK15 Nzerekore	Nzérékoré	w740667126
PONT_SANS_OUVRAGE	Gué	Chemin non carrossable			34	158509	PONT	Pont du Konkoure	Boké	w643374484
PONT_SANS_OUVRAGE	Gué	Chemin carrossable			33	78027	PONCEAU	Ponceau PK15 Nzerekore	Nzérékoré	w274445916
PONT_SANS_OUVRAGE	Gué	Chemin non carrossable			33	81096	PONT	Pont du Konkoure	Kindia	w330655328
PONT_SANS_OUVRAGE	Gué	Route non classifiée			33	42207	RADIER	Radier de Diafore	Mamou	w567151355
PONT_SANS_OUVRAGE	Gué	Chemin carrossable			33	148223	PONCEAU	Ponceau PK15 Nzerekore	Kankan	w310855150
PONT_SANS_OUVRAGE	Gué	Chemin carrossable			33	147335	PONCEAU	Ponceau PK15 Nzerekore	Kankan	w310864436
PONT_SANS_OUVRAGE	Gué	Route non classifiée			33	22333	PONT	Pont de Kolente	Kindia	w329765818
PONT_SANS_OUVRAGE	Gué	Route non classifiée			33	38972	DALOT	Dalot PK112 Faranah	Faranah	w398754397
PONT_SANS_OUVRAGE	Gué	Chemin non carrossable			33	140531	PONCEAU	Ponceau PK15 Nzerekore	Nzérékoré	w744467230
PONT_SANS_OUVRAGE	Gué	Route non classifiée			33	180428	DALOT	Dalot PK112 Faranah	Nzérékoré	w291889335
PONT_SANS_OUVRAGE	Gué	Route non classifiée			33	156427	PONT	Pont de Milo	Kankan	w1109223516
PONT_SANS_OUVRAGE	Gué	Route non classifiée			32	140983	DALOT	Dalot PK112 Faranah	Kankan	w689957309
PONT_SANS_OUVRAGE	Gué	Chemin carrossable			32	50363	DALOT	Coyah Carref(RN1/RN4)	Kindia	w332379677
PONT_SANS_OUVRAGE	Gué	Route résidentielle			32	2625	DALOT	Dalot PK112 Faranah	Faranah	w416195679
PONT_SANS_OUVRAGE	Gué	Chemin non carrossable			32	133746	PONCEAU	Ponceau PK15 Nzerekore	Nzérékoré	w742294909
PONT_SANS_OUVRAGE	Gué	Chemin non carrossable			32	132661	PONCEAU	Ponceau PK15 Nzerekore	Nzérékoré	w742294905
PONT_SANS_OUVRAGE	Gué	Chemin non carrossable			32	120853	PONCEAU	Ponceau PK15 Nzerekore	Nzérékoré	w745439332
PONT_SANS_OUVRAGE	Gué	Route non classifiée			32	143698	PONCEAU	Ponceau PK15 Nzerekore	Nzérékoré	w730889853
PONT_SANS_OUVRAGE	Gué	Chemin non carrossable			32	70861	PONT	Pont de Kolente	Kindia	w330829028
PONT_SANS_OUVRAGE	Gué	Chemin non carrossable			31	140559	PONCEAU	Ponceau PK15 Nzerekore	Nzérékoré	w742503196
PONT_SANS_OUVRAGE	Gué	Chemin non carrossable			31	105126	RADIER	Radier de Diafore	Kindia	w629934963
PONT_SANS_OUVRAGE	Gué	Chemin carrossable			31	136474	DALOT	Dalot PK112 Faranah	Faranah	w269812657
PONT_SANS_OUVRAGE	Gué	Route non classifiée			31	10365	PONT	Pont de Kolente	Kindia	w329860679
PONT_SANS_OUVRAGE	Gué	Route non classifiée			31	75133	PONT	Pont de Kolente	Kindia	w330844995
PONT_SANS_OUVRAGE	Gué	Chemin non carrossable			31	118613	PONCEAU	Ponceau PK15 Nzerekore	Nzérékoré	w746295354
PONT_SANS_OUVRAGE	Gué	Chemin non carrossable			30	97240	RADIER	Radier de Diafore	Boké	w628483615
PONT_SANS_OUVRAGE	Gué	Chemin non carrossable			30	120596	PONT	Pont du Konkoure	Kindia	w647239490
PONT_SANS_OUVRAGE	Gué	Chemin carrossable			30	144163	PONT	Pont de Milo	Kankan	w1084529666
PONT_SANS_OUVRAGE	Gué	Chemin non carrossable			30	117670	PONCEAU	Ponceau PK15 Nzerekore	Nzérékoré	w746061921
PONT_SANS_OUVRAGE	Gué	Route non classifiée			30	49096	DALOT	Coyah Carref(RN1/RN4)	Kindia	w332047110
PONT_SANS_OUVRAGE	Gué	Chemin non carrossable			30	118290	PONT	Pont du Konkoure	Boké	w639349935
PONT_SANS_OUVRAGE	Gué	Chemin non carrossable			30	139920	PONCEAU	Ponceau PK15 Nzerekore	Nzérékoré	w744143697
PONT_SANS_OUVRAGE	Gué	Chemin carrossable			29	84805	RADIER	Radier de Diafore	Boké	w632251122
PONT_SANS_OUVRAGE	Gué	Chemin carrossable			29	144526	PONT	Pont de Milo	Kankan	w1084529722
PONT_SANS_OUVRAGE	Gué	Chemin non carrossable			29	512	PONT	Pont de Milo	Kankan	w541194645
PONT_SANS_OUVRAGE	Gué	Chemin non carrossable			29	134006	PONCEAU	Ponceau PK15 Nzerekore	Nzérékoré	w742294911
PONT_SANS_OUVRAGE	Gué	Route non classifiée			29	72033	PONT	Pont du Konkoure	Kindia	w330779892
PONT_SANS_OUVRAGE	Gué	Chemin non carrossable			29	126649	PONCEAU	Ponceau PK15 Nzerekore	Nzérékoré	w738019054
PONT_SANS_OUVRAGE	Gué	Chemin carrossable			29	117286	PONCEAU	Ponceau PK15 Nzerekore	Nzérékoré	w917969559
PONT_SANS_OUVRAGE	Gué	Chemin non carrossable			29	99787	PONT	Pont du Konkoure	Boké	w633607212
PONT_SANS_OUVRAGE	Gué	Chemin carrossable			28	148341	PONT	Pont de Milo	Kankan	w310854068
PONT_SANS_OUVRAGE	Gué	Chemin non carrossable			28	135324	PONCEAU	Ponceau PK15 Nzerekore	Nzérékoré	w742333600
PONT_SANS_OUVRAGE	Gué	Route non classifiée			28	153236	PONCEAU	Ponceau PK15 Nzerekore	Nzérékoré	w738964148
PONT_SANS_OUVRAGE	Gué	Route résidentielle			28	31634	PONT	Pont de Kolente	Kindia	w545944873
PONT_SANS_OUVRAGE	Gué	Chemin non carrossable			27	154745	PONCEAU	Ponceau PK15 Nzerekore	Nzérékoré	w738964111
PONT_SANS_OUVRAGE	Gué	Chemin non carrossable			27	134376	PONCEAU	Ponceau PK15 Nzerekore	Nzérékoré	w745048899
PONT_SANS_OUVRAGE	Gué	Route non classifiée			27	144873	PONCEAU	Ponceau PK15 Nzerekore	Nzérékoré	w741256066
PONT_SANS_OUVRAGE	Gué	Chemin non carrossable			27	145957	PONCEAU	Ponceau PK15 Nzerekore	Nzérékoré	w741256101
PONT_SANS_OUVRAGE	Gué	Chemin non carrossable			27	121503	PONT	Pont du Konkoure	Boké	w647677369
PONT_SANS_OUVRAGE	Gué	Route non classifiée			26	21554	DALOT	Allassoyah barrage	Kindia	w328660043
PONT_SANS_OUVRAGE	Gué	Chemin non carrossable			26	122204	PONCEAU	Ponceau PK15 Nzerekore	Nzérékoré	w745691358
PONT_SANS_OUVRAGE	Gué	Route non classifiée			26	26134	PONT	Pont du Fatala	Boké	w330972063
PONT_SANS_OUVRAGE	Gué	Chemin carrossable			26	42876	PONT	Pont de Kolente	Kindia	w356667242
PONT_SANS_OUVRAGE	Gué	Route non classifiée			25	155950	PONT	Pont de Milo	Kankan	w313476269
PONT_SANS_OUVRAGE	Gué	Chemin carrossable			25	167392	PONT	Pont de Milo	Kankan	w761784820
PONT_SANS_OUVRAGE	Gué	Route non classifiée			25	129896	PONCEAU	Ponceau PK15 Nzerekore	Nzérékoré	w743300069
PONT_SANS_OUVRAGE	Gué	Chemin non carrossable			25	123461	PONCEAU	Ponceau PK15 Nzerekore	Nzérékoré	w739553524
PONT_SANS_OUVRAGE	Gué	Chemin non carrossable			25	130563	PONCEAU	Ponceau PK15 Nzerekore	Kankan	w739640424
PONT_SANS_OUVRAGE	Gué	Chemin non carrossable			25	71675	PONT	Pont du Konkoure	Kindia	w330779893
PONT_SANS_OUVRAGE	Gué	Chemin non carrossable			25	117001	PONCEAU	Ponceau PK15 Nzerekore	Nzérékoré	w746061900
PONT_SANS_OUVRAGE	Gué	Route non classifiée			25	9669	DALOT	Coyah	Conakry	w269998445
PONT_SANS_OUVRAGE	Gué	Route non classifiée			25	5249	DALOT	Dalot PK112 Faranah	Faranah	w416197626
PONT_SANS_OUVRAGE	Gué	Chemin non carrossable			25	124886	PONCEAU	Ponceau PK15 Nzerekore	Nzérékoré	w745350350
PONT_SANS_OUVRAGE	Gué	Route non classifiée			24	20075	PONT	Pont de Kolente	Kindia	w329040101
PONT_SANS_OUVRAGE	Gué	Chemin non carrossable			24	146750	PONCEAU	Ponceau PK15 Nzerekore	Nzérékoré	w736869587
PONT_SANS_OUVRAGE	Gué	Route non classifiée			24	2458	DALOT	Dalot PK 22.5	Kindia	w339117041
PONT_SANS_OUVRAGE	Gué	Chemin non carrossable			24	131753	PONCEAU	Ponceau PK15 Nzerekore	Nzérékoré	w742651312
PONT_SANS_OUVRAGE	Gué	Route non classifiée			24	106134	PONT	Pont de Milo	Faranah	w311598795
PONT_SANS_OUVRAGE	Gué	Chemin carrossable			24	63359	PONCEAU	Ponceau PK15 Nzerekore	Nzérékoré	w311964476
PONT_SANS_OUVRAGE	Gué	Chemin non carrossable			24	129257	PONCEAU	Ponceau PK15 Nzerekore	Nzérékoré	w742651264
PONT_SANS_OUVRAGE	Gué	Chemin non carrossable			24	133070	PONCEAU	Ponceau PK15 Nzerekore	Kankan	w745726852
PONT_SANS_OUVRAGE	Gué	Chemin non carrossable			23	100406	PONT	Pont du Konkoure	Kindia	w633610282
PONT_SANS_OUVRAGE	Gué	Chemin non carrossable			23	155469	PONCEAU	Ponceau PK15 Nzerekore	Nzérékoré	w740713694
PONT_SANS_OUVRAGE	Gué	Chemin non carrossable			23	143235	PONCEAU	Ponceau PK15 Nzerekore	Nzérékoré	w744736673
PONT_SANS_OUVRAGE	Gué	Route non classifiée			23	117585	PONT	Pont du Konkoure	Boké	w638988925
PONT_SANS_OUVRAGE	Gué	Chemin carrossable			23	36261	PONCEAU	Ponceau PK15 Nzerekore	Nzérékoré	w273390124
PONT_SANS_OUVRAGE	Gué	Chemin carrossable			23	38292	PONCEAU	Ponceau PK15 Nzerekore	Nzérékoré	w274188429
PONT_SANS_OUVRAGE	Gué	Route non classifiée			23	118210	PONCEAU	Ponceau PK15 Nzerekore	Nzérékoré	w745439289
PONT_SANS_OUVRAGE	Gué	Route non classifiée			23	133709	DALOT	Dalot PK112 Faranah	Faranah	w690231624
PONT_SANS_OUVRAGE	Gué	Route non classifiée			23	49245	DALOT	Coyah Carref(RN1/RN4)	Kindia	w331803307
PONT_SANS_OUVRAGE	Gué	Route non classifiée			23	19056	PONT	Pont de Kolente	Kindia	w327883704
PONT_SANS_OUVRAGE	Gué	Route non classifiée			22	16799	DALOT	Allassoyah barrage	Kindia	w328660041
PONT_SANS_OUVRAGE	Gué	Route non classifiée			22	35551	RADIER	Radier de Diafore	Mamou	w433052643
PONT_SANS_OUVRAGE	Gué	Chemin non carrossable			22	128541	PONCEAU	Ponceau PK15 Nzerekore	Nzérékoré	w745607888
PONT_SANS_OUVRAGE	Gué	Route non classifiée			22	134912	DALOT	Dalot PK112 Faranah	Faranah	w689966713
PONT_SANS_OUVRAGE	Gué	Chemin non carrossable			22	136092	PONCEAU	Ponceau PK15 Nzerekore	Kankan	w738633726
PONT_SANS_OUVRAGE	Gué	Chemin non carrossable			22	136266	PONCEAU	Ponceau PK15 Nzerekore	Kankan	w738633725
PONT_SANS_OUVRAGE	Gué	Route non classifiée			22	70731	PONCEAU	Ponceau PK15 Nzerekore	Nzérékoré	w274331869
PONT_SANS_OUVRAGE	Gué	Chemin non carrossable			22	149904	PONCEAU	Ponceau PK15 Nzerekore	Nzérékoré	w738926257
PONT_SANS_OUVRAGE	Gué	Chemin non carrossable			22	120845	PONCEAU	Ponceau PK15 Nzerekore	Nzérékoré	w745899333
PONT_SANS_OUVRAGE	Gué	Chemin non carrossable			22	136574	PONCEAU	Ponceau PK15 Nzerekore	Nzérékoré	w742294949
PONT_SANS_OUVRAGE	Gué	Route non classifiée			22	3100	DALOT	Dalot PK112 Faranah	Faranah	w408957240
PONT_SANS_OUVRAGE	Gué	Chemin non carrossable			21	117755	PONCEAU	Ponceau PK15 Nzerekore	Nzérékoré	w745116386
PONT_SANS_OUVRAGE	Gué	Route tertiaire			21	2837	PONT	Pont rentrée forécariah	Kindia	w338615530
PONT_SANS_OUVRAGE	Gué	Chemin non carrossable			21	169527	PONT	Pont de Milo	Faranah	w752736574
PONT_SANS_OUVRAGE	Gué	Route non classifiée			21	114659	PONCEAU	Ponceau PK15 Nzerekore	Nzérékoré	w748922234
PONT_SANS_OUVRAGE	Gué	Chemin non carrossable			21	129802	PONCEAU	Ponceau PK15 Nzerekore	Nzérékoré	w741071907
PONT_SANS_OUVRAGE	Gué	Route non classifiée			21	117261	PONT	Pont du Konkoure	Kindia	w636535605
PONT_SANS_OUVRAGE	Gué	Route non classifiée			21	10902	DALOT	Soria carrefour	Kindia	w329025753
PONT_SANS_OUVRAGE	Gué	Chemin non carrossable			21	135574	PONCEAU	Ponceau PK15 Nzerekore	Nzérékoré	w742402790
PONT_SANS_OUVRAGE	Gué	Chemin non carrossable			21	118687	PONCEAU	Ponceau PK15 Nzerekore	Nzérékoré	w745116390
PONT_SANS_OUVRAGE	Gué	Route non classifiée			21	142339	PONCEAU	Ponceau PK15 Nzerekore	Nzérékoré	w744234859
PONT_SANS_OUVRAGE	Gué	Chemin non carrossable			21	118392	PONCEAU	Ponceau PK15 Nzerekore	Nzérékoré	w745116361
PONT_SANS_OUVRAGE	Gué	Chemin carrossable			21	61079	PONT	Pont de Milo	Kankan	w692647218
PONT_SANS_OUVRAGE	Gué	Chemin non carrossable			21	117058	PONCEAU	Ponceau PK15 Nzerekore	Nzérékoré	w749247627
PONT_SANS_OUVRAGE	Gué	Chemin non carrossable			20	117754	PONCEAU	Ponceau PK15 Nzerekore	Nzérékoré	w745116384
PONT_SANS_OUVRAGE	Gué	Route non classifiée			20	151716	PONCEAU	Ponceau PK15 Nzerekore	Nzérékoré	w741321576
PONT_SANS_OUVRAGE	Gué	Chemin non carrossable			20	73444	PONT	Pont de Kolente	Kindia	w1069173979
PONT_SANS_OUVRAGE	Gué	Chemin non carrossable			20	100746	PONT	Pont du Konkoure	Kindia	w633610275
PONT_SANS_OUVRAGE	Gué	Chemin non carrossable			20	151541	PONCEAU	Ponceau PK15 Nzerekore	Nzérékoré	w741174390
PONT_SANS_OUVRAGE	Gué	Chemin non carrossable			20	22285	PONT	Pont de Kolente	Kindia	w329481511
PONT_SANS_OUVRAGE	Gué	Chemin non carrossable			20	142180	PONCEAU	Ponceau PK15 Nzerekore	Nzérékoré	w742503207
PONT_SANS_OUVRAGE	Gué	Chemin non carrossable			19	125693	PONCEAU	Ponceau PK15 Nzerekore	Nzérékoré	w745610167
PONT_SANS_OUVRAGE	Gué	Chemin non carrossable			19	124919	PONCEAU	Ponceau PK15 Nzerekore	Nzérékoré	w745420163
PONT_SANS_OUVRAGE	Gué	Chemin non carrossable			19	131762	PONCEAU	Ponceau PK15 Nzerekore	Nzérékoré	w745607898
PONT_SANS_OUVRAGE	Gué	Route non classifiée			19	20118	PONT	Pont de Kolente	Kindia	w329040102
PONT_SANS_OUVRAGE	Gué	Route non classifiée			19	77539	PONCEAU	Ponceau PK15 Nzerekore	Nzérékoré	w274445926
PONT_SANS_OUVRAGE	Gué	Chemin non carrossable			19	151632	PONCEAU	Ponceau PK15 Nzerekore	Nzérékoré	w741174392
PONT_SANS_OUVRAGE	Gué	Chemin carrossable			19	28542	DALOT	Coyah	Kindia	w271088737
PONT_SANS_OUVRAGE	Gué	Route tertiaire			19	13916	PONT	Pont de Kolente	Kindia	w329039656
PONT_SANS_OUVRAGE	Gué	Chemin non carrossable			19	130883	PONCEAU	Ponceau PK15 Nzerekore	Nzérékoré	w742651246
PONT_SANS_OUVRAGE	Gué	Chemin carrossable			19	148470	PONT	Pont de Milo	Kankan	w310852027
PONT_SANS_OUVRAGE	Gué	Route non classifiée			19	45775	RADIER	Radier de Diafore	Labé	w429887394
PONT_SANS_OUVRAGE	Gué	Chemin non carrossable			19	124803	PONCEAU	Ponceau PK15 Nzerekore	Nzérékoré	w749127609
PONT_SANS_OUVRAGE	Gué	Chemin non carrossable			19	116952	PONCEAU	Ponceau PK15 Nzerekore	Nzérékoré	w749221355
PONT_SANS_OUVRAGE	Gué	Route non classifiée			19	136777	PONCEAU	Ponceau PK15 Nzerekore	Kankan	w738633730
PONT_SANS_OUVRAGE	Gué	Chemin carrossable			18	19588	MUR_SOUTENEMENT	Mur de soutenement Mont Gangan	Mamou	w329196554
PONT_SANS_OUVRAGE	Gué	Chemin non carrossable			18	128154	PONCEAU	Ponceau PK15 Nzerekore	Nzérékoré	w739721167
PONT_SANS_OUVRAGE	Gué	Chemin non carrossable			18	125843	PONCEAU	Ponceau PK15 Nzerekore	Nzérékoré	w745607919
PONT_SANS_OUVRAGE	Gué	Chemin non carrossable			18	118350	PONCEAU	Ponceau PK15 Nzerekore	Nzérékoré	w746295368
PONT_SANS_OUVRAGE	Gué	Chemin non carrossable			18	125287	PONCEAU	Ponceau PK15 Nzerekore	Nzérékoré	w738334812
PONT_SANS_OUVRAGE	Gué	Chemin non carrossable			18	132397	PONT	Pont de Milo	Kankan	w310385924
PONT_SANS_OUVRAGE	Gué	Chemin non carrossable			18	124450	PONCEAU	Ponceau PK15 Nzerekore	Nzérékoré	w745691378
PONT_SANS_OUVRAGE	Gué	Route non classifiée			18	33317	DALOT	Dalot PK35 Kindia-Mamou	Kindia	w330191981
PONT_SANS_OUVRAGE	Gué	Chemin non carrossable			18	122879	PONCEAU	Ponceau PK15 Nzerekore	Nzérékoré	w745691368
PONT_SANS_OUVRAGE	Gué	Route non classifiée			18	3001	DALOT	Dalot PK112 Faranah	Faranah	w412819446
PONT_SANS_OUVRAGE	Gué	Chemin non carrossable			18	116310	PONCEAU	Ponceau PK15 Nzerekore	Nzérékoré	w747787418
PONT_SANS_OUVRAGE	Gué	Chemin non carrossable			17	121097	PONCEAU	Ponceau PK15 Nzerekore	Nzérékoré	w745691342
PONT_SANS_OUVRAGE	Gué	Route non classifiée			17	71006	PONT	Pont de Kolente	Kindia	w1070042422
PONT_SANS_OUVRAGE	Gué	Chemin carrossable			17	143182	PONT	Pont de Milo	Kankan	w1084529660
PONT_SANS_OUVRAGE	Gué	Route tertiaire			17	39587	PONT	Pont de Kolente	Kindia	w328346514
PONT_SANS_OUVRAGE	Gué	Chemin non carrossable			17	159696	PONT	Pont du Konkoure	Boké	w643374488
PONT_SANS_OUVRAGE	Gué	Chemin non carrossable			17	100710	PONT	Pont du Konkoure	Kindia	w633610291
PONT_SANS_OUVRAGE	Gué	Chemin non carrossable			17	160126	PONT	Pont du Konkoure	Boké	w643359883
PONT_SANS_OUVRAGE	Gué	Chemin non carrossable			17	138736	PONCEAU	Ponceau PK15 Nzerekore	Nzérékoré	w744721449
PONT_SANS_OUVRAGE	Gué	Route non classifiée			17	41968	DALOT	Dalot PK35 Kindia-Mamou	Kindia	w329188428
PONT_SANS_OUVRAGE	Gué	Route non classifiée			17	44610	DALOT	Dalot PK35 Kindia-Mamou	Kindia	w329184471
PONT_SANS_OUVRAGE	Gué	Route non classifiée			17	32591	PONT	Pont de Kolente	Kindia	w545944871
PONT_SANS_OUVRAGE	Gué	Chemin non carrossable			17	116894	PONCEAU	Ponceau PK15 Nzerekore	Nzérékoré	w746061919
PONT_SANS_OUVRAGE	Gué	Route non classifiée			17	2999	DALOT	Dalot PK112 Faranah	Faranah	w412815626
PONT_SANS_OUVRAGE	Gué	Route non classifiée			17	51242	DALOT	Coyah Carref(RN1/RN4)	Kindia	w331978050
PONT_SANS_OUVRAGE	Gué	Route non classifiée			16	174803	DALOT	Dalot PK112 Faranah	Nzérékoré	w293089416
PONT_SANS_OUVRAGE	Gué	Route tertiaire			16	119766	PONCEAU	Ponceau PK15 Nzerekore	Nzérékoré	w745899340
PONT_SANS_OUVRAGE	Gué	Chemin non carrossable			16	147093	PONCEAU	Ponceau PK15 Nzerekore	Nzérékoré	w736694413
PONT_SANS_OUVRAGE	Gué	Chemin non carrossable			16	129042	PONCEAU	Ponceau PK15 Nzerekore	Nzérékoré	w738023726
PONT_SANS_OUVRAGE	Gué	Chemin non carrossable			16	149659	PONCEAU	Ponceau PK15 Nzerekore	Nzérékoré	w738926231
PONT_SANS_OUVRAGE	Gué	Chemin non carrossable			16	128506	PONCEAU	Ponceau PK15 Nzerekore	Kankan	w741080022
PONT_SANS_OUVRAGE	Gué	Chemin carrossable			16	187088	RADIER	Radier de Diafore	Boké	w763090811
PONT_SANS_OUVRAGE	Gué	Chemin non carrossable			16	143409	PONCEAU	Ponceau PK15 Nzerekore	Nzérékoré	w744736667
PONT_SANS_OUVRAGE	Gué	Route non classifiée			16	132392	PONCEAU	Ponceau PK15 Nzerekore	Nzérékoré	w738871990
PONT_SANS_OUVRAGE	Gué	Route non classifiée			16	129814	PONCEAU	Ponceau PK15 Nzerekore	Nzérékoré	w730009513
PONT_SANS_OUVRAGE	Gué	Chemin non carrossable			15	131735	PONCEAU	Ponceau PK15 Nzerekore	Nzérékoré	w745607895
PONT_SANS_OUVRAGE	Gué	Route non classifiée			15	176266	DALOT	Dalot PK112 Faranah	Nzérékoré	w293078978
PONT_SANS_OUVRAGE	Gué	Route non classifiée			15	42251	RADIER	Radier de Diafore	Mamou	w763075835
PONT_SANS_OUVRAGE	Gué	Chemin non carrossable			15	120479	PONCEAU	Ponceau PK15 Nzerekore	Nzérékoré	w749247608
PONT_SANS_OUVRAGE	Gué	Chemin non carrossable			15	144916	PONCEAU	Ponceau PK15 Nzerekore	Nzérékoré	w741256069
PONT_SANS_OUVRAGE	Gué	Chemin non carrossable			15	133713	PONCEAU	Ponceau PK15 Nzerekore	Nzérékoré	w742333629
PONT_SANS_OUVRAGE	Gué	Route non classifiée			15	115629	PONT	Pont du Konkoure	Boké	w629919844
PONT_SANS_OUVRAGE	Gué	Route non classifiée			15	51197	DALOT	Coyah Carref(RN1/RN4)	Kindia	w332112493
PONT_SANS_OUVRAGE	Gué	Chemin non carrossable			15	134254	PONCEAU	Ponceau PK15 Nzerekore	Nzérékoré	w742333594
PONT_SANS_OUVRAGE	Gué	Chemin non carrossable			15	128256	PONCEAU	Ponceau PK15 Nzerekore	Nzérékoré	w745607886
PONT_SANS_OUVRAGE	Gué	Route non classifiée			15	2254	DALOT	KM66	Kindia	w328994938
PONT_SANS_OUVRAGE	Gué	Chemin non carrossable			15	147804	PONCEAU	Ponceau PK15 Nzerekore	Nzérékoré	w736828638
PONT_SANS_OUVRAGE	Gué	Route non classifiée			15	14591	BUSE	Buse PK8 Conakry-Coyah	Conakry	w272450582
PONT_SANS_OUVRAGE	Gué	Route non classifiée			15	131779	RADIER	Radier de Diafore	Boké	w636107744
PONT_SANS_OUVRAGE	Gué	Chemin non carrossable			14	121685	PONT	Pont du Konkoure	Boké	w639950581
PONT_SANS_OUVRAGE	Gué	Chemin non carrossable			14	120951	PONCEAU	Ponceau PK15 Nzerekore	Nzérékoré	w745439334
PONT_SANS_OUVRAGE	Gué	Route non classifiée			14	53183	DALOT	Coyah Carref(RN1/RN4)	Kindia	w331964197
PONT_SANS_OUVRAGE	Gué	Chemin non carrossable			14	151295	PONCEAU	Ponceau PK15 Nzerekore	Nzérékoré	w741321568
PONT_SANS_OUVRAGE	Gué	Chemin carrossable			14	149188	PONT	Pont de Milo	Kankan	w310855134
PONT_SANS_OUVRAGE	Gué	Chemin non carrossable			14	118311	PONCEAU	Ponceau PK15 Nzerekore	Nzérékoré	w746214438
PONT_SANS_OUVRAGE	Gué	Chemin non carrossable			14	119930	PONCEAU	Ponceau PK15 Nzerekore	Nzérékoré	w746247699
PONT_SANS_OUVRAGE	Gué	Route non classifiée			14	2833	DALOT	Dalot PK112 Faranah	Faranah	w412819444
PONT_SANS_OUVRAGE	Gué	Chemin non carrossable			14	144295	PONCEAU	Ponceau PK15 Nzerekore	Nzérékoré	w734604153
PONT_SANS_OUVRAGE	Gué	Route non classifiée			14	1603	DALOT	Dalot PK112 Faranah	Faranah	w412815620
PONT_SANS_OUVRAGE	Gué	Chemin non carrossable			14	159521	PONT	Pont du Konkoure	Boké	w643374486
PONT_SANS_OUVRAGE	Gué	Chemin non carrossable			14	120220	PONCEAU	Ponceau PK15 Nzerekore	Nzérékoré	w749247610
PONT_SANS_OUVRAGE	Gué	Chemin non carrossable			14	116373	PONT	Pont du Konkoure	Boké	w629975418
PONT_SANS_OUVRAGE	Gué	Route non classifiée			14	220025	PONT	Pont de Milo	Kankan	w314175388
PONT_SANS_OUVRAGE	Gué	Route non classifiée			13	139122	PONCEAU	Ponceau PK15 Nzerekore	Nzérékoré	w744703442
PONT_SANS_OUVRAGE	Gué	Chemin non carrossable			13	96962	PONCEAU	Ponceau PK15 Nzerekore	Nzérékoré	w750880421
PONT_SANS_OUVRAGE	Gué	Route non classifiée			13	141818	PONCEAU	Ponceau PK15 Nzerekore	Nzérékoré	w732752211
PONT_SANS_OUVRAGE	Gué	Chemin non carrossable			13	133878	PONCEAU	Ponceau PK15 Nzerekore	Kankan	w745726847
PONT_SANS_OUVRAGE	Gué	Chemin non carrossable			13	105639	PONCEAU	Ponceau PK15 Nzerekore	Nzérékoré	w747409592
PONT_SANS_OUVRAGE	Gué	Chemin non carrossable			13	120740	PONT	Pont du Konkoure	Boké	w647677376
PONT_SANS_OUVRAGE	Gué	Route non classifiée			13	17986	MUR_SOUTENEMENT	Mur de soutenement Mont Gangan	Mamou	w329196553
PONT_SANS_OUVRAGE	Gué	Chemin non carrossable			13	160476	PONT	Pont du Konkoure	Boké	w643359881
PONT_SANS_OUVRAGE	Gué	Chemin carrossable			13	88402	RADIER	Radier de Diafore	Boké	w625786642
PONT_SANS_OUVRAGE	Gué	Chemin non carrossable			13	125483	PONCEAU	Ponceau PK15 Nzerekore	Nzérékoré	w745420118
PONT_SANS_OUVRAGE	Gué	Route non classifiée			13	154509	PONCEAU	Ponceau PK15 Nzerekore	Nzérékoré	w740778242
PONT_SANS_OUVRAGE	Gué	Chemin non carrossable			13	153122	PONCEAU	Ponceau PK15 Nzerekore	Nzérékoré	w740667128
PONT_SANS_OUVRAGE	Gué	Chemin non carrossable			13	146620	PONCEAU	Ponceau PK15 Nzerekore	Nzérékoré	w739006887
PONT_SANS_OUVRAGE	Gué	Route non classifiée			13	151723	PONCEAU	Ponceau PK15 Nzerekore	Nzérékoré	w741321578
PONT_SANS_OUVRAGE	Gué	Chemin non carrossable			13	116884	PONCEAU	Ponceau PK15 Nzerekore	Nzérékoré	w746061894
PONT_SANS_OUVRAGE	Gué	Voie piétonne			13	10996	BUSE	Buse PK8 Conakry-Coyah	Conakry	w175872449
PONT_SANS_OUVRAGE	Gué	Chemin non carrossable			13	123435	PONCEAU	Ponceau PK15 Nzerekore	Nzérékoré	w745691328
PONT_SANS_OUVRAGE	Gué	Route résidentielle			13	7432	DALOT	Coyah	Kindia	w269826623
PONT_SANS_OUVRAGE	Gué	Route non classifiée			12	30322	PONT	Pont de Kolente	Kindia	w328332860
PONT_SANS_OUVRAGE	Gué	Chemin non carrossable			12	55719	RADIER	Radier de Diafore	Mamou	w270764648
PONT_SANS_OUVRAGE	Gué	Chemin non carrossable			12	157722	PONT	Pont de Milo	Nzérékoré	w740778254
PONT_SANS_OUVRAGE	Gué	Chemin non carrossable			12	128062	PONCEAU	Ponceau PK15 Nzerekore	Kankan	w741165527
PONT_SANS_OUVRAGE	Gué	Chemin non carrossable			12	122378	PONCEAU	Ponceau PK15 Nzerekore	Nzérékoré	w745691323
PONT_SANS_OUVRAGE	Gué	Chemin non carrossable			12	116044	PONCEAU	Ponceau PK15 Nzerekore	Nzérékoré	w746061892
PONT_SANS_OUVRAGE	Gué	Chemin non carrossable			12	116062	PONCEAU	Ponceau PK15 Nzerekore	Nzérékoré	w746061912
PONT_SANS_OUVRAGE	Gué	Chemin non carrossable			12	119988	PONCEAU	Ponceau PK15 Nzerekore	Nzérékoré	w746247697
PONT_SANS_OUVRAGE	Gué	Chemin non carrossable			12	119597	PONCEAU	Ponceau PK15 Nzerekore	Nzérékoré	w746295360
PONT_SANS_OUVRAGE	Gué	Route non classifiée			12	126510	PONCEAU	Ponceau PK15 Nzerekore	Nzérékoré	w738334806
PONT_SANS_OUVRAGE	Gué	Route non classifiée			12	48057	DALOT	Coyah Carref(RN1/RN4)	Kindia	w391878779
PONT_SANS_OUVRAGE	Gué	Route résidentielle			12	7477	DALOT	Coyah	Kindia	w269826622
PONT_SANS_OUVRAGE	Gué	Route non classifiée			11	97300	PONT	Pont du Konkoure	Boké	w641549123
PONT_SANS_OUVRAGE	Gué	Chemin carrossable			11	15379	BUSE	Buse PK8 Conakry-Coyah	Conakry	w272450585
PONT_SANS_OUVRAGE	Gué	Chemin non carrossable			11	125542	PONCEAU	Ponceau PK15 Nzerekore	Nzérékoré	w745610165
PONT_SANS_OUVRAGE	Gué	Chemin non carrossable			11	146599	PONCEAU	Ponceau PK15 Nzerekore	Nzérékoré	w741256081
PONT_SANS_OUVRAGE	Gué	Chemin non carrossable			11	121580	PONCEAU	Ponceau PK15 Nzerekore	Nzérékoré	w737997704
PONT_SANS_OUVRAGE	Gué	Route non classifiée			11	151749	PONCEAU	Ponceau PK15 Nzerekore	Nzérékoré	w738964099
PONT_SANS_OUVRAGE	Gué	Route non classifiée			11	131779	RADIER	Radier de Diafore	Boké	w636107745
PONT_SANS_OUVRAGE	Gué	Chemin non carrossable			11	156911	PONCEAU	Ponceau PK15 Nzerekore	Nzérékoré	w740667121
PONT_SANS_OUVRAGE	Gué	Route tertiaire			11	44943	DALOT	Dalot PK35 Kindia-Mamou	Kindia	w327607693
PONT_SANS_OUVRAGE	Gué	Chemin non carrossable			11	153494	PONCEAU	Ponceau PK15 Nzerekore	Nzérékoré	w740667130
PONT_SANS_OUVRAGE	Gué	Chemin non carrossable			11	115061	PONCEAU	Ponceau PK15 Nzerekore	Nzérékoré	w743098684
PONT_SANS_OUVRAGE	Gué	Chemin non carrossable			11	115022	PONCEAU	Ponceau PK15 Nzerekore	Nzérékoré	w743098682
PONT_SANS_OUVRAGE	Gué	Route tertiaire			11	218869	PONT	Pont de Milo	Kankan	w314167606
PONT_SANS_OUVRAGE	Gué	Route résidentielle			10	7401	DALOT	Coyah	Kindia	w269826621
PONT_SANS_OUVRAGE	Gué	Chemin non carrossable			10	132290	PONCEAU	Ponceau PK15 Nzerekore	Nzérékoré	w742246525
PONT_SANS_OUVRAGE	Gué	Route non classifiée			10	192833	RADIER	Radier de Diafore	Faranah	w377076415
PONT_SANS_OUVRAGE	Gué	Route non classifiée			10	65637	PONT	Pont du Konkoure	Kindia	w633975833
PONT_SANS_OUVRAGE	Gué	Chemin non carrossable			10	115528	PONT	Pont du Konkoure	Boké	w629963562
PONT_SANS_OUVRAGE	Gué	Route non classifiée			10	131798	RADIER	Radier de Diafore	Boké	w636107736
PONT_SANS_OUVRAGE	Gué	Route non classifiée			10	16225	DALOT	Kouété	Kindia	w333519091
PONT_SANS_OUVRAGE	Gué	Chemin non carrossable			10	168642	PONT	Pont de Milo	Faranah	w752736572
PONT_SANS_OUVRAGE	Gué	Route non classifiée			10	29911	PONT	Pont de Kolente	Kindia	w328864944
PONT_SANS_OUVRAGE	Gué	Route non classifiée			10	147724	PONCEAU	Ponceau PK15 Nzerekore	Nzérékoré	w739007699
PONT_SANS_OUVRAGE	Gué	Chemin non carrossable			10	140107	PONCEAU	Ponceau PK15 Nzerekore	Nzérékoré	w743826178
PONT_SANS_OUVRAGE	Gué	Chemin non carrossable			9	125915	PONCEAU	Ponceau PK15 Nzerekore	Nzérékoré	w745350343
PONT_SANS_OUVRAGE	Gué	Route non classifiée			9	164603	DALOT	Dalot PK112 Faranah	Faranah	w292047151
PONT_SANS_OUVRAGE	Gué	Chemin non carrossable			9	135927	DALOT	Dalot PK112 Faranah	Faranah	w763078207
PONT_SANS_OUVRAGE	Gué	Chemin non carrossable			9	114090	PONCEAU	Ponceau PK15 Nzerekore	Nzérékoré	w746467568
PONT_SANS_OUVRAGE	Gué	Chemin non carrossable			9	139900	PONCEAU	Ponceau PK15 Nzerekore	Nzérékoré	w744467234
PONT_SANS_OUVRAGE	Gué	Chemin non carrossable			9	127998	PONCEAU	Ponceau PK15 Nzerekore	Kankan	w741165532
PONT_SANS_OUVRAGE	Gué	Chemin non carrossable			9	172637	PONT	Pont de Milo	Faranah	w836484416
PONT_SANS_OUVRAGE	Gué	Route non classifiée			9	34921	PONT	Pont de Kolente	Kindia	w328244121
PONT_SANS_OUVRAGE	Gué	Chemin carrossable			9	88312	RADIER	Radier de Diafore	Boké	w625974265
PONT_SANS_OUVRAGE	Gué	Chemin carrossable			9	13398	BUSE	Buse PK8 Conakry-Coyah	Conakry	w272450587
PONT_SANS_OUVRAGE	Gué	Chemin non carrossable			9	132355	PONT	Pont de Milo	Kankan	w310385923
PONT_SANS_OUVRAGE	Gué	Chemin non carrossable			8	139845	PONCEAU	Ponceau PK15 Nzerekore	Nzérékoré	w743826175
PONT_SANS_OUVRAGE	Gué	Route non classifiée			8	138143	DALOT	Dalot PK112 Faranah	Faranah	w690231604
PONT_SANS_OUVRAGE	Gué	Route non classifiée			8	3059	DALOT	Dalot PK112 Faranah	Faranah	w412815623
PONT_SANS_OUVRAGE	Gué	Route secondaire			8	13064	PONT	Pont de Milo	Kankan	w317634724
PONT_SANS_OUVRAGE	Gué	Chemin carrossable			8	16351	DALOT	Coyah	Kindia	w272668981
PONT_SANS_OUVRAGE	Gué	Route résidentielle			7	9607	BUSE	Buse PK8 Conakry-Coyah	Conakry	w270902059
PONT_SANS_OUVRAGE	Gué	Route non classifiée			7	134576	PONT	Pont de Milo	Kankan	w312135972
PONT_SANS_OUVRAGE	Gué	Route non classifiée			7	2745	DALOT	Dalot PK112 Faranah	Faranah	w408962985
PONT_SANS_OUVRAGE	Gué	Route résidentielle			7	15559	DALOT	Coyah	Kindia	w272668979
PONT_SANS_OUVRAGE	Gué	Chemin non carrossable			6	137868	PONCEAU	Ponceau PK15 Nzerekore	Nzérékoré	w744703424
PONT_SANS_OUVRAGE	Gué	Chemin carrossable			6	15997	BUSE	Buse PK8 Conakry-Coyah	Conakry	w272450584
PONT_SANS_OUVRAGE	Gué	Chemin non carrossable			6	110893	PONCEAU	Ponceau PK15 Nzerekore	Nzérékoré	w747307946
PONT_SANS_OUVRAGE	Gué	Route non classifiée			6	11401	BUSE	Buse PK8 Conakry-Coyah	Conakry	w766143340
PONT_SANS_OUVRAGE	Gué	Chemin carrossable			5	22812	MUR_SOUTENEMENT	Mur de soutenement Mont Gangan	Mamou	w271461419
PONT_SANS_OUVRAGE	Gué	Route non classifiée			5	152880	PONCEAU	Ponceau PK15 Nzerekore	Nzérékoré	w738964097
PONT_SANS_OUVRAGE	Gué	Route d accès			5	7152	DALOT	Coyah	Kindia	w271030948
PONT_SANS_OUVRAGE	Gué	Chemin carrossable			5	15774	DALOT	Coyah	Kindia	w272668980
PONT_SANS_OUVRAGE	Pont	Route primaire			26439	168227	PONT	Pont de Milo	Faranah	w288985648
PONT_SANS_OUVRAGE	Pont	Route tertiaire		route de fadaköba	10478	55842	PONT	Pont de Milo	Kankan	w542055051
PONT_SANS_OUVRAGE	Pont	Route non classifiée			3803	53313	DALOT	Dalot PK112 Faranah	Faranah	w941642907
PONT_SANS_OUVRAGE	Pont	Route d accès			1362	43674	PONT	Pont du Fatala	Boké	w951305714
PONT_SANS_OUVRAGE	Pont	Chemin carrossable			519	121403	DALOT	Dalot PK112 Faranah	Kankan	w689948388
PONT_SANS_OUVRAGE	Pont	Route primaire			509	74478	PONT	Pont de Kolente	Kindia	w760173006
PONT_SANS_OUVRAGE	Pont	Voie rapide	N6		499	73807	PONT	Pont de Milo	Kankan	w299624442
PONT_SANS_OUVRAGE	Pont	Route d accès			475	42077	PONT	Pont du Fatala	Boké	w949864999
PONT_SANS_OUVRAGE	Pont	Voie rapide	N1		388	51563	PONT	Pont de Milo	Kankan	w159631612
PONT_SANS_OUVRAGE	Pont	Route primaire		A1	373	63792	DALOT	Dalot PK35 Kindia-Mamou	Kindia	w860635724
PONT_SANS_OUVRAGE	Pont	Voie rapide	N3		370	39553	PONT	Pont du Fatala	Boké	w200900196
PONT_SANS_OUVRAGE	Pont	Route tertiaire			288	10533	DALOT	Coyah	Kindia	w114580132
PONT_SANS_OUVRAGE	Pont	Voie rapide			272	111125	RADIER	Radier de Diafore	Boké	w200715699
PONT_SANS_OUVRAGE	Pont	Voie rapide	N6		254	105746	PONT	Pont de Milo	Kankan	w243102992
PONT_SANS_OUVRAGE	Pont	Voie rapide	N1		225	3606	PONT	Pont de Milo	Kankan	w207833048
PONT_SANS_OUVRAGE	Pont	Chemin carrossable			208	125744	DALOT	Dalot PK112 Faranah	Faranah	w943837884
PONT_SANS_OUVRAGE	Pont	Route d accès			206	42799	PONT	Pont du Fatala	Boké	w951305715
PONT_SANS_OUVRAGE	Pont	Route primaire			197	63210	DALOT	Coyah	Kindia	w314145740
PONT_SANS_OUVRAGE	Pont	Voie rapide			193	85775	PONT	Pont du Konkoure	Boké	w492570565
PONT_SANS_OUVRAGE	Pont	Route secondaire			178	51271	PONCEAU	Ponceau PK15 Nzerekore	Nzérékoré	w272511830
PONT_SANS_OUVRAGE	Pont	Route non classifiée			178	4150	BUSE	Buse PK8 Conakry-Coyah	Conakry	w852785156
PONT_SANS_OUVRAGE	Pont	Route non classifiée			173	51535	PONT	Pont de Milo	Kankan	w303324205
PONT_SANS_OUVRAGE	Pont	Route d accès			167	46686	MUR_SOUTENEMENT	Mur de soutenement Mont Gangan	Kindia	w207824830
PONT_SANS_OUVRAGE	Pont	Route tertiaire			160	13918	RADIER	Radier de Diafore	Mamou	w1059734717
PONT_SANS_OUVRAGE	Pont	Route non classifiée			160	68360	PONT	Pont de Milo	Kankan	w244791354
PONT_SANS_OUVRAGE	Pont	Voie rapide	N1		155	13855	DALOT	Dalot PK35 Kindia-Mamou	Kindia	w340488238
PONT_SANS_OUVRAGE	Pont	Route non classifiée			149	17745	PONT	Pont du Fatala	Boké	w332559439
PONT_SANS_OUVRAGE	Pont	Chemin non carrossable			148	95557	DALOT	Dalot PK112 Faranah	Faranah	w942638947
PONT_SANS_OUVRAGE	Pont	Chemin carrossable			144	108692	PONT	Pont de Milo	Kankan	w936699992
PONT_SANS_OUVRAGE	Pont	Chemin carrossable			144	94890	PONT	Pont de Milo	Kankan	w690503922
PONT_SANS_OUVRAGE	Pont	Route primaire		A1	141	76066	DALOT	Dalot PK35 Kindia-Mamou	Kindia	w868427783
PONT_SANS_OUVRAGE	Pont	Route non classifiée			141	69359	PONT	Pont de Milo	Kankan	w698586565
PONT_SANS_OUVRAGE	Pont	Route tertiaire			140	30706	PONT	Pont du Konkoure	Kindia	w701261477
PONT_SANS_OUVRAGE	Pont	Route non classifiée			140	68737	PONT	Pont de Milo	Kankan	w698586569
PONT_SANS_OUVRAGE	Pont	Route tertiaire			138	154389	PONT	Pont de Milo	Kankan	w752875340
PONT_SANS_OUVRAGE	Pont	Chemin non carrossable			133	27046	DALOT	Manfrinyah	Kindia	w338074715
PONT_SANS_OUVRAGE	Pont	Voie rapide	N3		133	43430	PONT	Pont du Fatala	Boké	w200900198
PONT_SANS_OUVRAGE	Pont	Route tertiaire			126	90182	RADIER	Radier de Diafore	Boké	w351631767
PONT_SANS_OUVRAGE	Pont	Route non classifiée			126	72041	DALOT	Dalot PK112 Faranah	Faranah	w707629781
PONT_SANS_OUVRAGE	Pont	Route non classifiée			122	56417	DALOT	Dalot PK112 Faranah	Faranah	w941642906
PONT_SANS_OUVRAGE	Pont	Route non classifiée			121	49141	DALOT	Coyah	Kindia	w314142396
PONT_SANS_OUVRAGE	Pont	Route primaire			120	110975	RADIER	Radier de Diafore	Boké	w200715701
PONT_SANS_OUVRAGE	Pont	Route tertiaire			118	124470	PONT	Pont de Milo	Kankan	w723099804
PONT_SANS_OUVRAGE	Pont	Route tertiaire			116	45777	PONT	Pont du Konkoure	Boké	w264853039
PONT_SANS_OUVRAGE	Pont	Voie rapide	N1		116	72173	MUR_SOUTENEMENT	Mur de soutenement Mont Gangan	Mamou	w384861464
PONT_SANS_OUVRAGE	Pont	Route non classifiée			115	18137	PONT	Pont du Fatala	Boké	w332559436
PONT_SANS_OUVRAGE	Pont	Route non classifiée			108	60193	PONT	Pont du Konkoure	Kindia	w949557170
PONT_SANS_OUVRAGE	Pont	Route non classifiée			107	6848	DALOT	Moribayah	Kindia	w341926312
PONT_SANS_OUVRAGE	Pont	Voie rapide	N5		107	82136	RADIER	Radier de Diafore	Boké	w238322068
PONT_SANS_OUVRAGE	Pont	Route secondaire			107	26310	DALOT	Dalot PK35 Kindia-Mamou	Kindia	w277331960
PONT_SANS_OUVRAGE	Pont	Voie rapide	N3		106	48307	DALOT	Coyah Carref(RN1/RN4)	Kindia	w200900194
PONT_SANS_OUVRAGE	Pont	Chemin carrossable			106	158516	DALOT	Dalot PK112 Faranah	Faranah	w1066343726
PONT_SANS_OUVRAGE	Pont	Voie rapide	N1	Autoroute Fidel Castro	104	12024	BUSE	Buse PK8 Conakry-Coyah	Conakry	w552010006
PONT_SANS_OUVRAGE	Pont	Route non classifiée			104	81686	DALOT	Dalot PK112 Faranah	Faranah	w701923028
PONT_SANS_OUVRAGE	Pont	Voie rapide	N3		104	38254	PONT	Pont du Konkoure	Boké	w200900197
PONT_SANS_OUVRAGE	Pont	Voie rapide	N5		103	62927	RADIER	Radier de Diafore	Labé	w238322072
PONT_SANS_OUVRAGE	Pont	Route résidentielle			103	119615	DALOT	Dalot PK112 Faranah	Kankan	w680454368
PONT_SANS_OUVRAGE	Pont	Route d accès			102	47068	MUR_SOUTENEMENT	Mur de soutenement Mont Gangan	Kindia	w207825369
PONT_SANS_OUVRAGE	Pont	Route non classifiée			102	52824	PONT	Pont du Konkoure	Boké	w889383498
PONT_SANS_OUVRAGE	Pont	Route non classifiée			102	16685	BUSE	Buse PK8 Conakry-Coyah	Kindia	w342069420
PONT_SANS_OUVRAGE	Pont	Route non classifiée			102	118742	DALOT	Dalot PK112 Faranah	Faranah	w943315240
PONT_SANS_OUVRAGE	Pont	Voie rapide	N1	Autoroute Fidel Castro	102	12028	BUSE	Buse PK8 Conakry-Coyah	Conakry	w270161424
PONT_SANS_OUVRAGE	Pont	Chemin carrossable			101	135126	DALOT	Dalot PK112 Faranah	Faranah	w945136912
PONT_SANS_OUVRAGE	Pont	Voie rapide	N3		101	47791	DALOT	Coyah Carref(RN1/RN4)	Kindia	w200900195
PONT_SANS_OUVRAGE	Pont	Route tertiaire			101	91205	RADIER	Radier de Diafore	Labé	w238322151
PONT_SANS_OUVRAGE	Pont	Route tertiaire			99	70935	PONT	Pont du Konkoure	Boké	w287252157
PONT_SANS_OUVRAGE	Pont	Route tertiaire			99	34881	PONT	Pont du Fatala	Boké	w270405165
PONT_SANS_OUVRAGE	Pont	Chemin carrossable			98	122715	DALOT	Dalot PK112 Faranah	Kankan	w691410340
PONT_SANS_OUVRAGE	Pont	Chemin carrossable			98	122093	DALOT	Dalot PK112 Faranah	Kankan	w691410342
PONT_SANS_OUVRAGE	Pont	Route non classifiée			98	106821	PONT	Pont de Milo	Kankan	w698683608
PONT_SANS_OUVRAGE	Pont	Route tertiaire			96	162903	RADIER	Radier de Diafore	Boké	w238363876
PONT_SANS_OUVRAGE	Pont	Route non classifiée			95	73655	DALOT	Dalot PK112 Faranah	Faranah	w689885252
PONT_SANS_OUVRAGE	Pont	Voie rapide	N3		95	30751	PONT	Pont du Fatala	Boké	w284525550
PONT_SANS_OUVRAGE	Pont	Route non classifiée			95	116863	PONT	Pont de Milo	Kankan	w697987585
PONT_SANS_OUVRAGE	Pont	Voie rapide			95	48933	PONT	Pont du Konkoure	Boké	w479277768
PONT_SANS_OUVRAGE	Pont	Route non classifiée			94	116540	DALOT	Dalot PK112 Faranah	Faranah	w942376872
PONT_SANS_OUVRAGE	Pont	Route non classifiée			93	57818	RADIER	Radier de Diafore	Mamou	w427612566
PONT_SANS_OUVRAGE	Pont	Chemin non carrossable			93	123265	DALOT	Dalot PK112 Faranah	Kankan	w690214944
PONT_SANS_OUVRAGE	Pont	Route non classifiée			92	133059	PONT	Pont de Milo	Kankan	w697803779
PONT_SANS_OUVRAGE	Pont	Route non classifiée			92	132915	DALOT	Dalot PK112 Faranah	Faranah	w1067667108
PONT_SANS_OUVRAGE	Pont	Chemin non carrossable			91	122296	PONT	Pont de Milo	Kankan	w697987573
PONT_SANS_OUVRAGE	Pont	Route primaire			90	46989	PONT	Pont du Konkoure	Boké	w479280621
PONT_SANS_OUVRAGE	Pont	Route tertiaire			90	91874	PONT	Pont de Milo	Kankan	w697808732
PONT_SANS_OUVRAGE	Pont	Route tertiaire			89	55752	PONT	Pont du Konkoure	Kindia	w273078175
PONT_SANS_OUVRAGE	Pont	Route primaire			88	108499	RADIER	Radier de Diafore	Boké	w624354047
PONT_SANS_OUVRAGE	Pont	Route tertiaire			86	25329	MUR_SOUTENEMENT	Mur de soutenement Mont Gangan	Mamou	w271279763
PONT_SANS_OUVRAGE	Pont	Route non classifiée			86	111136	PONT	Pont de Milo	Kankan	w756896445
PONT_SANS_OUVRAGE	Pont	Route primaire		Pont du 8 Novembre	85	17254	BUSE	Buse PK8 Conakry-Coyah	Conakry	w690223570
PONT_SANS_OUVRAGE	Pont	Chemin carrossable			85	100723	DALOT	Dalot PK112 Faranah	Faranah	w941481183
PONT_SANS_OUVRAGE	Pont	Route primaire		Pont du 8 Novembre	85	17261	BUSE	Buse PK8 Conakry-Coyah	Conakry	w291395359
PONT_SANS_OUVRAGE	Pont	Chemin non carrossable			83	14105	PONT	Pont du Fatala	Boké	w332895340
PONT_SANS_OUVRAGE	Pont	Chemin non carrossable			82	76115	DALOT	Dalot PK112 Faranah	Faranah	w703037226
PONT_SANS_OUVRAGE	Pont	Chemin non carrossable			82	24456	PONT	Pont de Kolente	Kindia	w329481521
PONT_SANS_OUVRAGE	Pont	Route non classifiée			81	38471	DALOT	Dalot PK35 Kindia-Mamou	Kindia	w329454239
PONT_SANS_OUVRAGE	Pont	Route non classifiée			81	44667	PONT	Pont du Fatala	Boké	w331804472
PONT_SANS_OUVRAGE	Pont	Chemin carrossable			80	141222	DALOT	Dalot PK112 Faranah	Faranah	w1067635468
PONT_SANS_OUVRAGE	Pont	Voie rapide	N2		80	139256	PONCEAU	Ponceau PK15 Nzerekore	Nzérékoré	w274639261
PONT_SANS_OUVRAGE	Pont	Route non classifiée			80	60337	RADIER	Radier de Diafore	Mamou	w429862223
PONT_SANS_OUVRAGE	Pont	Voie rapide	N1	Pont Kaaka	80	5596	DALOT	Coyah	Kindia	w1020008818
PONT_SANS_OUVRAGE	Pont	Chemin carrossable			79	105429	DALOT	Dalot PK112 Faranah	Faranah	w689903596
PONT_SANS_OUVRAGE	Pont	Route primaire	N29		79	40221	DALOT	Dalot PK112 Faranah	Faranah	w270848176
PONT_SANS_OUVRAGE	Pont	Route tertiaire	N25		79	39195	RADIER	Radier de Diafore	Labé	w414438600
PONT_SANS_OUVRAGE	Pont	Voie rapide	N2	N'zérékoré-Macenta	78	45162	PONCEAU	Ponceau PK15 Nzerekore	Nzérékoré	w209535925
PONT_SANS_OUVRAGE	Pont	Route tertiaire			77	87834	PONT	Pont du Konkoure	Kindia	w562022073
PONT_SANS_OUVRAGE	Pont	Voie rapide	N3		77	22216	DALOT	Coyah	Kindia	w319726340
PONT_SANS_OUVRAGE	Pont	Route non classifiée			76	103956	PONT	Pont du Konkoure	Boké	w264927467
PONT_SANS_OUVRAGE	Pont	Voie rapide	N2		76	166371	DALOT	Dalot PK112 Faranah	Faranah	w178152196
PONT_SANS_OUVRAGE	Pont	Route tertiaire			76	148020	PONT	Pont de Milo	Nzérékoré	w496723243
PONT_SANS_OUVRAGE	Pont	Chemin carrossable			76	121709	DALOT	Dalot PK112 Faranah	Kankan	w689970781
PONT_SANS_OUVRAGE	Pont	Route non classifiée			75	13639	BUSE	Buse PK8 Conakry-Coyah	Kindia	w688551224
PONT_SANS_OUVRAGE	Pont	Route tertiaire			75	14194	PONT	Pont de Kolente	Kindia	w318846033
PONT_SANS_OUVRAGE	Pont	Route non classifiée			74	107762	DALOT	Dalot PK112 Faranah	Faranah	w269190182
PONT_SANS_OUVRAGE	Pont	Route primaire		Route de Café	73	172651	DALOT	Dalot PK112 Faranah	Faranah	w178180790
PONT_SANS_OUVRAGE	Pont	Route non classifiée			72	100957	DALOT	Dalot PK112 Faranah	Faranah	w691402669
PONT_SANS_OUVRAGE	Pont	Route résidentielle			71	119427	DALOT	Dalot PK112 Faranah	Faranah	w680454320
PONT_SANS_OUVRAGE	Pont	Voie rapide	N2		71	76124	DALOT	Dalot PK112 Faranah	Faranah	w177524762
PONT_SANS_OUVRAGE	Pont	Route non classifiée			71	97186	PONT	Pont de Milo	Kankan	w697811527
PONT_SANS_OUVRAGE	Pont	Voie rapide	N2	N'zérékoré-Macenta	71	25506	PONCEAU	Ponceau PK15 Nzerekore	Nzérékoré	w232857994
PONT_SANS_OUVRAGE	Pont	Route secondaire			70	66806	PONT	Pont de Milo	Kankan	w489455901
PONT_SANS_OUVRAGE	Pont	Chemin non carrossable			69	55592	RADIER	Radier de Diafore	Labé	w636231524
PONT_SANS_OUVRAGE	Pont	Route non classifiée			69	69603	DALOT	Dalot PK112 Faranah	Faranah	w938504947
PONT_SANS_OUVRAGE	Pont	Route non classifiée			69	17962	PONCEAU	Ponceau PK15 Nzerekore	Nzérékoré	w307647042
PONT_SANS_OUVRAGE	Pont	Route non classifiée			69	71415	PONT	Pont de Milo	Kankan	w697740439
PONT_SANS_OUVRAGE	Pont	Voie rapide	N2		68	27560	DALOT	Dalot PK112 Faranah	Faranah	w175884125
PONT_SANS_OUVRAGE	Pont	Chemin carrossable			68	54516	PONT	Pont de Milo	Kankan	w689628805
PONT_SANS_OUVRAGE	Pont	Voie rapide	N1		68	9324	DALOT	Coyah	Conakry	w541195615
PONT_SANS_OUVRAGE	Pont	Route secondaire		Pont de Madina	68	14453	BUSE	Buse PK8 Conakry-Coyah	Conakry	w174022912
PONT_SANS_OUVRAGE	Pont	Route non classifiée			68	13756	RADIER	Radier de Diafore	Mamou	w1059734718
PONT_SANS_OUVRAGE	Pont	Chemin carrossable			67	150752	DALOT	Dalot PK112 Faranah	Faranah	w1067620418
PONT_SANS_OUVRAGE	Pont	Route tertiaire			67	54640	PONCEAU	Ponceau PK15 Nzerekore	Nzérékoré	w272511828
PONT_SANS_OUVRAGE	Pont	Route non classifiée			67	102954	DALOT	Dalot PK112 Faranah	Faranah	w691402657
PONT_SANS_OUVRAGE	Pont	Voie piétonne			66	16339	BUSE	Buse PK8 Conakry-Coyah	Conakry	w272295243
PONT_SANS_OUVRAGE	Pont	Voie rapide	N1		66	6907	BUSE	Buse PK8 Conakry-Coyah	Conakry	w571080855
PONT_SANS_OUVRAGE	Pont	Route non classifiée			66	128359	PONCEAU	Ponceau PK15 Nzerekore	Nzérékoré	w743412796
PONT_SANS_OUVRAGE	Pont	Voie rapide	N1		66	6908	BUSE	Buse PK8 Conakry-Coyah	Conakry	w571080856
PONT_SANS_OUVRAGE	Pont	Route en construction			66	23331	MUR_SOUTENEMENT	Mur de soutenement Mont Gangan	Mamou	w1084667180
PONT_SANS_OUVRAGE	Pont	Route tertiaire			66	15599	DALOT	Dalot PK35 Kindia-Mamou	Kindia	w328653622
PONT_SANS_OUVRAGE	Pont	Voie rapide	N1		65	109227	DALOT	Dalot PK112 Faranah	Kankan	w243105089
PONT_SANS_OUVRAGE	Pont	Route primaire	N24		65	99513	RADIER	Radier de Diafore	Boké	w314390299
PONT_SANS_OUVRAGE	Pont	Voie rapide	N1		65	9325	DALOT	Coyah	Conakry	w541195626
PONT_SANS_OUVRAGE	Pont	Route primaire	N10		65	143459	PONCEAU	Ponceau PK15 Nzerekore	Kankan	w275389226
PONT_SANS_OUVRAGE	Pont	Route non classifiée			65	63322	PONT	Pont de Milo	Kankan	w691215608
PONT_SANS_OUVRAGE	Pont	Route tertiaire			65	20462	DALOT	Moribayah	Kindia	w498684620
PONT_SANS_OUVRAGE	Pont	Route non classifiée			64	118899	DALOT	Dalot PK112 Faranah	Faranah	w269106469
PONT_SANS_OUVRAGE	Pont	Route tertiaire			64	47247	PONCEAU	Ponceau PK15 Nzerekore	Nzérékoré	w253759108
PONT_SANS_OUVRAGE	Pont	Voie rapide	N1		63	12705	MUR_SOUTENEMENT	Mur de soutenement Mont Gangan	Mamou	w238481673
PONT_SANS_OUVRAGE	Pont	Chemin non carrossable			63	117831	PONT	Pont de Milo	Kankan	w697987593
PONT_SANS_OUVRAGE	Pont	Chemin non carrossable			63	58666	RADIER	Radier de Diafore	Mamou	w423430907
PONT_SANS_OUVRAGE	Pont	Route non classifiée			62	175276	PONT	Pont de Milo	Faranah	w1066120975
PONT_SANS_OUVRAGE	Pont	Route non classifiée			62	108898	DALOT	Dalot PK112 Faranah	Faranah	w943525532
PONT_SANS_OUVRAGE	Pont	Voie rapide	N6		62	75498	PONT	Pont de Milo	Kankan	w254019829
PONT_SANS_OUVRAGE	Pont	Route tertiaire			61	79623	RADIER	Radier de Diafore	Labé	w502991449
PONT_SANS_OUVRAGE	Pont	Route primaire			61	72793	PONT	Pont de Kolente	Kindia	w690530401
PONT_SANS_OUVRAGE	Pont	Route non classifiée			61	89621	PONT	Pont de Milo	Kankan	w697808728
PONT_SANS_OUVRAGE	Pont	Route non classifiée			61	64553	RADIER	Radier de Diafore	Labé	w238462345
PONT_SANS_OUVRAGE	Pont	Route tertiaire			61	37674	PONT	Pont du Konkoure	Boké	w701261475
PONT_SANS_OUVRAGE	Pont	Route non classifiée			61	84140	DALOT	Dalot PK112 Faranah	Kankan	w939545835
PONT_SANS_OUVRAGE	Pont	Route non classifiée			61	59527	PONT	Pont de Milo	Kankan	w689622868
PONT_SANS_OUVRAGE	Pont	Route tertiaire			60	88673	PONCEAU	Ponceau PK15 Nzerekore	Nzérékoré	w269448288
PONT_SANS_OUVRAGE	Pont	Voie rapide	N3	Pont tougnefili	60	10975	PONT	Pont du Fatala	Boké	w686668290
PONT_SANS_OUVRAGE	Pont	Route primaire			60	63114	PONT	Pont du Konkoure	Boké	w686926317
PONT_SANS_OUVRAGE	Pont	Route non classifiée			60	31012	RADIER	Radier de Diafore	Mamou	w379553910
PONT_SANS_OUVRAGE	Pont	Chemin non carrossable			60	172446	PONCEAU	Ponceau PK15 Nzerekore	Nzérékoré	w273055233
PONT_SANS_OUVRAGE	Pont	Route non classifiée			59	55062	RADIER	Radier de Diafore	Mamou	w429862221
PONT_SANS_OUVRAGE	Pont	Chemin carrossable			59	104279	DALOT	Dalot PK112 Faranah	Kankan	w689918118
PONT_SANS_OUVRAGE	Pont	Route non classifiée			59	101388	DALOT	Dalot PK112 Faranah	Faranah	w691402665
PONT_SANS_OUVRAGE	Pont	Route tertiaire			59	22534	MUR_SOUTENEMENT	Mur de soutenement Mont Gangan	Mamou	w207825931
PONT_SANS_OUVRAGE	Pont	Route tertiaire	N25		59	38573	RADIER	Radier de Diafore	Labé	w418545759
PONT_SANS_OUVRAGE	Pont	Route non classifiée			59	86853	DALOT	Dalot PK112 Faranah	Faranah	w270887171
PONT_SANS_OUVRAGE	Pont	Route secondaire			58	85780	DALOT	Dalot PK112 Faranah	Kankan	w244837690
PONT_SANS_OUVRAGE	Pont	Route tertiaire			58	45641	RADIER	Radier de Diafore	Labé	w429862222
PONT_SANS_OUVRAGE	Pont	Route primaire			58	97580	RADIER	Radier de Diafore	Boké	w624143327
PONT_SANS_OUVRAGE	Pont	Route tertiaire			58	100626	DALOT	Dalot PK112 Faranah	Faranah	w703410956
PONT_SANS_OUVRAGE	Pont	Chemin carrossable			57	102718	DALOT	Dalot PK112 Faranah	Faranah	w943903743
PONT_SANS_OUVRAGE	Pont	Route tertiaire			57	92790	RADIER	Radier de Diafore	Labé	w463776467
PONT_SANS_OUVRAGE	Pont	Route tertiaire			56	70657	DALOT	Dalot PK112 Faranah	Faranah	w703937761
PONT_SANS_OUVRAGE	Pont	Chemin carrossable			56	109598	DALOT	Dalot PK112 Faranah	Faranah	w943880718
PONT_SANS_OUVRAGE	Pont	Voie rapide	N2		56	53943	MUR_SOUTENEMENT	Mur de soutenement Mont Gangan	Mamou	w160459694
PONT_SANS_OUVRAGE	Pont	Route tertiaire			56	18462	PONT	Pont du Konkoure	Kindia	w790577736
PONT_SANS_OUVRAGE	Pont	Route non classifiée			56	76583	PONCEAU	Ponceau PK15 Nzerekore	Nzérékoré	w751154304
PONT_SANS_OUVRAGE	Pont	Route non classifiée			56	30773	PONT	Pont du Fatala	Boké	w331633804
PONT_SANS_OUVRAGE	Pont	Voie rapide	N2	N'zérékoré-Macenta	56	22600	PONCEAU	Ponceau PK15 Nzerekore	Nzérékoré	w232857692
PONT_SANS_OUVRAGE	Pont	Route tertiaire			56	89620	MUR_SOUTENEMENT	Mur de soutenement Mont Gangan	Kindia	w314237490
PONT_SANS_OUVRAGE	Pont	Route secondaire	N1	Yomou - Nzérékoré	56	49725	PONCEAU	Ponceau PK15 Nzerekore	Nzérékoré	w253639370
PONT_SANS_OUVRAGE	Pont	Route non classifiée			56	108617	DALOT	Dalot PK112 Faranah	Faranah	w937255656
PONT_SANS_OUVRAGE	Pont	Route secondaire		Pont Kenien	55	12791	BUSE	Buse PK8 Conakry-Coyah	Conakry	w269130613
PONT_SANS_OUVRAGE	Pont	Route tertiaire			55	82952	PONT	Pont de Milo	Kankan	w756557838
PONT_SANS_OUVRAGE	Pont	Route non classifiée			55	66753	RADIER	Radier de Diafore	Mamou	w804903313
PONT_SANS_OUVRAGE	Pont	Voie rapide	N1		55	21375	PONT	Pont de Kolente	Kindia	w855955081
PONT_SANS_OUVRAGE	Pont	Route non classifiée			55	106369	PONT	Pont de Milo	Kankan	w698683603
PONT_SANS_OUVRAGE	Pont	Route non classifiée			55	142514	DALOT	Dalot PK112 Faranah	Faranah	w946655572
PONT_SANS_OUVRAGE	Pont	Route tertiaire			55	52686	RADIER	Radier de Diafore	Labé	w301160306
PONT_SANS_OUVRAGE	Pont	Route non classifiée			55	58082	PONT	Pont de Milo	Kankan	w694267972
PONT_SANS_OUVRAGE	Pont	Voie rapide	N3		54	20265	PONT	Pont du Fatala	Boké	w338075326
PONT_SANS_OUVRAGE	Pont	Route non classifiée			54	102347	DALOT	Dalot PK112 Faranah	Faranah	w774651770
PONT_SANS_OUVRAGE	Pont	Route primaire			54	49877	PONT	Pont du Konkoure	Boké	w287270096
PONT_SANS_OUVRAGE	Pont	Route tertiaire			54	117573	RADIER	Radier de Diafore	Labé	w304929054
PONT_SANS_OUVRAGE	Pont	Route tertiaire			54	56601	PONT	Pont du Konkoure	Boké	w305779800
PONT_SANS_OUVRAGE	Pont	Route non classifiée			54	112408	PONT	Pont de Milo	Kankan	w756896443
PONT_SANS_OUVRAGE	Pont	Route primaire	N33		53	132759	PONT	Pont de Milo	Kankan	w319734249
PONT_SANS_OUVRAGE	Pont	Voie rapide	N3		53	15822	PONT	Pont du Fatala	Boké	w338075327
PONT_SANS_OUVRAGE	Pont	Route secondaire		Pont Kenien	53	12798	BUSE	Buse PK8 Conakry-Coyah	Conakry	w269130615
PONT_SANS_OUVRAGE	Pont	Route tertiaire	N22		53	56351	RADIER	Radier de Diafore	Mamou	w493028375
PONT_SANS_OUVRAGE	Pont	Route non classifiée			53	101690	DALOT	Dalot PK112 Faranah	Kankan	w828023211
PONT_SANS_OUVRAGE	Pont	Route tertiaire			52	138805	PONT	Pont de Milo	Kankan	w319734268
PONT_SANS_OUVRAGE	Pont	Route non classifiée			52	11997	PONT	Pont de Kolente	Kindia	w329087206
PONT_SANS_OUVRAGE	Pont	Chemin carrossable			52	137748	DALOT	Dalot PK112 Faranah	Faranah	w312601178
PONT_SANS_OUVRAGE	Pont	Route non classifiée			52	81222	PONT	Pont de Kolente	Kindia	w273060256
PONT_SANS_OUVRAGE	Pont	Route tertiaire			52	102242	PONT	Pont de Milo	Kankan	w688879948
PONT_SANS_OUVRAGE	Pont	Voie rapide	N5		52	19746	RADIER	Radier de Diafore	Mamou	w686117160
PONT_SANS_OUVRAGE	Pont	Route tertiaire			51	105177	RADIER	Radier de Diafore	Kindia	w561968653
PONT_SANS_OUVRAGE	Pont	Chemin carrossable			51	133079	PONT	Pont de Milo	Faranah	w945215101
PONT_SANS_OUVRAGE	Pont	Route non classifiée			51	12435	PONT	Pont de Milo	Kankan	w681988571
PONT_SANS_OUVRAGE	Pont	Chemin carrossable			51	108271	DALOT	Dalot PK112 Faranah	Faranah	w942545552
PONT_SANS_OUVRAGE	Pont	Route non classifiée			51	65538	RADIER	Radier de Diafore	Labé	w1076026042
PONT_SANS_OUVRAGE	Pont	Chemin non carrossable			51	93841	RADIER	Radier de Diafore	Boké	w632594307
PONT_SANS_OUVRAGE	Pont	Voie rapide			51	124420	PONT	Pont du Konkoure	Boké	w385968123
PONT_SANS_OUVRAGE	Pont	Route tertiaire			51	17246	MUR_SOUTENEMENT	Mur de soutenement Mont Gangan	Mamou	w207825679
PONT_SANS_OUVRAGE	Pont	Route non classifiée			50	117757	PONCEAU	Ponceau PK15 Nzerekore	Nzérékoré	w917969556
PONT_SANS_OUVRAGE	Pont	Route primaire			50	170133	DALOT	Dalot PK112 Faranah	Nzérékoré	w292511740
PONT_SANS_OUVRAGE	Pont	Route tertiaire			50	46682	PONT	Pont du Konkoure	Boké	w701261466
PONT_SANS_OUVRAGE	Pont	Route non classifiée			50	68408	MUR_SOUTENEMENT	Mur de soutenement Mont Gangan	Kindia	w856459392
PONT_SANS_OUVRAGE	Pont	Chemin non carrossable			50	117233	PONT	Pont de Milo	Kankan	w697987589
PONT_SANS_OUVRAGE	Pont	Chemin carrossable			50	124910	DALOT	Dalot PK112 Faranah	Faranah	w1067540287
PONT_SANS_OUVRAGE	Pont	Chemin carrossable			50	149425	DALOT	Dalot PK112 Faranah	Faranah	w1067620420
PONT_SANS_OUVRAGE	Pont	Route non classifiée			50	53199	RADIER	Radier de Diafore	Mamou	w440204044
PONT_SANS_OUVRAGE	Pont	Voie rapide	N2	Lola - Danané	50	54124	PONCEAU	Ponceau PK15 Nzerekore	Nzérékoré	w1066400602
PONT_SANS_OUVRAGE	Pont	Voie rapide	N6		49	135351	DALOT	Dalot PK112 Faranah	Faranah	w177640534
PONT_SANS_OUVRAGE	Pont	Route tertiaire			49	75719	PONT	Pont de Milo	Kankan	w698888082
PONT_SANS_OUVRAGE	Pont	Route non classifiée			49	76652	RADIER	Radier de Diafore	Kindia	w1018503969
PONT_SANS_OUVRAGE	Pont	Route tertiaire	N25		49	41387	RADIER	Radier de Diafore	Labé	w688088656
PONT_SANS_OUVRAGE	Pont	Voie rapide	N3		49	47694	DALOT	Coyah Carref(RN1/RN4)	Kindia	w200900199
PONT_SANS_OUVRAGE	Pont	Route secondaire	N21		49	57642	DALOT	Coyah Carref(RN1/RN4)	Kindia	w571452879
PONT_SANS_OUVRAGE	Pont	Route secondaire	N21		49	57644	DALOT	Coyah Carref(RN1/RN4)	Kindia	w571452877
PONT_SANS_OUVRAGE	Pont	Voie rapide			49	58800	PONCEAU	Ponceau PK15 Nzerekore	Nzérékoré	w253669652
PONT_SANS_OUVRAGE	Pont	Route secondaire			49	71825	DALOT	Dalot PK112 Faranah	Kankan	w314329217
PONT_SANS_OUVRAGE	Pont	Voie rapide	N5		49	12435	RADIER	Radier de Diafore	Labé	w538169230
PONT_SANS_OUVRAGE	Pont	Route secondaire			49	12055	DALOT	Allassoyah barrage	Kindia	w319157799
PONT_SANS_OUVRAGE	Pont	Route tertiaire			49	42362	DALOT	Dalot PK112 Faranah	Faranah	w939984905
PONT_SANS_OUVRAGE	Pont	Route tertiaire			48	9007	BUSE	Buse PK8 Conakry-Coyah	Conakry	w270574927
PONT_SANS_OUVRAGE	Pont	Voie rapide	N5		48	98991	RADIER	Radier de Diafore	Boké	w687540138
PONT_SANS_OUVRAGE	Pont	Chemin carrossable			48	140491	DALOT	Dalot PK112 Faranah	Kankan	w1066481419
PONT_SANS_OUVRAGE	Pont	Chemin carrossable			48	98909	DALOT	Dalot PK112 Faranah	Faranah	w943912791
PONT_SANS_OUVRAGE	Pont	Route non classifiée			48	33030	PONT	Pont du Fatala	Boké	w270254190
PONT_SANS_OUVRAGE	Pont	Voie rapide	N2		48	137261	DALOT	Dalot PK112 Faranah	Faranah	w175878841
PONT_SANS_OUVRAGE	Pont	Route tertiaire			48	47243	PONT	Pont du Konkoure	Kindia	w338063250
PONT_SANS_OUVRAGE	Pont	Route tertiaire			48	83991	DALOT	Dalot PK112 Faranah	Faranah	w686753548
PONT_SANS_OUVRAGE	Pont	Chemin carrossable			47	106139	DALOT	Dalot PK112 Faranah	Faranah	w941825401
PONT_SANS_OUVRAGE	Pont	Route tertiaire			47	175345	PONT	Pont de Milo	Faranah	w1066120973
PONT_SANS_OUVRAGE	Pont	Route non classifiée			47	20323	PONT	Pont du Fatala	Boké	w338075394
PONT_SANS_OUVRAGE	Pont	Voie rapide			47	120289	RADIER	Radier de Diafore	Boké	w273144293
PONT_SANS_OUVRAGE	Pont	Voie rapide	N1		47	16146	PONT	Pont de Kolente	Kindia	w690017857
PONT_SANS_OUVRAGE	Pont	Voie rapide	N5		47	115079	RADIER	Radier de Diafore	Boké	w685779921
PONT_SANS_OUVRAGE	Pont	Route non classifiée			47	36300	RADIER	Radier de Diafore	Labé	w415607048
PONT_SANS_OUVRAGE	Pont	Route non classifiée			47	29630	RADIER	Radier de Diafore	Mamou	w414384847
PONT_SANS_OUVRAGE	Pont	Chemin carrossable			47	111026	PONT	Pont de Milo	Kankan	w918292843
PONT_SANS_OUVRAGE	Pont	Route non classifiée			47	13251	PONT	Pont du Fatala	Boké	w690353953
PONT_SANS_OUVRAGE	Pont	Route tertiaire			47	98794	PONCEAU	Ponceau PK15 Nzerekore	Nzérékoré	w488036990
PONT_SANS_OUVRAGE	Pont	Voie rapide	N1		47	10543	PONT	Pont de Kolente	Kindia	w270484442
PONT_SANS_OUVRAGE	Pont	Route tertiaire		Pont Taouyah	47	12889	BUSE	Buse PK8 Conakry-Coyah	Conakry	w331244506
PONT_SANS_OUVRAGE	Pont	Route secondaire			46	34871	DALOT	Dalot PK112 Faranah	Faranah	w686084241
PONT_SANS_OUVRAGE	Pont	Chemin carrossable			46	109401	PONT	Pont de Milo	Kankan	w936699976
PONT_SANS_OUVRAGE	Pont	Chemin carrossable			46	99779	DALOT	Dalot PK112 Faranah	Faranah	w270878433
PONT_SANS_OUVRAGE	Pont	Route tertiaire			46	24266	MUR_SOUTENEMENT	Mur de soutenement Mont Gangan	Mamou	w271912721
PONT_SANS_OUVRAGE	Pont	Route non classifiée			46	17670	PONT	Pont de Milo	Kankan	w681985943
PONT_SANS_OUVRAGE	Pont	Voie rapide	N1		46	17752	DALOT	Coyah	Kindia	w270492761
PONT_SANS_OUVRAGE	Pont	Route non classifiée			46	178577	RADIER	Radier de Diafore	Boké	w638548593
PONT_SANS_OUVRAGE	Pont	Voie rapide			46	194730	RADIER	Radier de Diafore	Boké	w685779917
PONT_SANS_OUVRAGE	Pont	Voie rapide	N1	Pont de Kaka	46	3947	DALOT	Coyah	Kindia	w500684314
PONT_SANS_OUVRAGE	Pont	Route non classifiée			45	135472	PONCEAU	Ponceau PK15 Nzerekore	Nzérékoré	w399714989
PONT_SANS_OUVRAGE	Pont	Route non classifiée			45	156704	DALOT	Dalot PK112 Faranah	Faranah	w686685981
PONT_SANS_OUVRAGE	Pont	Chemin non carrossable			45	117121	PONT	Pont de Milo	Kankan	w697987581
PONT_SANS_OUVRAGE	Pont	Route non classifiée			45	104461	DALOT	Dalot PK112 Faranah	Kankan	w691430847
PONT_SANS_OUVRAGE	Pont	Voie piétonne			45	42430	RADIER	Radier de Diafore	Mamou	w180121019
PONT_SANS_OUVRAGE	Pont	Route non classifiée			45	15289	PONT	Pont du Fatala	Boké	w330875036
PONT_SANS_OUVRAGE	Pont	Voie rapide	N1		45	7794	DALOT	Coyah	Kindia	w272826191
PONT_SANS_OUVRAGE	Pont	Voie rapide	N3		45	16727	PONT	Pont du Fatala	Boké	w686855368
PONT_SANS_OUVRAGE	Pont	Route non classifiée			44	25547	PONT	Pont de Kolente	Kindia	w328864943
PONT_SANS_OUVRAGE	Pont	Route primaire	N22		44	48307	PONT	Pont du Konkoure	Boké	w686921572
PONT_SANS_OUVRAGE	Pont	Chemin carrossable			44	83466	PONT	Pont de Milo	Kankan	w691417557
PONT_SANS_OUVRAGE	Pont	Voie rapide	N1		44	49127	MUR_SOUTENEMENT	Mur de soutenement Mont Gangan	Mamou	w271631171
PONT_SANS_OUVRAGE	Pont	Route tertiaire			44	174300	DALOT	Dalot PK112 Faranah	Faranah	w1067223670
PONT_SANS_OUVRAGE	Pont	Route non classifiée			44	68293	PONCEAU	Ponceau PK15 Nzerekore	Nzérékoré	w225083498
PONT_SANS_OUVRAGE	Pont	Route d accès			44	70700	PONT	Pont de Milo	Kankan	w691214854
PONT_SANS_OUVRAGE	Pont	Chemin carrossable			44	164437	PONT	Pont de Milo	Kankan	w746143005
PONT_SANS_OUVRAGE	Pont	Chemin carrossable			44	32683	DALOT	Dalot PK112 Faranah	Faranah	w661486777
PONT_SANS_OUVRAGE	Pont	Chemin carrossable			44	118772	DALOT	Dalot PK112 Faranah	Kankan	w688901905
PONT_SANS_OUVRAGE	Pont	Voie rapide	N1	Pont de Kaka	44	3953	DALOT	Coyah	Kindia	w500684315
PONT_SANS_OUVRAGE	Pont	Chemin non carrossable			44	58665	PONCEAU	Ponceau PK15 Nzerekore	Nzérékoré	w726794969
PONT_SANS_OUVRAGE	Pont	Chemin carrossable			44	122581	DALOT	Dalot PK112 Faranah	Faranah	w943663065
PONT_SANS_OUVRAGE	Pont	Route non classifiée			43	108343	DALOT	Dalot PK112 Faranah	Kankan	w689141125
PONT_SANS_OUVRAGE	Pont	Route non classifiée			43	20366	PONT	Pont de Milo	Kankan	w679824773
PONT_SANS_OUVRAGE	Pont	Route tertiaire			43	29479	PONT	Pont du Fatala	Boké	w332059214
PONT_SANS_OUVRAGE	Pont	Voie rapide	N1	Pont Kaaka	43	5674	DALOT	Coyah	Kindia	w1020008819
PONT_SANS_OUVRAGE	Pont	Route tertiaire			43	79262	PONCEAU	Ponceau PK15 Nzerekore	Nzérékoré	w269448289
PONT_SANS_OUVRAGE	Pont	Chemin carrossable			43	157048	RADIER	Radier de Diafore	Faranah	w1068197456
PONT_SANS_OUVRAGE	Pont	Route non classifiée			43	113005	PONT	Pont de Milo	Faranah	w630858698
PONT_SANS_OUVRAGE	Pont	Voie rapide	N1		43	19657	PONT	Pont de Kolente	Kindia	w270484443
PONT_SANS_OUVRAGE	Pont	Route primaire	N16		43	173664	PONCEAU	Ponceau PK15 Nzerekore	Nzérékoré	w269239392
PONT_SANS_OUVRAGE	Pont	Voie rapide	N5		43	25786	RADIER	Radier de Diafore	Mamou	w379554067
PONT_SANS_OUVRAGE	Pont	Route non classifiée			43	110383	DALOT	Dalot PK112 Faranah	Faranah	w271030281
PONT_SANS_OUVRAGE	Pont	Chemin carrossable			42	123672	DALOT	Dalot PK112 Faranah	Faranah	w937228464
PONT_SANS_OUVRAGE	Pont	Route non classifiée			42	25785	DALOT	Kouété	Kindia	w333587156
PONT_SANS_OUVRAGE	Pont	Route non classifiée			42	58603	RADIER	Radier de Diafore	Mamou	w427626787
PONT_SANS_OUVRAGE	Pont	Route non classifiée			42	99982	DALOT	Dalot PK112 Faranah	Faranah	w943905919
PONT_SANS_OUVRAGE	Pont	Route primaire	A12		42	193820	PONT	Pont de Milo	Nzérékoré	w319420753
PONT_SANS_OUVRAGE	Pont	Route secondaire			42	180502	DALOT	Dalot PK112 Faranah	Nzérékoré	w268901419
PONT_SANS_OUVRAGE	Pont	Route résidentielle			42	24596	MUR_SOUTENEMENT	Mur de soutenement Mont Gangan	Mamou	w271912723
PONT_SANS_OUVRAGE	Pont	Route tertiaire			42	47488	MUR_SOUTENEMENT	Mur de soutenement Mont Gangan	Kindia	w207824825
PONT_SANS_OUVRAGE	Pont	Route non classifiée			42	137057	PONCEAU	Ponceau PK15 Nzerekore	Kankan	w738633718
PONT_SANS_OUVRAGE	Pont	Voie rapide	N3		42	2893	PONT	Pont du Fatala	Boké	w686682543
PONT_SANS_OUVRAGE	Pont	Route non classifiée			42	62555	MUR_SOUTENEMENT	Mur de soutenement Mont Gangan	Boké	w423842958
PONT_SANS_OUVRAGE	Pont	Route primaire	N33		42	132812	PONT	Pont de Milo	Kankan	w310740817
PONT_SANS_OUVRAGE	Pont	Route non classifiée			41	128937	PONCEAU	Ponceau PK15 Nzerekore	Nzérékoré	w742241774
PONT_SANS_OUVRAGE	Pont	Chemin carrossable			41	137815	DALOT	Dalot PK112 Faranah	Faranah	w946417964
PONT_SANS_OUVRAGE	Pont	Route primaire		Ganta - Sanniquellie	41	54273	PONCEAU	Ponceau PK15 Nzerekore	Nzérékoré	w302450627
PONT_SANS_OUVRAGE	Pont	Route non classifiée			41	106489	DALOT	Dalot PK112 Faranah	Faranah	w689903592
PONT_SANS_OUVRAGE	Pont	Route primaire		Route de Café	41	168588	PONCEAU	Ponceau PK15 Nzerekore	Nzérékoré	w273461608
PONT_SANS_OUVRAGE	Pont	Chemin carrossable			41	122780	DALOT	Dalot PK112 Faranah	Faranah	w943058669
PONT_SANS_OUVRAGE	Pont	Route tertiaire			41	146033	PONT	Pont de Milo	Faranah	w268794017
PONT_SANS_OUVRAGE	Pont	Route primaire			41	49961	PONT	Pont du Konkoure	Boké	w479280625
PONT_SANS_OUVRAGE	Pont	Route secondaire			41	18271	PONT	Pont du Fatala	Boké	w330875035
PONT_SANS_OUVRAGE	Pont	Route tertiaire			41	59367	PONCEAU	Ponceau PK15 Nzerekore	Nzérékoré	w116071409
PONT_SANS_OUVRAGE	Pont	Chemin non carrossable			41	19333	DALOT	Kouété	Kindia	w340767120
PONT_SANS_OUVRAGE	Pont	Voie rapide	N2		40	7276	DALOT	Dalot PK112 Faranah	Faranah	w412819430
PONT_SANS_OUVRAGE	Pont	Route tertiaire			40	26677	DALOT	Coyah	Kindia	w340384747
PONT_SANS_OUVRAGE	Pont	Route non classifiée			40	26880	DALOT	Coyah	Kindia	w271088736
PONT_SANS_OUVRAGE	Pont	Route primaire	N30		40	112908	DALOT	Dalot PK112 Faranah	Faranah	w686855754
PONT_SANS_OUVRAGE	Pont	Route primaire			40	61391	PONT	Pont du Konkoure	Boké	w686926319
PONT_SANS_OUVRAGE	Pont	Route tertiaire			40	206936	RADIER	Radier de Diafore	Faranah	w300380669
PONT_SANS_OUVRAGE	Pont	Voie rapide	N3		40	12939	PONT	Pont du Fatala	Boké	w686668291
PONT_SANS_OUVRAGE	Pont	Voie rapide	N3		40	32901	PONT	Pont du Konkoure	Boké	w686668293
PONT_SANS_OUVRAGE	Pont	Route non classifiée			40	136358	PONCEAU	Ponceau PK15 Nzerekore	Nzérékoré	w730015949
PONT_SANS_OUVRAGE	Pont	Route tertiaire			40	70912	RADIER	Radier de Diafore	Labé	w301026559
PONT_SANS_OUVRAGE	Pont	Chemin carrossable			40	137663	DALOT	Dalot PK112 Faranah	Faranah	w946441850
PONT_SANS_OUVRAGE	Pont	Route non classifiée			40	96223	DALOT	Dalot PK112 Faranah	Faranah	w703915959
PONT_SANS_OUVRAGE	Pont	Chemin carrossable			40	115872	DALOT	Dalot PK112 Faranah	Faranah	w941798228
PONT_SANS_OUVRAGE	Pont	Route non classifiée			40	75699	PONCEAU	Ponceau PK15 Nzerekore	Nzérékoré	w751154324
PONT_SANS_OUVRAGE	Pont	Voie rapide	N1		40	5990	BUSE	Buse PK8 Conakry-Coyah	Conakry	w499536897
PONT_SANS_OUVRAGE	Pont	Route non classifiée			40	80814	DALOT	Dalot PK112 Faranah	Faranah	w701923021
PONT_SANS_OUVRAGE	Pont	Route secondaire	T1		40	9819	BUSE	Buse PK8 Conakry-Coyah	Conakry	w270805332
PONT_SANS_OUVRAGE	Pont	Route secondaire	N31		40	124861	DALOT	Dalot PK112 Faranah	Faranah	w685279582
PONT_SANS_OUVRAGE	Pont	Route tertiaire			40	38893	PONT	Pont du Konkoure	Boké	w701261471
PONT_SANS_OUVRAGE	Pont	Chemin carrossable			40	109204	DALOT	Dalot PK112 Faranah	Faranah	w941801017
PONT_SANS_OUVRAGE	Pont	Route non classifiée			40	33065	PONT	Pont du Konkoure	Kindia	w701261480
PONT_SANS_OUVRAGE	Pont	Voie rapide	N1		40	114887	PONT	Pont de Milo	Kankan	w689127843
PONT_SANS_OUVRAGE	Pont	Rue piétonne		pont d'avaria	40	13971	BUSE	Buse PK8 Conakry-Coyah	Conakry	w505453918
PONT_SANS_OUVRAGE	Pont	Route non classifiée			40	32675	RADIER	Radier de Diafore	Boké	w432323425
PONT_SANS_OUVRAGE	Pont	Chemin carrossable			40	114303	DALOT	Dalot PK112 Faranah	Faranah	w944717197
PONT_SANS_OUVRAGE	Pont	Voie rapide	N2		40	148781	PONCEAU	Ponceau PK15 Nzerekore	Nzérékoré	w275747306
PONT_SANS_OUVRAGE	Pont	Chemin non carrossable			40	172669	PONCEAU	Ponceau PK15 Nzerekore	Nzérékoré	w269186599
PONT_SANS_OUVRAGE	Pont	Route non classifiée			39	63740	RADIER	Radier de Diafore	Mamou	w429862220
PONT_SANS_OUVRAGE	Pont	Route non classifiée			39	102972	PONCEAU	Ponceau PK15 Nzerekore	Nzérékoré	w748661569
PONT_SANS_OUVRAGE	Pont	Route primaire	N10		39	112339	PONCEAU	Ponceau PK15 Nzerekore	Nzérékoré	w748912347
PONT_SANS_OUVRAGE	Pont	Route non classifiée			39	20934	DALOT	Manfrinyah	Kindia	w936325104
PONT_SANS_OUVRAGE	Pont	Route non classifiée			39	75920	PONT	Pont de Milo	Kankan	w697763822
PONT_SANS_OUVRAGE	Pont	Chemin non carrossable			39	3137	PONCEAU	Ponceau PK15 Nzerekore	Nzérékoré	w270672513
PONT_SANS_OUVRAGE	Pont	Route non classifiée			39	13591	PONT	Pont de Kolente	Kindia	w270586603
PONT_SANS_OUVRAGE	Pont	Route non classifiée			39	83394	PONT	Pont de Milo	Kankan	w755909302
PONT_SANS_OUVRAGE	Pont	Route non classifiée			39	110974	DALOT	Dalot PK112 Faranah	Faranah	w936748317
PONT_SANS_OUVRAGE	Pont	Route non classifiée			39	113860	DALOT	Dalot PK112 Faranah	Faranah	w941783513
PONT_SANS_OUVRAGE	Pont	Route en construction			39	21558	MUR_SOUTENEMENT	Mur de soutenement Mont Gangan	Mamou	w1084667181
PONT_SANS_OUVRAGE	Pont	Voie rapide	N3		39	5259	PONT	Pont du Fatala	Boké	w686682545
PONT_SANS_OUVRAGE	Pont	Voie piétonne			39	17521	BUSE	Buse PK8 Conakry-Coyah	Conakry	w489398766
PONT_SANS_OUVRAGE	Pont	Chemin carrossable			39	83328	PONT	Pont de Milo	Faranah	w688935659
PONT_SANS_OUVRAGE	Pont	Voie rapide	N1		39	5997	BUSE	Buse PK8 Conakry-Coyah	Conakry	w499536899
PONT_SANS_OUVRAGE	Pont	Chemin non carrossable			39	119595	PONT	Pont de Milo	Kankan	w697987577
PONT_SANS_OUVRAGE	Pont	Route non classifiée			39	74474	PONT	Pont de Milo	Kankan	w683097682
PONT_SANS_OUVRAGE	Pont	Route secondaire	N14		39	8700	DALOT	Dalot PK112 Faranah	Faranah	w411126339
PONT_SANS_OUVRAGE	Pont	Route non classifiée			39	35087	DALOT	Dalot PK35 Kindia-Mamou	Kindia	w371758854
PONT_SANS_OUVRAGE	Pont	Voie rapide	N6		39	136318	DALOT	Dalot PK112 Faranah	Faranah	w177640537
PONT_SANS_OUVRAGE	Pont	Route non classifiée			39	99773	PONCEAU	Ponceau PK15 Nzerekore	Nzérékoré	w312075470
PONT_SANS_OUVRAGE	Pont	Route non classifiée			38	103524	DALOT	Dalot PK112 Faranah	Kankan	w828019732
PONT_SANS_OUVRAGE	Pont	Route non classifiée			38	23214	PONT	Pont de Kolente	Kindia	w328864942
PONT_SANS_OUVRAGE	Pont	Route secondaire			38	26834	PONT	Pont de Milo	Kankan	w254019846
PONT_SANS_OUVRAGE	Pont	Route secondaire			38	55640	PONCEAU	Ponceau PK15 Nzerekore	Nzérékoré	w272511816
PONT_SANS_OUVRAGE	Pont	Chemin carrossable			38	122960	PONT	Pont de Milo	Faranah	w936814347
PONT_SANS_OUVRAGE	Pont	Chemin non carrossable			38	61004	RADIER	Radier de Diafore	Mamou	w418525638
PONT_SANS_OUVRAGE	Pont	Route non classifiée			38	97310	PONT	Pont de Milo	Kankan	w683063355
PONT_SANS_OUVRAGE	Pont	Route tertiaire			38	20589	PONT	Pont de Kolente	Kindia	w340538453
PONT_SANS_OUVRAGE	Pont	Route non classifiée			38	82214	DALOT	Dalot PK112 Faranah	Faranah	w703354323
PONT_SANS_OUVRAGE	Pont	Route non classifiée			38	72041	PONT	Pont de Milo	Kankan	w701291882
PONT_SANS_OUVRAGE	Pont	Route non classifiée			38	15704	PONT	Pont du Fatala	Boké	w338075392
PONT_SANS_OUVRAGE	Pont	Route non classifiée			38	124869	DALOT	Dalot PK112 Faranah	Faranah	w936785851
PONT_SANS_OUVRAGE	Pont	Voie rapide	N3		38	29095	PONT	Pont du Fatala	Boké	w38896279
PONT_SANS_OUVRAGE	Pont	Route non classifiée			38	107333	DALOT	Dalot PK112 Faranah	Kankan	w688875087
PONT_SANS_OUVRAGE	Pont	Chemin non carrossable			38	143301	DALOT	Dalot PK112 Faranah	Faranah	w305455305
PONT_SANS_OUVRAGE	Pont	Chemin carrossable			38	138154	DALOT	Dalot PK112 Faranah	Faranah	w946417953
PONT_SANS_OUVRAGE	Pont	Route tertiaire			38	55350	RADIER	Radier de Diafore	Labé	w301160309
PONT_SANS_OUVRAGE	Pont	Route primaire	N29		38	51855	DALOT	Dalot PK112 Faranah	Faranah	w685110959
PONT_SANS_OUVRAGE	Pont	Voie rapide			38	104534	PONT	Pont du Konkoure	Boké	w479277770
PONT_SANS_OUVRAGE	Pont	Route secondaire	T1		37	9814	BUSE	Buse PK8 Conakry-Coyah	Conakry	w270805328
PONT_SANS_OUVRAGE	Pont	Route non classifiée			37	104081	PONT	Pont de Milo	Kankan	w688671239
PONT_SANS_OUVRAGE	Pont	Route tertiaire			37	135368	DALOT	Dalot PK112 Faranah	Faranah	w272663324
PONT_SANS_OUVRAGE	Pont	Route non classifiée			37	102598	PONT	Pont de Milo	Kankan	w684840016
PONT_SANS_OUVRAGE	Pont	Route non classifiée			37	133252	DALOT	Dalot PK112 Faranah	Faranah	w312613941
PONT_SANS_OUVRAGE	Pont	Route non classifiée			37	173789	RADIER	Radier de Diafore	Faranah	w1067878688
PONT_SANS_OUVRAGE	Pont	Route résidentielle			37	4587	RADIER	Radier de Diafore	Labé	w1150126923
PONT_SANS_OUVRAGE	Pont	Voie rapide	N1		37	54745	PONT	Pont de Milo	Kankan	w571478812
PONT_SANS_OUVRAGE	Pont	Route non classifiée			37	67575	DALOT	Dalot PK112 Faranah	Faranah	w1124082798
PONT_SANS_OUVRAGE	Pont	Route primaire	N8		37	20594	RADIER	Radier de Diafore	Labé	w687550735
PONT_SANS_OUVRAGE	Pont	Voie piétonne		Pont Dixinn Gare	37	13388	BUSE	Buse PK8 Conakry-Coyah	Conakry	w338672792
PONT_SANS_OUVRAGE	Pont	Route non classifiée			37	142378	PONCEAU	Ponceau PK15 Nzerekore	Nzérékoré	w733697708
PONT_SANS_OUVRAGE	Pont	Route non classifiée			37	60254	PONT	Pont du Konkoure	Kindia	w350289132
PONT_SANS_OUVRAGE	Pont	Voie rapide	N2		37	70334	MUR_SOUTENEMENT	Mur de soutenement Mont Gangan	Mamou	w319393494
PONT_SANS_OUVRAGE	Pont	Route non classifiée			37	39089	DALOT	Kouété	Kindia	w330689253
PONT_SANS_OUVRAGE	Pont	Route non classifiée			37	60704	MUR_SOUTENEMENT	Mur de soutenement Mont Gangan	Mamou	w974359384
PONT_SANS_OUVRAGE	Pont	Route résidentielle			37	23055	RADIER	Radier de Diafore	Boké	w1008410579
PONT_SANS_OUVRAGE	Pont	Route tertiaire			37	153558	DALOT	Dalot PK112 Faranah	Faranah	w272236456
PONT_SANS_OUVRAGE	Pont	Chemin carrossable			37	108317	DALOT	Dalot PK112 Faranah	Faranah	w688152979
PONT_SANS_OUVRAGE	Pont	Route primaire	N30		37	145515	PONT	Pont de Milo	Kankan	w668691300
PONT_SANS_OUVRAGE	Pont	Voie rapide	N3		37	43566	DALOT	Coyah Carref(RN1/RN4)	Kindia	w688905919
PONT_SANS_OUVRAGE	Pont	Route non classifiée			37	114220	PONCEAU	Ponceau PK15 Nzerekore	Nzérékoré	w746742383
PONT_SANS_OUVRAGE	Pont	Route primaire	N30		37	163706	DALOT	Dalot PK112 Faranah	Faranah	w223060210
PONT_SANS_OUVRAGE	Pont	Voie piétonne			37	15263	BUSE	Buse PK8 Conakry-Coyah	Conakry	w272295432
PONT_SANS_OUVRAGE	Pont	Voie piétonne			37	38714	RADIER	Radier de Diafore	Mamou	w180369972
PONT_SANS_OUVRAGE	Pont	Chemin carrossable			37	109447	PONT	Pont de Milo	Kankan	w918292853
PONT_SANS_OUVRAGE	Pont	Route non classifiée			37	18938	PONT	Pont de Kolente	Kindia	w329481523
PONT_SANS_OUVRAGE	Pont	Route non classifiée			36	63327	RADIER	Radier de Diafore	Mamou	w418532780
PONT_SANS_OUVRAGE	Pont	Route primaire	N18		36	193835	PONT	Pont de Milo	Nzérékoré	w253581778
PONT_SANS_OUVRAGE	Pont	Route non classifiée			36	55892	PONT	Pont de Milo	Kankan	w689678306
PONT_SANS_OUVRAGE	Pont	Voie rapide	N2		36	5827	DALOT	Dalot PK112 Faranah	Faranah	w270873957
PONT_SANS_OUVRAGE	Pont	Route tertiaire			36	38433	PONT	Pont du Konkoure	Boké	w701261473
PONT_SANS_OUVRAGE	Pont	Route tertiaire			36	89473	PONT	Pont de Kolente	Kindia	w330992854
PONT_SANS_OUVRAGE	Pont	Route non classifiée			36	98017	PONT	Pont du Fatala	Boké	w933901529
PONT_SANS_OUVRAGE	Pont	Voie rapide	N3		36	42684	DALOT	Coyah Carref(RN1/RN4)	Kindia	w332603629
PONT_SANS_OUVRAGE	Pont	Voie rapide	N2		36	120000	DALOT	Dalot PK112 Faranah	Faranah	w688637617
PONT_SANS_OUVRAGE	Pont	Route primaire	N30		36	105468	DALOT	Dalot PK112 Faranah	Faranah	w686855755
PONT_SANS_OUVRAGE	Pont	Chemin carrossable			36	122614	DALOT	Dalot PK112 Faranah	Kankan	w691410343
PONT_SANS_OUVRAGE	Pont	Route tertiaire			36	100693	DALOT	Dalot PK112 Faranah	Faranah	w703406795
PONT_SANS_OUVRAGE	Pont	Chemin carrossable			36	19668	PONT	Pont de Kolente	Kindia	w329111419
PONT_SANS_OUVRAGE	Pont	Chemin carrossable			36	83616	DALOT	Dalot PK112 Faranah	Faranah	w941777234
PONT_SANS_OUVRAGE	Pont	Route non classifiée			36	102048	PONT	Pont de Milo	Kankan	w683445752
PONT_SANS_OUVRAGE	Pont	Route non classifiée			36	53113	DALOT	Dalot PK112 Faranah	Faranah	w776019987
PONT_SANS_OUVRAGE	Pont	Route tertiaire			36	135732	PONCEAU	Ponceau PK15 Nzerekore	Nzérékoré	w407837213
PONT_SANS_OUVRAGE	Pont	Chemin carrossable			36	82200	PONT	Pont de Milo	Kankan	w691636627
PONT_SANS_OUVRAGE	Pont	Chemin carrossable			36	99780	DALOT	Dalot PK112 Faranah	Faranah	w941813429
PONT_SANS_OUVRAGE	Pont	Route secondaire			36	48031	PONT	Pont de Milo	Kankan	w683106866
PONT_SANS_OUVRAGE	Pont	Chemin carrossable			36	43244	DALOT	Dalot PK35 Kindia-Mamou	Kindia	w367888958
PONT_SANS_OUVRAGE	Pont	Chemin non carrossable			35	51155	MUR_SOUTENEMENT	Mur de soutenement Mont Gangan	Labé	w207836500
PONT_SANS_OUVRAGE	Pont	Chemin carrossable			35	107457	DALOT	Dalot PK112 Faranah	Faranah	w941750720
PONT_SANS_OUVRAGE	Pont	Route résidentielle			35	45069	PONT	Pont du Fatala	Boké	w776266537
PONT_SANS_OUVRAGE	Pont	Route secondaire			35	23735	DALOT	Dalot PK112 Faranah	Faranah	w270874004
PONT_SANS_OUVRAGE	Pont	Route non classifiée			35	113604	PONCEAU	Ponceau PK15 Nzerekore	Nzérékoré	w399732241
PONT_SANS_OUVRAGE	Pont	Voie piétonne			35	82057	DALOT	Dalot PK112 Faranah	Faranah	w270847308
PONT_SANS_OUVRAGE	Pont	Route tertiaire			35	49371	DALOT	Coyah Carref(RN1/RN4)	Boké	w331803308
PONT_SANS_OUVRAGE	Pont	Voie piétonne			35	17972	BUSE	Buse PK8 Conakry-Coyah	Conakry	w376490294
PONT_SANS_OUVRAGE	Pont	Route primaire	N30		35	170958	PONT	Pont de Milo	Faranah	w270877589
PONT_SANS_OUVRAGE	Pont	Route tertiaire			35	73111	PONT	Pont de Kolente	Kindia	w314153411
PONT_SANS_OUVRAGE	Pont	Route non classifiée			35	19468	BUSE	Buse PK8 Conakry-Coyah	Kindia	w688551222
PONT_SANS_OUVRAGE	Pont	Voie rapide	N2	N'zérékoré-Macenta	35	108556	PONCEAU	Ponceau PK15 Nzerekore	Nzérékoré	w271823606
PONT_SANS_OUVRAGE	Pont	Chemin carrossable			35	137546	DALOT	Dalot PK112 Faranah	Faranah	w946417966
PONT_SANS_OUVRAGE	Pont	Route non classifiée			35	112501	PONCEAU	Ponceau PK15 Nzerekore	Nzérékoré	w746698358
PONT_SANS_OUVRAGE	Pont	Route non classifiée			35	117678	DALOT	Dalot PK112 Faranah	Faranah	w944276348
PONT_SANS_OUVRAGE	Pont	Route non classifiée			35	42871	DALOT	Dalot PK35 Kindia-Mamou	Kindia	w329262152
PONT_SANS_OUVRAGE	Pont	Voie rapide	N2		35	172224	PONCEAU	Ponceau PK15 Nzerekore	Nzérékoré	w269173376
PONT_SANS_OUVRAGE	Pont	Route non classifiée			34	34845	PONT	Pont rentrée forécariah	Kindia	w333657880
PONT_SANS_OUVRAGE	Pont	Route non classifiée			34	141458	DALOT	Dalot PK112 Faranah	Faranah	w1069240121
PONT_SANS_OUVRAGE	Pont	Chemin non carrossable			34	79278	PONCEAU	Ponceau PK15 Nzerekore	Nzérékoré	w269448291
PONT_SANS_OUVRAGE	Pont	Route non classifiée			34	108946	DALOT	Dalot PK112 Faranah	Faranah	w943525540
PONT_SANS_OUVRAGE	Pont	Route non classifiée			34	44179	MUR_SOUTENEMENT	Mur de soutenement Mont Gangan	Mamou	w812576187
PONT_SANS_OUVRAGE	Pont	Route non classifiée			34	99546	DALOT	Dalot PK112 Faranah	Faranah	w773800921
PONT_SANS_OUVRAGE	Pont	Route non classifiée			34	66607	DALOT	Dalot PK112 Faranah	Faranah	w688586734
PONT_SANS_OUVRAGE	Pont	Route non classifiée			34	61893	PONT	Pont de Milo	Kankan	w685235762
PONT_SANS_OUVRAGE	Pont	Route non classifiée			34	74838	RADIER	Radier de Diafore	Mamou	w429855988
PONT_SANS_OUVRAGE	Pont	Route non classifiée			34	19733	PONT	Pont du Fatala	Boké	w330656799
PONT_SANS_OUVRAGE	Pont	Route tertiaire			34	9461	BUSE	Buse PK8 Conakry-Coyah	Conakry	w270470440
PONT_SANS_OUVRAGE	Pont	Route secondaire			34	7758	PONT	Pont de Milo	Kankan	w317408192
PONT_SANS_OUVRAGE	Pont	Route non classifiée			34	180876	PONCEAU	Ponceau PK15 Nzerekore	Nzérékoré	w301869554
PONT_SANS_OUVRAGE	Pont	Voie rapide	N1		34	114310	DALOT	Dalot PK112 Faranah	Kankan	w289225894
PONT_SANS_OUVRAGE	Pont	Voie rapide	N3		34	48021	DALOT	Coyah Carref(RN1/RN4)	Kindia	w200900201
PONT_SANS_OUVRAGE	Pont	Voie rapide	N4		34	17021	PONT	Pont rentrée forécariah	Kindia	w180535802
PONT_SANS_OUVRAGE	Pont	Chemin carrossable			34	29069	DALOT	Dalot PK112 Faranah	Faranah	w975942026
PONT_SANS_OUVRAGE	Pont	Chemin carrossable			34	133738	PONT	Pont de Milo	Faranah	w949696626
PONT_SANS_OUVRAGE	Pont	Chemin carrossable			34	138148	DALOT	Dalot PK112 Faranah	Faranah	w947719761
PONT_SANS_OUVRAGE	Pont	Chemin carrossable			34	137486	DALOT	Dalot PK112 Faranah	Faranah	w946417963
PONT_SANS_OUVRAGE	Pont	Route tertiaire			34	117916	PONT	Pont de Milo	Kankan	w668651646
PONT_SANS_OUVRAGE	Pont	Chemin carrossable			34	84251	PONT	Pont de Milo	Kankan	w691417553
PONT_SANS_OUVRAGE	Pont	Chemin carrossable			34	72118	PONT	Pont de Milo	Kankan	w689135422
PONT_SANS_OUVRAGE	Pont	Chemin carrossable			34	41109	DALOT	Dalot PK112 Faranah	Faranah	w666079217
PONT_SANS_OUVRAGE	Pont	Chemin carrossable			34	20733	DALOT	Coyah Carref(RN1/RN4)	Kindia	w331282110
PONT_SANS_OUVRAGE	Pont	Chemin carrossable			33	123406	DALOT	Dalot PK112 Faranah	Faranah	w943663067
PONT_SANS_OUVRAGE	Pont	Route non classifiée			33	53753	PONT	Pont du Konkoure	Boké	w690644256
PONT_SANS_OUVRAGE	Pont	Route tertiaire	N25		33	37311	RADIER	Radier de Diafore	Labé	w413644264
PONT_SANS_OUVRAGE	Pont	Chemin non carrossable			33	124021	DALOT	Dalot PK112 Faranah	Kankan	w690214937
PONT_SANS_OUVRAGE	Pont	Route tertiaire			33	65675	DALOT	Dalot PK112 Faranah	Faranah	w270874015
PONT_SANS_OUVRAGE	Pont	Chemin carrossable			33	124070	DALOT	Dalot PK112 Faranah	Faranah	w943663069
PONT_SANS_OUVRAGE	Pont	Route non classifiée			33	25089	MUR_SOUTENEMENT	Mur de soutenement Mont Gangan	Mamou	w271279765
PONT_SANS_OUVRAGE	Pont	Route non classifiée			33	134076	PONT	Pont de Milo	Kankan	w697803800
PONT_SANS_OUVRAGE	Pont	Route non classifiée			33	90406	PONCEAU	Ponceau PK15 Nzerekore	Nzérékoré	w310943451
PONT_SANS_OUVRAGE	Pont	Chemin non carrossable			33	18622	PONT	Pont de Kolente	Kindia	w329481524
PONT_SANS_OUVRAGE	Pont	Route tertiaire			33	9043	PONT	Pont du Konkoure	Boké	w331459475
PONT_SANS_OUVRAGE	Pont	Route non classifiée			33	110898	PONCEAU	Ponceau PK15 Nzerekore	Nzérékoré	w917969545
PONT_SANS_OUVRAGE	Pont	Chemin carrossable			33	18382	PONT	Pont du Fatala	Boké	w312320704
PONT_SANS_OUVRAGE	Pont	Route non classifiée		Koundindé Bridge	33	23570	PONT	Pont du Fatala	Boké	w333202011
PONT_SANS_OUVRAGE	Pont	Route tertiaire			33	176041	RADIER	Radier de Diafore	Faranah	w1067878691
PONT_SANS_OUVRAGE	Pont	Route non classifiée			33	87164	DALOT	Dalot PK112 Faranah	Faranah	w942561945
PONT_SANS_OUVRAGE	Pont	Voie rapide	N1		33	114645	PONCEAU	Ponceau PK15 Nzerekore	Nzérékoré	w687402176
PONT_SANS_OUVRAGE	Pont	Route non classifiée			33	117565	PONCEAU	Ponceau PK15 Nzerekore	Nzérékoré	w731103149
PONT_SANS_OUVRAGE	Pont	Voie piétonne			33	8450	BUSE	Buse PK8 Conakry-Coyah	Conakry	w963928707
PONT_SANS_OUVRAGE	Pont	Chemin carrossable			33	105606	DALOT	Dalot PK112 Faranah	Faranah	w941748794
PONT_SANS_OUVRAGE	Pont	Route non classifiée			33	37937	RADIER	Radier de Diafore	Mamou	w433050775
PONT_SANS_OUVRAGE	Pont	Route non classifiée			33	61787	RADIER	Radier de Diafore	Mamou	w418529921
PONT_SANS_OUVRAGE	Pont	Route non classifiée			33	150881	PONCEAU	Ponceau PK15 Nzerekore	Nzérékoré	w271970210
PONT_SANS_OUVRAGE	Pont	Chemin carrossable			32	106786	DALOT	Dalot PK112 Faranah	Faranah	w269179338
PONT_SANS_OUVRAGE	Pont	Route non classifiée			32	60146	PONCEAU	Ponceau PK15 Nzerekore	Nzérékoré	w105581753
PONT_SANS_OUVRAGE	Pont	Route non classifiée			32	107026	DALOT	Dalot PK112 Faranah	Faranah	w937333044
PONT_SANS_OUVRAGE	Pont	Chemin non carrossable			32	54922	RADIER	Radier de Diafore	Labé	w674423997
PONT_SANS_OUVRAGE	Pont	Route non classifiée			32	37615	RADIER	Radier de Diafore	Mamou	w424361626
PONT_SANS_OUVRAGE	Pont	Chemin carrossable			32	110075	PONT	Pont de Milo	Kankan	w918292841
PONT_SANS_OUVRAGE	Pont	Route tertiaire			32	2658	DALOT	Guemekhouré	Kindia	w328845139
PONT_SANS_OUVRAGE	Pont	Route non classifiée			32	130641	DALOT	Dalot PK112 Faranah	Faranah	w272663322
PONT_SANS_OUVRAGE	Pont	Route non classifiée			32	102473	DALOT	Dalot PK112 Faranah	Faranah	w269190249
PONT_SANS_OUVRAGE	Pont	Voie rapide	N3		32	41490	PONT	Pont du Konkoure	Boké	w628338655
PONT_SANS_OUVRAGE	Pont	Route non classifiée			32	143911	PONT	Pont de Milo	Faranah	w270175077
PONT_SANS_OUVRAGE	Pont	Route non classifiée			32	146573	DALOT	Dalot PK112 Faranah	Faranah	w271997496
PONT_SANS_OUVRAGE	Pont	Chemin carrossable			32	130368	DALOT	Dalot PK112 Faranah	Faranah	w269783034
PONT_SANS_OUVRAGE	Pont	Route non classifiée			32	33628	PONT	Pont de Kolente	Kindia	w340226014
PONT_SANS_OUVRAGE	Pont	Voie rapide			32	184226	RADIER	Radier de Diafore	Boké	w373169765
PONT_SANS_OUVRAGE	Pont	Route primaire	N29		32	79632	DALOT	Dalot PK112 Faranah	Faranah	w244970727
PONT_SANS_OUVRAGE	Pont	Route résidentielle			32	9550	BUSE	Buse PK8 Conakry-Coyah	Conakry	w270677081
PONT_SANS_OUVRAGE	Pont	Route tertiaire			32	8583	BUSE	Buse PK8 Conakry-Coyah	Conakry	w269783540
PONT_SANS_OUVRAGE	Pont	Route primaire	N10		32	124526	PONCEAU	Ponceau PK15 Nzerekore	Kankan	w253824839
PONT_SANS_OUVRAGE	Pont	Route non classifiée			32	124155	PONT	Pont de Milo	Kankan	w700351691
PONT_SANS_OUVRAGE	Pont	Chemin carrossable			32	107933	DALOT	Dalot PK112 Faranah	Faranah	w943527534
PONT_SANS_OUVRAGE	Pont	Route non classifiée			32	95889	PONCEAU	Ponceau PK15 Nzerekore	Nzérékoré	w275664881
PONT_SANS_OUVRAGE	Pont	Route non classifiée			32	51854	RADIER	Radier de Diafore	Boké	w440618822
PONT_SANS_OUVRAGE	Pont	Voie rapide	N4		32	5515	PONT	Pont rentrée forécariah	Kindia	w180535803
PONT_SANS_OUVRAGE	Pont	Route non classifiée			32	144173	PONCEAU	Ponceau PK15 Nzerekore	Nzérékoré	w741697484
PONT_SANS_OUVRAGE	Pont	Route non classifiée			31	101771	DALOT	Dalot PK112 Faranah	Faranah	w691402661
PONT_SANS_OUVRAGE	Pont	Route tertiaire			31	57680	RADIER	Radier de Diafore	Labé	w497928396
PONT_SANS_OUVRAGE	Pont	Route résidentielle			31	10735	BUSE	Buse PK8 Conakry-Coyah	Conakry	w559283124
PONT_SANS_OUVRAGE	Pont	Chemin carrossable			31	99777	DALOT	Dalot PK112 Faranah	Faranah	w936749882
PONT_SANS_OUVRAGE	Pont	Route tertiaire			31	82062	RADIER	Radier de Diafore	Labé	w489673276
PONT_SANS_OUVRAGE	Pont	Route non classifiée			31	29852	RADIER	Radier de Diafore	Mamou	w424361622
PONT_SANS_OUVRAGE	Pont	Voie rapide	N2		31	134913	DALOT	Dalot PK112 Faranah	Faranah	w175882414
PONT_SANS_OUVRAGE	Pont	Voie rapide	N3		31	8334	PONT	Pont du Fatala	Boké	w332543674
PONT_SANS_OUVRAGE	Pont	Route tertiaire			31	127729	PONT	Pont de Milo	Kankan	w311250893
PONT_SANS_OUVRAGE	Pont	Voie rapide	N2		31	47630	DALOT	Dalot PK112 Faranah	Faranah	w319393495
PONT_SANS_OUVRAGE	Pont	Chemin carrossable			31	104594	DALOT	Dalot PK112 Faranah	Faranah	w943952964
PONT_SANS_OUVRAGE	Pont	Chemin carrossable			31	107747	PONCEAU	Ponceau PK15 Nzerekore	Nzérékoré	w884704823
PONT_SANS_OUVRAGE	Pont	Route secondaire			31	127297	PONT	Pont de Milo	Kankan	w685937988
PONT_SANS_OUVRAGE	Pont	Route primaire	N24		31	50435	DALOT	Dalot PK35 Kindia-Mamou	Kindia	w339107066
PONT_SANS_OUVRAGE	Pont	Route non classifiée			31	39365	DALOT	Kouété	Kindia	w239043502
PONT_SANS_OUVRAGE	Pont	Route non classifiée			31	67090	MUR_SOUTENEMENT	Mur de soutenement Mont Gangan	Boké	w244870488
PONT_SANS_OUVRAGE	Pont	Route primaire	N30		31	126938	DALOT	Dalot PK112 Faranah	Faranah	w685847434
PONT_SANS_OUVRAGE	Pont	Chemin carrossable			31	36761	PONCEAU	Ponceau PK15 Nzerekore	Nzérékoré	w999507366
PONT_SANS_OUVRAGE	Pont	Voie rapide	N1		31	14368	DALOT	Coyah	Kindia	w270492762
PONT_SANS_OUVRAGE	Pont	Route tertiaire			31	133739	PONCEAU	Ponceau PK15 Nzerekore	Nzérékoré	w730015946
PONT_SANS_OUVRAGE	Pont	Chemin carrossable			31	123474	DALOT	Dalot PK112 Faranah	Faranah	w679246860
PONT_SANS_OUVRAGE	Pont	Chemin carrossable			31	116655	DALOT	Dalot PK112 Faranah	Faranah	w1066169280
PONT_SANS_OUVRAGE	Pont	Chemin carrossable			31	114458	DALOT	Dalot PK112 Faranah	Faranah	w943198645
PONT_SANS_OUVRAGE	Pont	Route tertiaire	N25		31	43899	RADIER	Radier de Diafore	Mamou	w238471888
PONT_SANS_OUVRAGE	Pont	Route non classifiée			31	142650	DALOT	Dalot PK112 Faranah	Faranah	w1066708010
PONT_SANS_OUVRAGE	Pont	Route tertiaire			31	27805	DALOT	Dalot PK35 Kindia-Mamou	Kindia	w417830463
PONT_SANS_OUVRAGE	Pont	Voie rapide	N1		30	11121	DALOT	Coyah	Conakry	w541198718
PONT_SANS_OUVRAGE	Pont	Route non classifiée			30	114836	PONCEAU	Ponceau PK15 Nzerekore	Nzérékoré	w734561713
PONT_SANS_OUVRAGE	Pont	Route non classifiée			30	3620	PONT	Pont rentrée forécariah	Kindia	w338528583
PONT_SANS_OUVRAGE	Pont	Route secondaire			30	126453	PONCEAU	Ponceau PK15 Nzerekore	Nzérékoré	w488043606
PONT_SANS_OUVRAGE	Pont	Voie rapide	N2	N'zérékoré-Macenta	30	78514	PONCEAU	Ponceau PK15 Nzerekore	Nzérékoré	w686676004
PONT_SANS_OUVRAGE	Pont	Route non classifiée			30	60839	RADIER	Radier de Diafore	Mamou	w424497625
PONT_SANS_OUVRAGE	Pont	Route résidentielle			30	44720	PONT	Pont du Fatala	Boké	w654717974
PONT_SANS_OUVRAGE	Pont	Chemin carrossable			30	84478	DALOT	Dalot PK112 Faranah	Faranah	w941777231
PONT_SANS_OUVRAGE	Pont	Chemin carrossable			30	81904	DALOT	Dalot PK112 Faranah	Faranah	w391280075
PONT_SANS_OUVRAGE	Pont	Route non classifiée			30	103398	DALOT	Dalot PK112 Faranah	Kankan	w540731339
PONT_SANS_OUVRAGE	Pont	Route tertiaire			30	40069	DALOT	Coyah	Kindia	w340384744
PONT_SANS_OUVRAGE	Pont	Route non classifiée			30	25217	RADIER	Radier de Diafore	Labé	w276923469
PONT_SANS_OUVRAGE	Pont	Route primaire			30	95068	RADIER	Radier de Diafore	Kindia	w689993689
PONT_SANS_OUVRAGE	Pont	Route non classifiée			30	134905	DALOT	Dalot PK112 Faranah	Faranah	w683618387
PONT_SANS_OUVRAGE	Pont	Route primaire	N30		30	167549	PONT	Pont de Milo	Faranah	w270623321
PONT_SANS_OUVRAGE	Pont	Route tertiaire			30	46807	RADIER	Radier de Diafore	Boké	w635018700
PONT_SANS_OUVRAGE	Pont	Chemin non carrossable			30	45804	DALOT	Coyah Carref(RN1/RN4)	Kindia	w332843540
PONT_SANS_OUVRAGE	Pont	Route tertiaire			30	57208	PONT	Pont du Konkoure	Kindia	w273078174
PONT_SANS_OUVRAGE	Pont	Route non classifiée			30	46533	MUR_SOUTENEMENT	Mur de soutenement Mont Gangan	Kindia	w330293948
PONT_SANS_OUVRAGE	Pont	Route non classifiée			30	134795	DALOT	Dalot PK112 Faranah	Faranah	w945136914
PONT_SANS_OUVRAGE	Pont	Route secondaire			30	129797	PONT	Pont de Milo	Kankan	w305548763
PONT_SANS_OUVRAGE	Pont	Chemin carrossable			30	108869	DALOT	Dalot PK112 Faranah	Faranah	w941828865
PONT_SANS_OUVRAGE	Pont	Route non classifiée			30	29692	RADIER	Radier de Diafore	Mamou	w414658896
PONT_SANS_OUVRAGE	Pont	Route non classifiée			30	19602	RADIER	Radier de Diafore	Labé	w850099496
PONT_SANS_OUVRAGE	Pont	Chemin carrossable			30	122485	PONT	Pont de Milo	Faranah	w936814354
PONT_SANS_OUVRAGE	Pont	Route non classifiée			30	30482	PONT	Pont de Kolente	Kindia	w328332861
PONT_SANS_OUVRAGE	Pont	Route non classifiée			30	56312	DALOT	Dalot PK112 Faranah	Faranah	w271250473
PONT_SANS_OUVRAGE	Pont	Chemin carrossable			30	54258	PONCEAU	Ponceau PK15 Nzerekore	Nzérékoré	w1000339604
PONT_SANS_OUVRAGE	Pont	Voie rapide	N1		30	11127	DALOT	Coyah	Conakry	w541198716
PONT_SANS_OUVRAGE	Pont	Route tertiaire			30	89889	PONT	Pont de Kolente	Kindia	w330992857
PONT_SANS_OUVRAGE	Pont	Route tertiaire			30	76895	PONT	Pont du Konkoure	Kindia	w330992858
PONT_SANS_OUVRAGE	Pont	Chemin carrossable			30	25573	DALOT	Dalot PK112 Faranah	Faranah	w666898732
PONT_SANS_OUVRAGE	Pont	Route primaire	N22		30	48552	PONT	Pont du Konkoure	Boké	w686911381
PONT_SANS_OUVRAGE	Pont	Route non classifiée			30	136535	PONCEAU	Ponceau PK15 Nzerekore	Kankan	w738633720
PONT_SANS_OUVRAGE	Pont	Voie rapide	N6		29	54721	PONT	Pont de Milo	Kankan	w686929007
PONT_SANS_OUVRAGE	Pont	Voie rapide	N1		29	3547	PONT	Pont de Milo	Kankan	w688893815
PONT_SANS_OUVRAGE	Pont	Route non classifiée			29	113356	DALOT	Dalot PK112 Faranah	Kankan	w690340514
PONT_SANS_OUVRAGE	Pont	Chemin carrossable			29	46327	PONT	Pont de Milo	Kankan	w927247079
PONT_SANS_OUVRAGE	Pont	Route non classifiée			29	166018	PONT	Pont de Milo	Kankan	w1007124079
PONT_SANS_OUVRAGE	Pont	Voie piétonne			29	8192	BUSE	Buse PK8 Conakry-Coyah	Conakry	w600404566
PONT_SANS_OUVRAGE	Pont	Voie rapide	N1		29	140235	PONT	Pont de Milo	Kankan	w689133445
PONT_SANS_OUVRAGE	Pont	Voie rapide	N1		29	8568	PONT	Pont de Kolente	Kindia	w690017259
PONT_SANS_OUVRAGE	Pont	Voie rapide	N1		29	95393	DALOT	Dalot PK112 Faranah	Mamou	w319395630
PONT_SANS_OUVRAGE	Pont	Route non classifiée			29	108846	DALOT	Dalot PK112 Faranah	Faranah	w941761978
PONT_SANS_OUVRAGE	Pont	Route secondaire			29	122341	PONT	Pont de Milo	Kankan	w685937990
PONT_SANS_OUVRAGE	Pont	Route non classifiée			29	34604	PONCEAU	Ponceau PK15 Nzerekore	Nzérékoré	w253565793
PONT_SANS_OUVRAGE	Pont	Chemin carrossable			29	50643	DALOT	Dalot PK112 Faranah	Faranah	w661404239
PONT_SANS_OUVRAGE	Pont	Route non classifiée			29	188777	DALOT	Dalot PK112 Faranah	Faranah	w1067919877
PONT_SANS_OUVRAGE	Pont	Route secondaire			29	29713	RADIER	Radier de Diafore	Mamou	w379553911
PONT_SANS_OUVRAGE	Pont	Chemin carrossable			29	122016	DALOT	Dalot PK112 Faranah	Kankan	w689970800
PONT_SANS_OUVRAGE	Pont	Route non classifiée			29	106668	PONT	Pont de Milo	Faranah	w311598797
PONT_SANS_OUVRAGE	Pont	Route non classifiée			29	141203	PONT	Pont de Milo	Kankan	w313619925
PONT_SANS_OUVRAGE	Pont	Chemin non carrossable			29	36064	DALOT	Dalot PK35 Kindia-Mamou	Kindia	w366177299
PONT_SANS_OUVRAGE	Pont	Route non classifiée			29	36121	PONT	Pont du Fatala	Boké	w330110005
PONT_SANS_OUVRAGE	Pont	Route non classifiée			29	53985	PONT	Pont du Konkoure	Boké	w331519406
PONT_SANS_OUVRAGE	Pont	Route secondaire			29	30877	PONT	Pont de Kolente	Kindia	w690011566
PONT_SANS_OUVRAGE	Pont	Route non classifiée			29	25625	DALOT	Manfrinyah	Kindia	w338074707
PONT_SANS_OUVRAGE	Pont	Route tertiaire			29	56001	PONCEAU	Ponceau PK15 Nzerekore	Nzérékoré	w273312961
PONT_SANS_OUVRAGE	Pont	Chemin carrossable			29	68182	PONT	Pont de Milo	Kankan	w691668463
PONT_SANS_OUVRAGE	Pont	Route non classifiée			29	59000	RADIER	Radier de Diafore	Mamou	w424497624
PONT_SANS_OUVRAGE	Pont	Route tertiaire			29	135441	PONCEAU	Ponceau PK15 Nzerekore	Nzérékoré	w749127612
PONT_SANS_OUVRAGE	Pont	Route non classifiée			29	56820	RADIER	Radier de Diafore	Mamou	w427627352
PONT_SANS_OUVRAGE	Pont	Route non classifiée			29	34646	RADIER	Radier de Diafore	Mamou	w433052644
PONT_SANS_OUVRAGE	Pont	Route tertiaire			29	42739	PONT	Pont du Konkoure	Kindia	w498340771
PONT_SANS_OUVRAGE	Pont	Route secondaire			29	101468	PONT	Pont de Milo	Kankan	w700301319
PONT_SANS_OUVRAGE	Pont	Voie piétonne			29	60060	RADIER	Radier de Diafore	Boké	w667942910
PONT_SANS_OUVRAGE	Pont	Chemin carrossable			29	94646	DALOT	Dalot PK112 Faranah	Faranah	w941826928
PONT_SANS_OUVRAGE	Pont	Route tertiaire			29	55452	PONT	Pont de Milo	Kankan	w705947785
PONT_SANS_OUVRAGE	Pont	Voie rapide	N1		29	15354	MUR_SOUTENEMENT	Mur de soutenement Mont Gangan	Kindia	w498612040
PONT_SANS_OUVRAGE	Pont	Voie piétonne			29	136432	DALOT	Dalot PK112 Faranah	Faranah	w263341891
PONT_SANS_OUVRAGE	Pont	Route non classifiée			29	59416	RADIER	Radier de Diafore	Boké	w667942914
PONT_SANS_OUVRAGE	Pont	Route primaire	N33		29	133285	PONT	Pont de Milo	Faranah	w310507887
PONT_SANS_OUVRAGE	Pont	Chemin carrossable			29	110729	DALOT	Dalot PK112 Faranah	Faranah	w943880717
PONT_SANS_OUVRAGE	Pont	Chemin carrossable			29	108518	DALOT	Dalot PK112 Faranah	Faranah	w943525544
PONT_SANS_OUVRAGE	Pont	Chemin carrossable			29	100625	DALOT	Dalot PK112 Faranah	Faranah	w943014271
PONT_SANS_OUVRAGE	Pont	Route non classifiée			29	103756	DALOT	Dalot PK112 Faranah	Kankan	w691412174
PONT_SANS_OUVRAGE	Pont	Route non classifiée			28	105659	DALOT	Dalot PK112 Faranah	Faranah	w941840511
PONT_SANS_OUVRAGE	Pont	Route non classifiée			28	101257	DALOT	Dalot PK112 Faranah	Faranah	w703406799
PONT_SANS_OUVRAGE	Pont	Voie rapide	N1		28	12084	DALOT	Coyah	Kindia	w272818216
PONT_SANS_OUVRAGE	Pont	Route non classifiée			28	12421	RADIER	Radier de Diafore	Labé	w628921295
PONT_SANS_OUVRAGE	Pont	Route tertiaire			28	133121	DALOT	Dalot PK112 Faranah	Faranah	w176347962
PONT_SANS_OUVRAGE	Pont	Route non classifiée			28	36814	DALOT	Dalot PK112 Faranah	Faranah	w940349206
PONT_SANS_OUVRAGE	Pont	Route non classifiée			28	47489	PONCEAU	Ponceau PK15 Nzerekore	Nzérékoré	w273312968
PONT_SANS_OUVRAGE	Pont	Chemin carrossable			28	108868	DALOT	Dalot PK112 Faranah	Faranah	w942545564
PONT_SANS_OUVRAGE	Pont	Route tertiaire	N25		28	40237	RADIER	Radier de Diafore	Mamou	w238471889
PONT_SANS_OUVRAGE	Pont	Route tertiaire			28	70177	PONT	Pont de Milo	Kankan	w1098878861
PONT_SANS_OUVRAGE	Pont	Route non classifiée			28	13569	RADIER	Radier de Diafore	Mamou	w646932941
PONT_SANS_OUVRAGE	Pont	Route secondaire			28	18220	RADIER	Radier de Diafore	Labé	w641727484
PONT_SANS_OUVRAGE	Pont	Route résidentielle			28	66515	PONCEAU	Ponceau PK15 Nzerekore	Nzérékoré	w312743461
PONT_SANS_OUVRAGE	Pont	Route non classifiée			28	101291	DALOT	Dalot PK112 Faranah	Faranah	w271030499
PONT_SANS_OUVRAGE	Pont	Route tertiaire			28	68286	RADIER	Radier de Diafore	Boké	w492791971
PONT_SANS_OUVRAGE	Pont	Route tertiaire			28	62519	PONT	Pont de Milo	Kankan	w1020834740
PONT_SANS_OUVRAGE	Pont	Chemin carrossable			28	22328	DALOT	Dalot PK112 Faranah	Faranah	w701915533
PONT_SANS_OUVRAGE	Pont	Route tertiaire			28	122335	DALOT	Dalot PK112 Faranah	Faranah	w937319872
PONT_SANS_OUVRAGE	Pont	Route non classifiée			28	69799	PONT	Pont de Milo	Kankan	w697750800
PONT_SANS_OUVRAGE	Pont	Route non classifiée			28	108518	DALOT	Dalot PK112 Faranah	Faranah	w941761646
PONT_SANS_OUVRAGE	Pont	Route non classifiée			28	174706	RADIER	Radier de Diafore	Faranah	w1067897361
PONT_SANS_OUVRAGE	Pont	Route non classifiée			28	142657	DALOT	Dalot PK112 Faranah	Faranah	w1067635465
PONT_SANS_OUVRAGE	Pont	Voie rapide	N6		28	173537	PONT	Pont de Milo	Kankan	w684510099
PONT_SANS_OUVRAGE	Pont	Route tertiaire			28	138868	PONCEAU	Ponceau PK15 Nzerekore	Nzérékoré	w744703431
PONT_SANS_OUVRAGE	Pont	Route non classifiée			28	36397	DALOT	Dalot PK112 Faranah	Faranah	w661835780
PONT_SANS_OUVRAGE	Pont	Chemin carrossable			28	126867	DALOT	Dalot PK112 Faranah	Faranah	w942201114
PONT_SANS_OUVRAGE	Pont	Route tertiaire			28	24273	MUR_SOUTENEMENT	Mur de soutenement Mont Gangan	Mamou	w271451048
PONT_SANS_OUVRAGE	Pont	Chemin carrossable			28	102437	DALOT	Dalot PK112 Faranah	Faranah	w943489916
PONT_SANS_OUVRAGE	Pont	Voie rapide	N4		27	20994	PONT	Pont rentrée forécariah	Kindia	w180535801
PONT_SANS_OUVRAGE	Pont	Route non classifiée			27	17031	PONT	Pont rentrée forécariah	Kindia	w333475616
PONT_SANS_OUVRAGE	Pont	Route non classifiée			27	77173	PONT	Pont de Milo	Kankan	w698888080
PONT_SANS_OUVRAGE	Pont	Route non classifiée			27	51184	DALOT	Coyah Carref(RN1/RN4)	Kindia	w331978053
PONT_SANS_OUVRAGE	Pont	Chemin non carrossable			27	64189	RADIER	Radier de Diafore	Mamou	w418569426
PONT_SANS_OUVRAGE	Pont	Route non classifiée			27	20321	DALOT	Coyah	Kindia	w329422542
PONT_SANS_OUVRAGE	Pont	Route tertiaire			27	83169	DALOT	Dalot PK112 Faranah	Kankan	w687255454
PONT_SANS_OUVRAGE	Pont	Chemin carrossable			27	89450	DALOT	Dalot PK112 Faranah	Faranah	w921088223
PONT_SANS_OUVRAGE	Pont	Chemin carrossable			27	165747	RADIER	Radier de Diafore	Faranah	w1068233131
PONT_SANS_OUVRAGE	Pont	Voie rapide	N5		27	47570	RADIER	Radier de Diafore	Labé	w643980845
PONT_SANS_OUVRAGE	Pont	Route non classifiée			27	133830	DALOT	Dalot PK112 Faranah	Kankan	w497026135
PONT_SANS_OUVRAGE	Pont	Voie rapide	N3		27	36683	DALOT	Coyah	Kindia	w681207609
PONT_SANS_OUVRAGE	Pont	Chemin carrossable			27	94513	DALOT	Dalot PK112 Faranah	Faranah	w689231646
PONT_SANS_OUVRAGE	Pont	Route non classifiée			27	21962	DALOT	Coyah Carref(RN1/RN4)	Kindia	w689569513
PONT_SANS_OUVRAGE	Pont	Route non classifiée			27	171287	PONCEAU	Ponceau PK15 Nzerekore	Nzérékoré	w604914184
PONT_SANS_OUVRAGE	Pont	Route non classifiée			27	155902	DALOT	Dalot PK112 Faranah	Faranah	w272236457
PONT_SANS_OUVRAGE	Pont	Route secondaire			27	81720	PONCEAU	Ponceau PK15 Nzerekore	Nzérékoré	w496950281
PONT_SANS_OUVRAGE	Pont	Chemin non carrossable			27	172921	PONCEAU	Ponceau PK15 Nzerekore	Nzérékoré	w269213601
PONT_SANS_OUVRAGE	Pont	Voie rapide	N3		27	16048	DALOT	Coyah	Kindia	w272760654
PONT_SANS_OUVRAGE	Pont	Route non classifiée			27	114585	DALOT	Dalot PK112 Faranah	Faranah	w937108628
PONT_SANS_OUVRAGE	Pont	Route tertiaire			27	58750	DALOT	Dalot PK35 Kindia-Mamou	Kindia	w330301785
PONT_SANS_OUVRAGE	Pont	Chemin carrossable			27	84467	DALOT	Dalot PK112 Faranah	Faranah	w941777228
PONT_SANS_OUVRAGE	Pont	Route non classifiée			27	107338	DALOT	Dalot PK112 Faranah	Faranah	w268786196
PONT_SANS_OUVRAGE	Pont	Route primaire	N24		27	97099	RADIER	Radier de Diafore	Kindia	w401274163
PONT_SANS_OUVRAGE	Pont	Chemin carrossable			27	134419	DALOT	Dalot PK112 Faranah	Faranah	w945136911
PONT_SANS_OUVRAGE	Pont	Route tertiaire			27	82912	RADIER	Radier de Diafore	Boké	w631529832
PONT_SANS_OUVRAGE	Pont	Route non classifiée			27	102235	DALOT	Dalot PK112 Faranah	Faranah	w943014274
PONT_SANS_OUVRAGE	Pont	Voie rapide	N1		27	95388	DALOT	Dalot PK112 Faranah	Mamou	w319395631
PONT_SANS_OUVRAGE	Pont	Route non classifiée			27	99744	DALOT	Dalot PK112 Faranah	Kankan	w687477928
PONT_SANS_OUVRAGE	Pont	Chemin carrossable			27	11040	PONCEAU	Ponceau PK15 Nzerekore	Nzérékoré	w273071331
PONT_SANS_OUVRAGE	Pont	Route non classifiée			27	71976	PONT	Pont de Milo	Kankan	w691200931
PONT_SANS_OUVRAGE	Pont	Chemin non carrossable			27	93273	RADIER	Radier de Diafore	Boké	w630154153
PONT_SANS_OUVRAGE	Pont	Voie rapide	N5		27	72705	RADIER	Radier de Diafore	Labé	w686153876
PONT_SANS_OUVRAGE	Pont	Route tertiaire			27	133333	RADIER	Radier de Diafore	Boké	w1118177891
PONT_SANS_OUVRAGE	Pont	Chemin carrossable			27	116316	DALOT	Dalot PK112 Faranah	Faranah	w936786091
PONT_SANS_OUVRAGE	Pont	Route tertiaire			26	91146	PONT	Pont de Milo	Kankan	w683083480
PONT_SANS_OUVRAGE	Pont	Voie rapide			26	177923	RADIER	Radier de Diafore	Boké	w373172385
PONT_SANS_OUVRAGE	Pont	Voie rapide	N2	N'zérékoré-Macenta	26	110281	PONCEAU	Ponceau PK15 Nzerekore	Nzérékoré	w686685915
PONT_SANS_OUVRAGE	Pont	Voie rapide	N3		26	46128	DALOT	Coyah Carref(RN1/RN4)	Kindia	w688900249
PONT_SANS_OUVRAGE	Pont	Voie piétonne		Gbéssia Rond poing	26	9373	BUSE	Buse PK8 Conakry-Coyah	Conakry	w474256831
PONT_SANS_OUVRAGE	Pont	Route non classifiée			26	91571	PONCEAU	Ponceau PK15 Nzerekore	Nzérékoré	w275664882
PONT_SANS_OUVRAGE	Pont	Route non classifiée			26	183518	DALOT	Dalot PK112 Faranah	Nzérékoré	w292355245
PONT_SANS_OUVRAGE	Pont	Route non classifiée			26	79672	PONT	Pont de Kolente	Kindia	w326166015
PONT_SANS_OUVRAGE	Pont	Route non classifiée			26	23173	PONT	Pont de Kolente	Kindia	w328850460
PONT_SANS_OUVRAGE	Pont	Route non classifiée			26	34646	DALOT	Kouété	Kindia	w331569539
PONT_SANS_OUVRAGE	Pont	Route non classifiée			26	25279	DALOT	Manfrinyah	Kindia	w338074717
PONT_SANS_OUVRAGE	Pont	Chemin carrossable			26	107578	DALOT	Dalot PK112 Faranah	Faranah	w269190270
PONT_SANS_OUVRAGE	Pont	Route non classifiée			26	38035	DALOT	Coyah	Kindia	w340363774
PONT_SANS_OUVRAGE	Pont	Route résidentielle			26	13184	DALOT	Coyah	Kindia	w270984978
PONT_SANS_OUVRAGE	Pont	Route tertiaire			26	100435	PONCEAU	Ponceau PK15 Nzerekore	Nzérékoré	w496950266
PONT_SANS_OUVRAGE	Pont	Chemin carrossable			26	174374	PONT	Pont de Milo	Kankan	w1082951461
PONT_SANS_OUVRAGE	Pont	Voie piétonne			26	15778	BUSE	Buse PK8 Conakry-Coyah	Conakry	w272295413
PONT_SANS_OUVRAGE	Pont	Chemin carrossable			26	137473	DALOT	Dalot PK112 Faranah	Faranah	w946417949
PONT_SANS_OUVRAGE	Pont	Route tertiaire			26	3784	RADIER	Radier de Diafore	Mamou	w628921297
PONT_SANS_OUVRAGE	Pont	Route primaire	N24		26	37455	PONT	Pont de Kolente	Kindia	w327940157
PONT_SANS_OUVRAGE	Pont	Chemin carrossable			26	100933	DALOT	Dalot PK112 Faranah	Faranah	w943539620
PONT_SANS_OUVRAGE	Pont	Route tertiaire			26	193050	PONT	Pont de Milo	Kankan	w650693771
PONT_SANS_OUVRAGE	Pont	Chemin carrossable			26	99750	DALOT	Dalot PK112 Faranah	Faranah	w941813434
PONT_SANS_OUVRAGE	Pont	Route non classifiée			26	105770	PONT	Pont de Milo	Kankan	w684848077
PONT_SANS_OUVRAGE	Pont	Route non classifiée			26	93615	DALOT	Dalot PK112 Faranah	Faranah	w688145888
PONT_SANS_OUVRAGE	Pont	Chemin carrossable			26	84289	DALOT	Dalot PK112 Faranah	Faranah	w941777233
PONT_SANS_OUVRAGE	Pont	Route tertiaire		Sangaredi - Aye Koye	26	67808	PONT	Pont du Konkoure	Boké	w686007617
PONT_SANS_OUVRAGE	Pont	Route non classifiée			26	99265	PONT	Pont de Milo	Faranah	w689069838
PONT_SANS_OUVRAGE	Pont	Chemin non carrossable			26	121442	DALOT	Dalot PK112 Faranah	Faranah	w943663866
PONT_SANS_OUVRAGE	Pont	Chemin non carrossable			26	52657	DALOT	Dalot PK112 Faranah	Mamou	w796456210
PONT_SANS_OUVRAGE	Pont	Route non classifiée			26	148251	PONCEAU	Ponceau PK15 Nzerekore	Nzérékoré	w735309287
PONT_SANS_OUVRAGE	Pont	Route non classifiée			26	112845	PONCEAU	Ponceau PK15 Nzerekore	Nzérékoré	w748912342
PONT_SANS_OUVRAGE	Pont	Route non classifiée			26	93148	PONCEAU	Ponceau PK15 Nzerekore	Nzérékoré	w750656518
PONT_SANS_OUVRAGE	Pont	Chemin carrossable			26	67988	PONT	Pont de Milo	Kankan	w691668472
PONT_SANS_OUVRAGE	Pont	Route non classifiée			26	43964	MUR_SOUTENEMENT	Mur de soutenement Mont Gangan	Mamou	w812576177
PONT_SANS_OUVRAGE	Pont	Chemin non carrossable			26	22320	DALOT	Manfrinyah	Kindia	w338417633
PONT_SANS_OUVRAGE	Pont	Chemin non carrossable			26	28816	DALOT	Coyah Carref(RN1/RN4)	Kindia	w333912014
PONT_SANS_OUVRAGE	Pont	Route non classifiée			26	85871	DALOT	Dalot PK112 Faranah	Faranah	w939558020
PONT_SANS_OUVRAGE	Pont	Chemin carrossable			26	10890	BUSE	Buse PK8 Conakry-Coyah	Conakry	w291570696
PONT_SANS_OUVRAGE	Pont	Route non classifiée			26	117524	PONT	Pont de Milo	Faranah	w937339676
PONT_SANS_OUVRAGE	Pont	Chemin carrossable			26	136375	PONT	Pont du Konkoure	Boké	w626133477
PONT_SANS_OUVRAGE	Pont	Route tertiaire			26	175489	RADIER	Radier de Diafore	Faranah	w1067897364
PONT_SANS_OUVRAGE	Pont	Route tertiaire			26	65544	RADIER	Radier de Diafore	Labé	w1076026045
PONT_SANS_OUVRAGE	Pont	Chemin carrossable			26	105721	DALOT	Dalot PK112 Faranah	Faranah	w268832692
PONT_SANS_OUVRAGE	Pont	Route d accès			26	9289	DALOT	Coyah	Conakry	w271270420
PONT_SANS_OUVRAGE	Pont	Route non classifiée			25	27006	PONT	Pont de Milo	Kankan	w682859559
PONT_SANS_OUVRAGE	Pont	Route non classifiée			25	126076	PONT	Pont de Milo	Kankan	w678679716
PONT_SANS_OUVRAGE	Pont	Voie rapide	N3		25	18705	DALOT	Coyah	Kindia	w688917596
PONT_SANS_OUVRAGE	Pont	Chemin carrossable			25	116753	DALOT	Dalot PK112 Faranah	Faranah	w944717194
PONT_SANS_OUVRAGE	Pont	Route primaire	N27		25	42252	RADIER	Radier de Diafore	Labé	w409798079
PONT_SANS_OUVRAGE	Pont	Route tertiaire			25	125600	PONT	Pont de Milo	Kankan	w305548766
PONT_SANS_OUVRAGE	Pont	Chemin non carrossable			25	138639	PONCEAU	Ponceau PK15 Nzerekore	Nzérékoré	w744703452
PONT_SANS_OUVRAGE	Pont	Chemin carrossable			25	155089	RADIER	Radier de Diafore	Faranah	w1067198416
PONT_SANS_OUVRAGE	Pont	Route non classifiée			25	67521	PONT	Pont du Konkoure	Boké	w489645072
PONT_SANS_OUVRAGE	Pont	Route non classifiée			25	141044	PONCEAU	Ponceau PK15 Nzerekore	Nzérékoré	w743779318
PONT_SANS_OUVRAGE	Pont	Route non classifiée			25	18592	DALOT	Dalot PK35 Kindia-Mamou	Kindia	w479040561
PONT_SANS_OUVRAGE	Pont	Route non classifiée			25	141548	PONCEAU	Ponceau PK15 Nzerekore	Nzérékoré	w744733454
PONT_SANS_OUVRAGE	Pont	Chemin carrossable			25	57678	DALOT	Dalot PK112 Faranah	Faranah	w703841901
PONT_SANS_OUVRAGE	Pont	Route non classifiée			25	89942	DALOT	Dalot PK112 Faranah	Faranah	w1085311227
PONT_SANS_OUVRAGE	Pont	Route primaire	A8	Lola - Danané	25	56092	PONCEAU	Ponceau PK15 Nzerekore	Nzérékoré	w1023585394
PONT_SANS_OUVRAGE	Pont	Chemin carrossable			25	74097	DALOT	Dalot PK112 Faranah	Faranah	w701906118
PONT_SANS_OUVRAGE	Pont	Voie rapide	N2		25	126464	DALOT	Dalot PK112 Faranah	Faranah	w688637610
PONT_SANS_OUVRAGE	Pont	Route non classifiée			25	173358	RADIER	Radier de Diafore	Faranah	w1067861844
PONT_SANS_OUVRAGE	Pont	Route tertiaire			25	134189	PONT	Pont de Milo	Kankan	w911475153
PONT_SANS_OUVRAGE	Pont	Route résidentielle			25	44821	PONT	Pont du Fatala	Boké	w654717977
PONT_SANS_OUVRAGE	Pont	Route secondaire			25	28882	PONCEAU	Ponceau PK15 Nzerekore	Nzérékoré	w253565792
PONT_SANS_OUVRAGE	Pont	Route tertiaire			25	36820	DALOT	Dalot PK112 Faranah	Faranah	w398620182
PONT_SANS_OUVRAGE	Pont	Voie rapide			25	175518	RADIER	Radier de Diafore	Boké	w373171873
PONT_SANS_OUVRAGE	Pont	Voie rapide	N5		25	22437	RADIER	Radier de Diafore	Labé	w686117158
PONT_SANS_OUVRAGE	Pont	Route secondaire			25	32221	PONT	Pont de Kolente	Kindia	w328356953
PONT_SANS_OUVRAGE	Pont	Route tertiaire			25	36342	DALOT	Kouété	Kindia	w337382028
PONT_SANS_OUVRAGE	Pont	Route tertiaire			25	15109	PONT	Pont rentrée forécariah	Kindia	w333477741
PONT_SANS_OUVRAGE	Pont	Route non classifiée			25	28683	DALOT	Dalot PK112 Faranah	Faranah	w270884282
PONT_SANS_OUVRAGE	Pont	Voie rapide	N5		25	46746	RADIER	Radier de Diafore	Labé	w635374000
PONT_SANS_OUVRAGE	Pont	Route secondaire			25	125024	PONCEAU	Ponceau PK15 Nzerekore	Nzérékoré	w681636773
PONT_SANS_OUVRAGE	Pont	Chemin carrossable			25	12345	MUR_SOUTENEMENT	Mur de soutenement Mont Gangan	Mamou	w328985822
PONT_SANS_OUVRAGE	Pont	Voie rapide			25	188753	RADIER	Radier de Diafore	Boké	w685838692
PONT_SANS_OUVRAGE	Pont	Route tertiaire			25	71301	PONT	Pont du Konkoure	Kindia	w325602548
PONT_SANS_OUVRAGE	Pont	Voie rapide	N5		25	106532	RADIER	Radier de Diafore	Boké	w685779923
PONT_SANS_OUVRAGE	Pont	Voie rapide	N1		25	8848	PONT	Pont de Kolente	Kindia	w690017668
PONT_SANS_OUVRAGE	Pont	Voie rapide	N1		25	8591	PONT	Pont de Kolente	Kindia	w690017394
PONT_SANS_OUVRAGE	Pont	Route non classifiée			25	108785	DALOT	Dalot PK112 Faranah	Faranah	w943525530
PONT_SANS_OUVRAGE	Pont	Voie rapide	N1		25	131230	PONT	Pont de Milo	Kankan	w319734247
PONT_SANS_OUVRAGE	Pont	Route non classifiée			25	100831	DALOT	Dalot PK112 Faranah	Faranah	w943539630
PONT_SANS_OUVRAGE	Pont	Route non classifiée			25	103379	DALOT	Dalot PK112 Faranah	Faranah	w943903745
PONT_SANS_OUVRAGE	Pont	Route tertiaire			25	57812	PONCEAU	Ponceau PK15 Nzerekore	Nzérékoré	w274151652
PONT_SANS_OUVRAGE	Pont	Route non classifiée			25	83735	PONT	Pont de Milo	Kankan	w688862012
PONT_SANS_OUVRAGE	Pont	Route primaire			25	162467	DALOT	Dalot PK112 Faranah	Faranah	w269143238
PONT_SANS_OUVRAGE	Pont	Route primaire			25	8986	BUSE	Buse PK8 Conakry-Coyah	Conakry	w269783538
PONT_SANS_OUVRAGE	Pont	Route tertiaire			25	151467	PONCEAU	Ponceau PK15 Nzerekore	Kankan	w687590739
PONT_SANS_OUVRAGE	Pont	Route tertiaire			25	72367	PONT	Pont de Milo	Kankan	w683097685
PONT_SANS_OUVRAGE	Pont	Voie rapide			25	190138	RADIER	Radier de Diafore	Boké	w685779919
PONT_SANS_OUVRAGE	Pont	Route tertiaire			25	30611	PONT	Pont de Milo	Kankan	w682859558
PONT_SANS_OUVRAGE	Pont	Route tertiaire			25	26462	PONT	Pont de Milo	Kankan	w682859555
PONT_SANS_OUVRAGE	Pont	Route tertiaire			25	17419	PONT	Pont de Milo	Kankan	w681985942
PONT_SANS_OUVRAGE	Pont	Route non classifiée			25	118352	DALOT	Dalot PK112 Faranah	Kankan	w691393479
PONT_SANS_OUVRAGE	Pont	Chemin carrossable			25	100696	DALOT	Dalot PK112 Faranah	Faranah	w941801119
PONT_SANS_OUVRAGE	Pont	Route non classifiée			25	53154	DALOT	Dalot PK112 Faranah	Faranah	w683365767
PONT_SANS_OUVRAGE	Pont	Route non classifiée			24	101674	DALOT	Dalot PK112 Faranah	Faranah	w943014276
PONT_SANS_OUVRAGE	Pont	Chemin carrossable			24	103672	DALOT	Dalot PK112 Faranah	Faranah	w943489911
PONT_SANS_OUVRAGE	Pont	Route tertiaire			24	33979	DALOT	Kouété	Kindia	w334211766
PONT_SANS_OUVRAGE	Pont	Route non classifiée			24	128381	PONT	Pont de Milo	Kankan	w678679711
PONT_SANS_OUVRAGE	Pont	Voie rapide			24	125781	PONT	Pont du Konkoure	Boké	w377984700
PONT_SANS_OUVRAGE	Pont	Chemin carrossable			24	98903	DALOT	Dalot PK112 Faranah	Faranah	w944684044
PONT_SANS_OUVRAGE	Pont	Chemin non carrossable			24	26154	PONCEAU	Ponceau PK15 Nzerekore	Nzérékoré	w322782604
PONT_SANS_OUVRAGE	Pont	Chemin carrossable			24	114822	DALOT	Dalot PK112 Faranah	Faranah	w944717199
PONT_SANS_OUVRAGE	Pont	Voie piétonne			24	8108	BUSE	Buse PK8 Conakry-Coyah	Conakry	w600404565
PONT_SANS_OUVRAGE	Pont	Route non classifiée			24	41486	MUR_SOUTENEMENT	Mur de soutenement Mont Gangan	Mamou	w273095934
PONT_SANS_OUVRAGE	Pont	Route non classifiée			24	99225	PONT	Pont du Konkoure	Boké	w632627415
PONT_SANS_OUVRAGE	Pont	Route tertiaire			24	82338	PONT	Pont du Konkoure	Kindia	w561307892
PONT_SANS_OUVRAGE	Pont	Route tertiaire			24	47138	RADIER	Radier de Diafore	Labé	w238462343
PONT_SANS_OUVRAGE	Pont	Chemin carrossable			24	139240	DALOT	Dalot PK112 Faranah	Faranah	w1066148482
PONT_SANS_OUVRAGE	Pont	Route primaire	N8		24	43908	RADIER	Radier de Diafore	Labé	w687589332
PONT_SANS_OUVRAGE	Pont	Route tertiaire			24	16411	MUR_SOUTENEMENT	Mur de soutenement Mont Gangan	Mamou	w330477516
PONT_SANS_OUVRAGE	Pont	Route non classifiée			24	3815	RADIER	Radier de Diafore	Mamou	w541749940
PONT_SANS_OUVRAGE	Pont	Route primaire			24	11562	BUSE	Buse PK8 Conakry-Coyah	Conakry	w39450863
PONT_SANS_OUVRAGE	Pont	Chemin carrossable			24	40421	DALOT	Dalot PK112 Faranah	Faranah	w665598731
PONT_SANS_OUVRAGE	Pont	Route non classifiée			24	65898	DALOT	Dalot PK112 Faranah	Kankan	w486201192
PONT_SANS_OUVRAGE	Pont	Chemin carrossable			24	36266	DALOT	Dalot PK112 Faranah	Faranah	w665198638
PONT_SANS_OUVRAGE	Pont	Route non classifiée			24	125663	PONT	Pont de Milo	Faranah	w937309597
PONT_SANS_OUVRAGE	Pont	Chemin carrossable			24	108008	DALOT	Dalot PK112 Faranah	Faranah	w1085057181
PONT_SANS_OUVRAGE	Pont	Route non classifiée			24	26454	PONCEAU	Ponceau PK15 Nzerekore	Nzérékoré	w1000800174
PONT_SANS_OUVRAGE	Pont	Route tertiaire			24	64186	PONCEAU	Ponceau PK15 Nzerekore	Nzérékoré	w496941661
PONT_SANS_OUVRAGE	Pont	Voie rapide	N2		24	126465	DALOT	Dalot PK112 Faranah	Faranah	w688637612
PONT_SANS_OUVRAGE	Pont	Route tertiaire			24	60418	PONCEAU	Ponceau PK15 Nzerekore	Nzérékoré	w765278247
PONT_SANS_OUVRAGE	Pont	Route secondaire			24	65107	PONT	Pont de Milo	Kankan	w682868097
PONT_SANS_OUVRAGE	Pont	Chemin carrossable			24	21790	PONCEAU	Ponceau PK15 Nzerekore	Nzérékoré	w651561751
PONT_SANS_OUVRAGE	Pont	Route primaire			24	14017	BUSE	Buse PK8 Conakry-Coyah	Conakry	w269147251
PONT_SANS_OUVRAGE	Pont	Chemin non carrossable			24	57488	RADIER	Radier de Diafore	Labé	w635380668
PONT_SANS_OUVRAGE	Pont	Voie rapide	N3		24	22672	DALOT	Coyah	Kindia	w688917598
PONT_SANS_OUVRAGE	Pont	Route résidentielle			24	973	PONCEAU	Ponceau PK15 Nzerekore	Nzérékoré	w223820318
PONT_SANS_OUVRAGE	Pont	Chemin carrossable			24	68540	PONT	Pont de Milo	Kankan	w691668455
PONT_SANS_OUVRAGE	Pont	Route résidentielle			24	3960	DALOT	Coyah	Kindia	w269822196
PONT_SANS_OUVRAGE	Pont	Route non classifiée			24	75956	DALOT	Dalot PK112 Faranah	Faranah	w774651777
PONT_SANS_OUVRAGE	Pont	Route tertiaire			24	189947	PONT	Pont de Milo	Faranah	w302317306
PONT_SANS_OUVRAGE	Pont	Route non classifiée			24	178761	RADIER	Radier de Diafore	Faranah	w1067919875
PONT_SANS_OUVRAGE	Pont	Route non classifiée			24	2255	DALOT	KM66	Kindia	w338667662
PONT_SANS_OUVRAGE	Pont	Voie rapide	N1		24	10278	DALOT	Dalot PK35 Kindia-Mamou	Kindia	w690012611
PONT_SANS_OUVRAGE	Pont	Voie rapide	N2	Lola - Danané	24	40038	PONCEAU	Ponceau PK15 Nzerekore	Nzérékoré	w307900418
PONT_SANS_OUVRAGE	Pont	Route non classifiée			24	5994	PONT	Pont rentrée forécariah	Kindia	w914751295
PONT_SANS_OUVRAGE	Pont	Voie rapide	N2	N'zérékoré - Lola	24	29401	PONCEAU	Ponceau PK15 Nzerekore	Nzérékoré	w319036069
PONT_SANS_OUVRAGE	Pont	Voie rapide	N5		24	29795	RADIER	Radier de Diafore	Mamou	w379590188
PONT_SANS_OUVRAGE	Pont	Route secondaire	N25		24	56157	RADIER	Radier de Diafore	Labé	w686842013
PONT_SANS_OUVRAGE	Pont	Route secondaire			24	19739	PONT	Pont du Fatala	Boké	w312320384
PONT_SANS_OUVRAGE	Pont	Chemin non carrossable			24	22369	DALOT	Manfrinyah	Kindia	w338417634
PONT_SANS_OUVRAGE	Pont	Voie rapide	N2	N'zérékoré-Macenta	24	87952	PONCEAU	Ponceau PK15 Nzerekore	Nzérékoré	w690232661
PONT_SANS_OUVRAGE	Pont	Chemin non carrossable			24	27622	DALOT	Coyah Carref(RN1/RN4)	Kindia	w333912017
PONT_SANS_OUVRAGE	Pont	Chemin carrossable			24	103611	DALOT	Dalot PK112 Faranah	Kankan	w689918120
PONT_SANS_OUVRAGE	Pont	Route non classifiée			24	119666	DALOT	Dalot PK112 Faranah	Kankan	w688647692
PONT_SANS_OUVRAGE	Pont	Route tertiaire			24	15780	PONCEAU	Ponceau PK15 Nzerekore	Nzérékoré	w307647041
PONT_SANS_OUVRAGE	Pont	Route tertiaire			24	98157	DALOT	Dalot PK112 Faranah	Faranah	w351615021
PONT_SANS_OUVRAGE	Pont	Route tertiaire			23	69288	PONT	Pont de Milo	Kankan	w701523061
PONT_SANS_OUVRAGE	Pont	Chemin non carrossable			23	22582	PONT	Pont de Kolente	Kindia	w329481522
PONT_SANS_OUVRAGE	Pont	Chemin non carrossable			23	85931	DALOT	Dalot PK112 Faranah	Faranah	w701907195
PONT_SANS_OUVRAGE	Pont	Chemin non carrossable			23	93882	PONCEAU	Ponceau PK15 Nzerekore	Nzérékoré	w750569841
PONT_SANS_OUVRAGE	Pont	Route primaire		Pont Kaporo	23	10194	BUSE	Buse PK8 Conakry-Coyah	Conakry	w39451036
PONT_SANS_OUVRAGE	Pont	Route primaire	N27		23	45739	RADIER	Radier de Diafore	Labé	w238462320
PONT_SANS_OUVRAGE	Pont	Route primaire			23	14021	BUSE	Buse PK8 Conakry-Coyah	Conakry	w269147250
PONT_SANS_OUVRAGE	Pont	Route primaire	N1	Péla - Diécké	23	43007	PONCEAU	Ponceau PK15 Nzerekore	Nzérékoré	w317105154
PONT_SANS_OUVRAGE	Pont	Route primaire	N33		23	127821	PONT	Pont de Milo	Faranah	w681919368
PONT_SANS_OUVRAGE	Pont	Route primaire	N27		23	81084	RADIER	Radier de Diafore	Labé	w685128232
PONT_SANS_OUVRAGE	Pont	Route primaire	N8		23	53708	RADIER	Radier de Diafore	Labé	w687589331
PONT_SANS_OUVRAGE	Pont	Route primaire	N32		23	47121	PONT	Pont de Milo	Kankan	w698149376
PONT_SANS_OUVRAGE	Pont	Route résidentielle			23	40221	RADIER	Radier de Diafore	Labé	w422033282
PONT_SANS_OUVRAGE	Pont	Route résidentielle			23	5158	BUSE	Buse PK8 Conakry-Coyah	Conakry	w548886768
PONT_SANS_OUVRAGE	Pont	Route secondaire			23	8063	PONT	Pont de Milo	Kankan	w317407953
PONT_SANS_OUVRAGE	Pont	Route secondaire			23	17296	RADIER	Radier de Diafore	Labé	w686665098
PONT_SANS_OUVRAGE	Pont	Route secondaire			23	2241	PONCEAU	Ponceau PK15 Nzerekore	Nzérékoré	w918610691
PONT_SANS_OUVRAGE	Pont	Route tertiaire			23	55346	RADIER	Radier de Diafore	Labé	w282631867
PONT_SANS_OUVRAGE	Pont	Route tertiaire			23	151338	PONT	Pont de Milo	Nzérékoré	w304026291
PONT_SANS_OUVRAGE	Pont	Route tertiaire			23	130390	PONT	Pont de Milo	Kankan	w678889673
PONT_SANS_OUVRAGE	Pont	Route tertiaire			23	143503	PONT	Pont de Milo	Faranah	w686584284
PONT_SANS_OUVRAGE	Pont	Route tertiaire			23	133891	DALOT	Dalot PK112 Faranah	Faranah	w686587357
PONT_SANS_OUVRAGE	Pont	Route tertiaire			23	77429	PONCEAU	Ponceau PK15 Nzerekore	Nzérékoré	w688335075
PONT_SANS_OUVRAGE	Pont	Route tertiaire			23	164360	PONT	Pont de Milo	Kankan	w746143009
PONT_SANS_OUVRAGE	Pont	Chemin carrossable			23	80443	PONT	Pont de Milo	Kankan	w688879550
PONT_SANS_OUVRAGE	Pont	Chemin carrossable			23	45924	PONT	Pont de Milo	Kankan	w927247077
PONT_SANS_OUVRAGE	Pont	Chemin carrossable			23	97461	DALOT	Dalot PK112 Faranah	Faranah	w936758246
PONT_SANS_OUVRAGE	Pont	Chemin carrossable			23	118950	PONT	Pont de Milo	Faranah	w937338941
PONT_SANS_OUVRAGE	Pont	Chemin carrossable			23	41414	DALOT	Dalot PK112 Faranah	Faranah	w939984919
PONT_SANS_OUVRAGE	Pont	Chemin carrossable			23	35491	DALOT	Dalot PK112 Faranah	Faranah	w940386067
PONT_SANS_OUVRAGE	Pont	Chemin carrossable			23	28792	DALOT	Dalot PK112 Faranah	Faranah	w941153913
PONT_SANS_OUVRAGE	Pont	Chemin carrossable			23	119531	DALOT	Dalot PK112 Faranah	Faranah	w941754634
PONT_SANS_OUVRAGE	Pont	Chemin carrossable			23	108928	DALOT	Dalot PK112 Faranah	Faranah	w941828867
PONT_SANS_OUVRAGE	Pont	Chemin carrossable			23	156762	RADIER	Radier de Diafore	Faranah	w1067935480
PONT_SANS_OUVRAGE	Pont	Chemin carrossable			23	89885	DALOT	Dalot PK112 Faranah	Faranah	w1085587090
PONT_SANS_OUVRAGE	Pont	Voie rapide	N3		23	13899	DALOT	Coyah	Kindia	w270984940
PONT_SANS_OUVRAGE	Pont	Voie rapide	N5		23	105684	RADIER	Radier de Diafore	Boké	w685860568
PONT_SANS_OUVRAGE	Pont	Voie rapide	N5		23	33464	RADIER	Radier de Diafore	Labé	w686125102
PONT_SANS_OUVRAGE	Pont	Route non classifiée			23	26208	DALOT	Coyah	Kindia	w271088734
PONT_SANS_OUVRAGE	Pont	Route non classifiée			23	39302	DALOT	Dalot PK35 Kindia-Mamou	Kindia	w329454240
PONT_SANS_OUVRAGE	Pont	Route non classifiée			23	36425	DALOT	Dalot PK112 Faranah	Faranah	w398761619
PONT_SANS_OUVRAGE	Pont	Route non classifiée			23	45043	MUR_SOUTENEMENT	Mur de soutenement Mont Gangan	Mamou	w812576183
PONT_SANS_OUVRAGE	Pont	Route non classifiée			23	118260	PONT	Pont de Milo	Faranah	w937338937
PONT_SANS_OUVRAGE	Pont	Route non classifiée			23	118542	DALOT	Dalot PK112 Faranah	Faranah	w943527550
PONT_SANS_OUVRAGE	Pont	Route non classifiée			23	120091	DALOT	Dalot PK112 Faranah	Faranah	w944731230
PONT_SANS_OUVRAGE	Pont	Route non classifiée			23	12366	RADIER	Radier de Diafore	Labé	w1006393220
PONT_SANS_OUVRAGE	Pont	Route non classifiée			23	153781	RADIER	Radier de Diafore	Faranah	w1067198407
PONT_SANS_OUVRAGE	Pont	Route non classifiée			23	179952	RADIER	Radier de Diafore	Faranah	w1067919879
PONT_SANS_OUVRAGE	Pont	Route primaire	N30		22	169962	PONT	Pont de Milo	Faranah	w270625215
PONT_SANS_OUVRAGE	Pont	Voie rapide		Ganta - Nzérékoré	22	41498	PONCEAU	Ponceau PK15 Nzerekore	Nzérékoré	w253669576
PONT_SANS_OUVRAGE	Pont	Route secondaire			22	7923	PONT	Pont de Milo	Kankan	w689910804
PONT_SANS_OUVRAGE	Pont	Chemin carrossable			22	111875	DALOT	Dalot PK112 Faranah	Faranah	w305444150
PONT_SANS_OUVRAGE	Pont	Route non classifiée			22	2020	DALOT	Dalot PK 22.5	Kindia	w339117032
PONT_SANS_OUVRAGE	Pont	Route non classifiée			22	23315	DALOT	Manfrinyah	Kindia	w338417623
PONT_SANS_OUVRAGE	Pont	Chemin carrossable			22	133851	PONT	Pont de Milo	Kankan	w690236449
PONT_SANS_OUVRAGE	Pont	Chemin non carrossable			22	123129	PONCEAU	Ponceau PK15 Nzerekore	Nzérékoré	w745439274
PONT_SANS_OUVRAGE	Pont	Route résidentielle			22	37282	PONT	Pont de Kolente	Boké	w545714087
PONT_SANS_OUVRAGE	Pont	Route secondaire		Rond Point Aéroport	22	8425	BUSE	Buse PK8 Conakry-Coyah	Conakry	w499645248
PONT_SANS_OUVRAGE	Pont	Chemin carrossable			22	107034	DALOT	Dalot PK112 Faranah	Faranah	w269179335
PONT_SANS_OUVRAGE	Pont	Route non classifiée			22	53917	PONT	Pont du Konkoure	Kindia	w331316976
PONT_SANS_OUVRAGE	Pont	Route tertiaire			22	70964	PONT	Pont de Milo	Kankan	w730153451
PONT_SANS_OUVRAGE	Pont	Voie rapide	N5		22	28931	RADIER	Radier de Diafore	Labé	w686117155
PONT_SANS_OUVRAGE	Pont	Route résidentielle			22	70028	PONT	Pont de Milo	Kankan	w1006146150
PONT_SANS_OUVRAGE	Pont	Route secondaire			22	15109	PONCEAU	Ponceau PK15 Nzerekore	Nzérékoré	w253675079
PONT_SANS_OUVRAGE	Pont	Route non classifiée			22	154544	DALOT	Dalot PK112 Faranah	Faranah	w292231917
PONT_SANS_OUVRAGE	Pont	Chemin carrossable			22	41920	DALOT	Dalot PK112 Faranah	Faranah	w939984912
PONT_SANS_OUVRAGE	Pont	Route tertiaire			22	83337	RADIER	Radier de Diafore	Labé	w504249926
PONT_SANS_OUVRAGE	Pont	Route tertiaire			22	171967	PONT	Pont de Milo	Kankan	w998371996
PONT_SANS_OUVRAGE	Pont	Route tertiaire			22	39206	MUR_SOUTENEMENT	Mur de soutenement Mont Gangan	Mamou	w497952069
PONT_SANS_OUVRAGE	Pont	Voie rapide	N5		22	27231	RADIER	Radier de Diafore	Labé	w686117157
PONT_SANS_OUVRAGE	Pont	Route primaire			22	8839	BUSE	Buse PK8 Conakry-Coyah	Conakry	w505428165
PONT_SANS_OUVRAGE	Pont	Route non classifiée			22	144945	DALOT	Dalot PK112 Faranah	Faranah	w1069240118
PONT_SANS_OUVRAGE	Pont	Route tertiaire			22	31895	PONCEAU	Ponceau PK15 Nzerekore	Nzérékoré	w273390123
PONT_SANS_OUVRAGE	Pont	Route non classifiée			22	25115	RADIER	Radier de Diafore	Mamou	w820184066
PONT_SANS_OUVRAGE	Pont	Route tertiaire			22	165014	DALOT	Dalot PK112 Faranah	Faranah	w274846450
PONT_SANS_OUVRAGE	Pont	Voie rapide	N5		22	12333	RADIER	Radier de Diafore	Labé	w538169232
PONT_SANS_OUVRAGE	Pont	Voie rapide	N2		22	113238	DALOT	Dalot PK112 Faranah	Faranah	w688637618
PONT_SANS_OUVRAGE	Pont	Voie rapide	N1		22	77682	PONT	Pont de Milo	Kankan	w465635433
PONT_SANS_OUVRAGE	Pont	Chemin carrossable			22	31137	DALOT	Dalot PK112 Faranah	Faranah	w665838417
PONT_SANS_OUVRAGE	Pont	Route non classifiée			22	51769	RADIER	Radier de Diafore	Labé	w238462342
PONT_SANS_OUVRAGE	Pont	Voie rapide	N6		22	4402	PONT	Pont de Milo	Kankan	w539259283
PONT_SANS_OUVRAGE	Pont	Route non classifiée			22	48074	RADIER	Radier de Diafore	Labé	w635294646
PONT_SANS_OUVRAGE	Pont	Route secondaire			22	191322	DALOT	Dalot PK112 Faranah	Nzérékoré	w679499241
PONT_SANS_OUVRAGE	Pont	Voie rapide	N2	N'zérékoré-Macenta	22	99870	PONCEAU	Ponceau PK15 Nzerekore	Nzérékoré	w686681462
PONT_SANS_OUVRAGE	Pont	Route non classifiée			22	91846	DALOT	Dalot PK112 Faranah	Faranah	w268834565
PONT_SANS_OUVRAGE	Pont	Voie rapide	N2		22	40036	PONCEAU	Ponceau PK15 Nzerekore	Nzérékoré	w307900421
PONT_SANS_OUVRAGE	Pont	Route non classifiée			22	35203	RADIER	Radier de Diafore	Labé	w632661036
PONT_SANS_OUVRAGE	Pont	Route non classifiée			22	87668	RADIER	Radier de Diafore	Boké	w632558226
PONT_SANS_OUVRAGE	Pont	Voie rapide	N3		22	13197	DALOT	Coyah	Kindia	w272180980
PONT_SANS_OUVRAGE	Pont	Voie rapide	N3		22	28881	PONT	Pont du Fatala	Boké	w686855363
PONT_SANS_OUVRAGE	Pont	Route non classifiée			22	82542	DALOT	Dalot PK112 Faranah	Kankan	w689929243
PONT_SANS_OUVRAGE	Pont	Route primaire			22	54794	DALOT	Coyah	Kindia	w690019675
PONT_SANS_OUVRAGE	Pont	Voie rapide	N1		22	5012	DALOT	Coyah	Kindia	w271030895
PONT_SANS_OUVRAGE	Pont	Voie rapide	N2		22	140478	PONCEAU	Ponceau PK15 Nzerekore	Nzérékoré	w687321777
PONT_SANS_OUVRAGE	Pont	Voie rapide	N2		22	157270	DALOT	Dalot PK112 Faranah	Faranah	w651565621
PONT_SANS_OUVRAGE	Pont	Route primaire	N30		22	138825	DALOT	Dalot PK112 Faranah	Faranah	w223060212
PONT_SANS_OUVRAGE	Pont	Chemin carrossable			22	101532	DALOT	Dalot PK112 Faranah	Faranah	w943539625
PONT_SANS_OUVRAGE	Pont	Chemin carrossable			22	101530	DALOT	Dalot PK112 Faranah	Kankan	w691402653
PONT_SANS_OUVRAGE	Pont	Route primaire	N1		22	45618	PONCEAU	Ponceau PK15 Nzerekore	Nzérékoré	w253669577
PONT_SANS_OUVRAGE	Pont	Chemin carrossable			22	103492	DALOT	Dalot PK112 Faranah	Faranah	w943903738
PONT_SANS_OUVRAGE	Pont	Chemin carrossable			21	109208	PONT	Pont de Milo	Kankan	w936711238
PONT_SANS_OUVRAGE	Pont	Chemin carrossable			21	118911	DALOT	Dalot PK112 Faranah	Faranah	w936744986
PONT_SANS_OUVRAGE	Pont	Route non classifiée			21	140424	PONCEAU	Ponceau PK15 Nzerekore	Kankan	w738633731
PONT_SANS_OUVRAGE	Pont	Route non classifiée			21	58063	PONT	Pont de Milo	Kankan	w754474624
PONT_SANS_OUVRAGE	Pont	Chemin non carrossable			21	71384	RADIER	Radier de Diafore	Boké	w640307681
PONT_SANS_OUVRAGE	Pont	Route tertiaire			21	94780	PONCEAU	Ponceau PK15 Nzerekore	Nzérékoré	w686661196
PONT_SANS_OUVRAGE	Pont	Route non classifiée			21	39415	DALOT	Kouété	Kindia	w239308570
PONT_SANS_OUVRAGE	Pont	Voie rapide			21	133342	RADIER	Radier de Diafore	Boké	w377990050
PONT_SANS_OUVRAGE	Pont	Voie rapide	N5		21	43607	RADIER	Radier de Diafore	Labé	w686128848
PONT_SANS_OUVRAGE	Pont	Route non classifiée			21	26894	PONT	Pont de Milo	Kankan	w254019844
PONT_SANS_OUVRAGE	Pont	Voie rapide	N2	N'zérékoré-Macenta	21	56518	PONCEAU	Ponceau PK15 Nzerekore	Nzérékoré	w686666737
PONT_SANS_OUVRAGE	Pont	Voie rapide	N4		21	19501	PONT	Pont rentrée forécariah	Kindia	w330823896
PONT_SANS_OUVRAGE	Pont	Voie rapide	N2		21	26278	MUR_SOUTENEMENT	Mur de soutenement Mont Gangan	Mamou	w271608611
PONT_SANS_OUVRAGE	Pont	Voie rapide	N1	Route nationale Conakry-Mali	21	14408	MUR_SOUTENEMENT	Mur de soutenement Mont Gangan	Mamou	w687344574
PONT_SANS_OUVRAGE	Pont	Route secondaire			21	34756	RADIER	Radier de Diafore	Labé	w617718561
PONT_SANS_OUVRAGE	Pont	Route non classifiée			21	11804	PONT	Pont du Konkoure	Kindia	w949554639
PONT_SANS_OUVRAGE	Pont	Voie rapide	N1		21	33662	PONCEAU	Ponceau PK15 Nzerekore	Nzérékoré	w687593226
PONT_SANS_OUVRAGE	Pont	Route non classifiée			21	134549	PONT	Pont de Milo	Kankan	w270900240
PONT_SANS_OUVRAGE	Pont	Route tertiaire			21	121222	PONT	Pont de Milo	Kankan	w488134563
PONT_SANS_OUVRAGE	Pont	Route non classifiée			21	113977	DALOT	Dalot PK112 Faranah	Faranah	w271030457
PONT_SANS_OUVRAGE	Pont	Route tertiaire			21	138178	PONT	Pont de Milo	Kankan	w496780755
PONT_SANS_OUVRAGE	Pont	Route non classifiée			21	147352	PONCEAU	Ponceau PK15 Nzerekore	Nzérékoré	w275775278
PONT_SANS_OUVRAGE	Pont	Route tertiaire			21	60503	RADIER	Radier de Diafore	Labé	w502997119
PONT_SANS_OUVRAGE	Pont	Voie rapide			21	139582	RADIER	Radier de Diafore	Boké	w690182688
PONT_SANS_OUVRAGE	Pont	Chemin carrossable			21	132684	DALOT	Dalot PK112 Faranah	Faranah	w689931466
PONT_SANS_OUVRAGE	Pont	Voie rapide	N5		21	6695	RADIER	Radier de Diafore	Labé	w541749942
PONT_SANS_OUVRAGE	Pont	Route secondaire	N21		21	56683	PONT	Pont du Konkoure	Kindia	w332195957
PONT_SANS_OUVRAGE	Pont	Chemin carrossable			21	143256	RADIER	Radier de Diafore	Faranah	w1067135729
PONT_SANS_OUVRAGE	Pont	Chemin carrossable			21	133124	PONT	Pont de Milo	Faranah	w949682144
PONT_SANS_OUVRAGE	Pont	Route tertiaire			21	136445	DALOT	Dalot PK112 Faranah	Faranah	w272128637
PONT_SANS_OUVRAGE	Pont	Route tertiaire			21	10859	BUSE	Buse PK8 Conakry-Coyah	Conakry	w270875921
PONT_SANS_OUVRAGE	Pont	Chemin carrossable			21	122919	DALOT	Dalot PK112 Faranah	Kankan	w689970816
PONT_SANS_OUVRAGE	Pont	Chemin non carrossable			21	49334	PONCEAU	Ponceau PK15 Nzerekore	Nzérékoré	w274188428
PONT_SANS_OUVRAGE	Pont	Route non classifiée			21	15556	PONT	Pont du Fatala	Boké	w332598397
PONT_SANS_OUVRAGE	Pont	Route résidentielle			21	9100	BUSE	Buse PK8 Conakry-Coyah	Conakry	w547991703
PONT_SANS_OUVRAGE	Pont	Route non classifiée			21	26435	DALOT	Coyah Carref(RN1/RN4)	Kindia	w333912023
PONT_SANS_OUVRAGE	Pont	Route non classifiée			21	27260	DALOT	Kouété	Kindia	w338051470
PONT_SANS_OUVRAGE	Pont	Chemin carrossable			21	133949	DALOT	Dalot PK112 Faranah	Faranah	w944753837
PONT_SANS_OUVRAGE	Pont	Route non classifiée			21	34817	PONT	Pont de Kolente	Kindia	w340226013
PONT_SANS_OUVRAGE	Pont	Route non classifiée			21	36202	RADIER	Radier de Diafore	Mamou	w432181296
PONT_SANS_OUVRAGE	Pont	Voie rapide	N1		21	134631	PONT	Pont de Milo	Kankan	w689132419
PONT_SANS_OUVRAGE	Pont	Voie rapide	N2		21	83665	DALOT	Dalot PK112 Faranah	Faranah	w684460775
PONT_SANS_OUVRAGE	Pont	Chemin carrossable			21	91821	DALOT	Dalot PK112 Faranah	Faranah	w943410252
PONT_SANS_OUVRAGE	Pont	Route non classifiée			21	7797	RADIER	Radier de Diafore	Labé	w537271136
PONT_SANS_OUVRAGE	Pont	Route non classifiée			21	100544	PONT	Pont du Konkoure	Kindia	w633610294
PONT_SANS_OUVRAGE	Pont	Chemin carrossable			21	85480	DALOT	Dalot PK112 Faranah	Faranah	w942583811
PONT_SANS_OUVRAGE	Pont	Route primaire	N30		21	115319	PONT	Pont de Milo	Kankan	w669567552
PONT_SANS_OUVRAGE	Pont	Chemin carrossable			21	113996	DALOT	Dalot PK112 Faranah	Faranah	w942382479
PONT_SANS_OUVRAGE	Pont	Route primaire	N22		21	47762	PONT	Pont du Konkoure	Boké	w667510852
PONT_SANS_OUVRAGE	Pont	Chemin carrossable			21	67241	PONT	Pont de Milo	Kankan	w698007599
PONT_SANS_OUVRAGE	Pont	Route non classifiée			21	39407	PONT	Pont du Fatala	Boké	w667014719
PONT_SANS_OUVRAGE	Pont	Route non classifiée			21	47452	PONT	Pont du Konkoure	Boké	w674981088
PONT_SANS_OUVRAGE	Pont	Route tertiaire			21	50511	PONT	Pont de Milo	Kankan	w270368424
PONT_SANS_OUVRAGE	Pont	Route primaire	N10		21	113355	PONCEAU	Ponceau PK15 Nzerekore	Nzérékoré	w272120453
PONT_SANS_OUVRAGE	Pont	Route non classifiée			21	113577	PONCEAU	Ponceau PK15 Nzerekore	Nzérékoré	w917969542
PONT_SANS_OUVRAGE	Pont	Voie piétonne			21	11981	BUSE	Buse PK8 Conakry-Coyah	Conakry	w547892854
PONT_SANS_OUVRAGE	Pont	Chemin non carrossable			21	133416	DALOT	Dalot PK112 Faranah	Faranah	w944721794
PONT_SANS_OUVRAGE	Pont	Chemin non carrossable			21	121584	DALOT	Dalot PK112 Faranah	Faranah	w943663867
PONT_SANS_OUVRAGE	Pont	Route non classifiée			21	71728	PONT	Pont de Milo	Kankan	w793897549
PONT_SANS_OUVRAGE	Pont	Chemin non carrossable			20	138007	DALOT	Dalot PK112 Faranah	Faranah	w945192825
PONT_SANS_OUVRAGE	Pont	Voie rapide	N1		20	107875	PONCEAU	Ponceau PK15 Nzerekore	Nzérékoré	w253617029
PONT_SANS_OUVRAGE	Pont	Chemin non carrossable			20	45983	RADIER	Radier de Diafore	Labé	w420822321
PONT_SANS_OUVRAGE	Pont	Voie piétonne			20	11097	BUSE	Buse PK8 Conakry-Coyah	Conakry	w547892849
PONT_SANS_OUVRAGE	Pont	Route tertiaire			20	52817	DALOT	Coyah Carref(RN1/RN4)	Kindia	w331907869
PONT_SANS_OUVRAGE	Pont	Route primaire	N32		20	72961	PONT	Pont de Milo	Kankan	w918885674
PONT_SANS_OUVRAGE	Pont	Route non classifiée			20	47951	RADIER	Radier de Diafore	Mamou	w430771904
PONT_SANS_OUVRAGE	Pont	Route non classifiée			20	88886	DALOT	Dalot PK112 Faranah	Kankan	w691417172
PONT_SANS_OUVRAGE	Pont	Route non classifiée			20	10204	PONT	Pont du Konkoure	Kindia	w949554650
PONT_SANS_OUVRAGE	Pont	Route non classifiée			20	107820	DALOT	Dalot PK112 Faranah	Kankan	w691461710
PONT_SANS_OUVRAGE	Pont	Voie rapide	N1		20	82440	DALOT	Dalot PK112 Faranah	Faranah	w270510107
PONT_SANS_OUVRAGE	Pont	Route non classifiée			20	45429	RADIER	Radier de Diafore	Labé	w440006813
PONT_SANS_OUVRAGE	Pont	Route non classifiée			20	62257	PONT	Pont de Milo	Kankan	w270368425
PONT_SANS_OUVRAGE	Pont	Chemin carrossable			20	102538	DALOT	Dalot PK112 Faranah	Kankan	w691412190
PONT_SANS_OUVRAGE	Pont	Route non classifiée			20	101145	PONCEAU	Ponceau PK15 Nzerekore	Nzérékoré	w488037070
PONT_SANS_OUVRAGE	Pont	Route non classifiée			20	107396	DALOT	Dalot PK112 Faranah	Faranah	w937096492
PONT_SANS_OUVRAGE	Pont	Chemin non carrossable			20	14812	DALOT	Dalot PK112 Faranah	Faranah	w692680403
PONT_SANS_OUVRAGE	Pont	Route non classifiée			20	112488	DALOT	Dalot PK112 Faranah	Faranah	w936900322
PONT_SANS_OUVRAGE	Pont	Route non classifiée			20	81813	PONT	Pont de Milo	Kankan	w691636614
PONT_SANS_OUVRAGE	Pont	Voie rapide			20	108793	PONT	Pont du Konkoure	Boké	w385573409
PONT_SANS_OUVRAGE	Pont	Voie rapide	N2		20	120113	PONCEAU	Ponceau PK15 Nzerekore	Nzérékoré	w690232665
PONT_SANS_OUVRAGE	Pont	Chemin carrossable			20	115319	DALOT	Dalot PK112 Faranah	Faranah	w943190404
PONT_SANS_OUVRAGE	Pont	Route non classifiée			20	154466	RADIER	Radier de Diafore	Faranah	w1068197459
PONT_SANS_OUVRAGE	Pont	Route non classifiée			20	170652	PONCEAU	Ponceau PK15 Nzerekore	Nzérékoré	w625772428
PONT_SANS_OUVRAGE	Pont	Chemin carrossable			20	36841	DALOT	Dalot PK112 Faranah	Faranah	w666900156
PONT_SANS_OUVRAGE	Pont	Route non classifiée			20	130416	DALOT	Dalot PK112 Faranah	Faranah	w269626176
PONT_SANS_OUVRAGE	Pont	Chemin non carrossable			20	133685	DALOT	Dalot PK112 Faranah	Faranah	w944277617
PONT_SANS_OUVRAGE	Pont	Chemin non carrossable			20	85643	DALOT	Dalot PK112 Faranah	Faranah	w701906755
PONT_SANS_OUVRAGE	Pont	Route non classifiée			20	154047	DALOT	Dalot PK112 Faranah	Faranah	w1073825445
PONT_SANS_OUVRAGE	Pont	Voie rapide	N2		20	143857	DALOT	Dalot PK112 Faranah	Faranah	w688445301
PONT_SANS_OUVRAGE	Pont	Route non classifiée			20	136554	PONCEAU	Ponceau PK15 Nzerekore	Kankan	w738633723
PONT_SANS_OUVRAGE	Pont	Route tertiaire			20	68181	PONCEAU	Ponceau PK15 Nzerekore	Nzérékoré	w310832080
PONT_SANS_OUVRAGE	Pont	Route secondaire			20	36984	PONT	Pont de Milo	Kankan	w681971899
PONT_SANS_OUVRAGE	Pont	Chemin non carrossable			20	147982	PONCEAU	Ponceau PK15 Nzerekore	Nzérékoré	w736694411
PONT_SANS_OUVRAGE	Pont	Route non classifiée			20	40219	RADIER	Radier de Diafore	Boké	w639485405
PONT_SANS_OUVRAGE	Pont	Voie rapide	N1		20	125641	PONCEAU	Ponceau PK15 Nzerekore	Kankan	w689138372
PONT_SANS_OUVRAGE	Pont	Route non classifiée			20	155255	PONCEAU	Ponceau PK15 Nzerekore	Nzérékoré	w740735633
PONT_SANS_OUVRAGE	Pont	Route non classifiée			20	153233	DALOT	Dalot PK112 Faranah	Faranah	w651565625
PONT_SANS_OUVRAGE	Pont	Route primaire			20	7813	BUSE	Buse PK8 Conakry-Coyah	Conakry	w335055650
PONT_SANS_OUVRAGE	Pont	Voie piétonne			20	58579	RADIER	Radier de Diafore	Boké	w667942909
PONT_SANS_OUVRAGE	Pont	Route tertiaire			20	92318	PONCEAU	Ponceau PK15 Nzerekore	Nzérékoré	w750658943
PONT_SANS_OUVRAGE	Pont	Chemin non carrossable			20	121754	PONCEAU	Ponceau PK15 Nzerekore	Nzérékoré	w745439278
PONT_SANS_OUVRAGE	Pont	Voie rapide	N3		20	49453	DALOT	Coyah Carref(RN1/RN4)	Kindia	w688902042
PONT_SANS_OUVRAGE	Pont	Route non classifiée			20	15941	PONT	Pont de Milo	Kankan	w681985940
PONT_SANS_OUVRAGE	Pont	Route non classifiée			20	13094	PONT	Pont de Milo	Kankan	w681988567
PONT_SANS_OUVRAGE	Pont	Route non classifiée			20	102530	DALOT	Dalot PK112 Faranah	Faranah	w946165256
PONT_SANS_OUVRAGE	Pont	Route tertiaire			20	109101	RADIER	Radier de Diafore	Boké	w497928391
PONT_SANS_OUVRAGE	Pont	Voie rapide	N6		20	19779	PONT	Pont de Milo	Kankan	w762137658
PONT_SANS_OUVRAGE	Pont	Route tertiaire			20	132448	PONT	Pont de Milo	Kankan	w678889692
PONT_SANS_OUVRAGE	Pont	Chemin carrossable			20	174371	DALOT	Dalot PK112 Faranah	Faranah	w1068783966
PONT_SANS_OUVRAGE	Pont	Route tertiaire			20	59804	RADIER	Radier de Diafore	Labé	w502998926
PONT_SANS_OUVRAGE	Pont	Route tertiaire			20	138775	PONCEAU	Ponceau PK15 Nzerekore	Nzérékoré	w744703430
PONT_SANS_OUVRAGE	Pont	Chemin carrossable			20	147215	RADIER	Radier de Diafore	Faranah	w1068197463
PONT_SANS_OUVRAGE	Pont	Route non classifiée			20	60416	PONCEAU	Ponceau PK15 Nzerekore	Nzérékoré	w274210372
PONT_SANS_OUVRAGE	Pont	Route tertiaire			20	122090	PONT	Pont de Milo	Kankan	w496780760
PONT_SANS_OUVRAGE	Pont	Route tertiaire			20	134978	PONCEAU	Ponceau PK15 Nzerekore	Nzérékoré	w742241778
PONT_SANS_OUVRAGE	Pont	Voie rapide	N6		20	134290	DALOT	Dalot PK112 Faranah	Faranah	w176478526
PONT_SANS_OUVRAGE	Pont	Chemin carrossable			20	39480	DALOT	Dalot PK112 Faranah	Faranah	w939984910
PONT_SANS_OUVRAGE	Pont	Chemin non carrossable			20	141689	PONT	Pont de Milo	Faranah	w681919362
PONT_SANS_OUVRAGE	Pont	Chemin carrossable			20	115803	DALOT	Dalot PK112 Faranah	Faranah	w936780871
PONT_SANS_OUVRAGE	Pont	Route secondaire	N21		20	56689	PONT	Pont du Konkoure	Kindia	w331243600
PONT_SANS_OUVRAGE	Pont	Chemin non carrossable			20	116596	PONCEAU	Ponceau PK15 Nzerekore	Nzérékoré	w269284840
PONT_SANS_OUVRAGE	Pont	Route d accès			20	42676	PONT	Pont du Fatala	Boké	w905838896
PONT_SANS_OUVRAGE	Pont	Route tertiaire			20	151058	PONT	Pont de Milo	Kankan	w496780753
PONT_SANS_OUVRAGE	Pont	Chemin carrossable			20	101460	DALOT	Dalot PK112 Faranah	Faranah	w269190168
PONT_SANS_OUVRAGE	Pont	Route non classifiée			20	48422	RADIER	Radier de Diafore	Labé	w744638480
PONT_SANS_OUVRAGE	Pont	Chemin non carrossable			20	54487	PONT	Pont du Konkoure	Boké	w331519407
PONT_SANS_OUVRAGE	Pont	Route non classifiée			20	37376	PONT	Pont du Fatala	Boké	w330174171
PONT_SANS_OUVRAGE	Pont	Route tertiaire			20	136440	RADIER	Radier de Diafore	Boké	w489649338
PONT_SANS_OUVRAGE	Pont	Route non classifiée			20	124701	PONT	Pont de Milo	Kankan	w700351688
PONT_SANS_OUVRAGE	Pont	Route non classifiée			20	19885	PONT	Pont du Fatala	Boké	w330656803
PONT_SANS_OUVRAGE	Pont	Route résidentielle			20	115113	PONT	Pont de Milo	Kankan	w667752502
PONT_SANS_OUVRAGE	Pont	Route résidentielle			20	114527	PONT	Pont de Milo	Kankan	w667668098
PONT_SANS_OUVRAGE	Pont	Route non classifiée			20	55549	PONT	Pont du Konkoure	Kindia	w331316974
PONT_SANS_OUVRAGE	Pont	Chemin carrossable			20	87296	PONT	Pont de Milo	Faranah	w689115356
PONT_SANS_OUVRAGE	Pont	Voie rapide	N1		20	133959	PONCEAU	Ponceau PK15 Nzerekore	Kankan	w689136962
PONT_SANS_OUVRAGE	Pont	Chemin non carrossable			20	178092	RADIER	Radier de Diafore	Faranah	w1067405680
PONT_SANS_OUVRAGE	Pont	Route tertiaire			20	94338	PONT	Pont de Milo	Faranah	w687260202
PONT_SANS_OUVRAGE	Pont	Route non classifiée			20	134812	DALOT	Dalot PK112 Faranah	Faranah	w1069105397
PONT_SANS_OUVRAGE	Pont	Chemin carrossable			20	115513	DALOT	Dalot PK112 Faranah	Faranah	w936777691
PONT_SANS_OUVRAGE	Pont	Route tertiaire			20	163243	PONT	Pont de Milo	Kankan	w1013892696
PONT_SANS_OUVRAGE	Pont	Route secondaire		Rond Point Aéroport	20	8474	BUSE	Buse PK8 Conakry-Coyah	Conakry	w499645249
PONT_SANS_OUVRAGE	Pont	Voie rapide	N1	N'zérékoré-Kankan	20	27747	PONCEAU	Ponceau PK15 Nzerekore	Nzérékoré	w253565777
PONT_SANS_OUVRAGE	Pont	Voie rapide	N2		19	153072	DALOT	Dalot PK112 Faranah	Faranah	w651565624
PONT_SANS_OUVRAGE	Pont	Route secondaire	N21		19	53161	PONT	Pont du Konkoure	Boké	w690184981
PONT_SANS_OUVRAGE	Pont	Voie rapide	N2		19	43456	MUR_SOUTENEMENT	Mur de soutenement Mont Gangan	Mamou	w687329046
PONT_SANS_OUVRAGE	Pont	Route tertiaire			19	153135	PONT	Pont de Milo	Kankan	w1010055561
PONT_SANS_OUVRAGE	Pont	Route non classifiée			19	124692	DALOT	Dalot PK112 Faranah	Faranah	w943822831
PONT_SANS_OUVRAGE	Pont	Route non classifiée			19	109052	DALOT	Dalot PK112 Faranah	Faranah	w942854609
PONT_SANS_OUVRAGE	Pont	Route non classifiée			19	106060	DALOT	Dalot PK112 Faranah	Faranah	w941825399
PONT_SANS_OUVRAGE	Pont	Route tertiaire			19	136570	PONT	Pont de Milo	Kankan	w911475155
PONT_SANS_OUVRAGE	Pont	Route tertiaire			19	173337	PONT	Pont de Milo	Kankan	w906775186
PONT_SANS_OUVRAGE	Pont	Chemin carrossable			19	106626	DALOT	Dalot PK112 Faranah	Kankan	w691460065
PONT_SANS_OUVRAGE	Pont	Route tertiaire			19	128402	DALOT	Dalot PK112 Faranah	Faranah	w904760313
PONT_SANS_OUVRAGE	Pont	Chemin carrossable			19	58153	PONT	Pont de Milo	Kankan	w693047244
PONT_SANS_OUVRAGE	Pont	Route tertiaire			19	117757	PONCEAU	Ponceau PK15 Nzerekore	Nzérékoré	w746214414
PONT_SANS_OUVRAGE	Pont	Route non classifiée			19	125763	PONT	Pont de Milo	Kankan	w918237964
PONT_SANS_OUVRAGE	Pont	Route non classifiée			19	138827	PONCEAU	Ponceau PK15 Nzerekore	Nzérékoré	w883007742
PONT_SANS_OUVRAGE	Pont	Route non classifiée			19	63202	RADIER	Radier de Diafore	Mamou	w804893849
PONT_SANS_OUVRAGE	Pont	Route tertiaire			19	156425	DALOT	Dalot PK112 Faranah	Faranah	w1068995959
PONT_SANS_OUVRAGE	Pont	Chemin non carrossable			19	111092	PONT	Pont du Konkoure	Boké	w633117682
PONT_SANS_OUVRAGE	Pont	Route non classifiée			19	73174	PONT	Pont de Milo	Kankan	w756199593
PONT_SANS_OUVRAGE	Pont	Chemin carrossable			19	122573	PONT	Pont de Milo	Faranah	w936775849
PONT_SANS_OUVRAGE	Pont	Route non classifiée			19	114257	PONCEAU	Ponceau PK15 Nzerekore	Nzérékoré	w748922237
PONT_SANS_OUVRAGE	Pont	Route non classifiée			19	110669	PONCEAU	Ponceau PK15 Nzerekore	Nzérékoré	w747307953
PONT_SANS_OUVRAGE	Pont	Route non classifiée			19	125903	PONCEAU	Ponceau PK15 Nzerekore	Nzérékoré	w743300072
PONT_SANS_OUVRAGE	Pont	Chemin carrossable			19	113788	PONT	Pont de Milo	Faranah	w937171995
PONT_SANS_OUVRAGE	Pont	Route non classifiée			19	56578	RADIER	Radier de Diafore	Labé	w729929647
PONT_SANS_OUVRAGE	Pont	Route non classifiée			19	138391	DALOT	Dalot PK112 Faranah	Faranah	w1069219144
PONT_SANS_OUVRAGE	Pont	Route non classifiée			19	127045	PONT	Pont de Milo	Kankan	w700355250
PONT_SANS_OUVRAGE	Pont	Chemin non carrossable			19	101679	DALOT	Dalot PK112 Faranah	Faranah	w943559990
PONT_SANS_OUVRAGE	Pont	Chemin non carrossable			19	138048	DALOT	Dalot PK112 Faranah	Faranah	w945192840
PONT_SANS_OUVRAGE	Pont	Chemin carrossable			19	105135	DALOT	Dalot PK112 Faranah	Faranah	w941748791
PONT_SANS_OUVRAGE	Pont	Route primaire	N10		19	129400	PONCEAU	Ponceau PK15 Nzerekore	Kankan	w275589362
PONT_SANS_OUVRAGE	Pont	Chemin carrossable			19	100733	DALOT	Dalot PK112 Faranah	Faranah	w941803533
PONT_SANS_OUVRAGE	Pont	Route non classifiée			19	173068	PONT	Pont de Milo	Faranah	w1068816846
PONT_SANS_OUVRAGE	Pont	Route non classifiée			19	125835	PONT	Pont de Milo	Kankan	w678679777
PONT_SANS_OUVRAGE	Pont	Route non classifiée			19	59514	DALOT	Dalot PK112 Faranah	Faranah	w668804393
PONT_SANS_OUVRAGE	Pont	Route primaire			19	103462	PONT	Pont du Konkoure	Kindia	w492571552
PONT_SANS_OUVRAGE	Pont	Route primaire			19	11321	BUSE	Buse PK8 Conakry-Coyah	Conakry	w559283160
PONT_SANS_OUVRAGE	Pont	Route primaire	N29		19	32338	DALOT	Dalot PK112 Faranah	Faranah	w668827333
PONT_SANS_OUVRAGE	Pont	Chemin carrossable			19	115512	DALOT	Dalot PK112 Faranah	Faranah	w942382573
PONT_SANS_OUVRAGE	Pont	Chemin carrossable			19	107305	DALOT	Dalot PK112 Faranah	Faranah	w942545554
PONT_SANS_OUVRAGE	Pont	Route primaire	N18		19	129316	PONCEAU	Ponceau PK15 Nzerekore	Nzérékoré	w688415426
PONT_SANS_OUVRAGE	Pont	Chemin carrossable			19	103372	DALOT	Dalot PK112 Faranah	Faranah	w943489912
PONT_SANS_OUVRAGE	Pont	Route non classifiée			19	79648	DALOT	Dalot PK112 Faranah	Kankan	w486178940
PONT_SANS_OUVRAGE	Pont	Route non classifiée			19	47201	RADIER	Radier de Diafore	Mamou	w434744069
PONT_SANS_OUVRAGE	Pont	Route en construction			19	21883	MUR_SOUTENEMENT	Mur de soutenement Mont Gangan	Mamou	w1084667184
PONT_SANS_OUVRAGE	Pont	Route résidentielle			19	1592	PONCEAU	Ponceau PK15 Nzerekore	Nzérékoré	w223821418
PONT_SANS_OUVRAGE	Pont	Chemin carrossable			19	136284	DALOT	Dalot PK112 Faranah	Faranah	w946417958
PONT_SANS_OUVRAGE	Pont	Chemin carrossable			19	136383	DALOT	Dalot PK112 Faranah	Faranah	w946417968
PONT_SANS_OUVRAGE	Pont	Route tertiaire			19	15939	DALOT	Coyah	Kindia	w273043798
PONT_SANS_OUVRAGE	Pont	Route secondaire			19	35439	DALOT	Dalot PK112 Faranah	Faranah	w270848207
PONT_SANS_OUVRAGE	Pont	Route secondaire			19	48756	PONCEAU	Ponceau PK15 Nzerekore	Nzérékoré	w272452866
PONT_SANS_OUVRAGE	Pont	Chemin carrossable			19	41954	PONCEAU	Ponceau PK15 Nzerekore	Nzérékoré	w1005852451
PONT_SANS_OUVRAGE	Pont	Route non classifiée			19	137348	PONCEAU	Ponceau PK15 Nzerekore	Nzérékoré	w311905535
PONT_SANS_OUVRAGE	Pont	Route tertiaire			19	61088	PONT	Pont de Milo	Kankan	w1020834973
PONT_SANS_OUVRAGE	Pont	Route tertiaire			19	117620	PONT	Pont de Milo	Kankan	w496780762
PONT_SANS_OUVRAGE	Pont	Voie rapide	N1;N2		19	1201	PONCEAU	Ponceau PK15 Nzerekore	Nzérékoré	w209291890
PONT_SANS_OUVRAGE	Pont	Chemin non carrossable			19	172449	PONCEAU	Ponceau PK15 Nzerekore	Nzérékoré	w269338116
PONT_SANS_OUVRAGE	Pont	Voie rapide	N5		19	2005	RADIER	Radier de Diafore	Labé	w271301818
PONT_SANS_OUVRAGE	Pont	Voie rapide	N1		19	25713	MUR_SOUTENEMENT	Mur de soutenement Mont Gangan	Mamou	w271562273
PONT_SANS_OUVRAGE	Pont	Route tertiaire			19	78475	PONT	Pont du Konkoure	Kindia	w330992850
PONT_SANS_OUVRAGE	Pont	Route tertiaire			19	15687	PONT	Pont de Kolente	Kindia	w329039655
PONT_SANS_OUVRAGE	Pont	Route non classifiée			19	148528	PONCEAU	Ponceau PK15 Nzerekore	Kankan	w269098853
PONT_SANS_OUVRAGE	Pont	Route non classifiée			19	134229	DALOT	Dalot PK112 Faranah	Faranah	w176480653
PONT_SANS_OUVRAGE	Pont	Route tertiaire			19	45490	RADIER	Radier de Diafore	Labé	w238416446
PONT_SANS_OUVRAGE	Pont	Voie rapide	N1		19	13766	PONT	Pont de Kolente	Kindia	w690016815
PONT_SANS_OUVRAGE	Pont	Voie rapide	N6		19	165749	PONT	Pont de Milo	Kankan	w689929463
PONT_SANS_OUVRAGE	Pont	Voie rapide	N6		18	42432	PONT	Pont de Milo	Kankan	w684325373
PONT_SANS_OUVRAGE	Pont	Voie rapide	N3		18	43776	PONT	Pont du Konkoure	Boké	w671635882
PONT_SANS_OUVRAGE	Pont	Route non classifiée			18	36983	PONT	Pont de Kolente	Boké	w328027569
PONT_SANS_OUVRAGE	Pont	Route tertiaire			18	9759	DALOT	Dalot PK35 Kindia-Mamou	Kindia	w330376723
PONT_SANS_OUVRAGE	Pont	Route tertiaire			18	39908	DALOT	Dalot PK112 Faranah	Faranah	w392619797
PONT_SANS_OUVRAGE	Pont	Chemin carrossable			18	115650	DALOT	Dalot PK112 Faranah	Faranah	w936786088
PONT_SANS_OUVRAGE	Pont	Chemin non carrossable			18	173559	DALOT	Dalot PK112 Faranah	Faranah	w1066694277
PONT_SANS_OUVRAGE	Pont	Route tertiaire			18	40361	DALOT	Coyah Carref(RN1/RN4)	Kindia	w681891513
PONT_SANS_OUVRAGE	Pont	Chemin carrossable			18	107970	DALOT	Dalot PK112 Faranah	Kankan	w691461721
PONT_SANS_OUVRAGE	Pont	Route non classifiée			18	166852	PONCEAU	Ponceau PK15 Nzerekore	Nzérékoré	w274221776
PONT_SANS_OUVRAGE	Pont	Route secondaire			18	35112	DALOT	Dalot PK112 Faranah	Faranah	w685381913
PONT_SANS_OUVRAGE	Pont	Route d accès			18	79228	RADIER	Radier de Diafore	Labé	w503090427
PONT_SANS_OUVRAGE	Pont	Voie rapide	N3		18	38305	PONT	Pont du Konkoure	Boké	w264853038
PONT_SANS_OUVRAGE	Pont	Route tertiaire			18	11552	BUSE	Buse PK8 Conakry-Coyah	Conakry	w270192313
PONT_SANS_OUVRAGE	Pont	Voie rapide	N6		18	129580	PONT	Pont de Milo	Kankan	w305548738
PONT_SANS_OUVRAGE	Pont	Chemin non carrossable			18	141823	DALOT	Dalot PK112 Faranah	Faranah	w313211499
PONT_SANS_OUVRAGE	Pont	Chemin carrossable			18	121198	DALOT	Dalot PK112 Faranah	Kankan	w691410353
PONT_SANS_OUVRAGE	Pont	Chemin carrossable			18	42545	DALOT	Dalot PK112 Faranah	Faranah	w939916276
PONT_SANS_OUVRAGE	Pont	Chemin non carrossable			18	48913	PONCEAU	Ponceau PK15 Nzerekore	Nzérékoré	w1012817898
PONT_SANS_OUVRAGE	Pont	Route primaire			18	54428	DALOT	Coyah	Kindia	w690019798
PONT_SANS_OUVRAGE	Pont	Bretelle voie rapide			18	17340	BUSE	Buse PK8 Conakry-Coyah	Conakry	w426222813
PONT_SANS_OUVRAGE	Pont	Route non classifiée			18	122868	PONT	Pont de Milo	Kankan	w1097057496
PONT_SANS_OUVRAGE	Pont	Route non classifiée			18	116664	DALOT	Dalot PK112 Faranah	Faranah	w936702210
PONT_SANS_OUVRAGE	Pont	Route tertiaire			18	161827	DALOT	Dalot PK112 Faranah	Faranah	w273065501
PONT_SANS_OUVRAGE	Pont	Route secondaire			18	144194	PONCEAU	Ponceau PK15 Nzerekore	Nzérékoré	w488046518
PONT_SANS_OUVRAGE	Pont	Route tertiaire			18	55362	RADIER	Radier de Diafore	Labé	w238322153
PONT_SANS_OUVRAGE	Pont	Route non classifiée			18	32672	PONT	Pont de Kolente	Kindia	w545944893
PONT_SANS_OUVRAGE	Pont	Voie rapide	N5		18	26963	MUR_SOUTENEMENT	Mur de soutenement Mont Gangan	Mamou	w688158719
PONT_SANS_OUVRAGE	Pont	Chemin carrossable			18	119322	DALOT	Dalot PK112 Faranah	Faranah	w943521673
PONT_SANS_OUVRAGE	Pont	Chemin carrossable			18	122031	DALOT	Dalot PK112 Faranah	Faranah	w941870654
PONT_SANS_OUVRAGE	Pont	Route secondaire			18	72583	RADIER	Radier de Diafore	Kindia	w690010303
PONT_SANS_OUVRAGE	Pont	Route tertiaire		Sangaredi - Aye Koye	18	63609	PONT	Pont du Konkoure	Boké	w686007615
PONT_SANS_OUVRAGE	Pont	Voie rapide	N6		18	3894	PONT	Pont de Milo	Kankan	w539259173
PONT_SANS_OUVRAGE	Pont	Chemin carrossable			18	100265	DALOT	Dalot PK112 Faranah	Faranah	w941813431
PONT_SANS_OUVRAGE	Pont	Route non classifiée			18	77456	DALOT	Dalot PK112 Faranah	Faranah	w774651779
PONT_SANS_OUVRAGE	Pont	Chemin non carrossable			18	82576	PONT	Pont de Milo	Kankan	w691431586
PONT_SANS_OUVRAGE	Pont	Route tertiaire			18	93523	PONCEAU	Ponceau PK15 Nzerekore	Nzérékoré	w688272023
PONT_SANS_OUVRAGE	Pont	Route résidentielle			18	117848	DALOT	Dalot PK112 Faranah	Faranah	w680372473
PONT_SANS_OUVRAGE	Pont	Route secondaire	N31		18	98932	DALOT	Dalot PK112 Faranah	Kankan	w689945114
PONT_SANS_OUVRAGE	Pont	Route tertiaire			18	152560	RADIER	Radier de Diafore	Labé	w489947268
PONT_SANS_OUVRAGE	Pont	Route non classifiée			18	2677	PONCEAU	Ponceau PK15 Nzerekore	Nzérékoré	w338683600
PONT_SANS_OUVRAGE	Pont	Route non classifiée			18	131813	DALOT	Dalot PK112 Faranah	Faranah	w269078741
PONT_SANS_OUVRAGE	Pont	Route primaire	N10		18	114934	PONCEAU	Ponceau PK15 Nzerekore	Nzérékoré	w743098679
PONT_SANS_OUVRAGE	Pont	Route non classifiée			18	24976	RADIER	Radier de Diafore	Labé	w648226891
PONT_SANS_OUVRAGE	Pont	Chemin carrossable			18	36744	DALOT	Dalot PK112 Faranah	Faranah	w940858821
PONT_SANS_OUVRAGE	Pont	Voie rapide	N1		18	138352	PONCEAU	Ponceau PK15 Nzerekore	Kankan	w689136964
PONT_SANS_OUVRAGE	Pont	Route non classifiée			18	61515	PONT	Pont du Konkoure	Kindia	w331531954
PONT_SANS_OUVRAGE	Pont	Chemin carrossable			18	129743	DALOT	Dalot PK112 Faranah	Faranah	w945092192
PONT_SANS_OUVRAGE	Pont	Chemin carrossable			18	137867	PONT	Pont de Milo	Kankan	w697803783
PONT_SANS_OUVRAGE	Pont	Route non classifiée			18	33656	DALOT	Kouété	Kindia	w331569536
PONT_SANS_OUVRAGE	Pont	Chemin carrossable			18	107028	DALOT	Dalot PK112 Faranah	Faranah	w944234610
PONT_SANS_OUVRAGE	Pont	Route non classifiée			18	73664	DALOT	Dalot PK112 Faranah	Faranah	w701928140
PONT_SANS_OUVRAGE	Pont	Route non classifiée			18	152504	DALOT	Dalot PK112 Faranah	Faranah	w273700636
PONT_SANS_OUVRAGE	Pont	Chemin carrossable			18	114890	DALOT	Dalot PK112 Faranah	Faranah	w942376874
PONT_SANS_OUVRAGE	Pont	Route non classifiée			18	92514	PONT	Pont de Milo	Kankan	w689682134
PONT_SANS_OUVRAGE	Pont	Voie rapide	N1		18	66847	PONT	Pont de Milo	Kankan	w689114777
PONT_SANS_OUVRAGE	Pont	Chemin non carrossable			18	76875	PONT	Pont du Konkoure	Kindia	w331294299
PONT_SANS_OUVRAGE	Pont	Route tertiaire			18	32353	DALOT	Coyah Carref(RN1/RN4)	Kindia	w331768535
PONT_SANS_OUVRAGE	Pont	Chemin carrossable			18	114324	DALOT	Dalot PK112 Faranah	Faranah	w937097436
PONT_SANS_OUVRAGE	Pont	Route non classifiée			18	113870	PONT	Pont de Milo	Kankan	w310922429
PONT_SANS_OUVRAGE	Pont	Route tertiaire			18	58790	PONT	Pont de Milo	Kankan	w489453443
PONT_SANS_OUVRAGE	Pont	Voie rapide	N2	Lola - Danané	18	43418	PONCEAU	Ponceau PK15 Nzerekore	Nzérékoré	w307924536
PONT_SANS_OUVRAGE	Pont	Bretelle voie rapide			18	17349	BUSE	Buse PK8 Conakry-Coyah	Conakry	w426222812
PONT_SANS_OUVRAGE	Pont	Voie rapide	N3		18	29171	DALOT	Coyah	Kindia	w688917601
PONT_SANS_OUVRAGE	Pont	Voie rapide	N6		18	177967	PONT	Pont de Milo	Kankan	w689643918
PONT_SANS_OUVRAGE	Pont	Chemin carrossable			18	77197	PONT	Pont de Milo	Kankan	w691657846
PONT_SANS_OUVRAGE	Pont	Route non classifiée			18	52343	PONCEAU	Ponceau PK15 Nzerekore	Nzérékoré	w726923821
PONT_SANS_OUVRAGE	Pont	Route secondaire			18	52327	PONCEAU	Ponceau PK15 Nzerekore	Nzérékoré	w310736022
PONT_SANS_OUVRAGE	Pont	Route primaire	N27		18	758	RADIER	Radier de Diafore	Labé	w686147268
PONT_SANS_OUVRAGE	Pont	Route non classifiée			18	44405	PONT	Pont du Konkoure	Boké	w949441999
PONT_SANS_OUVRAGE	Pont	Route non classifiée			18	106970	DALOT	Dalot PK112 Faranah	Faranah	w937096502
PONT_SANS_OUVRAGE	Pont	Route tertiaire			18	2892	DALOT	Tonguiron	Kindia	w498967122
PONT_SANS_OUVRAGE	Pont	Route tertiaire			17	171507	PONT	Pont de Milo	Kankan	w906775177
PONT_SANS_OUVRAGE	Pont	Chemin carrossable			17	124738	DALOT	Dalot PK112 Faranah	Faranah	w1067542083
PONT_SANS_OUVRAGE	Pont	Route primaire	N8		17	37983	RADIER	Radier de Diafore	Labé	w687579213
PONT_SANS_OUVRAGE	Pont	Route non classifiée			17	104531	RADIER	Radier de Diafore	Labé	w617167559
PONT_SANS_OUVRAGE	Pont	Route secondaire			17	81892	PONT	Pont de Milo	Kankan	w302024710
PONT_SANS_OUVRAGE	Pont	Route tertiaire			17	106707	PONT	Pont de Milo	Kankan	w310939945
PONT_SANS_OUVRAGE	Pont	Route non classifiée			17	175275	PONCEAU	Ponceau PK15 Nzerekore	Nzérékoré	w551838571
PONT_SANS_OUVRAGE	Pont	Route non classifiée			17	179833	RADIER	Radier de Diafore	Faranah	w1067405674
PONT_SANS_OUVRAGE	Pont	Voie rapide	N6		17	141344	PONT	Pont de Milo	Kankan	w313619919
PONT_SANS_OUVRAGE	Pont	Chemin carrossable			17	129277	DALOT	Dalot PK112 Faranah	Faranah	w945105983
PONT_SANS_OUVRAGE	Pont	Chemin carrossable			17	111856	PONT	Pont de Milo	Faranah	w936779356
PONT_SANS_OUVRAGE	Pont	Chemin carrossable			17	181165	PONT	Pont de Milo	Kankan	w313381408
PONT_SANS_OUVRAGE	Pont	Route non classifiée			17	54776	DALOT	Dalot PK112 Faranah	Faranah	w685110967
PONT_SANS_OUVRAGE	Pont	Route non classifiée			17	140235	PONT	Pont de Milo	Kankan	w270900235
PONT_SANS_OUVRAGE	Pont	Route non classifiée			17	157461	DALOT	Dalot PK112 Faranah	Faranah	w314586190
PONT_SANS_OUVRAGE	Pont	Route secondaire		transvervale 5	17	6641	BUSE	Buse PK8 Conakry-Coyah	Conakry	w548598612
PONT_SANS_OUVRAGE	Pont	Route non classifiée			17	10259	DALOT	Coyah	Kindia	w908311175
PONT_SANS_OUVRAGE	Pont	Route non classifiée			17	14771	DALOT	Dalot PK112 Faranah	Faranah	w319264817
PONT_SANS_OUVRAGE	Pont	Chemin carrossable			17	110090	DALOT	Dalot PK112 Faranah	Faranah	w941821074
PONT_SANS_OUVRAGE	Pont	Chemin carrossable			17	108823	DALOT	Dalot PK112 Faranah	Faranah	w943525542
PONT_SANS_OUVRAGE	Pont	Route non classifiée			17	5624	DALOT	Palmerais Manfrinyah	Kindia	w338875853
PONT_SANS_OUVRAGE	Pont	Chemin carrossable			17	47928	DALOT	Dalot PK112 Faranah	Faranah	w683098658
PONT_SANS_OUVRAGE	Pont	Chemin carrossable			17	133489	DALOT	Dalot PK112 Faranah	Kankan	w690419517
PONT_SANS_OUVRAGE	Pont	Chemin carrossable			17	102118	DALOT	Dalot PK112 Faranah	Faranah	w943559993
PONT_SANS_OUVRAGE	Pont	Route non classifiée			17	27690	PONT	Pont de Milo	Kankan	w254019845
PONT_SANS_OUVRAGE	Pont	Route primaire	N8		17	40779	RADIER	Radier de Diafore	Labé	w238322097
PONT_SANS_OUVRAGE	Pont	Route non classifiée			17	123799	PONT	Pont de Milo	Kankan	w1097057495
PONT_SANS_OUVRAGE	Pont	Route tertiaire			17	133091	DALOT	Dalot PK112 Faranah	Faranah	w263050740
PONT_SANS_OUVRAGE	Pont	Voie rapide	N2	N'zérékoré-Macenta	17	104826	PONCEAU	Ponceau PK15 Nzerekore	Nzérékoré	w690232663
PONT_SANS_OUVRAGE	Pont	Route tertiaire			17	57450	PONCEAU	Ponceau PK15 Nzerekore	Nzérékoré	w306446921
PONT_SANS_OUVRAGE	Pont	Route résidentielle			17	168898	PONCEAU	Ponceau PK15 Nzerekore	Nzérékoré	w269401341
PONT_SANS_OUVRAGE	Pont	Voie rapide	N2		17	171362	PONCEAU	Ponceau PK15 Nzerekore	Nzérékoré	w269291212
PONT_SANS_OUVRAGE	Pont	Route secondaire			17	31406	PONT	Pont de Milo	Kankan	w681971911
PONT_SANS_OUVRAGE	Pont	Chemin carrossable			17	118635	DALOT	Dalot PK112 Faranah	Faranah	w944660312
PONT_SANS_OUVRAGE	Pont	Chemin carrossable			17	105302	DALOT	Dalot PK112 Faranah	Faranah	w941748792
PONT_SANS_OUVRAGE	Pont	Route non classifiée			17	78612	DALOT	Dalot PK112 Faranah	Kankan	w244837698
PONT_SANS_OUVRAGE	Pont	Route secondaire		transvervale 5	17	6640	BUSE	Buse PK8 Conakry-Coyah	Conakry	w548598615
PONT_SANS_OUVRAGE	Pont	Chemin carrossable			17	124764	DALOT	Dalot PK112 Faranah	Kankan	w689970792
PONT_SANS_OUVRAGE	Pont	Route non classifiée			17	180940	RADIER	Radier de Diafore	Faranah	w1067878690
PONT_SANS_OUVRAGE	Pont	Route primaire			17	37485	PONCEAU	Ponceau PK15 Nzerekore	Nzérékoré	w115512465
PONT_SANS_OUVRAGE	Pont	Route non classifiée			17	24512	PONT	Pont de Kolente	Kindia	w328853304
PONT_SANS_OUVRAGE	Pont	Chemin carrossable			17	123831	DALOT	Dalot PK112 Faranah	Faranah	w937312605
PONT_SANS_OUVRAGE	Pont	Route tertiaire			17	23837	PONT	Pont de Milo	Kankan	w682859561
PONT_SANS_OUVRAGE	Pont	Chemin carrossable			17	153436	DALOT	Dalot PK112 Faranah	Faranah	w334331406
PONT_SANS_OUVRAGE	Pont	Voie rapide	N1		17	43297	PONCEAU	Ponceau PK15 Nzerekore	Nzérékoré	w688126498
PONT_SANS_OUVRAGE	Pont	Voie rapide	N1		17	53851	PONCEAU	Ponceau PK15 Nzerekore	Nzérékoré	w688132951
PONT_SANS_OUVRAGE	Pont	Route non classifiée			17	74753	PONT	Pont de Kolente	Kindia	w273060254
PONT_SANS_OUVRAGE	Pont	Route résidentielle			17	32947	RADIER	Radier de Diafore	Mamou	w1006353351
PONT_SANS_OUVRAGE	Pont	Route non classifiée			17	65646	DALOT	Dalot PK112 Faranah	Kankan	w270270872
PONT_SANS_OUVRAGE	Pont	Chemin non carrossable			17	138693	PONCEAU	Ponceau PK15 Nzerekore	Nzérékoré	w744703426
PONT_SANS_OUVRAGE	Pont	Chemin carrossable			17	123140	DALOT	Dalot PK112 Faranah	Kankan	w689970777
PONT_SANS_OUVRAGE	Pont	Route non classifiée			17	43594	DALOT	Dalot PK112 Faranah	Faranah	w682712704
PONT_SANS_OUVRAGE	Pont	Route tertiaire			17	183864	PONT	Pont de Milo	Kankan	w1006303107
PONT_SANS_OUVRAGE	Pont	Route non classifiée			17	155021	PONCEAU	Ponceau PK15 Nzerekore	Nzérékoré	w740735635
PONT_SANS_OUVRAGE	Pont	Route tertiaire			17	171596	PONT	Pont de Milo	Kankan	w1006953892
PONT_SANS_OUVRAGE	Pont	Chemin carrossable			17	111475	DALOT	Dalot PK112 Faranah	Faranah	w941844133
PONT_SANS_OUVRAGE	Pont	Route non classifiée			17	140281	PONT	Pont de Milo	Kankan	w272759492
PONT_SANS_OUVRAGE	Pont	Route résidentielle			17	121535	DALOT	Dalot PK112 Faranah	Faranah	w681848788
PONT_SANS_OUVRAGE	Pont	Chemin carrossable			17	114158	DALOT	Dalot PK112 Faranah	Faranah	w936683871
PONT_SANS_OUVRAGE	Pont	Route primaire			17	9836	BUSE	Buse PK8 Conakry-Coyah	Conakry	w269783539
PONT_SANS_OUVRAGE	Pont	Route non classifiée			17	148615	RADIER	Radier de Diafore	Faranah	w1068197465
PONT_SANS_OUVRAGE	Pont	Route non classifiée			17	82585	PONT	Pont de Milo	Kankan	w705958549
PONT_SANS_OUVRAGE	Pont	Chemin carrossable			17	138618	DALOT	Dalot PK112 Faranah	Faranah	w312601173
PONT_SANS_OUVRAGE	Pont	Chemin carrossable			17	55553	DALOT	Dalot PK112 Faranah	Faranah	w702433602
PONT_SANS_OUVRAGE	Pont	Route résidentielle			17	64146	DALOT	Dalot PK112 Faranah	Faranah	w668801936
PONT_SANS_OUVRAGE	Pont	Chemin non carrossable			17	106435	PONT	Pont du Konkoure	Boké	w632649649
PONT_SANS_OUVRAGE	Pont	Route non classifiée			17	56290	RADIER	Radier de Diafore	Labé	w282631866
PONT_SANS_OUVRAGE	Pont	Voie rapide	N1		17	41722	PONCEAU	Ponceau PK15 Nzerekore	Nzérékoré	w685530640
PONT_SANS_OUVRAGE	Pont	Route résidentielle			17	5508	RADIER	Radier de Diafore	Labé	w641298821
PONT_SANS_OUVRAGE	Pont	Voie rapide	N2	N'zérékoré-Macenta	17	106823	PONCEAU	Ponceau PK15 Nzerekore	Nzérékoré	w686681460
PONT_SANS_OUVRAGE	Pont	Route tertiaire			17	167742	PONT	Pont de Milo	Kankan	w1008413753
PONT_SANS_OUVRAGE	Pont	Voie rapide	N6		17	114207	PONT	Pont de Milo	Kankan	w319687861
PONT_SANS_OUVRAGE	Pont	Route secondaire	N22		17	28980	RADIER	Radier de Diafore	Boké	w681386606
PONT_SANS_OUVRAGE	Pont	Route tertiaire			17	14312	RADIER	Radier de Diafore	Labé	w628818149
PONT_SANS_OUVRAGE	Pont	Route non classifiée			17	122917	PONCEAU	Ponceau PK15 Nzerekore	Nzérékoré	w743300078
PONT_SANS_OUVRAGE	Pont	Chemin carrossable			16	83062	DALOT	Dalot PK112 Faranah	Faranah	w941756991
PONT_SANS_OUVRAGE	Pont	Route non classifiée			16	71133	PONCEAU	Ponceau PK15 Nzerekore	Nzérékoré	w274210373
PONT_SANS_OUVRAGE	Pont	Voie rapide	N5		16	26969	MUR_SOUTENEMENT	Mur de soutenement Mont Gangan	Mamou	w688158717
PONT_SANS_OUVRAGE	Pont	Route primaire			16	176631	DALOT	Dalot PK112 Faranah	Nzérékoré	w272068859
PONT_SANS_OUVRAGE	Pont	Route non classifiée			16	73002	PONCEAU	Ponceau PK15 Nzerekore	Nzérékoré	w273136254
PONT_SANS_OUVRAGE	Pont	Voie rapide	N6		16	133514	DALOT	Dalot PK112 Faranah	Faranah	w177640532
PONT_SANS_OUVRAGE	Pont	Chemin carrossable			16	49648	PONT	Pont de Milo	Kankan	w689157512
PONT_SANS_OUVRAGE	Pont	Route tertiaire			16	161040	PONCEAU	Ponceau PK15 Nzerekore	Kankan	w681752266
PONT_SANS_OUVRAGE	Pont	Chemin carrossable			16	100227	DALOT	Dalot PK112 Faranah	Faranah	w941813432
PONT_SANS_OUVRAGE	Pont	Route secondaire			16	61392	PONCEAU	Ponceau PK15 Nzerekore	Nzérékoré	w497022075
PONT_SANS_OUVRAGE	Pont	Chemin carrossable			16	35347	DALOT	Dalot PK112 Faranah	Faranah	w660534669
PONT_SANS_OUVRAGE	Pont	Route tertiaire			16	104951	PONCEAU	Ponceau PK15 Nzerekore	Nzérékoré	w488037022
PONT_SANS_OUVRAGE	Pont	Voie rapide	N2		16	978	PONCEAU	Ponceau PK15 Nzerekore	Nzérékoré	w209291893
PONT_SANS_OUVRAGE	Pont	Chemin carrossable			16	102302	DALOT	Dalot PK112 Faranah	Faranah	w941815374
PONT_SANS_OUVRAGE	Pont	Route tertiaire			16	85762	PONCEAU	Ponceau PK15 Nzerekore	Nzérékoré	w253759109
PONT_SANS_OUVRAGE	Pont	Route tertiaire			16	56828	PONT	Pont du Konkoure	Kindia	w331316975
PONT_SANS_OUVRAGE	Pont	Voie rapide	N1		16	27235	MUR_SOUTENEMENT	Mur de soutenement Mont Gangan	Mamou	w687397066
PONT_SANS_OUVRAGE	Pont	Route tertiaire			16	92376	PONT	Pont de Milo	Kankan	w685222391
PONT_SANS_OUVRAGE	Pont	Route non classifiée			16	50891	DALOT	Dalot PK35 Kindia-Mamou	Kindia	w1095770295
PONT_SANS_OUVRAGE	Pont	Voie rapide	N5		16	40944	MUR_SOUTENEMENT	Mur de soutenement Mont Gangan	Mamou	w689930304
PONT_SANS_OUVRAGE	Pont	Voie rapide	N6		16	169181	PONT	Pont de Milo	Kankan	w689929745
PONT_SANS_OUVRAGE	Pont	Route tertiaire			16	40625	PONT	Pont de Kolente	Kindia	w330763734
PONT_SANS_OUVRAGE	Pont	Voie rapide	N2	N'zérékoré-Macenta	16	109987	PONCEAU	Ponceau PK15 Nzerekore	Nzérékoré	w686685917
PONT_SANS_OUVRAGE	Pont	Route secondaire			16	45735	RADIER	Radier de Diafore	Labé	w629867915
PONT_SANS_OUVRAGE	Pont	Voie piétonne			16	22869	DALOT	Kouété	Kindia	w688816510
PONT_SANS_OUVRAGE	Pont	Chemin carrossable			16	111528	DALOT	Dalot PK112 Faranah	Faranah	w941844128
PONT_SANS_OUVRAGE	Pont	Route secondaire			16	208368	PONT	Pont de Milo	Kankan	w685848934
PONT_SANS_OUVRAGE	Pont	Chemin carrossable			16	114533	PONT	Pont de Milo	Faranah	w937167338
PONT_SANS_OUVRAGE	Pont	Route non classifiée			16	117595	PONT	Pont de Milo	Kankan	w668649688
PONT_SANS_OUVRAGE	Pont	Route non classifiée			16	153937	RADIER	Radier de Diafore	Faranah	w1068365161
PONT_SANS_OUVRAGE	Pont	Route non classifiée			16	114431	PONT	Pont de Milo	Kankan	w668649686
PONT_SANS_OUVRAGE	Pont	Route non classifiée			16	140081	PONCEAU	Ponceau PK15 Nzerekore	Nzérékoré	w883973678
PONT_SANS_OUVRAGE	Pont	Route non classifiée			16	39000	PONT	Pont du Fatala	Boké	w667014716
PONT_SANS_OUVRAGE	Pont	Route tertiaire			16	170997	PONT	Pont de Milo	Kankan	w687495312
PONT_SANS_OUVRAGE	Pont	Route non classifiée			16	56405	DALOT	Dalot PK112 Faranah	Faranah	w660702325
PONT_SANS_OUVRAGE	Pont	Chemin non carrossable			16	139306	DALOT	Dalot PK112 Faranah	Faranah	w312792702
PONT_SANS_OUVRAGE	Pont	Chemin carrossable			16	75339	PONT	Pont de Milo	Kankan	w697750812
PONT_SANS_OUVRAGE	Pont	Route tertiaire			16	80813	RADIER	Radier de Diafore	Mamou	w1116638013
PONT_SANS_OUVRAGE	Pont	Route non classifiée			16	146451	PONCEAU	Ponceau PK15 Nzerekore	Kankan	w742686003
PONT_SANS_OUVRAGE	Pont	Route non classifiée			16	51584	RADIER	Radier de Diafore	Labé	w630036500
PONT_SANS_OUVRAGE	Pont	Chemin carrossable			16	119715	PONT	Pont de Milo	Faranah	w936775841
PONT_SANS_OUVRAGE	Pont	Chemin carrossable			16	60835	DALOT	Dalot PK112 Faranah	Kankan	w938943443
PONT_SANS_OUVRAGE	Pont	Route non classifiée			16	83940	PONT	Pont de Milo	Kankan	w698226567
PONT_SANS_OUVRAGE	Pont	Route non classifiée			16	42037	PONT	Pont du Konkoure	Kindia	w547501425
PONT_SANS_OUVRAGE	Pont	Chemin carrossable			16	111055	PONT	Pont de Milo	Kankan	w936779354
PONT_SANS_OUVRAGE	Pont	Route non classifiée			16	70425	DALOT	Dalot PK112 Faranah	Mamou	w497949979
PONT_SANS_OUVRAGE	Pont	Chemin carrossable			16	47834	DALOT	Dalot PK112 Faranah	Faranah	w941598972
PONT_SANS_OUVRAGE	Pont	Voie rapide	N6		16	152330	PONT	Pont de Milo	Kankan	w684510101
PONT_SANS_OUVRAGE	Pont	Route primaire	N24		16	86750	RADIER	Radier de Diafore	Kindia	w690010066
PONT_SANS_OUVRAGE	Pont	Chemin carrossable			16	122589	PONT	Pont de Milo	Faranah	w936814356
PONT_SANS_OUVRAGE	Pont	Route non classifiée			16	62722	DALOT	Dalot PK112 Faranah	Kankan	w486195908
PONT_SANS_OUVRAGE	Pont	Route non classifiée			16	86004	DALOT	Dalot PK112 Faranah	Kankan	w689929248
PONT_SANS_OUVRAGE	Pont	Route non classifiée			16	16243	DALOT	Dalot PK35 Kindia-Mamou	Kindia	w479040563
PONT_SANS_OUVRAGE	Pont	Route primaire	N22		16	50741	PONT	Pont du Konkoure	Boké	w690184979
PONT_SANS_OUVRAGE	Pont	Route tertiaire			16	134452	PONT	Pont de Milo	Kankan	w907064706
PONT_SANS_OUVRAGE	Pont	Route tertiaire			16	130425	PONT	Pont de Milo	Kankan	w909144393
PONT_SANS_OUVRAGE	Pont	Chemin non carrossable			16	138623	DALOT	Dalot PK112 Faranah	Faranah	w312784956
PONT_SANS_OUVRAGE	Pont	Route primaire	N30		16	167566	PONT	Pont de Milo	Faranah	w905768216
PONT_SANS_OUVRAGE	Pont	Chemin non carrossable			16	180696	RADIER	Radier de Diafore	Faranah	w1067405676
PONT_SANS_OUVRAGE	Pont	Voie rapide	N1		16	46254	PONT	Pont de Milo	Kankan	w465635436
PONT_SANS_OUVRAGE	Pont	Route tertiaire			16	22400	RADIER	Radier de Diafore	Labé	w646932936
PONT_SANS_OUVRAGE	Pont	Route non classifiée			16	48962	RADIER	Radier de Diafore	Boké	w425114978
PONT_SANS_OUVRAGE	Pont	Route résidentielle			16	1115	PONCEAU	Ponceau PK15 Nzerekore	Nzérékoré	w223820320
PONT_SANS_OUVRAGE	Pont	Route tertiaire			16	74109	RADIER	Radier de Diafore	Labé	w644594200
PONT_SANS_OUVRAGE	Pont	Route résidentielle			16	1746	DALOT	Coyah	Kindia	w271014425
PONT_SANS_OUVRAGE	Pont	Route non classifiée			16	154540	PONCEAU	Ponceau PK15 Nzerekore	Nzérékoré	w399698340
PONT_SANS_OUVRAGE	Pont	Route tertiaire			16	128546	PONT	Pont de Milo	Kankan	w305685872
PONT_SANS_OUVRAGE	Pont	Route résidentielle			16	26246	MUR_SOUTENEMENT	Mur de soutenement Mont Gangan	Mamou	w273088025
PONT_SANS_OUVRAGE	Pont	Chemin non carrossable			16	181199	RADIER	Radier de Diafore	Faranah	w1067405677
PONT_SANS_OUVRAGE	Pont	Route secondaire	N31		16	95620	DALOT	Dalot PK112 Faranah	Kankan	w689890863
PONT_SANS_OUVRAGE	Pont	Route tertiaire			16	54683	PONT	Pont de Milo	Kankan	w683100135
PONT_SANS_OUVRAGE	Pont	Chemin carrossable			16	129107	DALOT	Dalot PK112 Faranah	Faranah	w945111912
PONT_SANS_OUVRAGE	Pont	Route non classifiée			16	32959	DALOT	Kouété	Kindia	w337616027
PONT_SANS_OUVRAGE	Pont	Chemin carrossable			16	114233	PONT	Pont de Milo	Faranah	w937273998
PONT_SANS_OUVRAGE	Pont	Route non classifiée			16	13080	PONT	Pont du Fatala	Boké	w332591205
PONT_SANS_OUVRAGE	Pont	Route non classifiée			16	97531	PONCEAU	Ponceau PK15 Nzerekore	Nzérékoré	w1131934342
PONT_SANS_OUVRAGE	Pont	Route non classifiée			16	92205	DALOT	Dalot PK112 Faranah	Faranah	w268834566
PONT_SANS_OUVRAGE	Pont	Route résidentielle			16	44475	PONT	Pont du Fatala	Boké	w654738474
PONT_SANS_OUVRAGE	Pont	Chemin non carrossable			16	165635	DALOT	Dalot PK112 Faranah	Faranah	w274846449
PONT_SANS_OUVRAGE	Pont	Route non classifiée			16	55429	PONT	Pont du Konkoure	Kindia	w331316973
PONT_SANS_OUVRAGE	Pont	Route non classifiée			16	121618	DALOT	Dalot PK112 Faranah	Faranah	w941886535
PONT_SANS_OUVRAGE	Pont	Route non classifiée			16	62082	PONCEAU	Ponceau PK15 Nzerekore	Nzérékoré	w1050580102
PONT_SANS_OUVRAGE	Pont	Route secondaire			16	33761	PONT	Pont rentrée forécariah	Kindia	w162151623
PONT_SANS_OUVRAGE	Pont	Route secondaire			16	1894	PONCEAU	Ponceau PK15 Nzerekore	Nzérékoré	w223821417
PONT_SANS_OUVRAGE	Pont	Chemin carrossable			16	82782	DALOT	Dalot PK112 Faranah	Faranah	w941757008
PONT_SANS_OUVRAGE	Pont	Chemin carrossable			16	138755	DALOT	Dalot PK112 Faranah	Faranah	w947709815
PONT_SANS_OUVRAGE	Pont	Route secondaire			16	146361	PONCEAU	Ponceau PK15 Nzerekore	Nzérékoré	w253639393
PONT_SANS_OUVRAGE	Pont	Route secondaire			16	71392	MUR_SOUTENEMENT	Mur de soutenement Mont Gangan	Mamou	w271115780
PONT_SANS_OUVRAGE	Pont	Route non classifiée			16	108177	DALOT	Dalot PK112 Faranah	Faranah	w942545557
PONT_SANS_OUVRAGE	Pont	Route secondaire			16	50906	PONCEAU	Ponceau PK15 Nzerekore	Nzérékoré	w273389156
PONT_SANS_OUVRAGE	Pont	Route primaire	N27		16	119389	RADIER	Radier de Diafore	Faranah	w238462321
PONT_SANS_OUVRAGE	Pont	Route non classifiée			16	137465	DALOT	Dalot PK112 Faranah	Faranah	w312605390
PONT_SANS_OUVRAGE	Pont	Voie rapide	N6		16	143381	PONT	Pont de Milo	Kankan	w313619916
PONT_SANS_OUVRAGE	Pont	Route secondaire		Premier Pont	16	68089	PONT	Pont de Milo	Kankan	w678382880
PONT_SANS_OUVRAGE	Pont	Route secondaire			16	11980	PONCEAU	Ponceau PK15 Nzerekore	Nzérékoré	w313447397
PONT_SANS_OUVRAGE	Pont	Chemin carrossable			16	145749	RADIER	Radier de Diafore	Faranah	w1066969529
PONT_SANS_OUVRAGE	Pont	Route secondaire			16	13425	DALOT	Dalot PK112 Faranah	Faranah	w672878377
PONT_SANS_OUVRAGE	Pont	Chemin carrossable			16	119864	DALOT	Dalot PK112 Faranah	Faranah	w1067556249
PONT_SANS_OUVRAGE	Pont	Route non classifiée			16	108343	DALOT	Dalot PK112 Faranah	Faranah	w942545559
PONT_SANS_OUVRAGE	Pont	Voie rapide	N1		16	147867	PONT	Pont de Milo	Kankan	w310881338
PONT_SANS_OUVRAGE	Pont	Route non classifiée			16	37996	PONT	Pont du Fatala	Boké	w284545629
PONT_SANS_OUVRAGE	Pont	Chemin non carrossable			16	136681	DALOT	Dalot PK112 Faranah	Faranah	w944251361
PONT_SANS_OUVRAGE	Pont	Route tertiaire			15	14641	RADIER	Radier de Diafore	Labé	w643156937
PONT_SANS_OUVRAGE	Pont	Route non classifiée			15	8574	RADIER	Radier de Diafore	Labé	w640932225
PONT_SANS_OUVRAGE	Pont	Chemin non carrossable			15	141746	PONCEAU	Ponceau PK15 Nzerekore	Nzérékoré	w744143702
PONT_SANS_OUVRAGE	Pont	Route non classifiée			15	106342	DALOT	Dalot PK112 Faranah	Faranah	w941825400
PONT_SANS_OUVRAGE	Pont	Route non classifiée			15	24740	RADIER	Radier de Diafore	Labé	w648226886
PONT_SANS_OUVRAGE	Pont	Route non classifiée			15	12822	PONCEAU	Ponceau PK15 Nzerekore	Nzérékoré	w651567039
PONT_SANS_OUVRAGE	Pont	Route non classifiée			15	102745	PONT	Pont de Milo	Kankan	w688869611
PONT_SANS_OUVRAGE	Pont	Route non classifiée			15	70160	PONT	Pont de Milo	Kankan	w1098878864
PONT_SANS_OUVRAGE	Pont	Chemin carrossable			15	124376	DALOT	Dalot PK112 Faranah	Kankan	w690181930
PONT_SANS_OUVRAGE	Pont	Route non classifiée			15	108406	DALOT	Dalot PK112 Faranah	Faranah	w941874169
PONT_SANS_OUVRAGE	Pont	Chemin carrossable			15	56817	DALOT	Dalot PK112 Faranah	Faranah	w940761456
PONT_SANS_OUVRAGE	Pont	Chemin non carrossable			15	171784	PONCEAU	Ponceau PK15 Nzerekore	Nzérékoré	w746973779
PONT_SANS_OUVRAGE	Pont	Route non classifiée			15	113607	DALOT	Dalot PK112 Faranah	Kankan	w691420412
PONT_SANS_OUVRAGE	Pont	Chemin non carrossable			15	45916	RADIER	Radier de Diafore	Labé	w420822323
PONT_SANS_OUVRAGE	Pont	Route non classifiée			15	50248	RADIER	Radier de Diafore	Labé	w282631865
PONT_SANS_OUVRAGE	Pont	Chemin carrossable			15	109409	PONT	Pont de Milo	Kankan	w936699974
PONT_SANS_OUVRAGE	Pont	Voie rapide	N3		15	38071	PONT	Pont du Konkoure	Boké	w686855365
PONT_SANS_OUVRAGE	Pont	Route tertiaire			15	13860	PONT	Pont de Kolente	Kindia	w329039653
PONT_SANS_OUVRAGE	Pont	Route non classifiée			15	141836	DALOT	Dalot PK112 Faranah	Faranah	w1066171545
PONT_SANS_OUVRAGE	Pont	Chemin carrossable			15	108669	DALOT	Dalot PK112 Faranah	Faranah	w305444153
PONT_SANS_OUVRAGE	Pont	Chemin carrossable			15	130425	DALOT	Dalot PK112 Faranah	Faranah	w1067137028
PONT_SANS_OUVRAGE	Pont	Route tertiaire			15	17806	PONCEAU	Ponceau PK15 Nzerekore	Nzérékoré	w688311922
PONT_SANS_OUVRAGE	Pont	Route non classifiée			15	8170	DALOT	Coyah	Kindia	w269945706
PONT_SANS_OUVRAGE	Pont	Chemin carrossable			15	122061	DALOT	Dalot PK112 Faranah	Kankan	w689970796
PONT_SANS_OUVRAGE	Pont	Voie rapide	N1		15	82844	DALOT	Dalot PK112 Faranah	Faranah	w270513124
PONT_SANS_OUVRAGE	Pont	Chemin non carrossable			15	63375	PONCEAU	Ponceau PK15 Nzerekore	Nzérékoré	w313309049
PONT_SANS_OUVRAGE	Pont	Chemin carrossable			15	62398	DALOT	Dalot PK112 Faranah	Kankan	w675136658
PONT_SANS_OUVRAGE	Pont	Route tertiaire			15	183324	PONT	Pont de Milo	Faranah	w497471644
PONT_SANS_OUVRAGE	Pont	Route non classifiée			15	58012	DALOT	Dalot PK112 Faranah	Faranah	w270874042
PONT_SANS_OUVRAGE	Pont	Route tertiaire			15	162478	RADIER	Radier de Diafore	Boké	w373178964
PONT_SANS_OUVRAGE	Pont	Chemin carrossable			15	118782	DALOT	Dalot PK112 Faranah	Faranah	w936745131
PONT_SANS_OUVRAGE	Pont	Route non classifiée			15	38285	PONT	Pont du Konkoure	Boké	w949547268
PONT_SANS_OUVRAGE	Pont	Chemin carrossable			15	113211	DALOT	Dalot PK112 Faranah	Faranah	w1089067334
PONT_SANS_OUVRAGE	Pont	Route tertiaire			15	26664	DALOT	Dalot PK112 Faranah	Faranah	w415340128
PONT_SANS_OUVRAGE	Pont	Chemin carrossable			15	124779	DALOT	Dalot PK112 Faranah	Kankan	w689970788
PONT_SANS_OUVRAGE	Pont	Route non classifiée			15	159295	DALOT	Dalot PK112 Faranah	Faranah	w269202850
PONT_SANS_OUVRAGE	Pont	Route tertiaire			15	16369	RADIER	Radier de Diafore	Mamou	w463724113
PONT_SANS_OUVRAGE	Pont	Route tertiaire			15	16014	PONT	Pont de Kolente	Kindia	w329039654
PONT_SANS_OUVRAGE	Pont	Route tertiaire			15	61726	RADIER	Radier de Diafore	Labé	w238462346
PONT_SANS_OUVRAGE	Pont	Route non classifiée			15	169154	RADIER	Radier de Diafore	Faranah	w1067897365
PONT_SANS_OUVRAGE	Pont	Route secondaire			15	108204	PONCEAU	Ponceau PK15 Nzerekore	Nzérékoré	w399733608
PONT_SANS_OUVRAGE	Pont	Route résidentielle			15	16134	DALOT	Coyah	Kindia	w272668978
PONT_SANS_OUVRAGE	Pont	Route tertiaire			15	36203	PONT	Pont de Kolente	Kindia	w545945843
PONT_SANS_OUVRAGE	Pont	Route non classifiée			15	113056	DALOT	Dalot PK112 Faranah	Faranah	w937108629
PONT_SANS_OUVRAGE	Pont	Route tertiaire			15	37525	PONT	Pont de Kolente	Kindia	w545944886
PONT_SANS_OUVRAGE	Pont	Route non classifiée			15	39848	RADIER	Radier de Diafore	Mamou	w422825288
PONT_SANS_OUVRAGE	Pont	Route résidentielle			15	36461	PONT	Pont de Kolente	Kindia	w328130003
PONT_SANS_OUVRAGE	Pont	Route secondaire	N31		15	108961	DALOT	Dalot PK112 Faranah	Faranah	w937113391
PONT_SANS_OUVRAGE	Pont	Chemin non carrossable			15	138281	DALOT	Dalot PK112 Faranah	Faranah	w312784955
PONT_SANS_OUVRAGE	Pont	Voie rapide	N3		15	48771	DALOT	Coyah Carref(RN1/RN4)	Kindia	w688902044
PONT_SANS_OUVRAGE	Pont	Chemin carrossable			15	118946	DALOT	Dalot PK112 Faranah	Faranah	w943539721
PONT_SANS_OUVRAGE	Pont	Route non classifiée			15	139119	PONCEAU	Ponceau PK15 Nzerekore	Nzérékoré	w744703439
PONT_SANS_OUVRAGE	Pont	Route résidentielle			15	2605	DALOT	Tonguiron	Kindia	w498967117
PONT_SANS_OUVRAGE	Pont	Voie rapide	N2		15	174759	DALOT	Dalot PK112 Faranah	Nzérékoré	w690232667
PONT_SANS_OUVRAGE	Pont	Voie rapide	N1		15	15691	DALOT	Dalot PK35 Kindia-Mamou	Kindia	w690012963
PONT_SANS_OUVRAGE	Pont	Route non classifiée			15	138864	DALOT	Dalot PK112 Faranah	Faranah	w945063140
PONT_SANS_OUVRAGE	Pont	Route non classifiée			15	176699	RADIER	Radier de Diafore	Faranah	w1067957523
PONT_SANS_OUVRAGE	Pont	Chemin non carrossable			15	117633	DALOT	Dalot PK112 Faranah	Faranah	w941868308
PONT_SANS_OUVRAGE	Pont	Route non classifiée			15	107558	DALOT	Dalot PK112 Faranah	Faranah	w271030278
PONT_SANS_OUVRAGE	Pont	Chemin non carrossable			15	118449	PONT	Pont de Milo	Kankan	w311043908
PONT_SANS_OUVRAGE	Pont	Route non classifiée			15	180148	PONT	Pont de Milo	Kankan	w1006303094
PONT_SANS_OUVRAGE	Pont	Route primaire	N1	Péla - Diécké	15	41026	PONCEAU	Ponceau PK15 Nzerekore	Nzérékoré	w688169016
PONT_SANS_OUVRAGE	Pont	Chemin carrossable			15	74747	PONT	Pont de Milo	Kankan	w691657851
PONT_SANS_OUVRAGE	Pont	Route tertiaire			15	165378	PONT	Pont de Milo	Kankan	w905993904
PONT_SANS_OUVRAGE	Pont	Route non classifiée			15	140895	PONT	Pont de Milo	Kankan	w904683753
PONT_SANS_OUVRAGE	Pont	Chemin carrossable			15	131090	DALOT	Dalot PK112 Faranah	Faranah	w269961589
PONT_SANS_OUVRAGE	Pont	Route secondaire		Yomou - Nzérékoré	15	38482	PONCEAU	Ponceau PK15 Nzerekore	Nzérékoré	w689175254
PONT_SANS_OUVRAGE	Pont	Chemin non carrossable			15	130718	PONCEAU	Ponceau PK15 Nzerekore	Kankan	w741088322
PONT_SANS_OUVRAGE	Pont	Chemin carrossable			15	109745	PONT	Pont de Milo	Faranah	w937101675
PONT_SANS_OUVRAGE	Pont	Route non classifiée			15	93450	PONT	Pont de Milo	Kankan	w688654832
PONT_SANS_OUVRAGE	Pont	Route primaire	N30		15	146473	DALOT	Dalot PK112 Faranah	Faranah	w270023635
PONT_SANS_OUVRAGE	Pont	Voie rapide	N1		15	95134	DALOT	Dalot PK112 Faranah	Faranah	w275691673
PONT_SANS_OUVRAGE	Pont	Voie rapide	N2	N'zérékoré-Macenta	15	93921	PONCEAU	Ponceau PK15 Nzerekore	Nzérékoré	w686681464
PONT_SANS_OUVRAGE	Pont	Chemin carrossable			15	31369	RADIER	Radier de Diafore	Mamou	w379556181
PONT_SANS_OUVRAGE	Pont	Route non classifiée			15	62012	PONCEAU	Ponceau PK15 Nzerekore	Nzérékoré	w1090427724
PONT_SANS_OUVRAGE	Pont	Route non classifiée			14	102893	DALOT	Dalot PK112 Faranah	Faranah	w943903739
PONT_SANS_OUVRAGE	Pont	Route non classifiée			14	72919	DALOT	Dalot PK112 Faranah	Faranah	w701656482
PONT_SANS_OUVRAGE	Pont	Route non classifiée			14	122946	PONT	Pont de Milo	Kankan	w699637094
PONT_SANS_OUVRAGE	Pont	Chemin non carrossable			14	101987	DALOT	Dalot PK112 Faranah	Faranah	w943559995
PONT_SANS_OUVRAGE	Pont	Chemin carrossable			14	92844	PONCEAU	Ponceau PK15 Nzerekore	Nzérékoré	w311532367
PONT_SANS_OUVRAGE	Pont	Chemin non carrossable			14	132072	DALOT	Dalot PK112 Faranah	Faranah	w944277635
PONT_SANS_OUVRAGE	Pont	Route non classifiée			14	87085	MUR_SOUTENEMENT	Mur de soutenement Mont Gangan	Kindia	w873890812
PONT_SANS_OUVRAGE	Pont	Chemin non carrossable			14	133371	DALOT	Dalot PK112 Faranah	Faranah	w944721799
PONT_SANS_OUVRAGE	Pont	Chemin carrossable			14	108101	PONCEAU	Ponceau PK15 Nzerekore	Nzérékoré	w884704821
PONT_SANS_OUVRAGE	Pont	Chemin non carrossable			14	134133	DALOT	Dalot PK112 Faranah	Faranah	w944753822
PONT_SANS_OUVRAGE	Pont	Chemin carrossable			14	56517	DALOT	Dalot PK112 Faranah	Faranah	w941369078
PONT_SANS_OUVRAGE	Pont	Route non classifiée			14	138649	DALOT	Dalot PK112 Faranah	Kankan	w690446321
PONT_SANS_OUVRAGE	Pont	Chemin carrossable			14	114061	DALOT	Dalot PK112 Faranah	Faranah	w941479937
PONT_SANS_OUVRAGE	Pont	Route non classifiée			14	131798	PONT	Pont de Milo	Kankan	w690183155
PONT_SANS_OUVRAGE	Pont	Chemin carrossable			14	49826	DALOT	Dalot PK112 Faranah	Faranah	w941644122
PONT_SANS_OUVRAGE	Pont	Route non classifiée			14	126905	PONT	Pont de Milo	Kankan	w918237962
PONT_SANS_OUVRAGE	Pont	Route tertiaire			14	28096	PONCEAU	Ponceau PK15 Nzerekore	Nzérékoré	w729221688
PONT_SANS_OUVRAGE	Pont	Route tertiaire			14	8580	PONT	Pont de Milo	Kankan	w681988563
PONT_SANS_OUVRAGE	Pont	Route tertiaire			14	175268	RADIER	Radier de Diafore	Faranah	w270012332
PONT_SANS_OUVRAGE	Pont	Chemin carrossable			14	110148	DALOT	Dalot PK112 Faranah	Faranah	w941844120
PONT_SANS_OUVRAGE	Pont	Route tertiaire			14	92580	RADIER	Radier de Diafore	Mamou	w1116621117
PONT_SANS_OUVRAGE	Pont	Route secondaire	N22		14	29380	RADIER	Radier de Diafore	Boké	w687321260
PONT_SANS_OUVRAGE	Pont	Chemin carrossable			14	123435	DALOT	Dalot PK112 Faranah	Faranah	w941870658
PONT_SANS_OUVRAGE	Pont	Chemin carrossable			14	123845	DALOT	Dalot PK112 Faranah	Faranah	w941870663
PONT_SANS_OUVRAGE	Pont	Route non classifiée			14	57326	RADIER	Radier de Diafore	Boké	w667942908
PONT_SANS_OUVRAGE	Pont	Route non classifiée			14	148962	RADIER	Radier de Diafore	Faranah	w1068197460
PONT_SANS_OUVRAGE	Pont	Route tertiaire			14	72094	PONT	Pont de Milo	Kankan	w793897546
PONT_SANS_OUVRAGE	Pont	Chemin carrossable			14	126390	DALOT	Dalot PK112 Faranah	Faranah	w942208194
PONT_SANS_OUVRAGE	Pont	Route non classifiée			14	28447	RADIER	Radier de Diafore	Labé	w648226890
PONT_SANS_OUVRAGE	Pont	Voie rapide	N1		14	7386	BUSE	Buse PK8 Conakry-Coyah	Conakry	w500717748
PONT_SANS_OUVRAGE	Pont	Route tertiaire			14	71499	DALOT	Dalot PK112 Faranah	Faranah	w668801942
PONT_SANS_OUVRAGE	Pont	Route tertiaire			14	162622	PONT	Pont de Milo	Kankan	w906387703
PONT_SANS_OUVRAGE	Pont	Route primaire	N8		14	8592	RADIER	Radier de Diafore	Labé	w687545691
PONT_SANS_OUVRAGE	Pont	Route tertiaire			14	123154	PONT	Pont de Milo	Kankan	w668651644
PONT_SANS_OUVRAGE	Pont	Chemin carrossable			14	108037	DALOT	Dalot PK112 Faranah	Kankan	w691461717
PONT_SANS_OUVRAGE	Pont	Route non classifiée			14	45915	PONT	Pont de Milo	Kankan	w497037850
PONT_SANS_OUVRAGE	Pont	Route primaire	N33		14	133487	PONT	Pont de Milo	Kankan	w689930952
PONT_SANS_OUVRAGE	Pont	Chemin carrossable			14	102339	DALOT	Dalot PK112 Faranah	Kankan	w691412194
PONT_SANS_OUVRAGE	Pont	Route non classifiée			14	93009	PONCEAU	Ponceau PK15 Nzerekore	Nzérékoré	w488037050
PONT_SANS_OUVRAGE	Pont	Chemin carrossable			14	111481	DALOT	Dalot PK112 Faranah	Faranah	w943497031
PONT_SANS_OUVRAGE	Pont	Voie rapide	N2	N'zérékoré-Macenta	14	66263	PONCEAU	Ponceau PK15 Nzerekore	Nzérékoré	w690250804
PONT_SANS_OUVRAGE	Pont	Route primaire			14	72494	PONT	Pont de Kolente	Kindia	w690020058
PONT_SANS_OUVRAGE	Pont	Route primaire	N30		14	164281	PONT	Pont de Milo	Faranah	w906387663
PONT_SANS_OUVRAGE	Pont	Route tertiaire			14	123758	DALOT	Dalot PK112 Faranah	Faranah	w937079472
PONT_SANS_OUVRAGE	Pont	Route résidentielle			14	9491	BUSE	Buse PK8 Conakry-Coyah	Conakry	w270677084
PONT_SANS_OUVRAGE	Pont	Route non classifiée			14	94219	DALOT	Dalot PK112 Faranah	Faranah	w385132177
PONT_SANS_OUVRAGE	Pont	Route tertiaire			14	33109	DALOT	Dalot PK35 Kindia-Mamou	Kindia	w1059545022
PONT_SANS_OUVRAGE	Pont	Route résidentielle			14	11113	BUSE	Buse PK8 Conakry-Coyah	Conakry	w502993039
PONT_SANS_OUVRAGE	Pont	Route non classifiée			14	27300	DALOT	Kouété	Kindia	w338074744
PONT_SANS_OUVRAGE	Pont	Route non classifiée			14	69854	DALOT	Dalot PK112 Faranah	Faranah	w938504958
PONT_SANS_OUVRAGE	Pont	Route non classifiée			14	35972	DALOT	Dalot PK112 Faranah	Faranah	w940395849
PONT_SANS_OUVRAGE	Pont	Route non classifiée			14	19461	PONT	Pont du Fatala	Boké	w330875038
PONT_SANS_OUVRAGE	Pont	Route non classifiée			14	19571	MUR_SOUTENEMENT	Mur de soutenement Mont Gangan	Mamou	w329196555
PONT_SANS_OUVRAGE	Pont	Route non classifiée			14	108099	DALOT	Dalot PK112 Faranah	Faranah	w942545555
PONT_SANS_OUVRAGE	Pont	Voie rapide	N2	N'zérékoré-Macenta	14	83057	PONCEAU	Ponceau PK15 Nzerekore	Nzérékoré	w690232657
PONT_SANS_OUVRAGE	Pont	Chemin carrossable			14	126381	DALOT	Dalot PK112 Faranah	Faranah	w949437688
PONT_SANS_OUVRAGE	Pont	Voie rapide	N2		14	153474	DALOT	Dalot PK112 Faranah	Faranah	w690208003
PONT_SANS_OUVRAGE	Pont	Route non classifiée			14	36580	PONT	Pont de Kolente	Boké	w328027577
PONT_SANS_OUVRAGE	Pont	Chemin carrossable			14	28340	PONT	Pont de Milo	Kankan	w987495823
PONT_SANS_OUVRAGE	Pont	Route tertiaire			14	35535	RADIER	Radier de Diafore	Labé	w639485382
PONT_SANS_OUVRAGE	Pont	Chemin carrossable			14	126442	DALOT	Dalot PK112 Faranah	Faranah	w1066659834
PONT_SANS_OUVRAGE	Pont	Voie rapide	N5		14	39269	RADIER	Radier de Diafore	Labé	w629867911
PONT_SANS_OUVRAGE	Pont	Route non classifiée			14	108384	DALOT	Dalot PK112 Faranah	Faranah	w942854610
PONT_SANS_OUVRAGE	Pont	Route non classifiée			14	92665	DALOT	Dalot PK112 Faranah	Faranah	w942978583
PONT_SANS_OUVRAGE	Pont	Chemin non carrossable			14	169993	PONT	Pont de Milo	Faranah	w912559048
PONT_SANS_OUVRAGE	Pont	Route non classifiée			14	100034	DALOT	Dalot PK112 Faranah	Faranah	w943905922
PONT_SANS_OUVRAGE	Pont	Chemin carrossable			14	175071	DALOT	Dalot PK112 Faranah	Faranah	w1068792836
PONT_SANS_OUVRAGE	Pont	Route non classifiée			14	116302	DALOT	Dalot PK112 Faranah	Faranah	w944276339
PONT_SANS_OUVRAGE	Pont	Route non classifiée			14	142143	DALOT	Dalot PK112 Faranah	Faranah	w946656359
PONT_SANS_OUVRAGE	Pont	Chemin carrossable			14	59994	PONT	Pont de Kolente	Kindia	w1095043586
PONT_SANS_OUVRAGE	Pont	Route non classifiée			14	31758	MUR_SOUTENEMENT	Mur de soutenement Mont Gangan	Mamou	w273088035
PONT_SANS_OUVRAGE	Pont	Route non classifiée			14	163087	DALOT	Dalot PK112 Faranah	Faranah	w273065500
PONT_SANS_OUVRAGE	Pont	Voie rapide	N1		14	139399	PONCEAU	Ponceau PK15 Nzerekore	Kankan	w689136966
PONT_SANS_OUVRAGE	Pont	Route non classifiée			14	141704	DALOT	Dalot PK112 Faranah	Faranah	w946656987
PONT_SANS_OUVRAGE	Pont	Route tertiaire			14	129245	PONT	Pont de Milo	Kankan	w496780756
PONT_SANS_OUVRAGE	Pont	Route secondaire			14	153366	PONCEAU	Ponceau PK15 Nzerekore	Nzérékoré	w496723248
PONT_SANS_OUVRAGE	Pont	Route secondaire			14	75186	PONCEAU	Ponceau PK15 Nzerekore	Nzérékoré	w496950271
PONT_SANS_OUVRAGE	Pont	Chemin carrossable			14	138639	DALOT	Dalot PK112 Faranah	Faranah	w312792895
PONT_SANS_OUVRAGE	Pont	Route non classifiée			14	139161	DALOT	Dalot PK112 Faranah	Faranah	w1069219145
PONT_SANS_OUVRAGE	Pont	Route non classifiée			14	151972	PONT	Pont de Milo	Kankan	w270900236
PONT_SANS_OUVRAGE	Pont	Route tertiaire			14	157961	PONT	Pont de Milo	Kankan	w1010731417
PONT_SANS_OUVRAGE	Pont	Route tertiaire			14	201796	RADIER	Radier de Diafore	Boké	w373075307
PONT_SANS_OUVRAGE	Pont	Route tertiaire			14	20194	PONT	Pont de Kolente	Kindia	w340538455
PONT_SANS_OUVRAGE	Pont	Route non classifiée			14	65497	DALOT	Dalot PK112 Faranah	Faranah	w270874010
PONT_SANS_OUVRAGE	Pont	Voie rapide	N1		14	38742	PONCEAU	Ponceau PK15 Nzerekore	Nzérékoré	w687617066
PONT_SANS_OUVRAGE	Pont	Route non classifiée			14	82837	DALOT	Dalot PK112 Faranah	Faranah	w270580429
PONT_SANS_OUVRAGE	Pont	Route secondaire			14	25387	RADIER	Radier de Diafore	Labé	w632613027
PONT_SANS_OUVRAGE	Pont	Voie rapide	N1		14	8116	DALOT	Coyah	Conakry	w272826190
PONT_SANS_OUVRAGE	Pont	Chemin non carrossable			14	132409	DALOT	Dalot PK112 Faranah	Faranah	w269475225
PONT_SANS_OUVRAGE	Pont	Voie rapide	N1		14	40249	MUR_SOUTENEMENT	Mur de soutenement Mont Gangan	Mamou	w273088020
PONT_SANS_OUVRAGE	Pont	Route tertiaire			14	37997	PONT	Pont de Kolente	Kindia	w328346532
PONT_SANS_OUVRAGE	Pont	Route non classifiée			14	131239	DALOT	Dalot PK112 Faranah	Faranah	w269788151
PONT_SANS_OUVRAGE	Pont	Route tertiaire			14	55316	PONT	Pont de Milo	Kankan	w1020786202
PONT_SANS_OUVRAGE	Pont	Route non classifiée			14	107030	DALOT	Dalot PK112 Faranah	Faranah	w268834375
PONT_SANS_OUVRAGE	Pont	Voie rapide	N1		14	35862	PONT	Pont de Kolente	Kindia	w328034520
PONT_SANS_OUVRAGE	Pont	Voie rapide	N2		14	47621	DALOT	Dalot PK112 Faranah	Faranah	w688608685
PONT_SANS_OUVRAGE	Pont	Voie rapide	N2	N'zérékoré-Macenta	14	10972	PONCEAU	Ponceau PK15 Nzerekore	Nzérékoré	w686662757
PONT_SANS_OUVRAGE	Pont	Route tertiaire			14	119545	PONT	Pont de Milo	Kankan	w296971626
PONT_SANS_OUVRAGE	Pont	Route non classifiée			14	82082	PONT	Pont de Milo	Kankan	w980897893
PONT_SANS_OUVRAGE	Pont	Route secondaire	N21		14	53199	PONT	Pont du Konkoure	Kindia	w690010861
PONT_SANS_OUVRAGE	Pont	Route secondaire			14	48855	PONCEAU	Ponceau PK15 Nzerekore	Nzérékoré	w683420754
PONT_SANS_OUVRAGE	Pont	Chemin carrossable			14	116346	DALOT	Dalot PK112 Faranah	Faranah	w936786093
PONT_SANS_OUVRAGE	Pont	Chemin non carrossable			14	81118	RADIER	Radier de Diafore	Boké	w664565090
PONT_SANS_OUVRAGE	Pont	Chemin carrossable			14	120560	PONT	Pont de Milo	Faranah	w936775844
PONT_SANS_OUVRAGE	Pont	Voie rapide	N5		14	40338	RADIER	Radier de Diafore	Labé	w644386029
PONT_SANS_OUVRAGE	Pont	Chemin carrossable			14	114205	PONT	Pont de Milo	Faranah	w937167340
PONT_SANS_OUVRAGE	Pont	Chemin non carrossable			14	72528	MUR_SOUTENEMENT	Mur de soutenement Mont Gangan	Mamou	w789711179
PONT_SANS_OUVRAGE	Pont	Chemin carrossable			13	117707	DALOT	Dalot PK112 Faranah	Faranah	w1066169277
PONT_SANS_OUVRAGE	Pont	Route secondaire			13	13295	PONCEAU	Ponceau PK15 Nzerekore	Nzérékoré	w306771124
PONT_SANS_OUVRAGE	Pont	Voie rapide	N6		13	138300	PONT	Pont de Milo	Kankan	w313619917
PONT_SANS_OUVRAGE	Pont	Route secondaire			13	28950	PONT	Pont de Milo	Kankan	w688901033
PONT_SANS_OUVRAGE	Pont	Chemin carrossable			13	122144	DALOT	Dalot PK112 Faranah	Kankan	w689970821
PONT_SANS_OUVRAGE	Pont	Chemin carrossable			13	140471	PONT	Pont de Milo	Faranah	w690152724
PONT_SANS_OUVRAGE	Pont	Chemin carrossable			13	136297	DALOT	Dalot PK112 Faranah	Faranah	w946441829
PONT_SANS_OUVRAGE	Pont	Route non classifiée			13	147609	DALOT	Dalot PK112 Faranah	Faranah	w996645044
PONT_SANS_OUVRAGE	Pont	Route résidentielle			13	4860	BUSE	Buse PK8 Conakry-Coyah	Conakry	w548922274
PONT_SANS_OUVRAGE	Pont	Chemin carrossable			13	111911	DALOT	Dalot PK112 Faranah	Faranah	w937276638
PONT_SANS_OUVRAGE	Pont	Route tertiaire			13	14279	RADIER	Radier de Diafore	Labé	w628818147
PONT_SANS_OUVRAGE	Pont	Route non classifiée			13	68313	DALOT	Dalot PK112 Faranah	Kankan	w938388005
PONT_SANS_OUVRAGE	Pont	Route non classifiée			13	60545	DALOT	Dalot PK112 Faranah	Kankan	w938364298
PONT_SANS_OUVRAGE	Pont	Route non classifiée			13	107555	DALOT	Dalot PK112 Faranah	Faranah	w937670260
PONT_SANS_OUVRAGE	Pont	Route tertiaire			13	58196	RADIER	Radier de Diafore	Labé	w629241221
PONT_SANS_OUVRAGE	Pont	Route non classifiée			13	86640	DALOT	Dalot PK112 Faranah	Kankan	w688628496
PONT_SANS_OUVRAGE	Pont	Voie rapide	N1		13	35850	PONT	Pont de Kolente	Kindia	w328034521
PONT_SANS_OUVRAGE	Pont	Route résidentielle			13	1187	RADIER	Radier de Diafore	Labé	w541966886
PONT_SANS_OUVRAGE	Pont	Chemin carrossable			13	82571	DALOT	Dalot PK112 Faranah	Faranah	w941766865
PONT_SANS_OUVRAGE	Pont	Route non classifiée			13	126574	PONT	Pont de Milo	Faranah	w937309602
PONT_SANS_OUVRAGE	Pont	Route résidentielle			13	1361	PONCEAU	Ponceau PK15 Nzerekore	Nzérékoré	w338683601
PONT_SANS_OUVRAGE	Pont	Route non classifiée			13	195964	RADIER	Radier de Diafore	Boké	w373078579
PONT_SANS_OUVRAGE	Pont	Route tertiaire			13	128015	PONT	Pont de Milo	Kankan	w305854302
PONT_SANS_OUVRAGE	Pont	Chemin carrossable			13	22809	DALOT	Coyah Carref(RN1/RN4)	Kindia	w334533880
PONT_SANS_OUVRAGE	Pont	Route non classifiée			13	155837	PONCEAU	Ponceau PK15 Nzerekore	Nzérékoré	w399696808
PONT_SANS_OUVRAGE	Pont	Route non classifiée			13	84354	PONCEAU	Ponceau PK15 Nzerekore	Nzérékoré	w917541703
PONT_SANS_OUVRAGE	Pont	Chemin non carrossable			13	91251	RADIER	Radier de Diafore	Boké	w629955370
PONT_SANS_OUVRAGE	Pont	Route non classifiée			13	127608	PONCEAU	Ponceau PK15 Nzerekore	Nzérékoré	w738334808
PONT_SANS_OUVRAGE	Pont	Voie piétonne			13	26376	PONT	Pont de Kolente	Kindia	w929404356
PONT_SANS_OUVRAGE	Pont	Route non classifiée			13	38427	RADIER	Radier de Diafore	Mamou	w413644266
PONT_SANS_OUVRAGE	Pont	Route tertiaire			13	46754	RADIER	Radier de Diafore	Labé	w643561147
PONT_SANS_OUVRAGE	Pont	Route non classifiée			13	60370	RADIER	Radier de Diafore	Mamou	w418576322
PONT_SANS_OUVRAGE	Pont	Route non classifiée			13	72940	DALOT	Dalot PK112 Faranah	Faranah	w689681086
PONT_SANS_OUVRAGE	Pont	Chemin carrossable			13	42569	DALOT	Dalot PK112 Faranah	Faranah	w940003526
PONT_SANS_OUVRAGE	Pont	Route tertiaire			13	71016	RADIER	Radier de Diafore	Boké	w645065154
PONT_SANS_OUVRAGE	Pont	Route primaire	N29		13	90717	DALOT	Dalot PK112 Faranah	Faranah	w917432795
PONT_SANS_OUVRAGE	Pont	Route primaire	N30		13	158080	PONT	Pont de Milo	Kankan	w906866719
PONT_SANS_OUVRAGE	Pont	Route non classifiée			13	130340	PONCEAU	Ponceau PK15 Nzerekore	Nzérékoré	w730886430
PONT_SANS_OUVRAGE	Pont	Chemin non carrossable			13	62618	RADIER	Radier de Diafore	Mamou	w418532779
PONT_SANS_OUVRAGE	Pont	Voie rapide	N1		13	85826	PONT	Pont de Milo	Kankan	w689122442
PONT_SANS_OUVRAGE	Pont	Route tertiaire			13	30577	RADIER	Radier de Diafore	Labé	w648226892
PONT_SANS_OUVRAGE	Pont	Chemin carrossable			13	118480	DALOT	Dalot PK112 Faranah	Faranah	w943521677
PONT_SANS_OUVRAGE	Pont	Chemin carrossable			13	111237	DALOT	Dalot PK112 Faranah	Faranah	w943497030
PONT_SANS_OUVRAGE	Pont	Route non classifiée			13	60249	PONT	Pont du Konkoure	Boké	w489645063
PONT_SANS_OUVRAGE	Pont	Route non classifiée			13	107378	DALOT	Dalot PK112 Faranah	Faranah	w936793051
PONT_SANS_OUVRAGE	Pont	Chemin carrossable			13	174925	PONT	Pont de Milo	Kankan	w314064392
PONT_SANS_OUVRAGE	Pont	Route non classifiée			13	32322	PONCEAU	Ponceau PK15 Nzerekore	Nzérékoré	w909373367
PONT_SANS_OUVRAGE	Pont	Chemin carrossable			13	130848	DALOT	Dalot PK112 Faranah	Faranah	w269785501
PONT_SANS_OUVRAGE	Pont	Route non classifiée			13	33884	RADIER	Radier de Diafore	Boké	w632661040
PONT_SANS_OUVRAGE	Pont	Route secondaire	N31		13	112314	DALOT	Dalot PK112 Faranah	Faranah	w685279583
PONT_SANS_OUVRAGE	Pont	Chemin carrossable			13	97063	DALOT	Dalot PK112 Faranah	Faranah	w936758249
PONT_SANS_OUVRAGE	Pont	Voie rapide	N1		13	115895	DALOT	Dalot PK112 Faranah	Kankan	w685119825
PONT_SANS_OUVRAGE	Pont	Voie rapide	N2	N'zérékoré - Lola	13	17343	PONCEAU	Ponceau PK15 Nzerekore	Nzérékoré	w690282826
PONT_SANS_OUVRAGE	Pont	Voie rapide	N1		13	7381	BUSE	Buse PK8 Conakry-Coyah	Conakry	w500717756
PONT_SANS_OUVRAGE	Pont	Route tertiaire			13	41514	RADIER	Radier de Diafore	Mamou	w238471906
PONT_SANS_OUVRAGE	Pont	Chemin carrossable			13	113161	DALOT	Dalot PK112 Faranah	Faranah	w942376879
PONT_SANS_OUVRAGE	Pont	Chemin carrossable			13	102161	DALOT	Dalot PK112 Faranah	Faranah	w942266176
PONT_SANS_OUVRAGE	Pont	Route non classifiée			13	32585	DALOT	Dalot PK112 Faranah	Faranah	w675468422
PONT_SANS_OUVRAGE	Pont	Chemin carrossable			13	36837	DALOT	Dalot PK112 Faranah	Faranah	w940479064
PONT_SANS_OUVRAGE	Pont	Chemin carrossable			13	110852	DALOT	Dalot PK112 Faranah	Faranah	w941844136
PONT_SANS_OUVRAGE	Pont	Route non classifiée			13	30174	PONT	Pont de Milo	Kankan	w681971903
PONT_SANS_OUVRAGE	Pont	Chemin carrossable			13	63569	PONCEAU	Ponceau PK15 Nzerekore	Nzérékoré	w725735087
PONT_SANS_OUVRAGE	Pont	Voie rapide	N1		13	42740	PONT	Pont de Milo	Kankan	w689931456
PONT_SANS_OUVRAGE	Pont	Chemin carrossable			13	33381	PONT	Pont de Kolente	Kindia	w545944891
PONT_SANS_OUVRAGE	Pont	Chemin carrossable			13	56401	DALOT	Dalot PK112 Faranah	Faranah	w666041875
PONT_SANS_OUVRAGE	Pont	Voie rapide	N6		13	62533	PONT	Pont de Milo	Kankan	w684325371
PONT_SANS_OUVRAGE	Pont	Route tertiaire			13	35004	RADIER	Radier de Diafore	Mamou	w463724119
PONT_SANS_OUVRAGE	Pont	Route non classifiée			13	33277	PONT	Pont du Konkoure	Boké	w1051296473
PONT_SANS_OUVRAGE	Pont	Route non classifiée			13	112358	DALOT	Dalot PK112 Faranah	Faranah	w947223174
PONT_SANS_OUVRAGE	Pont	Route tertiaire			13	128644	PONT	Pont de Milo	Kankan	w496780758
PONT_SANS_OUVRAGE	Pont	Chemin carrossable			13	9068	BUSE	Buse PK8 Conakry-Coyah	Conakry	w773914471
PONT_SANS_OUVRAGE	Pont	Route non classifiée			13	42466	PONCEAU	Ponceau PK15 Nzerekore	Nzérékoré	w273136256
PONT_SANS_OUVRAGE	Pont	Route tertiaire			13	11988	PONT	Pont de Milo	Kankan	w681988565
PONT_SANS_OUVRAGE	Pont	Chemin carrossable			13	162340	PONT	Pont de Milo	Kankan	w1094132249
PONT_SANS_OUVRAGE	Pont	Chemin carrossable			13	113567	DALOT	Dalot PK112 Faranah	Faranah	w1089067336
PONT_SANS_OUVRAGE	Pont	Route non classifiée			13	94360	DALOT	Dalot PK112 Faranah	Faranah	w688145878
PONT_SANS_OUVRAGE	Pont	Chemin non carrossable			13	132123	DALOT	Dalot PK112 Faranah	Faranah	w269807745
PONT_SANS_OUVRAGE	Pont	Route non classifiée			13	26361	RADIER	Radier de Diafore	Labé	w276923470
PONT_SANS_OUVRAGE	Pont	Route tertiaire			13	46647	PONT	Pont de Milo	Kankan	w1004362102
PONT_SANS_OUVRAGE	Pont	Route secondaire			13	126244	PONCEAU	Ponceau PK15 Nzerekore	Nzérékoré	w480650787
PONT_SANS_OUVRAGE	Pont	Route tertiaire			13	36771	RADIER	Radier de Diafore	Labé	w636551019
PONT_SANS_OUVRAGE	Pont	Voie rapide	N1		12	50415	PONCEAU	Ponceau PK15 Nzerekore	Nzérékoré	w310736017
PONT_SANS_OUVRAGE	Pont	Chemin carrossable			12	22199	DALOT	Coyah Carref(RN1/RN4)	Kindia	w334601252
PONT_SANS_OUVRAGE	Pont	Chemin carrossable			12	59718	MUR_SOUTENEMENT	Mur de soutenement Mont Gangan	Boké	w423891700
PONT_SANS_OUVRAGE	Pont	Chemin carrossable			12	119964	DALOT	Dalot PK112 Faranah	Kankan	w688896333
PONT_SANS_OUVRAGE	Pont	Chemin carrossable			12	75028	PONT	Pont de Milo	Kankan	w689111410
PONT_SANS_OUVRAGE	Pont	Chemin carrossable			12	71426	PONT	Pont de Milo	Kankan	w689154234
PONT_SANS_OUVRAGE	Pont	Chemin carrossable			12	90541	PONT	Pont de Milo	Kankan	w689682144
PONT_SANS_OUVRAGE	Pont	Chemin carrossable			12	124750	DALOT	Dalot PK112 Faranah	Kankan	w689970773
PONT_SANS_OUVRAGE	Pont	Chemin carrossable			12	124743	DALOT	Dalot PK112 Faranah	Kankan	w690497214
PONT_SANS_OUVRAGE	Pont	Chemin carrossable			12	106584	DALOT	Dalot PK112 Faranah	Kankan	w691460060
PONT_SANS_OUVRAGE	Pont	Chemin carrossable			12	77989	PONT	Pont de Milo	Kankan	w691636616
PONT_SANS_OUVRAGE	Pont	Route tertiaire			12	166878	PONT	Pont de Milo	Faranah	w905768218
PONT_SANS_OUVRAGE	Pont	Chemin carrossable			12	68657	PONT	Pont de Milo	Kankan	w691668474
PONT_SANS_OUVRAGE	Pont	Chemin carrossable			12	73083	PONT	Pont de Milo	Kankan	w697763935
PONT_SANS_OUVRAGE	Pont	Chemin carrossable			12	87192	DALOT	Dalot PK112 Faranah	Faranah	w708545935
PONT_SANS_OUVRAGE	Pont	Route tertiaire			12	123415	PONT	Pont de Milo	Kankan	w696652308
PONT_SANS_OUVRAGE	Pont	Route tertiaire			12	125208	DALOT	Dalot PK112 Faranah	Faranah	w686852303
PONT_SANS_OUVRAGE	Pont	Chemin carrossable			12	108904	PONT	Pont de Milo	Kankan	w936711242
PONT_SANS_OUVRAGE	Pont	Chemin carrossable			12	117747	PONT	Pont de Milo	Faranah	w936816934
PONT_SANS_OUVRAGE	Pont	Chemin carrossable			12	125563	DALOT	Dalot PK112 Faranah	Faranah	w937228466
PONT_SANS_OUVRAGE	Pont	Chemin carrossable			12	57887	DALOT	Dalot PK112 Faranah	Kankan	w938929467
PONT_SANS_OUVRAGE	Pont	Chemin carrossable			12	106224	DALOT	Dalot PK112 Faranah	Faranah	w941748797
PONT_SANS_OUVRAGE	Pont	Chemin carrossable			12	106938	DALOT	Dalot PK112 Faranah	Faranah	w941825414
PONT_SANS_OUVRAGE	Pont	Route tertiaire		Pont Oudiala	12	70154	PONT	Pont de Milo	Kankan	w678385931
PONT_SANS_OUVRAGE	Pont	Chemin carrossable			12	95815	DALOT	Dalot PK112 Faranah	Faranah	w941854729
PONT_SANS_OUVRAGE	Pont	Chemin carrossable			12	123074	DALOT	Dalot PK112 Faranah	Faranah	w941870656
PONT_SANS_OUVRAGE	Pont	Chemin carrossable			12	120993	DALOT	Dalot PK112 Faranah	Faranah	w941968140
PONT_SANS_OUVRAGE	Pont	Route tertiaire			12	105490	PONT	Pont de Milo	Kankan	w668649682
PONT_SANS_OUVRAGE	Pont	Chemin carrossable			12	102541	DALOT	Dalot PK112 Faranah	Faranah	w943489915
PONT_SANS_OUVRAGE	Pont	Chemin carrossable			12	100737	DALOT	Dalot PK112 Faranah	Faranah	w943545072
PONT_SANS_OUVRAGE	Pont	Route tertiaire			12	19488	RADIER	Radier de Diafore	Labé	w643380753
PONT_SANS_OUVRAGE	Pont	Route tertiaire			12	63655	RADIER	Radier de Diafore	Boké	w633501721
PONT_SANS_OUVRAGE	Pont	Chemin carrossable			12	107315	DALOT	Dalot PK112 Faranah	Faranah	w944234606
PONT_SANS_OUVRAGE	Pont	Route tertiaire			12	74085	RADIER	Radier de Diafore	Labé	w633292967
PONT_SANS_OUVRAGE	Pont	Route tertiaire			12	35231	PONT	Pont de Kolente	Kindia	w545945847
PONT_SANS_OUVRAGE	Pont	Chemin carrossable			12	154125	RADIER	Radier de Diafore	Faranah	w1067198409
PONT_SANS_OUVRAGE	Pont	Route tertiaire			12	73191	PONT	Pont de Milo	Kankan	w489453498
PONT_SANS_OUVRAGE	Pont	Route tertiaire			12	105056	PONCEAU	Ponceau PK15 Nzerekore	Nzérékoré	w488037010
PONT_SANS_OUVRAGE	Pont	Voie rapide	N1		12	106073	PONCEAU	Ponceau PK15 Nzerekore	Nzérékoré	w253617030
PONT_SANS_OUVRAGE	Pont	Voie rapide	N1	N'zérékoré-Yomou	12	3497	PONCEAU	Ponceau PK15 Nzerekore	Nzérékoré	w270535106
PONT_SANS_OUVRAGE	Pont	Voie rapide	N3		12	29480	DALOT	Coyah	Kindia	w273043792
PONT_SANS_OUVRAGE	Pont	Voie rapide	N2		12	142851	PONCEAU	Ponceau PK15 Nzerekore	Nzérékoré	w275182820
PONT_SANS_OUVRAGE	Pont	Route tertiaire			12	30821	PONCEAU	Ponceau PK15 Nzerekore	Nzérékoré	w319036073
PONT_SANS_OUVRAGE	Pont	Route tertiaire			12	152539	PONT	Pont de Milo	Kankan	w315886573
PONT_SANS_OUVRAGE	Pont	Voie rapide	N1		12	97949	MUR_SOUTENEMENT	Mur de soutenement Mont Gangan	Mamou	w319395634
PONT_SANS_OUVRAGE	Pont	Voie rapide	N1		12	29144	PONT	Pont de Kolente	Kindia	w328249312
PONT_SANS_OUVRAGE	Pont	Route tertiaire			12	189426	PONT	Pont de Milo	Faranah	w302317298
PONT_SANS_OUVRAGE	Pont	Voie rapide	N1		12	10137	DALOT	Coyah	Conakry	w498630062
PONT_SANS_OUVRAGE	Pont	Voie rapide	N6		12	1887	PONT	Pont de Milo	Kankan	w541386255
PONT_SANS_OUVRAGE	Pont	Voie rapide	N5		12	35795	RADIER	Radier de Diafore	Labé	w636551017
PONT_SANS_OUVRAGE	Pont	Voie rapide	N2	Lola - Danané	12	56070	PONCEAU	Ponceau PK15 Nzerekore	Nzérékoré	w686614608
PONT_SANS_OUVRAGE	Pont	Route secondaire			12	114837	PONT	Pont de Milo	Kankan	w689928688
PONT_SANS_OUVRAGE	Pont	Voie rapide	N1		12	7420	MUR_SOUTENEMENT	Mur de soutenement Mont Gangan	Mamou	w687364110
PONT_SANS_OUVRAGE	Pont	Route secondaire			12	26895	PONT	Pont de Milo	Kankan	w689911768
PONT_SANS_OUVRAGE	Pont	Voie rapide	N1		12	99840	PONCEAU	Ponceau PK15 Nzerekore	Nzérékoré	w687407457
PONT_SANS_OUVRAGE	Pont	Voie rapide	N1		12	32543	DALOT	Dalot PK35 Kindia-Mamou	Kindia	w687409139
PONT_SANS_OUVRAGE	Pont	Route secondaire			12	37962	PONCEAU	Ponceau PK15 Nzerekore	Nzérékoré	w689657842
PONT_SANS_OUVRAGE	Pont	Voie rapide	N1		12	139946	PONCEAU	Ponceau PK15 Nzerekore	Kankan	w689136968
PONT_SANS_OUVRAGE	Pont	Route secondaire			12	36700	MUR_SOUTENEMENT	Mur de soutenement Mont Gangan	Mamou	w687322129
PONT_SANS_OUVRAGE	Pont	Route non classifiée			12	98162	RADIER	Radier de Diafore	Labé	w195850322
PONT_SANS_OUVRAGE	Pont	Route secondaire			12	118533	PONCEAU	Ponceau PK15 Nzerekore	Nzérékoré	w681742701
PONT_SANS_OUVRAGE	Pont	Route non classifiée			12	100717	DALOT	Dalot PK112 Faranah	Faranah	w269098308
PONT_SANS_OUVRAGE	Pont	Route non classifiée			12	50298	DALOT	Dalot PK112 Faranah	Faranah	w270294762
PONT_SANS_OUVRAGE	Pont	Route non classifiée			12	14905	DALOT	Dalot PK112 Faranah	Faranah	w270874012
PONT_SANS_OUVRAGE	Pont	Route secondaire			12	129585	PONCEAU	Ponceau PK15 Nzerekore	Nzérékoré	w488043604
PONT_SANS_OUVRAGE	Pont	Route non classifiée			12	47851	PONCEAU	Ponceau PK15 Nzerekore	Nzérékoré	w273323761
PONT_SANS_OUVRAGE	Pont	Route secondaire			12	102905	PONCEAU	Ponceau PK15 Nzerekore	Nzérékoré	w488037075
PONT_SANS_OUVRAGE	Pont	Route non classifiée			12	157995	PONCEAU	Ponceau PK15 Nzerekore	Nzérékoré	w275632057
PONT_SANS_OUVRAGE	Pont	Route secondaire			12	116188	PONCEAU	Ponceau PK15 Nzerekore	Nzérékoré	w480648059
PONT_SANS_OUVRAGE	Pont	Route non classifiée			12	133154	PONT	Pont de Milo	Kankan	w310502046
PONT_SANS_OUVRAGE	Pont	Route secondaire			12	30170	PONCEAU	Ponceau PK15 Nzerekore	Nzérékoré	w319036072
PONT_SANS_OUVRAGE	Pont	Route secondaire			12	139736	PONT	Pont de Milo	Kankan	w315239512
PONT_SANS_OUVRAGE	Pont	Route secondaire			12	59847	PONT	Pont du Konkoure	Boké	w273066183
PONT_SANS_OUVRAGE	Pont	Route secondaire			12	25844	MUR_SOUTENEMENT	Mur de soutenement Mont Gangan	Mamou	w271418529
PONT_SANS_OUVRAGE	Pont	Route non classifiée		A1	12	38775	DALOT	Dalot PK35 Kindia-Mamou	Kindia	w327607692
PONT_SANS_OUVRAGE	Pont	Route non classifiée			12	7162	DALOT	Dalot PK35 Kindia-Mamou	Kindia	w328212556
PONT_SANS_OUVRAGE	Pont	Route tertiaire			12	22492	MUR_SOUTENEMENT	Mur de soutenement Mont Gangan	Mamou	w271461420
PONT_SANS_OUVRAGE	Pont	Route tertiaire			12	9587	BUSE	Buse PK8 Conakry-Coyah	Conakry	w270677090
PONT_SANS_OUVRAGE	Pont	Route résidentielle			12	70007	PONT	Pont de Milo	Kankan	w744707409
PONT_SANS_OUVRAGE	Pont	Route résidentielle			12	114196	PONT	Pont de Milo	Kankan	w319687873
PONT_SANS_OUVRAGE	Pont	Route résidentielle			12	105490	PONCEAU	Ponceau PK15 Nzerekore	Nzérékoré	w312135558
PONT_SANS_OUVRAGE	Pont	Route résidentielle			12	682	PONCEAU	Ponceau PK15 Nzerekore	Nzérékoré	w270321953
PONT_SANS_OUVRAGE	Pont	Route résidentielle			12	1865	PONCEAU	Ponceau PK15 Nzerekore	Nzérékoré	w269567340
PONT_SANS_OUVRAGE	Pont	Route primaire	N29		12	77464	DALOT	Dalot PK112 Faranah	Faranah	w761995481
PONT_SANS_OUVRAGE	Pont	Route non classifiée			12	139408	RADIER	Radier de Diafore	Boké	w498131274
PONT_SANS_OUVRAGE	Pont	Route non classifiée			12	5631	RADIER	Radier de Diafore	Mamou	w541911996
PONT_SANS_OUVRAGE	Pont	Route primaire			12	161572	DALOT	Dalot PK112 Faranah	Nzérékoré	w685847308
PONT_SANS_OUVRAGE	Pont	Route non classifiée			12	111208	PONT	Pont du Konkoure	Kindia	w633304948
PONT_SANS_OUVRAGE	Pont	Route non classifiée			12	35661	RADIER	Radier de Diafore	Labé	w636996529
PONT_SANS_OUVRAGE	Pont	Route primaire	N8		12	389	RADIER	Radier de Diafore	Labé	w529174709
PONT_SANS_OUVRAGE	Pont	Route primaire	MA006	Route le Niger	12	10594	BUSE	Buse PK8 Conakry-Coyah	Conakry	w505442908
PONT_SANS_OUVRAGE	Pont	Route primaire	N18		12	113931	PONCEAU	Ponceau PK15 Nzerekore	Nzérékoré	w311986029
PONT_SANS_OUVRAGE	Pont	Route non classifiée			12	38827	PONT	Pont du Fatala	Boké	w667014712
PONT_SANS_OUVRAGE	Pont	Route non classifiée			12	125772	PONT	Pont de Milo	Kankan	w678679769
PONT_SANS_OUVRAGE	Pont	Route non classifiée			12	127087	PONT	Pont de Milo	Kankan	w678679788
PONT_SANS_OUVRAGE	Pont	Chemin non carrossable			12	131529	DALOT	Dalot PK112 Faranah	Faranah	w945813361
PONT_SANS_OUVRAGE	Pont	Chemin non carrossable			12	132051	DALOT	Dalot PK112 Faranah	Faranah	w944721802
PONT_SANS_OUVRAGE	Pont	Chemin non carrossable			12	79268	DALOT	Dalot PK112 Faranah	Faranah	w939869908
PONT_SANS_OUVRAGE	Pont	Chemin non carrossable			12	84170	PONCEAU	Ponceau PK15 Nzerekore	Nzérékoré	w917533404
PONT_SANS_OUVRAGE	Pont	Chemin non carrossable			12	114162	PONCEAU	Ponceau PK15 Nzerekore	Nzérékoré	w746750213
PONT_SANS_OUVRAGE	Pont	Route non classifiée			12	141472	PONCEAU	Ponceau PK15 Nzerekore	Nzérékoré	w743779310
PONT_SANS_OUVRAGE	Pont	Chemin non carrossable			12	83557	DALOT	Dalot PK112 Faranah	Kankan	w690677332
PONT_SANS_OUVRAGE	Pont	Chemin non carrossable			12	92636	RADIER	Radier de Diafore	Boké	w632594305
PONT_SANS_OUVRAGE	Pont	Chemin non carrossable			12	63317	RADIER	Radier de Diafore	Mamou	w418526905
PONT_SANS_OUVRAGE	Pont	Chemin non carrossable			12	8429	BUSE	Buse PK8 Conakry-Coyah	Conakry	w335055651
PONT_SANS_OUVRAGE	Pont	Route non classifiée			12	112433	DALOT	Dalot PK112 Faranah	Faranah	w936900323
PONT_SANS_OUVRAGE	Pont	Route non classifiée			12	77253	MUR_SOUTENEMENT	Mur de soutenement Mont Gangan	Kindia	w1113727438
PONT_SANS_OUVRAGE	Pont	Route non classifiée			12	80912	DALOT	Dalot PK112 Faranah	Faranah	w941793718
PONT_SANS_OUVRAGE	Pont	Route non classifiée			12	122856	DALOT	Dalot PK112 Faranah	Faranah	w941886493
PONT_SANS_OUVRAGE	Pont	Chemin non carrossable			12	133301	DALOT	Dalot PK112 Faranah	Faranah	w269850953
PONT_SANS_OUVRAGE	Pont	Route non classifiée			12	60035	MUR_SOUTENEMENT	Mur de soutenement Mont Gangan	Mamou	w974359385
PONT_SANS_OUVRAGE	Pont	Route non classifiée			12	23568	PONT	Pont de Milo	Kankan	w1016616748
PONT_SANS_OUVRAGE	Pont	Route non classifiée			12	129120	DALOT	Dalot PK112 Faranah	Faranah	w1066123141
PONT_SANS_OUVRAGE	Pont	Route non classifiée			12	169659	RADIER	Radier de Diafore	Faranah	w1067861848
PONT_SANS_OUVRAGE	Pont	Chemin carrossable			12	131688	DALOT	Dalot PK112 Faranah	Faranah	w269676976
PONT_SANS_OUVRAGE	Pont	Route résidentielle			11	132674	DALOT	Dalot PK112 Faranah	Faranah	w270425232
PONT_SANS_OUVRAGE	Pont	Route tertiaire			11	177165	PONT	Pont de Milo	Kankan	w906775181
PONT_SANS_OUVRAGE	Pont	Route secondaire			11	88751	DALOT	Dalot PK112 Faranah	Kankan	w684342966
PONT_SANS_OUVRAGE	Pont	Route non classifiée			11	61667	RADIER	Radier de Diafore	Labé	w1006400979
PONT_SANS_OUVRAGE	Pont	Route non classifiée			11	15480	DALOT	Dalot PK112 Faranah	Faranah	w270874006
PONT_SANS_OUVRAGE	Pont	Route non classifiée			11	120556	DALOT	Dalot PK112 Faranah	Faranah	w936785852
PONT_SANS_OUVRAGE	Pont	Route secondaire			11	118203	PONCEAU	Ponceau PK15 Nzerekore	Nzérékoré	w488043608
PONT_SANS_OUVRAGE	Pont	Chemin non carrossable			11	170943	PONCEAU	Ponceau PK15 Nzerekore	Nzérékoré	w269333081
PONT_SANS_OUVRAGE	Pont	Chemin non carrossable			11	138324	DALOT	Dalot PK112 Faranah	Faranah	w312784958
PONT_SANS_OUVRAGE	Pont	Voie rapide	N3		11	12997	DALOT	Coyah	Conakry	w270439372
PONT_SANS_OUVRAGE	Pont	Route tertiaire			11	131916	PONCEAU	Ponceau PK15 Nzerekore	Nzérékoré	w745607909
PONT_SANS_OUVRAGE	Pont	Route primaire	N33		11	129601	PONT	Pont de Milo	Faranah	w681919365
PONT_SANS_OUVRAGE	Pont	Voie rapide	N2	N'zérékoré - Lola	11	945	PONCEAU	Ponceau PK15 Nzerekore	Nzérékoré	w270321934
PONT_SANS_OUVRAGE	Pont	Chemin carrossable			11	73435	DALOT	Dalot PK112 Faranah	Mamou	w793510673
PONT_SANS_OUVRAGE	Pont	Chemin non carrossable			11	25669	DALOT	Manfrinyah	Kindia	w338074723
PONT_SANS_OUVRAGE	Pont	Route non classifiée			11	26583	DALOT	Dalot PK112 Faranah	Faranah	w270884281
PONT_SANS_OUVRAGE	Pont	Chemin carrossable			11	104566	PONCEAU	Ponceau PK15 Nzerekore	Nzérékoré	w312123183
PONT_SANS_OUVRAGE	Pont	Route tertiaire			11	9104	BUSE	Buse PK8 Conakry-Coyah	Conakry	w335055649
PONT_SANS_OUVRAGE	Pont	Route non classifiée			11	167393	PONCEAU	Ponceau PK15 Nzerekore	Nzérékoré	w274920224
PONT_SANS_OUVRAGE	Pont	Voie rapide			11	134849	RADIER	Radier de Diafore	Boké	w377989913
PONT_SANS_OUVRAGE	Pont	Route non classifiée			11	42191	PONCEAU	Ponceau PK15 Nzerekore	Nzérékoré	w1005798662
PONT_SANS_OUVRAGE	Pont	Voie rapide	N1		11	83845	PONT	Pont de Milo	Kankan	w319416836
PONT_SANS_OUVRAGE	Pont	Route résidentielle			11	26138	MUR_SOUTENEMENT	Mur de soutenement Mont Gangan	Mamou	w273088032
PONT_SANS_OUVRAGE	Pont	Route non classifiée			11	148864	PONCEAU	Ponceau PK15 Nzerekore	Nzérékoré	w882476893
PONT_SANS_OUVRAGE	Pont	Route non classifiée			11	152037	RADIER	Radier de Diafore	Faranah	w1068995386
PONT_SANS_OUVRAGE	Pont	Route tertiaire			11	85756	DALOT	Dalot PK112 Faranah	Faranah	w701913536
PONT_SANS_OUVRAGE	Pont	Route non classifiée			11	127294	PONT	Pont de Milo	Faranah	w1085581809
PONT_SANS_OUVRAGE	Pont	Route primaire	N30		11	125888	PONT	Pont de Milo	Kankan	w678679706
PONT_SANS_OUVRAGE	Pont	Chemin carrossable			11	142552	DALOT	Dalot PK112 Faranah	Faranah	w1067635469
PONT_SANS_OUVRAGE	Pont	Route non classifiée			11	1197	DALOT	Wonkifon carrefour	Kindia	w968778178
PONT_SANS_OUVRAGE	Pont	Route non classifiée			11	133389	PONT	Pont de Milo	Kankan	w270900239
PONT_SANS_OUVRAGE	Pont	Route non classifiée			11	164882	DALOT	Dalot PK112 Faranah	Faranah	w292047150
PONT_SANS_OUVRAGE	Pont	Chemin carrossable			11	104895	DALOT	Dalot PK112 Faranah	Faranah	w269190212
PONT_SANS_OUVRAGE	Pont	Route tertiaire			11	111331	DALOT	Dalot PK112 Faranah	Faranah	w688923526
PONT_SANS_OUVRAGE	Pont	Route secondaire			11	42705	PONCEAU	Ponceau PK15 Nzerekore	Nzérékoré	w689659086
PONT_SANS_OUVRAGE	Pont	Route non classifiée			11	77174	MUR_SOUTENEMENT	Mur de soutenement Mont Gangan	Kindia	w1113727437
PONT_SANS_OUVRAGE	Pont	Route tertiaire			11	144349	PONCEAU	Ponceau PK15 Nzerekore	Kankan	w687590736
PONT_SANS_OUVRAGE	Pont	Route non classifiée			11	83157	DALOT	Dalot PK112 Faranah	Kankan	w486178893
PONT_SANS_OUVRAGE	Pont	Route tertiaire			11	26423	DALOT	Dalot PK112 Faranah	Faranah	w686777129
PONT_SANS_OUVRAGE	Pont	Chemin carrossable			11	113329	PONT	Pont de Milo	Faranah	w936782070
PONT_SANS_OUVRAGE	Pont	Route secondaire			11	70864	PONT	Pont de Milo	Kankan	w1114873256
PONT_SANS_OUVRAGE	Pont	Route tertiaire			11	33645	RADIER	Radier de Diafore	Labé	w636335137
PONT_SANS_OUVRAGE	Pont	Chemin non carrossable			11	138071	DALOT	Dalot PK112 Faranah	Faranah	w268912850
PONT_SANS_OUVRAGE	Pont	Route non classifiée			11	174177	DALOT	Dalot PK112 Faranah	Nzérékoré	w293089417
PONT_SANS_OUVRAGE	Pont	Route tertiaire			11	32719	RADIER	Radier de Diafore	Labé	w636335140
PONT_SANS_OUVRAGE	Pont	Chemin non carrossable			11	25380	DALOT	Manfrinyah	Kindia	w688573397
PONT_SANS_OUVRAGE	Pont	Route non classifiée			11	81299	DALOT	Dalot PK112 Faranah	Faranah	w270938856
PONT_SANS_OUVRAGE	Pont	Route tertiaire			11	66464	DALOT	Dalot PK112 Faranah	Faranah	w686513151
PONT_SANS_OUVRAGE	Pont	Route non classifiée			11	109234	DALOT	Dalot PK112 Faranah	Faranah	w270944680
PONT_SANS_OUVRAGE	Pont	Chemin carrossable			11	92936	DALOT	Dalot PK112 Faranah	Faranah	w942931460
PONT_SANS_OUVRAGE	Pont	Chemin carrossable			11	119947	DALOT	Dalot PK112 Faranah	Faranah	w943521686
PONT_SANS_OUVRAGE	Pont	Chemin non carrossable			11	8350	BUSE	Buse PK8 Conakry-Coyah	Conakry	w269940656
PONT_SANS_OUVRAGE	Pont	Voie rapide	N1		11	49832	PONT	Pont de Milo	Kankan	w689931624
PONT_SANS_OUVRAGE	Pont	Route non classifiée			11	36056	PONCEAU	Ponceau PK15 Nzerekore	Nzérékoré	w307909912
PONT_SANS_OUVRAGE	Pont	Route tertiaire			11	161861	DALOT	Dalot PK112 Faranah	Faranah	w1066125041
PONT_SANS_OUVRAGE	Pont	Route primaire	N29		11	29453	DALOT	Dalot PK112 Faranah	Faranah	w709625056
PONT_SANS_OUVRAGE	Pont	Route non classifiée			11	2059	PONCEAU	Ponceau PK15 Nzerekore	Nzérékoré	w269567344
PONT_SANS_OUVRAGE	Pont	Route tertiaire			11	73140	PONT	Pont de Milo	Kankan	w489453500
PONT_SANS_OUVRAGE	Pont	Voie piétonne			11	44829	MUR_SOUTENEMENT	Mur de soutenement Mont Gangan	Mamou	w1024438737
PONT_SANS_OUVRAGE	Pont	Chemin non carrossable			11	107057	DALOT	Dalot PK112 Faranah	Faranah	w942854612
PONT_SANS_OUVRAGE	Pont	Chemin carrossable			11	126262	DALOT	Dalot PK112 Faranah	Faranah	w1066175275
PONT_SANS_OUVRAGE	Pont	Route tertiaire			11	128597	DALOT	Dalot PK112 Faranah	Faranah	w1068311932
PONT_SANS_OUVRAGE	Pont	Route tertiaire			11	15891	RADIER	Radier de Diafore	Mamou	w646932935
PONT_SANS_OUVRAGE	Pont	Chemin non carrossable			11	131968	DALOT	Dalot PK112 Faranah	Faranah	w944277634
PONT_SANS_OUVRAGE	Pont	Chemin non carrossable			11	26427	MUR_SOUTENEMENT	Mur de soutenement Mont Gangan	Mamou	w271295092
PONT_SANS_OUVRAGE	Pont	Voie rapide	N1	Ganta - Diécké	11	51214	PONCEAU	Ponceau PK15 Nzerekore	Nzérékoré	w687358939
PONT_SANS_OUVRAGE	Pont	Chemin carrossable			11	139951	DALOT	Dalot PK112 Faranah	Faranah	w1066124456
PONT_SANS_OUVRAGE	Pont	Chemin carrossable			11	147187	DALOT	Dalot PK112 Faranah	Faranah	w1065805791
PONT_SANS_OUVRAGE	Pont	Voie rapide	N6		11	23541	PONT	Pont de Milo	Kankan	w684325377
PONT_SANS_OUVRAGE	Pont	Chemin carrossable			11	61361	PONCEAU	Ponceau PK15 Nzerekore	Nzérékoré	w1016079248
PONT_SANS_OUVRAGE	Pont	Chemin carrossable			11	165167	DALOT	Dalot PK112 Faranah	Faranah	w981076580
PONT_SANS_OUVRAGE	Pont	Route tertiaire			11	123691	PONT	Pont de Milo	Kankan	w496311819
PONT_SANS_OUVRAGE	Pont	Route résidentielle			11	135022	DALOT	Dalot PK112 Faranah	Faranah	w176477381
PONT_SANS_OUVRAGE	Pont	Route secondaire			11	75170	PONCEAU	Ponceau PK15 Nzerekore	Nzérékoré	w496950269
PONT_SANS_OUVRAGE	Pont	Route secondaire			11	76409	PONCEAU	Ponceau PK15 Nzerekore	Nzérékoré	w689671569
PONT_SANS_OUVRAGE	Pont	Route non classifiée			11	46792	PONT	Pont rentrée forécariah	Kindia	w220233138
PONT_SANS_OUVRAGE	Pont	Route secondaire			11	101987	PONT	Pont de Milo	Kankan	w690295019
PONT_SANS_OUVRAGE	Pont	Chemin non carrossable			11	135270	DALOT	Dalot PK112 Faranah	Faranah	w970672075
PONT_SANS_OUVRAGE	Pont	Chemin carrossable			11	110382	DALOT	Dalot PK112 Faranah	Faranah	w941738726
PONT_SANS_OUVRAGE	Pont	Route tertiaire			11	55809	DALOT	Dalot PK112 Faranah	Faranah	w939781333
PONT_SANS_OUVRAGE	Pont	Voie rapide	N1		11	142244	PONCEAU	Ponceau PK15 Nzerekore	Kankan	w689136970
PONT_SANS_OUVRAGE	Pont	Chemin carrossable			11	139471	DALOT	Dalot PK112 Faranah	Faranah	w690226747
PONT_SANS_OUVRAGE	Pont	Route non classifiée			11	81773	DALOT	Dalot PK112 Faranah	Faranah	w688668074
PONT_SANS_OUVRAGE	Pont	Route tertiaire			11	32969	DALOT	Dalot PK112 Faranah	Faranah	w682691332
PONT_SANS_OUVRAGE	Pont	Route tertiaire			11	39739	RADIER	Radier de Diafore	Labé	w238462344
PONT_SANS_OUVRAGE	Pont	Route non classifiée			11	63515	RADIER	Radier de Diafore	Labé	w634364732
PONT_SANS_OUVRAGE	Pont	Chemin carrossable			11	125110	DALOT	Dalot PK112 Faranah	Faranah	w943822818
PONT_SANS_OUVRAGE	Pont	Route non classifiée			11	94352	RADIER	Radier de Diafore	Boké	w632594303
PONT_SANS_OUVRAGE	Pont	Route non classifiée			11	117792	DALOT	Dalot PK112 Faranah	Faranah	w1085330279
PONT_SANS_OUVRAGE	Pont	Route primaire	N18		11	130377	PONCEAU	Ponceau PK15 Nzerekore	Nzérékoré	w688411911
PONT_SANS_OUVRAGE	Pont	Chemin carrossable			11	109164	DALOT	Dalot PK112 Faranah	Faranah	w941834009
PONT_SANS_OUVRAGE	Pont	Route non classifiée			11	18028	PONT	Pont de Milo	Kankan	w681985939
PONT_SANS_OUVRAGE	Pont	Route secondaire			11	69043	PONT	Pont de Milo	Kankan	w689931379
PONT_SANS_OUVRAGE	Pont	Route non classifiée			11	126960	PONT	Pont de Milo	Kankan	w678679714
PONT_SANS_OUVRAGE	Pont	Route non classifiée			11	140410	DALOT	Dalot PK112 Faranah	Faranah	w1066074287
PONT_SANS_OUVRAGE	Pont	Voie rapide	N2		11	37539	DALOT	Dalot PK112 Faranah	Faranah	w177524763
PONT_SANS_OUVRAGE	Pont	Chemin carrossable			11	123472	DALOT	Dalot PK112 Faranah	Faranah	w941870661
PONT_SANS_OUVRAGE	Pont	Chemin carrossable			11	120835	DALOT	Dalot PK112 Faranah	Faranah	w941968139
PONT_SANS_OUVRAGE	Pont	Chemin carrossable			11	116152	DALOT	Dalot PK112 Faranah	Faranah	w942230365
PONT_SANS_OUVRAGE	Pont	Route non classifiée			11	107773	DALOT	Dalot PK112 Faranah	Faranah	w941748991
PONT_SANS_OUVRAGE	Pont	Route tertiaire			11	172368	DALOT	Dalot PK112 Faranah	Faranah	w1067205124
PONT_SANS_OUVRAGE	Pont	Chemin carrossable			11	118897	DALOT	Dalot PK112 Faranah	Faranah	w942249161
PONT_SANS_OUVRAGE	Pont	Route tertiaire			11	22974	MUR_SOUTENEMENT	Mur de soutenement Mont Gangan	Mamou	w271320531
PONT_SANS_OUVRAGE	Pont	Chemin carrossable			11	53827	DALOT	Dalot PK112 Faranah	Faranah	w661811004
PONT_SANS_OUVRAGE	Pont	Route tertiaire			11	63094	PONCEAU	Ponceau PK15 Nzerekore	Nzérékoré	w571796398
PONT_SANS_OUVRAGE	Pont	Route primaire	N1		11	12185	PONCEAU	Ponceau PK15 Nzerekore	Nzérékoré	w497000416
PONT_SANS_OUVRAGE	Pont	Route non classifiée			11	67708	DALOT	Dalot PK112 Faranah	Kankan	w938903621
PONT_SANS_OUVRAGE	Pont	Inconnu			11	95115	DALOT	Dalot PK112 Faranah	Kankan	w304927033
PONT_SANS_OUVRAGE	Pont	Chemin carrossable			11	117303	DALOT	Dalot PK112 Faranah	Faranah	w942344659
PONT_SANS_OUVRAGE	Pont	Chemin carrossable			11	137825	DALOT	Dalot PK112 Faranah	Faranah	w690227937
PONT_SANS_OUVRAGE	Pont	Chemin carrossable			11	36205	PONT	Pont de Kolente	Kindia	w328555983
PONT_SANS_OUVRAGE	Pont	Voie rapide	N1		11	147649	PONCEAU	Ponceau PK15 Nzerekore	Kankan	w310881943
PONT_SANS_OUVRAGE	Pont	Route primaire	N8		11	4664	RADIER	Radier de Diafore	Labé	w541984743
PONT_SANS_OUVRAGE	Pont	Chemin carrossable			11	120568	DALOT	Dalot PK112 Faranah	Faranah	w942374795
PONT_SANS_OUVRAGE	Pont	Voie rapide	N1		11	148190	PONT	Pont de Milo	Kankan	w310881472
PONT_SANS_OUVRAGE	Pont	Chemin carrossable			11	26718	PONT	Pont de Kolente	Kindia	w329481525
PONT_SANS_OUVRAGE	Pont	Route non classifiée			11	106619	DALOT	Dalot PK112 Faranah	Faranah	w937096500
PONT_SANS_OUVRAGE	Pont	Route tertiaire			11	167965	PONT	Pont de Milo	Kankan	w906775192
PONT_SANS_OUVRAGE	Pont	Chemin carrossable			10	105351	DALOT	Dalot PK112 Faranah	Faranah	w941782351
PONT_SANS_OUVRAGE	Pont	Route non classifiée			10	109059	DALOT	Dalot PK112 Faranah	Faranah	w269179360
PONT_SANS_OUVRAGE	Pont	Voie rapide	N1		10	7256	DALOT	Dalot PK35 Kindia-Mamou	Kindia	w690015116
PONT_SANS_OUVRAGE	Pont	Route non classifiée			10	52305	RADIER	Radier de Diafore	Labé	w630041180
PONT_SANS_OUVRAGE	Pont	Route résidentielle			10	42864	PONT	Pont de Milo	Kankan	w1004362100
PONT_SANS_OUVRAGE	Pont	Chemin carrossable			10	89672	DALOT	Dalot PK112 Faranah	Faranah	w943160318
PONT_SANS_OUVRAGE	Pont	Route primaire	N18		10	150983	PONCEAU	Ponceau PK15 Nzerekore	Nzérékoré	w688407494
PONT_SANS_OUVRAGE	Pont	Route non classifiée			10	158227	RADIER	Radier de Diafore	Faranah	w1068233132
PONT_SANS_OUVRAGE	Pont	Route non classifiée			10	48246	PONT	Pont de Milo	Kankan	w497037852
PONT_SANS_OUVRAGE	Pont	Chemin carrossable			10	111350	DALOT	Dalot PK112 Faranah	Faranah	w943497034
PONT_SANS_OUVRAGE	Pont	Route non classifiée			10	81862	DALOT	Dalot PK112 Faranah	Kankan	w486178897
PONT_SANS_OUVRAGE	Pont	Route non classifiée			10	36413	PONT	Pont du Konkoure	Boké	w478841886
PONT_SANS_OUVRAGE	Pont	Chemin carrossable			10	136631	DALOT	Dalot PK112 Faranah	Faranah	w946441836
PONT_SANS_OUVRAGE	Pont	Route résidentielle			10	114665	PONCEAU	Ponceau PK15 Nzerekore	Nzérékoré	w269260507
PONT_SANS_OUVRAGE	Pont	Route résidentielle			10	3015	PONCEAU	Ponceau PK15 Nzerekore	Nzérékoré	w269799727
PONT_SANS_OUVRAGE	Pont	Route résidentielle			10	27105	MUR_SOUTENEMENT	Mur de soutenement Mont Gangan	Mamou	w273088029
PONT_SANS_OUVRAGE	Pont	Route non classifiée			10	28775	DALOT	Coyah Carref(RN1/RN4)	Kindia	w331768532
PONT_SANS_OUVRAGE	Pont	Route non classifiée			10	121782	PONT	Pont de Milo	Kankan	w346039529
PONT_SANS_OUVRAGE	Pont	Route résidentielle			10	105648	PONCEAU	Ponceau PK15 Nzerekore	Nzérékoré	w312135562
PONT_SANS_OUVRAGE	Pont	Route non classifiée			10	1095	DALOT	Dalot PK 25.4	Kindia	w339602328
PONT_SANS_OUVRAGE	Pont	Route non classifiée			10	7281	PONT	Pont du Fatala	Boké	w332543719
PONT_SANS_OUVRAGE	Pont	Route résidentielle			10	8284	BUSE	Buse PK8 Conakry-Coyah	Conakry	w549258609
PONT_SANS_OUVRAGE	Pont	Route secondaire	N31		10	90977	DALOT	Dalot PK112 Faranah	Kankan	w689930525
PONT_SANS_OUVRAGE	Pont	Route secondaire			10	104185	PONT	Pont de Milo	Kankan	w689929091
PONT_SANS_OUVRAGE	Pont	Route secondaire			10	110626	PONT	Pont de Milo	Kankan	w689928684
PONT_SANS_OUVRAGE	Pont	Voie rapide	N1		10	28472	PONCEAU	Ponceau PK15 Nzerekore	Nzérékoré	w687564413
PONT_SANS_OUVRAGE	Pont	Route secondaire			10	51174	RADIER	Radier de Diafore	Labé	w631031126
PONT_SANS_OUVRAGE	Pont	Route non classifiée			10	140671	DALOT	Dalot PK112 Faranah	Faranah	w1066106281
PONT_SANS_OUVRAGE	Pont	Route tertiaire			10	28344	PONCEAU	Ponceau PK15 Nzerekore	Nzérékoré	w274063727
PONT_SANS_OUVRAGE	Pont	Voie piétonne			10	38982	RADIER	Radier de Diafore	Mamou	w184566932
PONT_SANS_OUVRAGE	Pont	Voie rapide	N1		10	6311	DALOT	Coyah	Kindia	w271030896
PONT_SANS_OUVRAGE	Pont	Voie rapide	N6		10	66799	PONT	Pont de Milo	Kankan	w684325369
PONT_SANS_OUVRAGE	Pont	Route tertiaire			10	46859	PONCEAU	Ponceau PK15 Nzerekore	Nzérékoré	w274151653
PONT_SANS_OUVRAGE	Pont	Route non classifiée			10	146164	PONT	Pont de Milo	Kankan	w1012093506
PONT_SANS_OUVRAGE	Pont	Route tertiaire			10	80871	PONCEAU	Ponceau PK15 Nzerekore	Nzérékoré	w274445917
PONT_SANS_OUVRAGE	Pont	Route tertiaire			10	48151	PONT	Pont de Milo	Kankan	w1020798107
PONT_SANS_OUVRAGE	Pont	Chemin non carrossable			10	130121	DALOT	Dalot PK112 Faranah	Faranah	w269691833
PONT_SANS_OUVRAGE	Pont	Route non classifiée			10	19793	RADIER	Radier de Diafore	Boké	w970081095
PONT_SANS_OUVRAGE	Pont	Route tertiaire			10	185742	RADIER	Radier de Diafore	Faranah	w463776465
PONT_SANS_OUVRAGE	Pont	Chemin carrossable			10	89182	PONT	Pont de Milo	Kankan	w689682142
PONT_SANS_OUVRAGE	Pont	Voie rapide	N6		10	24138	PONT	Pont de Milo	Kankan	w684325375
PONT_SANS_OUVRAGE	Pont	Route non classifiée			10	109981	DALOT	Dalot PK112 Faranah	Faranah	w944666270
PONT_SANS_OUVRAGE	Pont	Chemin carrossable			10	30574	DALOT	Kouété	Kindia	w331548152
PONT_SANS_OUVRAGE	Pont	Route non classifiée			10	124852	DALOT	Dalot PK112 Faranah	Faranah	w943837879
PONT_SANS_OUVRAGE	Pont	Route tertiaire			10	52185	PONT	Pont de Milo	Kankan	w1004379744
PONT_SANS_OUVRAGE	Pont	Route tertiaire			10	70115	PONT	Pont de Milo	Kankan	w489453496
PONT_SANS_OUVRAGE	Pont	Route non classifiée			10	4930	DALOT	Coyah	Kindia	w271030942
PONT_SANS_OUVRAGE	Pont	Voie piétonne			10	31129	RADIER	Radier de Diafore	Mamou	w379556178
PONT_SANS_OUVRAGE	Pont	Route tertiaire			10	105253	DALOT	Dalot PK112 Faranah	Faranah	w941757715
PONT_SANS_OUVRAGE	Pont	Chemin carrossable			10	123859	DALOT	Dalot PK112 Faranah	Kankan	w689970768
PONT_SANS_OUVRAGE	Pont	Route secondaire			10	113123	PONT	Pont de Milo	Kankan	w496781007
PONT_SANS_OUVRAGE	Pont	Chemin carrossable			10	133979	DALOT	Dalot PK112 Faranah	Faranah	w269640357
PONT_SANS_OUVRAGE	Pont	Chemin carrossable			10	170986	DALOT	Dalot PK112 Faranah	Nzérékoré	w269137802
PONT_SANS_OUVRAGE	Pont	Chemin non carrossable			10	177118	DALOT	Dalot PK112 Faranah	Nzérékoré	w293078977
PONT_SANS_OUVRAGE	Pont	Route non classifiée			10	151093	DALOT	Dalot PK112 Faranah	Faranah	w272236455
PONT_SANS_OUVRAGE	Pont	Route non classifiée			10	102875	DALOT	Dalot PK112 Faranah	Faranah	w941772563
PONT_SANS_OUVRAGE	Pont	Route tertiaire			10	46581	PONT	Pont de Milo	Kankan	w1020786205
PONT_SANS_OUVRAGE	Pont	Chemin non carrossable			10	118228	DALOT	Dalot PK112 Faranah	Faranah	w305443430
PONT_SANS_OUVRAGE	Pont	Route non classifiée			10	973	PONT	Coyah(Sambayah)	Kindia	w272818243
PONT_SANS_OUVRAGE	Pont	Route non classifiée			10	107261	DALOT	Dalot PK112 Faranah	Faranah	w941748989
PONT_SANS_OUVRAGE	Pont	Route non classifiée			10	68147	DALOT	Dalot PK112 Faranah	Faranah	w939038209
PONT_SANS_OUVRAGE	Pont	Chemin non carrossable			10	137223	DALOT	Dalot PK112 Faranah	Faranah	w312759438
PONT_SANS_OUVRAGE	Pont	Route non classifiée			10	27948	MUR_SOUTENEMENT	Mur de soutenement Mont Gangan	Mamou	w273088033
PONT_SANS_OUVRAGE	Pont	Route non classifiée			10	106437	DALOT	Dalot PK112 Faranah	Faranah	w936793168
PONT_SANS_OUVRAGE	Pont	Voie rapide	N6		10	10004	PONT	Pont de Milo	Kankan	w684325379
PONT_SANS_OUVRAGE	Pont	Chemin carrossable			10	51361	DALOT	Dalot PK35 Kindia-Mamou	Kindia	w1096430535
PONT_SANS_OUVRAGE	Pont	Route non classifiée			10	115713	PONT	Pont de Milo	Faranah	w936766465
PONT_SANS_OUVRAGE	Pont	Chemin carrossable			10	70774	DALOT	Dalot PK112 Faranah	Mamou	w791517632
PONT_SANS_OUVRAGE	Pont	Route non classifiée			10	70818	PONCEAU	Ponceau PK15 Nzerekore	Nzérékoré	w274210371
PONT_SANS_OUVRAGE	Pont	Route non classifiée			10	140579	DALOT	Dalot PK112 Faranah	Faranah	w1066106282
PONT_SANS_OUVRAGE	Pont	Route d accès			10	13456	BUSE	Buse PK8 Conakry-Coyah	Conakry	w547783366
PONT_SANS_OUVRAGE	Pont	Route non classifiée			10	96159	PONCEAU	Ponceau PK15 Nzerekore	Nzérékoré	w917554301
PONT_SANS_OUVRAGE	Pont	Route non classifiée			10	163377	PONT	Pont de Milo	Faranah	w911871541
PONT_SANS_OUVRAGE	Pont	Route non classifiée			10	167410	PONT	Pont de Milo	Faranah	w911871540
PONT_SANS_OUVRAGE	Pont	Route secondaire			10	103987	PONCEAU	Ponceau PK15 Nzerekore	Nzérékoré	w488037038
PONT_SANS_OUVRAGE	Pont	Voie rapide	N1		10	36846	PONCEAU	Ponceau PK15 Nzerekore	Nzérékoré	w685629178
PONT_SANS_OUVRAGE	Pont	Route secondaire			10	35117	DALOT	Dalot PK112 Faranah	Faranah	w1123105289
PONT_SANS_OUVRAGE	Pont	Chemin non carrossable			10	44809	RADIER	Radier de Diafore	Labé	w420823947
PONT_SANS_OUVRAGE	Pont	Chemin non carrossable			10	137234	DALOT	Dalot PK112 Faranah	Faranah	w569912746
PONT_SANS_OUVRAGE	Pont	Route non classifiée			10	51476	DALOT	Dalot PK112 Faranah	Mamou	w796522101
PONT_SANS_OUVRAGE	Pont	Voie rapide	N1		10	86135	DALOT	Dalot PK112 Faranah	Faranah	w319395629
PONT_SANS_OUVRAGE	Pont	Chemin non carrossable			10	146860	PONCEAU	Ponceau PK15 Nzerekore	Nzérékoré	w741256084
PONT_SANS_OUVRAGE	Pont	Chemin carrossable			10	101545	DALOT	Dalot PK112 Faranah	Faranah	w937427137
PONT_SANS_OUVRAGE	Pont	Route non classifiée			10	138814	DALOT	Dalot PK112 Faranah	Faranah	w305455306
PONT_SANS_OUVRAGE	Pont	Route non classifiée			10	134771	DALOT	Dalot PK112 Faranah	Faranah	w305455319
PONT_SANS_OUVRAGE	Pont	Chemin carrossable			10	125830	DALOT	Dalot PK112 Faranah	Faranah	w1067590009
PONT_SANS_OUVRAGE	Pont	Chemin non carrossable			10	73547	MUR_SOUTENEMENT	Mur de soutenement Mont Gangan	Mamou	w793510679
PONT_SANS_OUVRAGE	Pont	Chemin carrossable			10	52151	DALOT	Dalot PK112 Faranah	Faranah	w938434540
PONT_SANS_OUVRAGE	Pont	Chemin carrossable			10	57270	DALOT	Dalot PK112 Faranah	Faranah	w939874472
PONT_SANS_OUVRAGE	Pont	Route non classifiée			10	108346	DALOT	Dalot PK112 Faranah	Faranah	w269055932
PONT_SANS_OUVRAGE	Pont	Route secondaire			10	37928	PONCEAU	Ponceau PK15 Nzerekore	Nzérékoré	w307909911
PONT_SANS_OUVRAGE	Pont	Route tertiaire			10	5047	PONCEAU	Ponceau PK15 Nzerekore	Nzérékoré	w209113610
PONT_SANS_OUVRAGE	Pont	Chemin carrossable			10	52080	DALOT	Dalot PK112 Faranah	Faranah	w940459158
PONT_SANS_OUVRAGE	Pont	Route secondaire			10	152444	PONT	Pont de Milo	Kankan	w301880565
PONT_SANS_OUVRAGE	Pont	Route secondaire			10	27959	MUR_SOUTENEMENT	Mur de soutenement Mont Gangan	Mamou	w273088034
PONT_SANS_OUVRAGE	Pont	Chemin non carrossable			10	133359	DALOT	Dalot PK112 Faranah	Faranah	w944753811
PONT_SANS_OUVRAGE	Pont	Chemin non carrossable			10	132845	DALOT	Dalot PK112 Faranah	Faranah	w945136535
PONT_SANS_OUVRAGE	Pont	Chemin non carrossable			10	131650	DALOT	Dalot PK112 Faranah	Faranah	w945813358
PONT_SANS_OUVRAGE	Pont	Route tertiaire			10	47598	PONT	Pont de Milo	Kankan	w683112159
PONT_SANS_OUVRAGE	Pont	Route non classifiée			10	83761	PONT	Pont de Milo	Kankan	w688867867
PONT_SANS_OUVRAGE	Pont	Route primaire	N10		10	114615	PONCEAU	Ponceau PK15 Nzerekore	Nzérékoré	w269260502
PONT_SANS_OUVRAGE	Pont	Route non classifiée			10	118321	DALOT	Dalot PK112 Faranah	Kankan	w688600127
PONT_SANS_OUVRAGE	Pont	Chemin carrossable			10	122359	DALOT	Dalot PK112 Faranah	Faranah	w942378329
PONT_SANS_OUVRAGE	Pont	Route secondaire			10	146479	PONCEAU	Ponceau PK15 Nzerekore	Nzérékoré	w253855861
PONT_SANS_OUVRAGE	Pont	Route tertiaire			10	4674	BUSE	Buse PK8 Conakry-Coyah	Conakry	w269886048
PONT_SANS_OUVRAGE	Pont	Route tertiaire			10	4530	PONCEAU	Ponceau PK15 Nzerekore	Nzérékoré	w270081381
PONT_SANS_OUVRAGE	Pont	Route tertiaire			10	153538	DALOT	Dalot PK112 Faranah	Faranah	w272236454
PONT_SANS_OUVRAGE	Pont	Chemin carrossable			10	102894	DALOT	Dalot PK112 Faranah	Faranah	w941847346
PONT_SANS_OUVRAGE	Pont	Voie rapide	N1		10	92716	PONT	Pont de Milo	Kankan	w465635431
PONT_SANS_OUVRAGE	Pont	Route non classifiée			10	15190	PONT	Pont de Kolente	Kindia	w329036282
PONT_SANS_OUVRAGE	Pont	Route non classifiée			10	70563	RADIER	Radier de Diafore	Labé	w644594173
PONT_SANS_OUVRAGE	Pont	Route non classifiée			10	43626	RADIER	Radier de Diafore	Labé	w643561141
PONT_SANS_OUVRAGE	Pont	Route non classifiée			10	10865	RADIER	Radier de Diafore	Labé	w641716682
PONT_SANS_OUVRAGE	Pont	Chemin carrossable			10	117661	PONT	Pont de Milo	Faranah	w527131039
PONT_SANS_OUVRAGE	Pont	Route non classifiée			10	33250	RADIER	Radier de Diafore	Labé	w638279347
PONT_SANS_OUVRAGE	Pont	Route résidentielle			9	70556	PONT	Pont de Milo	Kankan	w1114873246
PONT_SANS_OUVRAGE	Pont	Route d accès			9	8968	BUSE	Buse PK8 Conakry-Coyah	Conakry	w899234399
PONT_SANS_OUVRAGE	Pont	Voie rapide	N1		9	10135	DALOT	Coyah	Conakry	w498630065
PONT_SANS_OUVRAGE	Pont	Voie rapide	N1		9	107428	PONCEAU	Ponceau PK15 Nzerekore	Nzérékoré	w1144878617
PONT_SANS_OUVRAGE	Pont	Route tertiaire			9	106244	PONT	Pont de Milo	Kankan	w310939949
PONT_SANS_OUVRAGE	Pont	Route tertiaire			9	109711	PONT	Pont de Milo	Kankan	w311465086
PONT_SANS_OUVRAGE	Pont	Route tertiaire			9	63170	PONCEAU	Ponceau PK15 Nzerekore	Nzérékoré	w311964479
PONT_SANS_OUVRAGE	Pont	Route secondaire			9	116178	PONT	Pont de Milo	Kankan	w672305020
PONT_SANS_OUVRAGE	Pont	Route non classifiée			9	104888	DALOT	Dalot PK112 Faranah	Faranah	w269190200
PONT_SANS_OUVRAGE	Pont	Route secondaire			9	45117	RADIER	Radier de Diafore	Labé	w646545499
PONT_SANS_OUVRAGE	Pont	Route non classifiée			9	171763	PONCEAU	Ponceau PK15 Nzerekore	Nzérékoré	w269280628
PONT_SANS_OUVRAGE	Pont	Route secondaire			9	11211	RADIER	Radier de Diafore	Labé	w641619126
PONT_SANS_OUVRAGE	Pont	Route tertiaire			9	72505	PONT	Pont du Konkoure	Kindia	w330588734
PONT_SANS_OUVRAGE	Pont	Route tertiaire			9	81270	PONT	Pont du Konkoure	Kindia	w330992851
PONT_SANS_OUVRAGE	Pont	Route non classifiée			9	82598	DALOT	Dalot PK112 Faranah	Faranah	w270580427
PONT_SANS_OUVRAGE	Pont	Route tertiaire			9	85244	PONT	Pont de Kolente	Kindia	w330992856
PONT_SANS_OUVRAGE	Pont	Route non classifiée			9	34504	DALOT	Dalot PK112 Faranah	Faranah	w270852454
PONT_SANS_OUVRAGE	Pont	Route tertiaire			9	45479	RADIER	Radier de Diafore	Labé	w429889430
PONT_SANS_OUVRAGE	Pont	Route non classifiée			9	148863	PONT	Pont de Milo	Kankan	w270900241
PONT_SANS_OUVRAGE	Pont	Route secondaire			9	76453	PONCEAU	Ponceau PK15 Nzerekore	Nzérékoré	w496950273
PONT_SANS_OUVRAGE	Pont	Route secondaire			9	115748	PONT	Pont de Milo	Kankan	w489455897
PONT_SANS_OUVRAGE	Pont	Route tertiaire			9	64768	PONCEAU	Ponceau PK15 Nzerekore	Nzérékoré	w496941660
PONT_SANS_OUVRAGE	Pont	Route tertiaire			9	34981	MUR_SOUTENEMENT	Mur de soutenement Mont Gangan	Mamou	w497952071
PONT_SANS_OUVRAGE	Pont	Chemin non carrossable			9	114973	PONCEAU	Ponceau PK15 Nzerekore	Nzérékoré	w269246196
PONT_SANS_OUVRAGE	Pont	Route secondaire			9	103478	PONCEAU	Ponceau PK15 Nzerekore	Nzérékoré	w488037043
PONT_SANS_OUVRAGE	Pont	Chemin carrossable			9	173473	RADIER	Radier de Diafore	Faranah	w1067897367
PONT_SANS_OUVRAGE	Pont	Route secondaire	N31		9	99363	DALOT	Dalot PK112 Faranah	Kankan	w486106111
PONT_SANS_OUVRAGE	Pont	Route tertiaire			9	78360	RADIER	Radier de Diafore	Labé	w504249966
PONT_SANS_OUVRAGE	Pont	Route non classifiée			9	176938	DALOT	Dalot PK112 Faranah	Nzérékoré	w293078976
PONT_SANS_OUVRAGE	Pont	Route non classifiée			9	84934	RADIER	Radier de Diafore	Labé	w304611799
PONT_SANS_OUVRAGE	Pont	Route tertiaire			9	35507	PONT	Pont de Kolente	Kindia	w545944861
PONT_SANS_OUVRAGE	Pont	Route tertiaire			9	34875	PONT	Pont de Kolente	Kindia	w545944869
PONT_SANS_OUVRAGE	Pont	Chemin carrossable			9	164833	DALOT	Dalot PK112 Faranah	Faranah	w981076575
PONT_SANS_OUVRAGE	Pont	Route tertiaire			9	35366	PONT	Pont de Kolente	Kindia	w545945845
PONT_SANS_OUVRAGE	Pont	Route tertiaire			9	14271	DALOT	Coyah	Kindia	w272495766
PONT_SANS_OUVRAGE	Pont	Route non classifiée			9	11806	PONT	Pont de Kolente	Kindia	w329036281
PONT_SANS_OUVRAGE	Pont	Route résidentielle			9	70981	PONT	Pont de Milo	Kankan	w1114873254
PONT_SANS_OUVRAGE	Pont	Route non classifiée			9	18526	PONT	Pont de Kolente	Kindia	w329481519
PONT_SANS_OUVRAGE	Pont	Route résidentielle			9	70645	PONT	Pont de Milo	Kankan	w1114873247
PONT_SANS_OUVRAGE	Pont	Route résidentielle			9	36915	PONT	Pont du Konkoure	Boké	w1072120996
PONT_SANS_OUVRAGE	Pont	Route non classifiée			9	37490	PONT	Pont du Fatala	Boké	w330174173
PONT_SANS_OUVRAGE	Pont	Route tertiaire			9	5451	BUSE	Buse PK8 Conakry-Coyah	Conakry	w548923960
PONT_SANS_OUVRAGE	Pont	Route résidentielle			9	2796	RADIER	Radier de Diafore	Mamou	w641716665
PONT_SANS_OUVRAGE	Pont	Route non classifiée			9	35369	PONT	Pont rentrée forécariah	Kindia	w333660929
PONT_SANS_OUVRAGE	Pont	Route résidentielle			9	314	RADIER	Radier de Diafore	Labé	w449679603
PONT_SANS_OUVRAGE	Pont	Route non classifiée			9	193341	RADIER	Radier de Diafore	Boké	w373085347
PONT_SANS_OUVRAGE	Pont	Route non classifiée			9	1807	DALOT	Dalot PK112 Faranah	Faranah	w412815624
PONT_SANS_OUVRAGE	Pont	Route résidentielle			9	3390	PONCEAU	Ponceau PK15 Nzerekore	Nzérékoré	w270005021
PONT_SANS_OUVRAGE	Pont	Route résidentielle			9	3693	PONCEAU	Ponceau PK15 Nzerekore	Nzérékoré	w269867479
PONT_SANS_OUVRAGE	Pont	Chemin carrossable			9	125577	DALOT	Dalot PK112 Faranah	Faranah	w943837881
PONT_SANS_OUVRAGE	Pont	Chemin carrossable			9	91261	DALOT	Dalot PK112 Faranah	Faranah	w943657311
PONT_SANS_OUVRAGE	Pont	Route primaire		A1	9	34865	DALOT	Dalot PK35 Kindia-Mamou	Kindia	w868427773
PONT_SANS_OUVRAGE	Pont	Chemin carrossable			9	119332	DALOT	Dalot PK112 Faranah	Faranah	w943521671
PONT_SANS_OUVRAGE	Pont	Route non classifiée			9	95372	PONCEAU	Ponceau PK15 Nzerekore	Nzérékoré	w488037052
PONT_SANS_OUVRAGE	Pont	Route non classifiée			9	87417	RADIER	Radier de Diafore	Boké	w498131258
PONT_SANS_OUVRAGE	Pont	Chemin carrossable			9	112760	DALOT	Dalot PK112 Faranah	Faranah	w943207670
PONT_SANS_OUVRAGE	Pont	Chemin carrossable			9	115275	DALOT	Dalot PK112 Faranah	Faranah	w943190210
PONT_SANS_OUVRAGE	Pont	Chemin carrossable			9	121716	DALOT	Dalot PK112 Faranah	Faranah	w942844550
PONT_SANS_OUVRAGE	Pont	Chemin carrossable			9	96181	DALOT	Dalot PK112 Faranah	Faranah	w942647413
PONT_SANS_OUVRAGE	Pont	Route tertiaire			9	136412	PONT	Pont de Milo	Kankan	w668691304
PONT_SANS_OUVRAGE	Pont	Chemin carrossable			9	114174	DALOT	Dalot PK112 Faranah	Faranah	w942382480
PONT_SANS_OUVRAGE	Pont	Route non classifiée			9	50746	RADIER	Radier de Diafore	Labé	w635380681
PONT_SANS_OUVRAGE	Pont	Route non classifiée			9	38348	RADIER	Radier de Diafore	Boké	w636608065
PONT_SANS_OUVRAGE	Pont	Route non classifiée			9	130574	DALOT	Dalot PK112 Faranah	Faranah	w1069105395
PONT_SANS_OUVRAGE	Pont	Chemin carrossable			9	119545	PONT	Pont de Milo	Faranah	w527122494
PONT_SANS_OUVRAGE	Pont	Route primaire			9	101804	PONT	Pont du Konkoure	Kindia	w492571549
PONT_SANS_OUVRAGE	Pont	Chemin carrossable			9	120728	DALOT	Dalot PK112 Faranah	Faranah	w942251621
PONT_SANS_OUVRAGE	Pont	Chemin carrossable			9	57010	PONCEAU	Ponceau PK15 Nzerekore	Nzérékoré	w307046628
PONT_SANS_OUVRAGE	Pont	Chemin carrossable			9	105195	DALOT	Dalot PK112 Faranah	Faranah	w941874184
PONT_SANS_OUVRAGE	Pont	Chemin carrossable			9	110098	DALOT	Dalot PK112 Faranah	Faranah	w941846757
PONT_SANS_OUVRAGE	Pont	Route non classifiée			9	34735	PONT	Pont de Milo	Kankan	w681971896
PONT_SANS_OUVRAGE	Pont	Chemin carrossable			9	108834	DALOT	Dalot PK112 Faranah	Faranah	w941828869
PONT_SANS_OUVRAGE	Pont	Route tertiaire			9	189153	RADIER	Radier de Diafore	Faranah	w270012699
PONT_SANS_OUVRAGE	Pont	Chemin carrossable			9	107801	DALOT	Dalot PK112 Faranah	Faranah	w941801011
PONT_SANS_OUVRAGE	Pont	Route non classifiée			9	96759	PONT	Pont de Milo	Kankan	w689678906
PONT_SANS_OUVRAGE	Pont	Route non classifiée			9	103839	DALOT	Dalot PK112 Faranah	Kankan	w689918114
PONT_SANS_OUVRAGE	Pont	Chemin non carrossable			9	54335	PONCEAU	Ponceau PK15 Nzerekore	Nzérékoré	w1066400601
PONT_SANS_OUVRAGE	Pont	Chemin carrossable			9	104034	PONCEAU	Ponceau PK15 Nzerekore	Nzérékoré	w277788461
PONT_SANS_OUVRAGE	Pont	Route non classifiée			9	36227	PONT	Pont du Fatala	Boké	w692927414
PONT_SANS_OUVRAGE	Pont	Chemin carrossable			9	103839	DALOT	Dalot PK112 Faranah	Faranah	w937452588
PONT_SANS_OUVRAGE	Pont	Chemin non carrossable			9	72858	MUR_SOUTENEMENT	Mur de soutenement Mont Gangan	Mamou	w789709093
PONT_SANS_OUVRAGE	Pont	Route non classifiée			9	58771	PONT	Pont du Konkoure	Boké	w734126177
PONT_SANS_OUVRAGE	Pont	Chemin non carrossable			9	110810	PONCEAU	Ponceau PK15 Nzerekore	Nzérékoré	w747105499
PONT_SANS_OUVRAGE	Pont	Chemin non carrossable			9	111923	PONCEAU	Ponceau PK15 Nzerekore	Nzérékoré	w747105491
PONT_SANS_OUVRAGE	Pont	Chemin non carrossable			9	120413	PONCEAU	Ponceau PK15 Nzerekore	Nzérékoré	w745439330
PONT_SANS_OUVRAGE	Pont	Route tertiaire			9	71719	PONT	Pont de Milo	Kankan	w249161262
PONT_SANS_OUVRAGE	Pont	Chemin carrossable			9	111542	DALOT	Dalot PK112 Faranah	Faranah	w936900336
PONT_SANS_OUVRAGE	Pont	Chemin carrossable			9	111333	DALOT	Dalot PK112 Faranah	Faranah	w936896582
PONT_SANS_OUVRAGE	Pont	Chemin non carrossable			9	91918	PONT	Pont de Milo	Kankan	w689293088
PONT_SANS_OUVRAGE	Pont	Chemin non carrossable			9	141771	PONT	Pont de Milo	Faranah	w681919364
PONT_SANS_OUVRAGE	Pont	Chemin carrossable			9	103613	DALOT	Dalot PK112 Faranah	Faranah	w936805683
PONT_SANS_OUVRAGE	Pont	Route non classifiée			9	114389	PONCEAU	Ponceau PK15 Nzerekore	Nzérékoré	w748922227
PONT_SANS_OUVRAGE	Pont	Chemin carrossable			9	111630	DALOT	Dalot PK112 Faranah	Faranah	w936748315
PONT_SANS_OUVRAGE	Pont	Chemin carrossable			9	23091	DALOT	Manfrinyah	Kindia	w936325096
PONT_SANS_OUVRAGE	Pont	Chemin non carrossable			9	84357	RADIER	Radier de Diafore	Labé	w576452965
PONT_SANS_OUVRAGE	Pont	Chemin non carrossable			9	37887	PONT	Pont de Kolente	Kindia	w545714066
PONT_SANS_OUVRAGE	Pont	Route non classifiée			9	59870	DALOT	Dalot PK112 Faranah	Faranah	w854462259
PONT_SANS_OUVRAGE	Pont	Chemin carrossable			9	117500	PONCEAU	Ponceau PK15 Nzerekore	Nzérékoré	w917969563
PONT_SANS_OUVRAGE	Pont	Chemin carrossable			9	70577	DALOT	Dalot PK112 Faranah	Mamou	w794182371
PONT_SANS_OUVRAGE	Pont	Route non classifiée			9	114677	PONCEAU	Ponceau PK15 Nzerekore	Nzérékoré	w917969552
PONT_SANS_OUVRAGE	Pont	Chemin carrossable			9	107688	DALOT	Dalot PK112 Faranah	Faranah	w269095078
PONT_SANS_OUVRAGE	Pont	Chemin carrossable			9	71889	DALOT	Dalot PK112 Faranah	Mamou	w793478694
PONT_SANS_OUVRAGE	Pont	Route non classifiée			9	110272	PONT	Pont de Milo	Kankan	w936699994
PONT_SANS_OUVRAGE	Pont	Chemin carrossable			9	108116	DALOT	Dalot PK112 Faranah	Kankan	w691457906
PONT_SANS_OUVRAGE	Pont	Route non classifiée			9	111619	PONT	Pont de Milo	Kankan	w937094330
PONT_SANS_OUVRAGE	Pont	Route non classifiée			9	122946	DALOT	Dalot PK112 Faranah	Faranah	w941886495
PONT_SANS_OUVRAGE	Pont	Route non classifiée			9	121362	DALOT	Dalot PK112 Faranah	Faranah	w941886523
PONT_SANS_OUVRAGE	Pont	Route non classifiée			9	122238	DALOT	Dalot PK112 Faranah	Faranah	w941886573
PONT_SANS_OUVRAGE	Pont	Chemin non carrossable			9	114972	PONCEAU	Ponceau PK15 Nzerekore	Nzérékoré	w272006947
PONT_SANS_OUVRAGE	Pont	Chemin non carrossable			9	134336	DALOT	Dalot PK112 Faranah	Faranah	w270521417
PONT_SANS_OUVRAGE	Pont	Chemin carrossable			9	90986	PONT	Pont de Milo	Kankan	w689682148
PONT_SANS_OUVRAGE	Pont	Route non classifiée			9	88527	RADIER	Radier de Diafore	Mamou	w1125802867
PONT_SANS_OUVRAGE	Pont	Route non classifiée			9	162047	DALOT	Dalot PK112 Faranah	Faranah	w995254729
PONT_SANS_OUVRAGE	Pont	Route tertiaire			9	157212	PONT	Pont de Milo	Kankan	w1013911476
PONT_SANS_OUVRAGE	Pont	Chemin non carrossable			9	130236	DALOT	Dalot PK112 Faranah	Faranah	w269691831
PONT_SANS_OUVRAGE	Pont	Route non classifiée			9	52803	PONT	Pont de Milo	Kankan	w1004704226
PONT_SANS_OUVRAGE	Pont	Route non classifiée			9	183100	PONT	Pont de Milo	Kankan	w1005959720
PONT_SANS_OUVRAGE	Pont	Chemin non carrossable			9	131154	DALOT	Dalot PK112 Faranah	Faranah	w269634269
PONT_SANS_OUVRAGE	Pont	Route non classifiée		Route Kankan - Soumankoyi	9	1741	PONT	Pont de Milo	Kankan	w1014312875
PONT_SANS_OUVRAGE	Pont	Route non classifiée		Route Soumankoyi - Gbèrèkö	9	13341	PONT	Pont de Milo	Kankan	w1015034961
PONT_SANS_OUVRAGE	Pont	Route non classifiée			9	112463	RADIER	Radier de Diafore	Labé	w1028483021
PONT_SANS_OUVRAGE	Pont	Voie rapide	N1	N'zérékoré-Kankan	9	15279	PONCEAU	Ponceau PK15 Nzerekore	Nzérékoré	w687550893
PONT_SANS_OUVRAGE	Pont	Route secondaire			9	158717	PONT	Pont de Milo	Kankan	w689923874
PONT_SANS_OUVRAGE	Pont	Route secondaire			9	53841	DALOT	Dalot PK112 Faranah	Mamou	w689930309
PONT_SANS_OUVRAGE	Pont	Voie rapide	N5		9	54251	MUR_SOUTENEMENT	Mur de soutenement Mont Gangan	Mamou	w688351231
PONT_SANS_OUVRAGE	Pont	Route secondaire			9	153342	PONCEAU	Ponceau PK15 Nzerekore	Nzérékoré	w689720215
PONT_SANS_OUVRAGE	Pont	Route secondaire			9	47378	PONCEAU	Ponceau PK15 Nzerekore	Nzérékoré	w689667377
PONT_SANS_OUVRAGE	Pont	Route secondaire			9	102629	PONT	Pont de Milo	Kankan	w690295022
PONT_SANS_OUVRAGE	Pont	Route secondaire			9	48675	PONCEAU	Ponceau PK15 Nzerekore	Nzérékoré	w689667375
PONT_SANS_OUVRAGE	Pont	Route secondaire			9	55429	PONCEAU	Ponceau PK15 Nzerekore	Nzérékoré	w689667373
PONT_SANS_OUVRAGE	Pont	Voie rapide	N5		9	4861	RADIER	Radier de Diafore	Labé	w641298824
PONT_SANS_OUVRAGE	Pont	Route d accès			9	13655	BUSE	Buse PK8 Conakry-Coyah	Conakry	w547783363
PONT_SANS_OUVRAGE	Pont	Route secondaire			9	39166	PONCEAU	Ponceau PK15 Nzerekore	Nzérékoré	w689630657
PONT_SANS_OUVRAGE	Pont	Route secondaire			9	124108	PONCEAU	Ponceau PK15 Nzerekore	Nzérékoré	w688118155
PONT_SANS_OUVRAGE	Pont	Chemin carrossable			9	107031	DALOT	Dalot PK112 Faranah	Faranah	w269190192
PONT_SANS_OUVRAGE	Pont	Chemin carrossable			8	142057	DALOT	Dalot PK112 Faranah	Faranah	w313211503
PONT_SANS_OUVRAGE	Pont	Route tertiaire			8	107970	PONT	Pont de Milo	Kankan	w311150600
PONT_SANS_OUVRAGE	Pont	Chemin carrossable			8	113277	DALOT	Dalot PK112 Faranah	Faranah	w947229888
PONT_SANS_OUVRAGE	Pont	Chemin carrossable			8	51001	DALOT	Dalot PK112 Faranah	Faranah	w271261758
PONT_SANS_OUVRAGE	Pont	Chemin carrossable			8	101791	DALOT	Dalot PK112 Faranah	Faranah	w943560007
PONT_SANS_OUVRAGE	Pont	Route résidentielle			8	1849	PONCEAU	Ponceau PK15 Nzerekore	Nzérékoré	w270790963
PONT_SANS_OUVRAGE	Pont	Chemin carrossable			8	117267	DALOT	Dalot PK112 Faranah	Faranah	w942978110
PONT_SANS_OUVRAGE	Pont	Route tertiaire			8	158630	PONT	Pont de Milo	Kankan	w1010055551
PONT_SANS_OUVRAGE	Pont	Chemin carrossable			8	57874	DALOT	Dalot PK112 Faranah	Kankan	w938929473
PONT_SANS_OUVRAGE	Pont	Route tertiaire			8	32912	RADIER	Radier de Diafore	Labé	w638279364
PONT_SANS_OUVRAGE	Pont	Route non classifiée			8	129301	PONT	Pont de Milo	Kankan	w310740847
PONT_SANS_OUVRAGE	Pont	Route secondaire			8	120277	PONCEAU	Ponceau PK15 Nzerekore	Nzérékoré	w480651034
PONT_SANS_OUVRAGE	Pont	Route secondaire			8	126652	PONCEAU	Ponceau PK15 Nzerekore	Nzérékoré	w480650788
PONT_SANS_OUVRAGE	Pont	Route tertiaire			8	68446	PONT	Pont du Konkoure	Boké	w325590392
PONT_SANS_OUVRAGE	Pont	Chemin carrossable			8	22663	DALOT	Manfrinyah	Kindia	w936325094
PONT_SANS_OUVRAGE	Pont	Route non classifiée			8	20120	RADIER	Radier de Diafore	Boké	w970081097
PONT_SANS_OUVRAGE	Pont	Chemin carrossable			8	159117	PONT	Pont de Milo	Faranah	w689960447
PONT_SANS_OUVRAGE	Pont	Route tertiaire			8	70744	PONT	Pont de Milo	Kankan	w1098878859
PONT_SANS_OUVRAGE	Pont	Route non classifiée			8	20795	DALOT	Coyah Carref(RN1/RN4)	Kindia	w767444208
PONT_SANS_OUVRAGE	Pont	Route non classifiée			8	20767	DALOT	Coyah Carref(RN1/RN4)	Kindia	w767444204
PONT_SANS_OUVRAGE	Pont	Route non classifiée			8	44588	RADIER	Radier de Diafore	Labé	w630574512
PONT_SANS_OUVRAGE	Pont	Chemin carrossable			8	125993	DALOT	Dalot PK112 Faranah	Faranah	w937228465
PONT_SANS_OUVRAGE	Pont	Route non classifiée			8	136900	PONT	Pont du Konkoure	Boké	w631947760
PONT_SANS_OUVRAGE	Pont	Chemin carrossable			8	137093	DALOT	Dalot PK112 Faranah	Faranah	w946417955
PONT_SANS_OUVRAGE	Pont	Chemin carrossable			8	82759	DALOT	Dalot PK112 Faranah	Faranah	w270577833
PONT_SANS_OUVRAGE	Pont	Chemin carrossable			8	123944	DALOT	Dalot PK112 Faranah	Kankan	w690160436
PONT_SANS_OUVRAGE	Pont	Route non classifiée			8	122308	DALOT	Dalot PK112 Faranah	Faranah	w941886717
PONT_SANS_OUVRAGE	Pont	Chemin carrossable			8	40380	DALOT	Dalot PK112 Faranah	Faranah	w665600427
PONT_SANS_OUVRAGE	Pont	Chemin non carrossable			8	63702	DALOT	Dalot PK112 Faranah	Faranah	w661790602
PONT_SANS_OUVRAGE	Pont	Chemin non carrossable			8	57021	DALOT	Dalot PK112 Faranah	Faranah	w666051108
PONT_SANS_OUVRAGE	Pont	Voie rapide	N1		8	29439	PONCEAU	Ponceau PK15 Nzerekore	Nzérékoré	w909415400
PONT_SANS_OUVRAGE	Pont	Route non classifiée			8	112134	PONCEAU	Ponceau PK15 Nzerekore	Nzérékoré	w746698356
PONT_SANS_OUVRAGE	Pont	Route non classifiée			8	58361	DALOT	Dalot PK112 Faranah	Faranah	w270848199
PONT_SANS_OUVRAGE	Pont	Route non classifiée			8	138470	DALOT	Dalot PK112 Faranah	Faranah	w272144589
PONT_SANS_OUVRAGE	Pont	Route non classifiée			8	62781	PONCEAU	Ponceau PK15 Nzerekore	Nzérékoré	w1104720607
PONT_SANS_OUVRAGE	Pont	Route résidentielle			8	5538	BUSE	Buse PK8 Conakry-Coyah	Conakry	w548886758
PONT_SANS_OUVRAGE	Pont	Route non classifiée			8	153922	DALOT	Dalot PK112 Faranah	Faranah	w272236453
PONT_SANS_OUVRAGE	Pont	Route non classifiée			8	59867	MUR_SOUTENEMENT	Mur de soutenement Mont Gangan	Boké	w423891699
PONT_SANS_OUVRAGE	Pont	Route résidentielle			8	71188	PONT	Pont de Milo	Kankan	w1114880750
PONT_SANS_OUVRAGE	Pont	Route non classifiée			8	124776	DALOT	Dalot PK112 Faranah	Faranah	w1066138141
PONT_SANS_OUVRAGE	Pont	Chemin carrossable			8	137018	DALOT	Dalot PK112 Faranah	Faranah	w946417967
PONT_SANS_OUVRAGE	Pont	Route tertiaire			8	107099	PONCEAU	Ponceau PK15 Nzerekore	Nzérékoré	w488037029
PONT_SANS_OUVRAGE	Pont	Route non classifiée			8	9124	RADIER	Radier de Diafore	Mamou	w646912009
PONT_SANS_OUVRAGE	Pont	Chemin carrossable			8	119336	DALOT	Dalot PK112 Faranah	Faranah	w942251619
PONT_SANS_OUVRAGE	Pont	Route non classifiée			8	9304	DALOT	Coyah	Kindia	w272818244
PONT_SANS_OUVRAGE	Pont	Route résidentielle			8	6416	BUSE	Buse PK8 Conakry-Coyah	Conakry	w548480219
PONT_SANS_OUVRAGE	Pont	Route tertiaire			8	47977	PONT	Pont du Konkoure	Boké	w674935247
PONT_SANS_OUVRAGE	Pont	Route non classifiée			8	52418	DALOT	Dalot PK112 Faranah	Faranah	w663870514
PONT_SANS_OUVRAGE	Pont	Route non classifiée			8	9843	DALOT	Coyah	Kindia	w272818245
PONT_SANS_OUVRAGE	Pont	Route résidentielle			8	112923	PONT	Pont de Milo	Kankan	w667237236
PONT_SANS_OUVRAGE	Pont	Chemin carrossable			8	122280	DALOT	Dalot PK112 Faranah	Faranah	w941886569
PONT_SANS_OUVRAGE	Pont	Route tertiaire			8	88399	RADIER	Radier de Diafore	Boké	w632558229
PONT_SANS_OUVRAGE	Pont	Route tertiaire			8	35843	PONT	Pont de Kolente	Kindia	w545945849
PONT_SANS_OUVRAGE	Pont	Route non classifiée			8	14649	DALOT	Dalot PK112 Faranah	Faranah	w672339319
PONT_SANS_OUVRAGE	Pont	Chemin carrossable			8	110122	DALOT	Dalot PK112 Faranah	Faranah	w941846759
PONT_SANS_OUVRAGE	Pont	Chemin carrossable			8	138250	DALOT	Dalot PK112 Faranah	Faranah	w690227941
PONT_SANS_OUVRAGE	Pont	Route résidentielle			8	36483	PONT	Pont de Kolente	Kindia	w545944866
PONT_SANS_OUVRAGE	Pont	Chemin carrossable			8	133745	DALOT	Dalot PK112 Faranah	Kankan	w690418483
PONT_SANS_OUVRAGE	Pont	Route secondaire			8	107901	PONCEAU	Ponceau PK15 Nzerekore	Nzérékoré	w488043614
PONT_SANS_OUVRAGE	Pont	Route tertiaire			8	59006	RADIER	Radier de Diafore	Boké	w632540960
PONT_SANS_OUVRAGE	Pont	Chemin carrossable			8	118629	DALOT	Dalot PK112 Faranah	Faranah	w941846476
PONT_SANS_OUVRAGE	Pont	Chemin carrossable			8	83388	DALOT	Dalot PK112 Faranah	Faranah	w689890436
PONT_SANS_OUVRAGE	Pont	Route tertiaire			8	74249	RADIER	Radier de Diafore	Labé	w644606389
PONT_SANS_OUVRAGE	Pont	Route non classifiée			8	23340	DALOT	Kouété	Kindia	w334049962
PONT_SANS_OUVRAGE	Pont	Route tertiaire			8	162644	PONT	Pont de Milo	Faranah	w270289839
PONT_SANS_OUVRAGE	Pont	Chemin non carrossable			8	3567	PONCEAU	Ponceau PK15 Nzerekore	Nzérékoré	w269847293
PONT_SANS_OUVRAGE	Pont	Route non classifiée			8	15369	DALOT	Allassoyah barrage	Kindia	w328660042
PONT_SANS_OUVRAGE	Pont	Route résidentielle			8	3731	PONCEAU	Ponceau PK15 Nzerekore	Nzérékoré	w269779110
PONT_SANS_OUVRAGE	Pont	Route non classifiée			8	108517	DALOT	Dalot PK112 Faranah	Faranah	w271030282
PONT_SANS_OUVRAGE	Pont	Route non classifiée			8	112240	DALOT	Dalot PK112 Faranah	Faranah	w271030325
PONT_SANS_OUVRAGE	Pont	Route non classifiée			8	95334	DALOT	Dalot PK112 Faranah	Faranah	w943599921
PONT_SANS_OUVRAGE	Pont	Chemin carrossable			8	110132	PONT	Pont de Milo	Faranah	w690428941
PONT_SANS_OUVRAGE	Pont	Route non classifiée			8	102837	PONT	Pont du Konkoure	Boké	w1064530968
PONT_SANS_OUVRAGE	Pont	Chemin carrossable			8	112871	DALOT	Dalot PK112 Faranah	Faranah	w941788191
PONT_SANS_OUVRAGE	Pont	Route non classifiée			8	108412	DALOT	Dalot PK112 Faranah	Faranah	w688150820
PONT_SANS_OUVRAGE	Pont	Route primaire	N30		8	168363	DALOT	Dalot PK112 Faranah	Faranah	w270024037
PONT_SANS_OUVRAGE	Pont	Route résidentielle			8	55242	PONT	Pont du Konkoure	Kindia	w331531953
PONT_SANS_OUVRAGE	Pont	Route tertiaire			8	135613	PONT	Pont de Milo	Kankan	w682020667
PONT_SANS_OUVRAGE	Pont	Route tertiaire			8	112839	PONT	Pont de Milo	Kankan	w666653806
PONT_SANS_OUVRAGE	Pont	Route non classifiée			8	149303	DALOT	Dalot PK112 Faranah	Faranah	w1067931624
PONT_SANS_OUVRAGE	Pont	Chemin carrossable			8	89640	DALOT	Dalot PK112 Faranah	Faranah	w943883541
PONT_SANS_OUVRAGE	Pont	Route non classifiée			8	86210	PONT	Pont de Milo	Kankan	w688669334
PONT_SANS_OUVRAGE	Pont	Route tertiaire			8	174462	PONT	Pont de Milo	Kankan	w915927933
PONT_SANS_OUVRAGE	Pont	Route non classifiée			8	110123	DALOT	Dalot PK112 Faranah	Faranah	w943525536
PONT_SANS_OUVRAGE	Pont	Route non classifiée			8	22432	PONT	Pont du Konkoure	Kindia	w949554588
PONT_SANS_OUVRAGE	Pont	Route non classifiée			8	107694	PONT	Pont de Milo	Kankan	w688884713
PONT_SANS_OUVRAGE	Pont	Route secondaire			8	53201	PONCEAU	Ponceau PK15 Nzerekore	Nzérékoré	w689638212
PONT_SANS_OUVRAGE	Pont	Route non classifiée			8	149871	DALOT	Dalot PK112 Faranah	Faranah	w1067931630
PONT_SANS_OUVRAGE	Pont	Route non classifiée			8	30445	MUR_SOUTENEMENT	Mur de soutenement Mont Gangan	Mamou	w273088026
PONT_SANS_OUVRAGE	Pont	Chemin carrossable			8	83487	DALOT	Dalot PK112 Faranah	Faranah	w941756992
PONT_SANS_OUVRAGE	Pont	Route primaire	N30		8	157932	PONT	Pont de Milo	Kankan	w906948054
PONT_SANS_OUVRAGE	Pont	Chemin carrossable			8	133943	DALOT	Dalot PK112 Faranah	Faranah	w945115629
PONT_SANS_OUVRAGE	Pont	Chemin carrossable			8	95742	DALOT	Dalot PK112 Faranah	Faranah	w943266732
PONT_SANS_OUVRAGE	Pont	Route secondaire			8	110115	PONCEAU	Ponceau PK15 Nzerekore	Nzérékoré	w488043612
PONT_SANS_OUVRAGE	Pont	Chemin carrossable			8	110117	DALOT	Dalot PK112 Faranah	Faranah	w941738727
PONT_SANS_OUVRAGE	Pont	Route primaire	N18		8	121145	PONCEAU	Ponceau PK15 Nzerekore	Nzérékoré	w688594046
PONT_SANS_OUVRAGE	Pont	Route non classifiée			8	6819	RADIER	Radier de Diafore	Mamou	w541706786
PONT_SANS_OUVRAGE	Pont	Voie rapide	N5		8	6072	RADIER	Radier de Diafore	Labé	w641298825
PONT_SANS_OUVRAGE	Pont	Route tertiaire			8	48685	PONT	Pont de Milo	Kankan	w683112163
PONT_SANS_OUVRAGE	Pont	Chemin carrossable			8	31422	PONT	Pont de Kolente	Kindia	w545944892
PONT_SANS_OUVRAGE	Pont	Route secondaire			8	113477	PONCEAU	Ponceau PK15 Nzerekore	Nzérékoré	w488043610
PONT_SANS_OUVRAGE	Pont	Route tertiaire			8	5011	BUSE	Buse PK8 Conakry-Coyah	Conakry	w548928055
PONT_SANS_OUVRAGE	Pont	Chemin carrossable			8	169982	DALOT	Dalot PK112 Faranah	Nzérékoré	w291669004
PONT_SANS_OUVRAGE	Pont	Chemin carrossable			8	51377	DALOT	Dalot PK112 Faranah	Faranah	w941044215
PONT_SANS_OUVRAGE	Pont	Route non classifiée			8	76330	PONT	Pont de Milo	Kankan	w918229754
PONT_SANS_OUVRAGE	Pont	Chemin non carrossable			8	133378	DALOT	Dalot PK112 Faranah	Faranah	w944753812
PONT_SANS_OUVRAGE	Pont	Route non classifiée			8	31279	DALOT	Dalot PK112 Faranah	Faranah	w409891952
PONT_SANS_OUVRAGE	Pont	Voie rapide	N1		8	1782	MUR_SOUTENEMENT	Mur de soutenement Mont Gangan	Mamou	w340532719
PONT_SANS_OUVRAGE	Pont	Route tertiaire			8	35121	PONT	Pont de Milo	Kankan	w307883483
PONT_SANS_OUVRAGE	Pont	Chemin carrossable			8	145478	DALOT	Dalot PK112 Faranah	Faranah	w1085034327
PONT_SANS_OUVRAGE	Pont	Route non classifiée			8	131898	DALOT	Dalot PK112 Faranah	Faranah	w269807747
PONT_SANS_OUVRAGE	Pont	Route résidentielle			8	112809	PONT	Pont de Milo	Kankan	w666653811
PONT_SANS_OUVRAGE	Pont	Route tertiaire			8	43866	RADIER	Radier de Diafore	Labé	w643561144
PONT_SANS_OUVRAGE	Pont	Chemin carrossable			8	119764	DALOT	Dalot PK112 Faranah	Faranah	w943498574
PONT_SANS_OUVRAGE	Pont	Chemin carrossable			8	112246	DALOT	Dalot PK112 Faranah	Faranah	w947223172
PONT_SANS_OUVRAGE	Pont	Route non classifiée			8	145857	PONCEAU	Ponceau PK15 Nzerekore	Nzérékoré	w276609674
PONT_SANS_OUVRAGE	Pont	Route tertiaire			7	24916	RADIER	Radier de Diafore	Labé	w616979980
PONT_SANS_OUVRAGE	Pont	Voie rapide	N5		7	32483	RADIER	Radier de Diafore	Labé	w636551014
PONT_SANS_OUVRAGE	Pont	Chemin carrossable			7	57374	MUR_SOUTENEMENT	Mur de soutenement Mont Gangan	Mamou	w628730350
PONT_SANS_OUVRAGE	Pont	Chemin carrossable			7	119696	DALOT	Dalot PK112 Faranah	Faranah	w943504211
PONT_SANS_OUVRAGE	Pont	Route tertiaire			7	71453	DALOT	Dalot PK112 Faranah	Faranah	w703396843
PONT_SANS_OUVRAGE	Pont	Chemin carrossable			7	57409	DALOT	Dalot PK112 Faranah	Faranah	w940467965
PONT_SANS_OUVRAGE	Pont	Chemin carrossable			7	80427	DALOT	Dalot PK112 Faranah	Kankan	w486178890
PONT_SANS_OUVRAGE	Pont	Chemin non carrossable			7	135553	DALOT	Dalot PK112 Faranah	Faranah	w305455312
PONT_SANS_OUVRAGE	Pont	Route non classifiée			7	96860	DALOT	Dalot PK112 Faranah	Kankan	w688635533
PONT_SANS_OUVRAGE	Pont	Route d accès			7	4365	BUSE	Buse PK8 Conakry-Coyah	Conakry	w548929054
PONT_SANS_OUVRAGE	Pont	Route tertiaire			7	154994	PONT	Pont de Milo	Kankan	w1013892690
PONT_SANS_OUVRAGE	Pont	Chemin carrossable			7	145936	RADIER	Radier de Diafore	Faranah	w1066978222
PONT_SANS_OUVRAGE	Pont	Chemin non carrossable			7	107609	DALOT	Dalot PK112 Faranah	Faranah	w940534517
PONT_SANS_OUVRAGE	Pont	Chemin carrossable			7	40575	DALOT	Dalot PK112 Faranah	Faranah	w939833623
PONT_SANS_OUVRAGE	Pont	Route tertiaire			7	44696	PONT	Pont de Milo	Kankan	w682689034
PONT_SANS_OUVRAGE	Pont	Chemin non carrossable			7	117669	DALOT	Dalot PK112 Faranah	Faranah	w937102947
PONT_SANS_OUVRAGE	Pont	Route tertiaire			7	174061	DALOT	Dalot PK112 Faranah	Nzérékoré	w272068861
PONT_SANS_OUVRAGE	Pont	Chemin carrossable			7	103114	DALOT	Dalot PK112 Faranah	Faranah	w941847348
PONT_SANS_OUVRAGE	Pont	Chemin non carrossable			7	132258	DALOT	Dalot PK112 Faranah	Faranah	w270523815
PONT_SANS_OUVRAGE	Pont	Route résidentielle			7	12954	DALOT	Coyah	Conakry	w270880815
PONT_SANS_OUVRAGE	Pont	Route non classifiée			7	178396	DALOT	Dalot PK112 Faranah	Nzérékoré	w291939138
PONT_SANS_OUVRAGE	Pont	Chemin non carrossable			7	36665	PONT	Pont de Kolente	Kindia	w328555984
PONT_SANS_OUVRAGE	Pont	Chemin non carrossable			7	68395	DALOT	Dalot PK112 Faranah	Mamou	w793614598
PONT_SANS_OUVRAGE	Pont	Route tertiaire			7	176023	DALOT	Dalot PK112 Faranah	Nzérékoré	w292986949
PONT_SANS_OUVRAGE	Pont	Route tertiaire			7	159606	PONT	Pont de Milo	Kankan	w1013892686
PONT_SANS_OUVRAGE	Pont	Route secondaire			7	64140	PONCEAU	Ponceau PK15 Nzerekore	Nzérékoré	w304487355
PONT_SANS_OUVRAGE	Pont	Route non classifiée			7	100665	PONCEAU	Ponceau PK15 Nzerekore	Nzérékoré	w488037067
PONT_SANS_OUVRAGE	Pont	Chemin non carrossable			7	121318	PONT	Pont de Milo	Kankan	w311032666
PONT_SANS_OUVRAGE	Pont	Route non classifiée			7	62364	DALOT	Dalot PK112 Faranah	Faranah	w675994764
PONT_SANS_OUVRAGE	Pont	Route non classifiée			7	17067	MUR_SOUTENEMENT	Mur de soutenement Mont Gangan	Mamou	w346643934
PONT_SANS_OUVRAGE	Pont	Chemin carrossable			7	50689	DALOT	Dalot PK112 Faranah	Mamou	w797097660
PONT_SANS_OUVRAGE	Pont	Voie rapide			7	193422	DALOT	Dalot PK112 Faranah	Nzérékoré	w290578019
PONT_SANS_OUVRAGE	Pont	Chemin carrossable			7	40962	DALOT	Dalot PK112 Faranah	Faranah	w665601517
PONT_SANS_OUVRAGE	Pont	Route non classifiée			7	164763	DALOT	Dalot PK112 Faranah	Nzérékoré	w292483381
PONT_SANS_OUVRAGE	Pont	Route non classifiée			7	143328	PONT	Pont de Milo	Kankan	w313619923
PONT_SANS_OUVRAGE	Pont	Route non classifiée			7	7759	RADIER	Radier de Diafore	Labé	w629122984
PONT_SANS_OUVRAGE	Pont	Route non classifiée			7	148679	PONCEAU	Ponceau PK15 Nzerekore	Nzérékoré	w735309285
PONT_SANS_OUVRAGE	Pont	Route résidentielle			7	36365	PONT	Pont de Kolente	Kindia	w545944863
PONT_SANS_OUVRAGE	Pont	Route non classifiée			7	64549	PONCEAU	Ponceau PK15 Nzerekore	Nzérékoré	w496950264
PONT_SANS_OUVRAGE	Pont	Route non classifiée			7	146120	DALOT	Dalot PK112 Faranah	Faranah	w1069240123
PONT_SANS_OUVRAGE	Pont	Route tertiaire			7	112493	PONT	Pont de Milo	Kankan	w668459879
PONT_SANS_OUVRAGE	Pont	Chemin carrossable			7	108935	DALOT	Dalot PK112 Faranah	Faranah	w941775501
PONT_SANS_OUVRAGE	Pont	Route résidentielle			7	115051	PONCEAU	Ponceau PK15 Nzerekore	Nzérékoré	w269282285
PONT_SANS_OUVRAGE	Pont	Chemin carrossable			7	35388	DALOT	Dalot PK112 Faranah	Faranah	w666900210
PONT_SANS_OUVRAGE	Pont	Route non classifiée			7	20781	DALOT	Coyah Carref(RN1/RN4)	Kindia	w767444206
PONT_SANS_OUVRAGE	Pont	Route tertiaire			7	164644	DALOT	Dalot PK112 Faranah	Faranah	w270289845
PONT_SANS_OUVRAGE	Pont	Route primaire			7	72925	DALOT	Dalot PK35 Kindia-Mamou	Kindia	w833581877
PONT_SANS_OUVRAGE	Pont	Route non classifiée			7	149512	DALOT	Dalot PK112 Faranah	Faranah	w1067935000
PONT_SANS_OUVRAGE	Pont	Route tertiaire			7	104981	PONCEAU	Ponceau PK15 Nzerekore	Nzérékoré	w488037002
PONT_SANS_OUVRAGE	Pont	Route tertiaire			7	84230	PONT	Pont de Kolente	Kindia	w330992852
PONT_SANS_OUVRAGE	Pont	Route d accès			7	12581	DALOT	Coyah	Kindia	w272818240
PONT_SANS_OUVRAGE	Pont	Route non classifiée			7	34992	DALOT	Kouété	Kindia	w334048617
PONT_SANS_OUVRAGE	Pont	Chemin carrossable			7	106038	DALOT	Dalot PK112 Faranah	Faranah	w941761637
PONT_SANS_OUVRAGE	Pont	Chemin non carrossable			7	49437	RADIER	Radier de Diafore	Labé	w630785222
PONT_SANS_OUVRAGE	Pont	Chemin carrossable			7	110952	DALOT	Dalot PK112 Faranah	Faranah	w941758777
PONT_SANS_OUVRAGE	Pont	Route tertiaire			7	157242	PONT	Pont de Milo	Kankan	w904230392
PONT_SANS_OUVRAGE	Pont	Chemin carrossable			7	88787	DALOT	Dalot PK112 Faranah	Faranah	w941837060
PONT_SANS_OUVRAGE	Pont	Chemin non carrossable			7	126021	PONCEAU	Ponceau PK15 Nzerekore	Nzérékoré	w740107575
PONT_SANS_OUVRAGE	Pont	Chemin non carrossable			7	49908	RADIER	Radier de Diafore	Labé	w635362577
PONT_SANS_OUVRAGE	Pont	Route non classifiée			7	160014	PONT	Pont de Milo	Kankan	w752874363
PONT_SANS_OUVRAGE	Pont	Route non classifiée			7	122522	DALOT	Dalot PK112 Faranah	Faranah	w268832691
PONT_SANS_OUVRAGE	Pont	Chemin carrossable			7	26183	DALOT	Dalot PK112 Faranah	Faranah	w719690963
PONT_SANS_OUVRAGE	Pont	Chemin carrossable			7	109756	DALOT	Dalot PK112 Faranah	Faranah	w936896604
PONT_SANS_OUVRAGE	Pont	Route non classifiée			7	13724	BUSE	Buse PK8 Conakry-Coyah	Kindia	w498684621
PONT_SANS_OUVRAGE	Pont	Route tertiaire			7	113076	PONT	Pont de Milo	Kankan	w496780768
PONT_SANS_OUVRAGE	Pont	Chemin non carrossable			7	114003	PONT	Pont de Milo	Kankan	w669967925
PONT_SANS_OUVRAGE	Pont	Chemin carrossable			7	115682	DALOT	Dalot PK112 Faranah	Faranah	w942598703
PONT_SANS_OUVRAGE	Pont	Route secondaire			7	145478	PONCEAU	Ponceau PK15 Nzerekore	Nzérékoré	w689938413
PONT_SANS_OUVRAGE	Pont	Route non classifiée			7	94671	DALOT	Dalot PK112 Faranah	Faranah	w304935190
PONT_SANS_OUVRAGE	Pont	Chemin carrossable			7	152284	PONT	Pont de Milo	Faranah	w690172948
PONT_SANS_OUVRAGE	Pont	Route non classifiée			7	151449	DALOT	Dalot PK112 Faranah	Faranah	w269088090
PONT_SANS_OUVRAGE	Pont	Chemin non carrossable			7	113286	PONCEAU	Ponceau PK15 Nzerekore	Nzérékoré	w269513997
PONT_SANS_OUVRAGE	Pont	Route secondaire			7	30016	RADIER	Radier de Diafore	Mamou	w379554250
PONT_SANS_OUVRAGE	Pont	Route résidentielle			7	87117	RADIER	Radier de Diafore	Boké	w631634769
PONT_SANS_OUVRAGE	Pont	Route tertiaire			7	155062	PONCEAU	Ponceau PK15 Nzerekore	Nzérékoré	w496723245
PONT_SANS_OUVRAGE	Pont	Route tertiaire			7	17388	RADIER	Radier de Diafore	Mamou	w463724116
PONT_SANS_OUVRAGE	Pont	Route secondaire	N14		7	8181	DALOT	Dalot PK112 Faranah	Faranah	w684965600
PONT_SANS_OUVRAGE	Pont	Route non classifiée			7	36808	PONT	Pont de Kolente	Kindia	w328555980
PONT_SANS_OUVRAGE	Pont	Route tertiaire			7	36157	RADIER	Radier de Diafore	Labé	w617834879
PONT_SANS_OUVRAGE	Pont	Route non classifiée			7	97452	PONCEAU	Ponceau PK15 Nzerekore	Nzérékoré	w488037054
PONT_SANS_OUVRAGE	Pont	Route non classifiée			7	24043	DALOT	Manfrinyah	Kindia	w936325098
PONT_SANS_OUVRAGE	Pont	Chemin carrossable			7	126288	DALOT	Dalot PK112 Faranah	Faranah	w945090045
PONT_SANS_OUVRAGE	Pont	Route tertiaire			7	174871	PONCEAU	Ponceau PK15 Nzerekore	Nzérékoré	w269261367
PONT_SANS_OUVRAGE	Pont	Route non classifiée			7	114370	DALOT	Dalot PK112 Faranah	Faranah	w937308843
PONT_SANS_OUVRAGE	Pont	Chemin carrossable			7	104123	DALOT	Dalot PK112 Faranah	Faranah	w941755361
PONT_SANS_OUVRAGE	Pont	Route non classifiée			7	107639	DALOT	Dalot PK112 Faranah	Faranah	w936793169
PONT_SANS_OUVRAGE	Pont	Route secondaire			7	114179	PONT	Pont de Milo	Kankan	w489455899
PONT_SANS_OUVRAGE	Pont	Route non classifiée		Route Aliamounoun - Sènkö	7	15085	PONT	Pont de Milo	Kankan	w1015034963
PONT_SANS_OUVRAGE	Pont	Route non classifiée			7	159669	PONT	Pont de Milo	Faranah	w270900234
PONT_SANS_OUVRAGE	Pont	Chemin carrossable			7	109132	DALOT	Dalot PK112 Faranah	Faranah	w941801026
PONT_SANS_OUVRAGE	Pont	Route non classifiée			7	110755	DALOT	Dalot PK112 Faranah	Faranah	w271030277
PONT_SANS_OUVRAGE	Pont	Route non classifiée			7	6623	RADIER	Radier de Diafore	Labé	w641619132
PONT_SANS_OUVRAGE	Pont	Route non classifiée			7	3185	RADIER	Radier de Diafore	Mamou	w641716667
PONT_SANS_OUVRAGE	Pont	Route non classifiée			7	2757	RADIER	Radier de Diafore	Mamou	w641716669
PONT_SANS_OUVRAGE	Pont	Voie rapide	N5		7	5764	RADIER	Radier de Diafore	Labé	w641298836
PONT_SANS_OUVRAGE	Pont	Chemin carrossable			7	109242	DALOT	Dalot PK112 Faranah	Faranah	w947248809
PONT_SANS_OUVRAGE	Pont	Chemin carrossable			7	111854	DALOT	Dalot PK112 Faranah	Faranah	w947250284
PONT_SANS_OUVRAGE	Pont	Chemin carrossable			7	107236	DALOT	Dalot PK112 Faranah	Faranah	w269190215
PONT_SANS_OUVRAGE	Pont	Route non classifiée			7	147512	DALOT	Dalot PK112 Faranah	Faranah	w1067931628
PONT_SANS_OUVRAGE	Pont	Chemin carrossable			7	111697	DALOT	Dalot PK112 Faranah	Faranah	w947250285
PONT_SANS_OUVRAGE	Pont	Route non classifiée			7	92523	PONT	Pont de Milo	Kankan	w690683956
PONT_SANS_OUVRAGE	Pont	Route non classifiée			7	57242	DALOT	Dalot PK112 Faranah	Faranah	w270801415
PONT_SANS_OUVRAGE	Pont	Chemin carrossable			7	119589	DALOT	Dalot PK112 Faranah	Faranah	w942251633
PONT_SANS_OUVRAGE	Pont	Route non classifiée			7	75872	RADIER	Radier de Diafore	Kindia	w1018488906
PONT_SANS_OUVRAGE	Pont	Chemin carrossable			7	93967	PONT	Pont de Milo	Kankan	w690499230
PONT_SANS_OUVRAGE	Pont	Route tertiaire			7	70222	RADIER	Radier de Diafore	Boké	w492790754
PONT_SANS_OUVRAGE	Pont	Route tertiaire			7	37125	DALOT	Kouété	Kindia	w330689791
PONT_SANS_OUVRAGE	Pont	Chemin carrossable			7	109212	DALOT	Dalot PK112 Faranah	Faranah	w944666282
PONT_SANS_OUVRAGE	Pont	Chemin non carrossable			7	115233	PONT	Pont de Milo	Faranah	w305447361
PONT_SANS_OUVRAGE	Pont	Route non classifiée			7	48116	PONCEAU	Ponceau PK15 Nzerekore	Nzérékoré	w273323764
PONT_SANS_OUVRAGE	Pont	Route secondaire			7	39248	DALOT	Dalot PK112 Faranah	Faranah	w270848249
PONT_SANS_OUVRAGE	Pont	Route secondaire			7	102790	PONCEAU	Ponceau PK15 Nzerekore	Nzérékoré	w488037078
PONT_SANS_OUVRAGE	Pont	Route résidentielle			6	13587	DALOT	Coyah	Kindia	w498695066
PONT_SANS_OUVRAGE	Pont	Chemin carrossable			6	33594	DALOT	Dalot PK112 Faranah	Faranah	w682717438
PONT_SANS_OUVRAGE	Pont	Route résidentielle			6	479	RADIER	Radier de Diafore	Labé	w529174711
PONT_SANS_OUVRAGE	Pont	Route résidentielle			6	386	PONT	Pont de Milo	Kankan	w541141067
PONT_SANS_OUVRAGE	Pont	Chemin carrossable			6	103676	DALOT	Dalot PK112 Faranah	Faranah	w946165260
PONT_SANS_OUVRAGE	Pont	Route résidentielle			6	35721	PONT	Pont de Kolente	Kindia	w545945851
PONT_SANS_OUVRAGE	Pont	Route tertiaire			6	100701	PONCEAU	Ponceau PK15 Nzerekore	Nzérékoré	w488036997
PONT_SANS_OUVRAGE	Pont	Chemin carrossable			6	96598	DALOT	Dalot PK112 Faranah	Faranah	w943439625
PONT_SANS_OUVRAGE	Pont	Route résidentielle			6	35549	PONT	Pont de Kolente	Kindia	w545944859
PONT_SANS_OUVRAGE	Pont	Route résidentielle			6	26918	DALOT	Dalot PK112 Faranah	Faranah	w712356543
PONT_SANS_OUVRAGE	Pont	Chemin carrossable			6	91262	DALOT	Dalot PK112 Faranah	Faranah	w943657305
PONT_SANS_OUVRAGE	Pont	Route non classifiée			6	120165	DALOT	Dalot PK112 Faranah	Faranah	w526610587
PONT_SANS_OUVRAGE	Pont	Route non classifiée			6	20306	PONT	Pont du Fatala	Boké	w330656801
PONT_SANS_OUVRAGE	Pont	Chemin carrossable			6	100897	DALOT	Dalot PK112 Faranah	Faranah	w942918810
PONT_SANS_OUVRAGE	Pont	Chemin carrossable			6	120054	DALOT	Dalot PK112 Faranah	Faranah	w943539723
PONT_SANS_OUVRAGE	Pont	Chemin carrossable			6	110303	DALOT	Dalot PK112 Faranah	Faranah	w946863606
PONT_SANS_OUVRAGE	Pont	Chemin carrossable			6	114978	DALOT	Dalot PK112 Faranah	Faranah	w942598696
PONT_SANS_OUVRAGE	Pont	Route résidentielle			6	71085	PONT	Pont de Milo	Kankan	w1114873252
PONT_SANS_OUVRAGE	Pont	Route primaire	N8		6	415	RADIER	Radier de Diafore	Labé	w529174713
PONT_SANS_OUVRAGE	Pont	Chemin carrossable			6	118022	DALOT	Dalot PK112 Faranah	Faranah	w942273350
PONT_SANS_OUVRAGE	Pont	Route non classifiée			6	2875	RADIER	Radier de Diafore	Mamou	w641716672
PONT_SANS_OUVRAGE	Pont	Route tertiaire			6	20561	RADIER	Radier de Diafore	Labé	w648226894
PONT_SANS_OUVRAGE	Pont	Chemin carrossable			6	118700	DALOT	Dalot PK112 Faranah	Faranah	w942249159
PONT_SANS_OUVRAGE	Pont	Route tertiaire			6	3693	DALOT	Tonguiron	Kindia	w272018363
PONT_SANS_OUVRAGE	Pont	Route primaire	N18		6	116926	PONCEAU	Ponceau PK15 Nzerekore	Nzérékoré	w311986028
PONT_SANS_OUVRAGE	Pont	Route primaire			6	164926	DALOT	Dalot PK112 Faranah	Nzérékoré	w292273062
PONT_SANS_OUVRAGE	Pont	Chemin carrossable			6	125662	DALOT	Dalot PK112 Faranah	Faranah	w949437683
PONT_SANS_OUVRAGE	Pont	Chemin carrossable			6	33588	RADIER	Radier de Diafore	Mamou	w416097744
PONT_SANS_OUVRAGE	Pont	Route primaire	N19		6	35220	PONCEAU	Ponceau PK15 Nzerekore	Nzérékoré	w733585668
PONT_SANS_OUVRAGE	Pont	Chemin carrossable			6	112003	DALOT	Dalot PK112 Faranah	Faranah	w947223170
PONT_SANS_OUVRAGE	Pont	Route tertiaire			6	149759	DALOT	Dalot PK112 Faranah	Faranah	w1067934998
PONT_SANS_OUVRAGE	Pont	Route non classifiée			6	13573	PONT	Pont de Milo	Kankan	w681988568
PONT_SANS_OUVRAGE	Pont	Chemin carrossable			6	126578	DALOT	Dalot PK112 Faranah	Faranah	w949437690
PONT_SANS_OUVRAGE	Pont	Route résidentielle			6	112785	PONT	Pont de Milo	Kankan	w666653814
PONT_SANS_OUVRAGE	Pont	Route tertiaire			6	2838	PONCEAU	Ponceau PK15 Nzerekore	Nzérékoré	w269570344
PONT_SANS_OUVRAGE	Pont	Chemin carrossable			6	115088	DALOT	Dalot PK112 Faranah	Faranah	w941824513
PONT_SANS_OUVRAGE	Pont	Route non classifiée			6	89334	DALOT	Dalot PK112 Faranah	Kankan	w688628503
PONT_SANS_OUVRAGE	Pont	Chemin carrossable			6	108383	DALOT	Dalot PK112 Faranah	Faranah	w941776694
PONT_SANS_OUVRAGE	Pont	Route secondaire			6	32203	DALOT	Dalot PK112 Faranah	Faranah	w270852433
PONT_SANS_OUVRAGE	Pont	Chemin carrossable			6	108047	DALOT	Dalot PK112 Faranah	Faranah	w941776691
PONT_SANS_OUVRAGE	Pont	Chemin carrossable			6	107266	DALOT	Dalot PK112 Faranah	Faranah	w941758224
PONT_SANS_OUVRAGE	Pont	Chemin non carrossable			6	58061	DALOT	Dalot PK35 Kindia-Mamou	Kindia	w1076685287
PONT_SANS_OUVRAGE	Pont	Chemin carrossable			6	83641	DALOT	Dalot PK112 Faranah	Faranah	w941756995
PONT_SANS_OUVRAGE	Pont	Chemin carrossable			6	104870	DALOT	Dalot PK112 Faranah	Faranah	w941748788
PONT_SANS_OUVRAGE	Pont	Route non classifiée			6	102583	DALOT	Dalot PK112 Faranah	Kankan	w689913640
PONT_SANS_OUVRAGE	Pont	Route résidentielle			6	4017	BUSE	Buse PK8 Conakry-Coyah	Conakry	w270299168
PONT_SANS_OUVRAGE	Pont	Chemin carrossable			6	50315	DALOT	Dalot PK112 Faranah	Faranah	w941644124
PONT_SANS_OUVRAGE	Pont	Route tertiaire			6	68619	DALOT	Coyah	Kindia	w326158078
PONT_SANS_OUVRAGE	Pont	Route tertiaire			6	193107	PONT	Pont de Milo	Kankan	w650693769
PONT_SANS_OUVRAGE	Pont	Chemin carrossable			6	111339	DALOT	Dalot PK112 Faranah	Faranah	w941406042
PONT_SANS_OUVRAGE	Pont	Route résidentielle			6	856	PONCEAU	Ponceau PK15 Nzerekore	Nzérékoré	w270326414
PONT_SANS_OUVRAGE	Pont	Chemin carrossable			6	119710	DALOT	Dalot PK112 Faranah	Faranah	w943504219
PONT_SANS_OUVRAGE	Pont	Route résidentielle			6	127723	PONT	Pont de Milo	Kankan	w678679785
PONT_SANS_OUVRAGE	Pont	Chemin non carrossable			6	117343	DALOT	Dalot PK112 Faranah	Faranah	w941063331
PONT_SANS_OUVRAGE	Pont	Chemin carrossable			6	42521	DALOT	Dalot PK112 Faranah	Faranah	w939818906
PONT_SANS_OUVRAGE	Pont	Chemin carrossable			6	120717	PONT	Pont de Milo	Kankan	w311043909
PONT_SANS_OUVRAGE	Pont	Chemin non carrossable			6	67243	DALOT	Dalot PK112 Faranah	Mamou	w793645719
PONT_SANS_OUVRAGE	Pont	Chemin non carrossable			6	68094	DALOT	Dalot PK112 Faranah	Mamou	w793614595
PONT_SANS_OUVRAGE	Pont	Chemin carrossable			6	113318	PONT	Pont de Milo	Faranah	w937459044
PONT_SANS_OUVRAGE	Pont	Chemin non carrossable			6	110391	PONCEAU	Ponceau PK15 Nzerekore	Nzérékoré	w747105509
PONT_SANS_OUVRAGE	Pont	Chemin carrossable			6	115938	DALOT	Dalot PK112 Faranah	Faranah	w944276331
PONT_SANS_OUVRAGE	Pont	Chemin non carrossable			6	114482	PONCEAU	Ponceau PK15 Nzerekore	Nzérékoré	w746750217
PONT_SANS_OUVRAGE	Pont	Chemin non carrossable			6	131838	PONCEAU	Ponceau PK15 Nzerekore	Nzérékoré	w745607907
PONT_SANS_OUVRAGE	Pont	Chemin carrossable			6	115678	PONT	Pont de Milo	Faranah	w937307748
PONT_SANS_OUVRAGE	Pont	Chemin carrossable			6	114121	PONT	Pont de Milo	Faranah	w937256165
PONT_SANS_OUVRAGE	Pont	Chemin non carrossable			6	140176	PONCEAU	Ponceau PK15 Nzerekore	Nzérékoré	w744721456
PONT_SANS_OUVRAGE	Pont	Chemin carrossable			6	98801	DALOT	Dalot PK112 Faranah	Faranah	w937175336
PONT_SANS_OUVRAGE	Pont	Chemin carrossable			6	114946	PONT	Pont de Milo	Faranah	w937171996
PONT_SANS_OUVRAGE	Pont	Chemin carrossable			6	112750	DALOT	Dalot PK112 Faranah	Faranah	w937113383
PONT_SANS_OUVRAGE	Pont	Route non classifiée			6	114110	PONT	Pont de Milo	Faranah	w305447332
PONT_SANS_OUVRAGE	Pont	Chemin carrossable			6	137279	DALOT	Dalot PK112 Faranah	Faranah	w944618236
PONT_SANS_OUVRAGE	Pont	Chemin non carrossable			6	144396	PONCEAU	Ponceau PK15 Nzerekore	Nzérékoré	w734914368
PONT_SANS_OUVRAGE	Pont	Chemin carrossable			6	110642	DALOT	Dalot PK112 Faranah	Faranah	w936896585
PONT_SANS_OUVRAGE	Pont	Chemin carrossable			6	35493	PONT	Pont de Milo	Kankan	w270846454
PONT_SANS_OUVRAGE	Pont	Chemin carrossable			6	121154	DALOT	Dalot PK112 Faranah	Faranah	w943497607
PONT_SANS_OUVRAGE	Pont	Route non classifiée			6	146319	DALOT	Dalot PK112 Faranah	Faranah	w293024618
PONT_SANS_OUVRAGE	Pont	Chemin carrossable			6	114416	PONT	Pont de Milo	Faranah	w936782069
PONT_SANS_OUVRAGE	Pont	Route non classifiée			6	81190	PONT	Pont de Milo	Kankan	w755897966
PONT_SANS_OUVRAGE	Pont	Route primaire	N30		6	141707	PONT	Pont de Milo	Kankan	w909655689
PONT_SANS_OUVRAGE	Pont	Route non classifiée			6	176938	DALOT	Dalot PK112 Faranah	Nzérékoré	w292986937
PONT_SANS_OUVRAGE	Pont	Route résidentielle			6	112806	PONT	Pont de Milo	Kankan	w666653807
PONT_SANS_OUVRAGE	Pont	Chemin non carrossable			6	35030	RADIER	Radier de Diafore	Labé	w629193820
PONT_SANS_OUVRAGE	Pont	Route résidentielle			6	47325	PONCEAU	Ponceau PK15 Nzerekore	Nzérékoré	w273323765
PONT_SANS_OUVRAGE	Pont	Route non classifiée			6	160290	DALOT	Dalot PK112 Faranah	Faranah	w292280592
PONT_SANS_OUVRAGE	Pont	Route résidentielle			6	112871	PONT	Pont de Milo	Kankan	w666653803
PONT_SANS_OUVRAGE	Pont	Route non classifiée			6	96144	DALOT	Dalot PK112 Faranah	Faranah	w268834376
PONT_SANS_OUVRAGE	Pont	Route tertiaire			6	71232	DALOT	Dalot PK112 Faranah	Faranah	w703396850
PONT_SANS_OUVRAGE	Pont	Chemin carrossable			6	50175	DALOT	Dalot PK112 Faranah	Mamou	w797524314
PONT_SANS_OUVRAGE	Pont	Chemin carrossable			6	50224	DALOT	Dalot PK112 Faranah	Mamou	w797116551
PONT_SANS_OUVRAGE	Pont	Route secondaire			6	103043	PONCEAU	Ponceau PK15 Nzerekore	Nzérékoré	w488037072
PONT_SANS_OUVRAGE	Pont	Chemin carrossable			6	69905	DALOT	Dalot PK112 Faranah	Mamou	w794182373
PONT_SANS_OUVRAGE	Pont	Chemin carrossable			6	119957	DALOT	Dalot PK112 Faranah	Faranah	w943496566
PONT_SANS_OUVRAGE	Pont	Chemin carrossable			6	69712	MUR_SOUTENEMENT	Mur de soutenement Mont Gangan	Mamou	w789000674
PONT_SANS_OUVRAGE	Pont	Route tertiaire		pont	6	159201	PONT	Pont de Milo	Kankan	w1028384487
PONT_SANS_OUVRAGE	Pont	Chemin carrossable			6	137761	DALOT	Dalot PK112 Faranah	Faranah	w690227935
PONT_SANS_OUVRAGE	Pont	Route non classifiée			6	48494	DALOT	Dalot PK112 Faranah	Faranah	w939281171
PONT_SANS_OUVRAGE	Pont	Route non classifiée			6	18685	DALOT	Coyah	Kindia	w272488466
PONT_SANS_OUVRAGE	Pont	Route tertiaire			6	113131	PONT	Pont de Milo	Kankan	w666653802
PONT_SANS_OUVRAGE	Pont	Route non classifiée			6	118356	DALOT	Dalot PK112 Faranah	Faranah	w941846487
PONT_SANS_OUVRAGE	Pont	Route non classifiée			6	99013	PONCEAU	Ponceau PK15 Nzerekore	Nzérékoré	w488037058
PONT_SANS_OUVRAGE	Pont	Chemin carrossable			6	109180	DALOT	Dalot PK112 Faranah	Faranah	w944666277
PONT_SANS_OUVRAGE	Pont	Route secondaire			6	34339	DALOT	Dalot PK112 Faranah	Faranah	w683524362
PONT_SANS_OUVRAGE	Pont	Chemin carrossable			6	35775	DALOT	Dalot PK112 Faranah	Faranah	w661509317
PONT_SANS_OUVRAGE	Pont	Route secondaire			6	153169	PONCEAU	Ponceau PK15 Nzerekore	Nzérékoré	w496723250
PONT_SANS_OUVRAGE	Pont	Route non classifiée			6	24841	MUR_SOUTENEMENT	Mur de soutenement Mont Gangan	Mamou	w271429902
PONT_SANS_OUVRAGE	Pont	Route secondaire			6	76753	PONCEAU	Ponceau PK15 Nzerekore	Nzérékoré	w496950275
PONT_SANS_OUVRAGE	Pont	Chemin non carrossable			6	132479	DALOT	Dalot PK112 Faranah	Faranah	w270683576
PONT_SANS_OUVRAGE	Pont	Chemin non carrossable			6	4066	PONCEAU	Ponceau PK15 Nzerekore	Nzérékoré	w270534128
PONT_SANS_OUVRAGE	Pont	Voie rapide	N5		6	29788	RADIER	Radier de Diafore	Labé	w645594217
PONT_SANS_OUVRAGE	Pont	Route secondaire			6	78649	PONCEAU	Ponceau PK15 Nzerekore	Nzérékoré	w496950277
PONT_SANS_OUVRAGE	Pont	Chemin non carrossable			6	129715	PONT	Pont de Milo	Kankan	w270241678
PONT_SANS_OUVRAGE	Pont	Chemin non carrossable			6	3705	PONCEAU	Ponceau PK15 Nzerekore	Nzérékoré	w269954339
PONT_SANS_OUVRAGE	Pont	Route tertiaire			6	104355	PONCEAU	Ponceau PK15 Nzerekore	Nzérékoré	w488037015
PONT_SANS_OUVRAGE	Pont	Route non classifiée			6	108423	DALOT	Dalot PK112 Faranah	Faranah	w944666275
PONT_SANS_OUVRAGE	Pont	Voie rapide	N5		6	5347	RADIER	Radier de Diafore	Labé	w641298830
PONT_SANS_OUVRAGE	Pont	Route non classifiée			6	60561	PONT	Pont du Konkoure	Boké	w489645061
PONT_SANS_OUVRAGE	Pont	Route résidentielle			5	25097	MUR_SOUTENEMENT	Mur de soutenement Mont Gangan	Mamou	w271553146
PONT_SANS_OUVRAGE	Pont	Route non classifiée			5	29006	PONCEAU	Ponceau PK15 Nzerekore	Nzérékoré	w1000787815
PONT_SANS_OUVRAGE	Pont	Chemin non carrossable			5	138978	PONT	Pont de Milo	Kankan	w315243211
PONT_SANS_OUVRAGE	Pont	Route non classifiée			5	3235	DALOT	Dalot PK112 Faranah	Faranah	w412815619
PONT_SANS_OUVRAGE	Pont	Route non classifiée			5	126680	PONT	Pont de Milo	Kankan	w690432899
PONT_SANS_OUVRAGE	Pont	Route secondaire			5	39874	PONCEAU	Ponceau PK15 Nzerekore	Nzérékoré	w689644340
PONT_SANS_OUVRAGE	Pont	Chemin non carrossable			5	131956	DALOT	Dalot PK112 Faranah	Faranah	w269753678
PONT_SANS_OUVRAGE	Pont	Route non classifiée			5	147176	PONT	Pont de Milo	Kankan	w270900233
PONT_SANS_OUVRAGE	Pont	Route résidentielle			5	132679	PONT	Pont de Milo	Kankan	w672403948
PONT_SANS_OUVRAGE	Pont	Chemin non carrossable			5	54802	PONCEAU	Ponceau PK15 Nzerekore	Nzérékoré	w1066400598
PONT_SANS_OUVRAGE	Pont	Route non classifiée			5	103364	DALOT	Dalot PK112 Faranah	Kankan	w689918125
PONT_SANS_OUVRAGE	Pont	Route secondaire			5	11997	RADIER	Radier de Diafore	Labé	w629123211
PONT_SANS_OUVRAGE	Pont	Chemin carrossable			5	101108	DALOT	Dalot PK112 Faranah	Faranah	w269098310
PONT_SANS_OUVRAGE	Pont	Route résidentielle			5	3227	PONCEAU	Ponceau PK15 Nzerekore	Nzérékoré	w270103411
PONT_SANS_OUVRAGE	Pont	Route résidentielle			5	3744	PONCEAU	Ponceau PK15 Nzerekore	Nzérékoré	w269975150
PONT_SANS_OUVRAGE	Pont	Route résidentielle			5	3850	PONCEAU	Ponceau PK15 Nzerekore	Nzérékoré	w269970799
PONT_SANS_OUVRAGE	Pont	Chemin carrossable			5	134104	DALOT	Dalot PK112 Faranah	Kankan	w690417505
PONT_SANS_OUVRAGE	Pont	Route tertiaire			5	114568	PONT	Pont de Milo	Kankan	w496780764
PONT_SANS_OUVRAGE	Pont	Route tertiaire			5	161589	PONT	Pont de Milo	Kankan	w1014591733
PONT_SANS_OUVRAGE	Pont	Route non classifiée			5	44425	DALOT	Dalot PK112 Faranah	Faranah	w675213585
PONT_SANS_OUVRAGE	Pont	Route non classifiée			5	18048	DALOT	Coyah	Kindia	w272826215
PONT_SANS_OUVRAGE	Pont	Chemin carrossable			5	103491	DALOT	Dalot PK112 Faranah	Faranah	w946165271
PONT_SANS_OUVRAGE	Pont	Chemin carrossable			5	108557	DALOT	Dalot PK112 Faranah	Faranah	w944666272
PONT_SANS_OUVRAGE	Pont	Route non classifiée			5	17422	DALOT	Coyah	Kindia	w272826214
PONT_SANS_OUVRAGE	Pont	Chemin non carrossable			5	114348	PONCEAU	Ponceau PK15 Nzerekore	Nzérékoré	w269540148
PONT_SANS_OUVRAGE	Pont	Chemin carrossable			5	96909	DALOT	Dalot PK112 Faranah	Faranah	w943439619
PONT_SANS_OUVRAGE	Pont	Route non classifiée			5	35590	DALOT	Dalot PK112 Faranah	Faranah	w661509315
PONT_SANS_OUVRAGE	Pont	Chemin non carrossable			5	109305	PONT	Pont de Milo	Faranah	w305447338
PONT_SANS_OUVRAGE	Pont	Route tertiaire			5	144524	PONT	Pont de Milo	Kankan	w496780754
PONT_SANS_OUVRAGE	Pont	Route résidentielle			5	70434	PONT	Pont de Milo	Kankan	w1114880752
PONT_SANS_OUVRAGE	Pont	Chemin carrossable			5	109565	DALOT	Dalot PK112 Faranah	Faranah	w946863602
PONT_SANS_OUVRAGE	Pont	Chemin carrossable			5	137755	DALOT	Dalot PK112 Faranah	Faranah	w690227928
PONT_SANS_OUVRAGE	Pont	Route non classifiée			5	20327	PONT	Pont de Kolente	Kindia	w329481516
PONT_SANS_OUVRAGE	Pont	Route résidentielle			5	70740	PONT	Pont de Milo	Kankan	w1114873250
PONT_SANS_OUVRAGE	Pont	Route tertiaire			5	52917	RADIER	Radier de Diafore	Labé	w629241223
PONT_SANS_OUVRAGE	Pont	Route résidentielle			5	112778	PONT	Pont de Milo	Kankan	w666653809
PONT_SANS_OUVRAGE	Pont	Route non classifiée			5	99564	PONCEAU	Ponceau PK15 Nzerekore	Nzérékoré	w488037065
PONT_SANS_OUVRAGE	Pont	Chemin carrossable			5	5519	DALOT	Coyah	Kindia	w271030954
PONT_SANS_OUVRAGE	Pont	Chemin carrossable			5	110698	DALOT	Dalot PK112 Faranah	Faranah	w936896599
PONT_SANS_OUVRAGE	Pont	Chemin carrossable			5	109402	DALOT	Dalot PK112 Faranah	Faranah	w936896621
PONT_SANS_OUVRAGE	Pont	Chemin carrossable			5	102048	DALOT	Dalot PK112 Faranah	Faranah	w946152508
PONT_SANS_OUVRAGE	Pont	Route non classifiée			5	142214	PONT	Pont de Milo	Kankan	w755187835
PONT_SANS_OUVRAGE	Pont	Voie rapide	N2		5	175463	DALOT	Dalot PK112 Faranah	Nzérékoré	w980560315
PONT_SANS_OUVRAGE	Pont	Route secondaire			5	33392	DALOT	Dalot PK112 Faranah	Faranah	w683524363
PONT_SANS_OUVRAGE	Pont	Route résidentielle			5	28210	MUR_SOUTENEMENT	Mur de soutenement Mont Gangan	Mamou	w273088030
PONT_SANS_OUVRAGE	Pont	Chemin carrossable			5	109387	PONT	Pont de Milo	Faranah	w937101673
PONT_SANS_OUVRAGE	Pont	Chemin carrossable			5	46130	DALOT	Dalot PK112 Faranah	Faranah	w661449582
PONT_SANS_OUVRAGE	Pont	Chemin carrossable			5	118511	DALOT	Dalot PK112 Faranah	Faranah	w936745138
PONT_SANS_OUVRAGE	Pont	Route résidentielle			5	266	DALOT	Coyah	Kindia	w176146337
PONT_SANS_OUVRAGE	Pont	Route non classifiée			5	116060	DALOT	Dalot PK112 Faranah	Faranah	w942344660
PONT_SANS_OUVRAGE	Pont	Chemin carrossable			5	99980	DALOT	Dalot PK112 Faranah	Faranah	w944309796
PONT_SANS_OUVRAGE	Pont	Chemin non carrossable			5	109995	PONCEAU	Ponceau PK15 Nzerekore	Nzérékoré	w747105502
PONT_SANS_OUVRAGE	Pont	Chemin carrossable			5	109643	DALOT	Dalot PK112 Faranah	Faranah	w947248806
PONT_SANS_OUVRAGE	Pont	Route primaire	N1		5	4936	PONCEAU	Ponceau PK15 Nzerekore	Nzérékoré	w1000787813
PONT_SANS_OUVRAGE	Pont	Chemin non carrossable			5	131237	DALOT	Dalot PK112 Faranah	Faranah	w269756841
PONT_SANS_OUVRAGE	Pont	Chemin carrossable			5	56661	DALOT	Dalot PK112 Faranah	Mamou	w628088140
PONT_SANS_OUVRAGE	Pont	Route non classifiée			5	184491	DALOT	Dalot PK112 Faranah	Nzérékoré	w292144544
PONT_SANS_OUVRAGE	Pont	Chemin carrossable			5	106575	DALOT	Dalot PK112 Faranah	Faranah	w944245193
PONT_SANS_OUVRAGE	Pont	Chemin non carrossable			5	85749	DALOT	Dalot PK112 Faranah	Faranah	w941524739
PONT_SANS_OUVRAGE	Pont	Chemin carrossable			5	174968	DALOT	Dalot PK112 Faranah	Faranah	w1068779609
PONT_SANS_OUVRAGE	Pont	Chemin carrossable			5	42439	DALOT	Dalot PK112 Faranah	Faranah	w940003528
PONT_SANS_OUVRAGE	Pont	Chemin carrossable			5	57166	DALOT	Dalot PK112 Faranah	Faranah	w940382540
PONT_SANS_OUVRAGE	Pont	Chemin carrossable			5	56445	DALOT	Dalot PK112 Faranah	Faranah	w541406072
PONT_SANS_OUVRAGE	Pont	Chemin carrossable			5	57322	DALOT	Dalot PK112 Faranah	Faranah	w940382542
PONT_SANS_OUVRAGE	Pont	Route non classifiée			5	172206	DALOT	Dalot PK112 Faranah	Faranah	w914347452
PONT_SANS_OUVRAGE	Pont	Chemin carrossable			5	69409	DALOT	Dalot PK112 Faranah	Mamou	w794182396
PONT_SANS_OUVRAGE	Pont	Chemin carrossable			5	109889	DALOT	Dalot PK112 Faranah	Faranah	w946863604
PONT_SANS_OUVRAGE	Pont	Route non classifiée			5	124165	PONT	Pont de Milo	Kankan	w696652312
PONT_SANS_OUVRAGE	Pont	Chemin carrossable			5	57160	DALOT	Dalot PK112 Faranah	Faranah	w940761452
PONT_SANS_OUVRAGE	Pont	Chemin non carrossable			5	25295	DALOT	Manfrinyah	Kindia	w338074719
PONT_SANS_OUVRAGE	Pont	Route d accès			5	34711	RADIER	Radier de Diafore	Mamou	w180372095
PONT_SANS_OUVRAGE	Pont	Route résidentielle			4	9589	BUSE	Buse PK8 Conakry-Coyah	Conakry	w548742453
PONT_SANS_OUVRAGE	Pont	Route tertiaire			4	77418	PONCEAU	Ponceau PK15 Nzerekore	Nzérékoré	w311154086
PONT_SANS_OUVRAGE	Pont	Route non classifiée			4	152200	DALOT	Dalot PK112 Faranah	Faranah	w269088089
PONT_SANS_OUVRAGE	Pont	Chemin non carrossable			4	83437	DALOT	Dalot PK112 Faranah	Faranah	w941756996
PONT_SANS_OUVRAGE	Pont	Chemin carrossable			4	111762	DALOT	Dalot PK112 Faranah	Faranah	w936896586
PONT_SANS_OUVRAGE	Pont	Route non classifiée			4	53116	RADIER	Radier de Diafore	Labé	w631676854
PONT_SANS_OUVRAGE	Pont	Route tertiaire			4	3275	DALOT	Dalot PK 12.1	Kindia	w272023455
PONT_SANS_OUVRAGE	Pont	Route non classifiée			4	113637	PONT	Pont de Milo	Faranah	w305447343
PONT_SANS_OUVRAGE	Pont	Chemin carrossable			4	103588	DALOT	Dalot PK112 Faranah	Faranah	w946165268
PONT_SANS_OUVRAGE	Pont	Chemin non carrossable			4	47709	RADIER	Radier de Diafore	Labé	w630673730
PONT_SANS_OUVRAGE	Pont	Chemin carrossable			4	57423	DALOT	Dalot PK112 Faranah	Faranah	w940415256
PONT_SANS_OUVRAGE	Pont	Chemin carrossable			4	112489	DALOT	Dalot PK112 Faranah	Faranah	w942911376
PONT_SANS_OUVRAGE	Pont	Chemin carrossable			4	113044	PONT	Pont de Milo	Faranah	w936782083
PONT_SANS_OUVRAGE	Pont	Route non classifiée			4	94891	DALOT	Dalot PK112 Faranah	Faranah	w270859879
PONT_SANS_OUVRAGE	Pont	Chemin carrossable			4	138233	DALOT	Dalot PK112 Faranah	Faranah	w690227931
PONT_SANS_OUVRAGE	Pont	Route non classifiée			4	58091	DALOT	Dalot PK112 Faranah	Faranah	w940415245
PONT_SANS_OUVRAGE	Pont	Chemin carrossable			4	56966	DALOT	Dalot PK112 Faranah	Faranah	w940415258
PONT_SANS_OUVRAGE	Pont	Chemin carrossable			4	54944	DALOT	Dalot PK112 Faranah	Faranah	w940705210
PONT_SANS_OUVRAGE	Pont	Route non classifiée			4	172269	PONCEAU	Ponceau PK15 Nzerekore	Nzérékoré	w269399133
PONT_SANS_OUVRAGE	Pont	Chemin carrossable			4	113982	PONT	Pont de Milo	Faranah	w937312169
PONT_SANS_OUVRAGE	Pont	Route non classifiée			4	147428	DALOT	Dalot PK112 Faranah	Faranah	w1067931625
PONT_SANS_OUVRAGE	Pont	Chemin carrossable			4	57034	DALOT	Dalot PK112 Faranah	Faranah	w940761454
PONT_SANS_OUVRAGE	Pont	Chemin carrossable			4	90510	PONT	Pont de Milo	Kankan	w689682146
PONT_SANS_OUVRAGE	Pont	Chemin carrossable			4	56738	DALOT	Dalot PK112 Faranah	Faranah	w940761458
PONT_SANS_OUVRAGE	Pont	Route secondaire	N31		4	96272	DALOT	Dalot PK112 Faranah	Kankan	w689890870
PONT_SANS_OUVRAGE	Pont	Chemin carrossable			4	139115	DALOT	Dalot PK112 Faranah	Faranah	w945144728
PONT_SANS_OUVRAGE	Pont	Chemin non carrossable			4	15941	PONCEAU	Ponceau PK15 Nzerekore	Nzérékoré	w313421114
PONT_SANS_OUVRAGE	Pont	Chemin carrossable			4	86920	PONT	Pont de Milo	Kankan	w689682139
PONT_SANS_OUVRAGE	Pont	Chemin carrossable			4	126244	DALOT	Dalot PK112 Faranah	Faranah	w1087212764
PONT_SANS_OUVRAGE	Pont	Route primaire	N24		4	92253	RADIER	Radier de Diafore	Kindia	w690009759
PONT_SANS_OUVRAGE	Pont	Voie piétonne			4	43714	RADIER	Radier de Diafore	Labé	w567120518
PONT_SANS_OUVRAGE	Pont	Chemin carrossable			4	56431	DALOT	Dalot PK112 Faranah	Faranah	w941369091
PONT_SANS_OUVRAGE	Pont	Chemin carrossable			4	122238	DALOT	Dalot PK112 Faranah	Faranah	w942369085
PONT_SANS_OUVRAGE	Pont	Chemin carrossable			4	113729	DALOT	Dalot PK112 Faranah	Faranah	w943497038
PONT_SANS_OUVRAGE	Pont	Chemin carrossable			4	87934	DALOT	Dalot PK112 Faranah	Faranah	w708545936
PONT_SANS_OUVRAGE	Pont	Chemin carrossable			4	90426	DALOT	Dalot PK112 Faranah	Faranah	w943664525
PONT_SANS_OUVRAGE	Pont	Chemin carrossable			4	100995	DALOT	Dalot PK112 Faranah	Faranah	w937330637
PONT_SANS_OUVRAGE	Pont	Route non classifiée			4	47359	PONCEAU	Ponceau PK15 Nzerekore	Nzérékoré	w273323758
PONT_SANS_OUVRAGE	Pont	Route non classifiée			4	116278	DALOT	Dalot PK112 Faranah	Faranah	w941807002
PONT_SANS_OUVRAGE	Pont	Chemin carrossable			4	103100	DALOT	Dalot PK112 Faranah	Faranah	w946165248
PONT_SANS_OUVRAGE	Pont	Chemin carrossable			4	109622	PONT	Pont de Milo	Kankan	w937072113
PONT_SANS_OUVRAGE	Pont	Route non classifiée			4	90972	PONT	Pont de Milo	Kankan	w689688606
PONT_SANS_OUVRAGE	Pont	Route non classifiée			4	114878	PONCEAU	Ponceau PK15 Nzerekore	Nzérékoré	w272006949
PONT_SANS_OUVRAGE	Pont	Chemin carrossable			4	95831	DALOT	Dalot PK112 Faranah	Faranah	w943439626
PONT_SANS_OUVRAGE	Pont	Route tertiaire			4	182144	DALOT	Dalot PK112 Faranah	Nzérékoré	w291759198
PONT_SANS_OUVRAGE	Pont	Chemin carrossable			4	107132	DALOT	Dalot PK112 Faranah	Faranah	w944234598
PONT_SANS_OUVRAGE	Pont	Route non classifiée			4	92968	PONCEAU	Ponceau PK15 Nzerekore	Nzérékoré	w488037048
PONT_SANS_OUVRAGE	Pont	Route non classifiée			4	109350	PONT	Pont de Milo	Kankan	w688669754
PONT_SANS_OUVRAGE	Pont	Chemin carrossable			4	95069	DALOT	Dalot PK112 Faranah	Faranah	w942661259
PONT_SANS_OUVRAGE	Pont	Chemin carrossable			4	102874	DALOT	Dalot PK112 Faranah	Faranah	w946152502
PONT_SANS_OUVRAGE	Pont	Route tertiaire			4	38794	DALOT	Coyah	Kindia	w681695749
PONT_SANS_OUVRAGE	Pont	Route tertiaire			4	72045	PONT	Pont de Milo	Kankan	w680394725
PONT_SANS_OUVRAGE	Pont	Chemin carrossable			4	118858	DALOT	Dalot PK112 Faranah	Faranah	w941846502
PONT_SANS_OUVRAGE	Pont	Chemin carrossable			4	119028	DALOT	Dalot PK112 Faranah	Faranah	w941846506
PONT_SANS_OUVRAGE	Pont	Chemin carrossable			4	102877	DALOT	Dalot PK112 Faranah	Faranah	w937450319
PONT_SANS_OUVRAGE	Pont	Chemin non carrossable			4	95654	DALOT	Dalot PK112 Faranah	Faranah	w688140582
PONT_SANS_OUVRAGE	Pont	Chemin non carrossable			4	82500	DALOT	Dalot PK112 Faranah	Faranah	w689890427
PONT_SANS_OUVRAGE	Pont	Chemin carrossable			3	94419	DALOT	Dalot PK112 Faranah	Faranah	w943649692
PONT_SANS_OUVRAGE	Pont	Chemin carrossable			3	93945	DALOT	Dalot PK112 Faranah	Faranah	w943610757
PONT_SANS_OUVRAGE	Pont	Chemin carrossable			3	87951	DALOT	Dalot PK112 Faranah	Faranah	w943172533
PONT_SANS_OUVRAGE	Pont	Chemin carrossable			3	110787	DALOT	Dalot PK112 Faranah	Faranah	w947248776
PONT_SANS_OUVRAGE	Pont	Chemin carrossable			3	93484	DALOT	Dalot PK112 Faranah	Faranah	w942661263
PONT_SANS_OUVRAGE	Pont	Chemin carrossable			3	111617	DALOT	Dalot PK112 Faranah	Faranah	w947248782
PONT_SANS_OUVRAGE	Pont	Chemin carrossable			3	111003	DALOT	Dalot PK112 Faranah	Faranah	w947248786
PONT_SANS_OUVRAGE	Pont	Chemin carrossable			3	118577	DALOT	Dalot PK112 Faranah	Faranah	w942273349
PONT_SANS_OUVRAGE	Pont	Route non classifiée			3	40114	DALOT	Coyah Carref(RN1/RN4)	Kindia	w681675861
PONT_SANS_OUVRAGE	Pont	Chemin carrossable			3	111176	DALOT	Dalot PK112 Faranah	Faranah	w941844118
PONT_SANS_OUVRAGE	Pont	Chemin carrossable			3	62862	DALOT	Dalot PK112 Faranah	Mamou	w628478997
PONT_SANS_OUVRAGE	Pont	Route non classifiée			3	136458	DALOT	Dalot PK112 Faranah	Kankan	w690166277
PONT_SANS_OUVRAGE	Pont	Chemin non carrossable			3	42123	PONCEAU	Ponceau PK15 Nzerekore	Nzérékoré	w1005798661
PONT_SANS_OUVRAGE	Pont	Chemin carrossable			3	91232	DALOT	Dalot PK112 Faranah	Faranah	w941027616
PONT_SANS_OUVRAGE	Pont	Chemin carrossable			3	56853	DALOT	Dalot PK112 Faranah	Faranah	w940382565
PONT_SANS_OUVRAGE	Pont	Chemin carrossable			3	43812	DALOT	Dalot PK112 Faranah	Faranah	w940344109
PONT_SANS_OUVRAGE	Pont	Chemin carrossable			3	46384	DALOT	Dalot PK112 Faranah	Faranah	w940004028
PONT_SANS_OUVRAGE	Pont	Chemin non carrossable			3	82559	DALOT	Dalot PK112 Faranah	Faranah	w941757003
PONT_SANS_OUVRAGE	Pont	Chemin non carrossable			3	82575	DALOT	Dalot PK112 Faranah	Faranah	w941757001
PONT_SANS_OUVRAGE	Pont	Chemin carrossable			3	42865	DALOT	Dalot PK112 Faranah	Faranah	w940003525
PONT_SANS_OUVRAGE	Pont	Chemin carrossable			3	103214	DALOT	Dalot PK112 Faranah	Faranah	w936805690
PONT_SANS_OUVRAGE	Pont	Chemin carrossable			3	113220	PONT	Pont de Milo	Faranah	w936782056
PONT_SANS_OUVRAGE	Pont	Chemin carrossable			3	120175	PONT	Pont de Milo	Faranah	w936775842
PONT_SANS_OUVRAGE	Pont	Route tertiaire			3	154188	PONCEAU	Ponceau PK15 Nzerekore	Nzérékoré	w497297741
PONT_SANS_OUVRAGE	Pont	Route tertiaire			3	113990	PONT	Pont de Milo	Kankan	w496780766
PONT_SANS_OUVRAGE	Pont	Route non classifiée			3	107657	DALOT	Dalot PK112 Faranah	Faranah	w941761647
PONT_SANS_OUVRAGE	Pont	Chemin non carrossable			3	174420	DALOT	Dalot PK112 Faranah	Nzérékoré	w293139528
PONT_SANS_OUVRAGE	Pont	Chemin carrossable			3	137936	DALOT	Dalot PK112 Faranah	Faranah	w690226752
PONT_SANS_OUVRAGE	Pont	Route non classifiée			3	104782	DALOT	Dalot PK112 Faranah	Faranah	w941874170
PONT_SANS_OUVRAGE	Pont	Route non classifiée			3	104805	DALOT	Dalot PK112 Faranah	Faranah	w941874182
PONT_SANS_OUVRAGE	Pont	Chemin carrossable			3	105046	DALOT	Dalot PK112 Faranah	Kankan	w689918128
PONT_SANS_OUVRAGE	Pont	Chemin non carrossable			3	3864	PONCEAU	Ponceau PK15 Nzerekore	Nzérékoré	w270276327
PONT_SANS_OUVRAGE	Pont	Chemin carrossable			3	91639	PONT	Pont de Milo	Kankan	w689682136
PONT_SANS_OUVRAGE	Pont	Chemin carrossable			3	82138	PONT	Pont de Milo	Kankan	w689654390
PONT_SANS_OUVRAGE	Pont	Route non classifiée			3	112345	DALOT	Dalot PK112 Faranah	Faranah	w947223168
PONT_SANS_OUVRAGE	Pont	Chemin carrossable			3	81635	PONT	Pont de Milo	Kankan	w689121089
PONT_SANS_OUVRAGE	Pont	Route non classifiée			3	26097	DALOT	Coyah Carref(RN1/RN4)	Kindia	w335842231
PONT_SANS_OUVRAGE	Pont	Route tertiaire			3	52987	RADIER	Radier de Diafore	Labé	w629241228
PONT_SANS_OUVRAGE	Pont	Chemin carrossable			2	102148	DALOT	Dalot PK112 Faranah	Faranah	w946152500
PONT_SANS_OUVRAGE	Pont	Chemin carrossable			2	93251	DALOT	Dalot PK112 Faranah	Faranah	w943649699
PONT_SANS_OUVRAGE	Pont	Chemin carrossable			2	82271	PONT	Pont de Milo	Kankan	w689654789
PONT_SANS_OUVRAGE	Pont	Route tertiaire			2	104116	DALOT	Dalot PK112 Faranah	Faranah	w941757713
PONT_SANS_OUVRAGE	Pont	Route non classifiée			2	104659	DALOT	Dalot PK112 Faranah	Faranah	w941874180
PONT_SANS_OUVRAGE	Pont	Chemin carrossable			2	138137	DALOT	Dalot PK112 Faranah	Faranah	w690227933
PONT_SANS_OUVRAGE	Pont	Chemin carrossable			2	77918	PONT	Pont de Milo	Kankan	w690684505
PONT_SANS_OUVRAGE	Pont	Chemin carrossable			2	108873	PONT	Pont de Milo	Faranah	w936711235
PONT_SANS_OUVRAGE	Pont	Chemin carrossable			2	108619	DALOT	Dalot PK112 Faranah	Faranah	w944666267
PONT_SANS_OUVRAGE	Pont	Chemin carrossable			2	108792	PONT	Pont de Milo	Kankan	w937101668
PONT_SANS_OUVRAGE	Pont	Chemin carrossable			2	81223	DALOT	Dalot PK112 Faranah	Faranah	w939110268
PONT_SANS_OUVRAGE	Pont	Chemin carrossable			2	108429	DALOT	Dalot PK112 Faranah	Faranah	w944234508
PONT_SANS_OUVRAGE	Pont	Chemin carrossable			2	50949	DALOT	Dalot PK112 Faranah	Faranah	w939281179
PONT_SANS_OUVRAGE	Pont	Chemin non carrossable			2	117694	DALOT	Dalot PK112 Faranah	Faranah	w937102943
PONT_SANS_OUVRAGE	Pont	Route non classifiée			2	45039	RADIER	Radier de Diafore	Labé	w693321720
PONT_SANS_OUVRAGE	Pont	Chemin carrossable			2	63083	DALOT	Dalot PK112 Faranah	Mamou	w628478999
PONT_SANS_OUVRAGE	Pont	Route non classifiée			2	82948	PONT	Pont de Milo	Kankan	w689651024
PONT_SANS_OUVRAGE	Pont	Chemin carrossable			2	105318	DALOT	Dalot PK112 Faranah	Faranah	w941782349
PONT_SANS_OUVRAGE	Pont	Chemin carrossable			2	117266	DALOT	Dalot PK112 Faranah	Faranah	w941803242
PONT_SANS_OUVRAGE	Pont	Chemin carrossable			2	126053	DALOT	Dalot PK112 Faranah	Faranah	w949437687
PONT_SANS_OUVRAGE	Pont	Chemin carrossable			2	87064	DALOT	Dalot PK112 Faranah	Faranah	w305369432
PONT_SANS_OUVRAGE	Pont	Chemin carrossable			2	110636	DALOT	Dalot PK112 Faranah	Faranah	w947248790
PONT_SANS_OUVRAGE	Pont	Chemin carrossable			2	89606	DALOT	Dalot PK112 Faranah	Faranah	w943664529
PONT_SANS_OUVRAGE	Pont	Chemin carrossable			2	122030	DALOT	Dalot PK112 Faranah	Faranah	w942369504
PONT_SANS_OUVRAGE	Pont	Chemin carrossable			2	110463	DALOT	Dalot PK112 Faranah	Faranah	w947248788
PONT_SANS_OUVRAGE	Pont	Chemin carrossable			2	111033	DALOT	Dalot PK112 Faranah	Faranah	w943416721
PONT_SANS_OUVRAGE	Pont	Chemin carrossable			1	110025	DALOT	Dalot PK112 Faranah	Faranah	w941844116
PONT_SANS_OUVRAGE	Pont	Route non classifiée			1	30794	RADIER	Radier de Diafore	Boké	w433058381
PONT_SANS_OUVRAGE	Pont	Chemin carrossable			1	108620	DALOT	Dalot PK112 Faranah	Faranah	w944666269
PONT_SANS_OUVRAGE	Pont	Chemin carrossable			1	138011	PONT	Pont de Milo	Kankan	w690180250
PONT_SANS_OUVRAGE	Pont	Route non classifiée			0	148072	PONT	Pont de Milo	Faranah	w311683019
PONT_SANS_OUVRAGE	Tunnel	Chemin carrossable			272	57507	DALOT	Dalot PK35 Kindia-Mamou	Kindia	w825208260
PONT_SANS_OUVRAGE	Tunnel	Voie piétonne		Chemin	163	276	DALOT	Fanyé	Kindia	w884850829
PONT_SANS_OUVRAGE	Tunnel	Route d accès			45	8948	BUSE	Buse PK8 Conakry-Coyah	Conakry	w548386713
PONT_SANS_OUVRAGE	Tunnel	Route d accès			44	8843	BUSE	Buse PK8 Conakry-Coyah	Conakry	w548386718
PONT_SANS_OUVRAGE	Tunnel	Route d accès			37	8727	BUSE	Buse PK8 Conakry-Coyah	Conakry	w548386700
PONT_SANS_OUVRAGE	Tunnel	Route d accès			33	20910	BUSE	Buse PK8 Conakry-Coyah	Conakry	w577599141
PONT_SANS_OUVRAGE	Tunnel	Route d accès			31	8922	BUSE	Buse PK8 Conakry-Coyah	Conakry	w548386703
PONT_SANS_OUVRAGE	Tunnel	Route d accès			30	8714	BUSE	Buse PK8 Conakry-Coyah	Conakry	w548386699
PONT_SANS_OUVRAGE	Tunnel	Chemin carrossable			21	14633	PONT	Pont du Konkoure	Kindia	w949554618
PONT_SANS_OUVRAGE	Tunnel	Route non classifiée			19	48309	PONT	Pont du Konkoure	Boké	w949545298
PONT_SANS_OUVRAGE	Tunnel	Route non classifiée			19	17182	PONT	Pont du Konkoure	Kindia	w949554611
PONT_SANS_OUVRAGE	Tunnel	Route non classifiée			19	47695	PONT	Pont du Konkoure	Boké	w949545303
PONT_SANS_OUVRAGE	Tunnel	Route d accès			18	59616	PONT	Pont du Konkoure	Kindia	w1053326660
PONT_SANS_OUVRAGE	Tunnel	Chemin carrossable			17	11115	PONT	Pont du Konkoure	Kindia	w949554647
PONT_SANS_OUVRAGE	Tunnel	Chemin carrossable			16	28091	PONT	Pont du Konkoure	Kindia	w949554585
PONT_SANS_OUVRAGE	Tunnel	Chemin non carrossable			16	45879	PONT	Pont du Konkoure	Boké	w949442005
PONT_SANS_OUVRAGE	Tunnel	Route résidentielle			15	51571	PONT	Pont de Milo	Kankan	w689684568
PONT_SANS_OUVRAGE	Tunnel	Chemin carrossable			15	16457	PONT	Pont du Konkoure	Kindia	w949554614
PONT_SANS_OUVRAGE	Tunnel	Route d accès			15	8964	BUSE	Buse PK8 Conakry-Coyah	Conakry	w548386710
PONT_SANS_OUVRAGE	Tunnel	Route non classifiée			14	12390	PONT	Pont du Konkoure	Kindia	w949554624
PONT_SANS_OUVRAGE	Tunnel	Route non classifiée			13	28918	PONT	Pont du Konkoure	Kindia	w949554578
PONT_SANS_OUVRAGE	Tunnel	Route non classifiée			13	30441	PONT	Pont du Konkoure	Kindia	w949554573
PONT_SANS_OUVRAGE	Tunnel	Chemin carrossable			13	21515	PONT	Pont du Konkoure	Kindia	w949554593
PONT_SANS_OUVRAGE	Tunnel	Route d accès			13	8770	BUSE	Buse PK8 Conakry-Coyah	Conakry	w548386697
PONT_SANS_OUVRAGE	Tunnel	Route non classifiée			13	45433	PONT	Pont du Konkoure	Boké	w666941551
PONT_SANS_OUVRAGE	Tunnel	Route d accès			13	14502	BUSE	Buse PK8 Conakry-Coyah	Conakry	w620999272
PONT_SANS_OUVRAGE	Tunnel	Route non classifiée			12	46551	PONT	Pont du Konkoure	Boké	w1051301262
PONT_SANS_OUVRAGE	Tunnel	Route non classifiée			12	40398	PONT	Pont du Konkoure	Boké	w949547262
PONT_SANS_OUVRAGE	Tunnel	Route d accès			11	13232	BUSE	Buse PK8 Conakry-Coyah	Conakry	w618111517
PONT_SANS_OUVRAGE	Tunnel	Chemin carrossable			11	16953	PONT	Pont du Konkoure	Kindia	w949554610
PONT_SANS_OUVRAGE	Tunnel	Route résidentielle			9	35620	PONT	Pont du Konkoure	Boké	w1072121003
PONT_SANS_OUVRAGE	Tunnel	Chemin carrossable			9	47081	PONT	Pont du Konkoure	Boké	w1072120987
PONT_SANS_OUVRAGE	Tunnel	Chemin non carrossable			8	72562	DALOT	Dalot PK112 Faranah	Mamou	w793510651
PONT_SANS_OUVRAGE	Tunnel	Route résidentielle			8	13206	DALOT	Coyah	Conakry	w796008508
PONT_SANS_OUVRAGE	Tunnel	Route résidentielle			8	13196	DALOT	Coyah	Conakry	w796008507
PONT_SANS_OUVRAGE	Tunnel	Chemin non carrossable			6	10695	BUSE	Buse PK8 Conakry-Coyah	Conakry	w598664237
PONT_SANS_OUVRAGE	Tunnel	Chemin non carrossable			6	10716	BUSE	Buse PK8 Conakry-Coyah	Conakry	w598664239
PONT_SANS_OUVRAGE	Tunnel	Chemin non carrossable			5	10736	BUSE	Buse PK8 Conakry-Coyah	Conakry	w598664241
PONT_SANS_OUVRAGE	Tunnel	Chemin non carrossable			2	10738	BUSE	Buse PK8 Conakry-Coyah	Conakry	w598664245
