RES-1	RR	Kindia	12.707	0	21	1.65	-19	341	4	1	-13.02233	9.92725	-12.98854	10.02641	0.031	0.145	0.409	0.010	0.062	0.244	0.016	0	0	0	0	80552				12.707		RES_UNDETERMINED
RES-10	RR	Kindia	5.900	0	13	2.20	-146	214	3	1	-13.40929	9.64416	-13.38009	9.68712	0.086	0.358	0.519	0.012	0.148	0.407	0.037	0	0	57	0	25411				5.900		RES_UNDETERMINED
RES-100	RR	Kindia	6.985	0	14	2.00	18	18	2	1	-13.64661	10.40710	-13.62001	10.45321	0.000	0.000	0.000	0.050	0.149	0.446	0.010	471	0	475	0	91938				6.985		RES_UNDETERMINED
RES-1000	RR	Kankan	4.586	0	9	1.96	39	39	2	1	-8.63383	10.91164	-8.60794	10.94103	0.000	0.000	0.000	0.014	0.116	0.145	0.014	3151	0	3147	0	567009				4.586		RES_UNDETERMINED
RES-1001	RR	Kankan	14.370	0	25	1.74	144	144	9	1	-8.68509	11.12955	-8.61211	11.23008	0.000	0.000	0.000	0.000	0.000	0.000	0.124	7305	1205	0	0	571532				14.370		RES_OUTSIDE_REFERENCE_NETWORK
RES-1002	RR	Kankan	20.384	0	27	1.32	24	24	5	1	-8.68521	10.97697	-8.60827	11.12955	0.000	0.007	0.033	0.000	0.010	0.049	0.085	92	118	0	0	563651				20.384		RES_OUTSIDE_REFERENCE_NETWORK
RES-1003	RR	Kankan	10.269	0	15	1.46	33	33	1	1	-8.80619	11.56141	-8.75681	11.63617	0.019	0.081	0.205	0.056	0.224	0.578	0.006	0	0	40	4499	571874				10.269		RES_UNDETERMINED
RES-1004	RR	Kankan	17.824	0	29	1.63	-2	358	7	1	-8.89640	11.29060	-8.88600	11.44466	0.015	0.057	0.268	0.004	0.019	0.068	0.008	0	0	4685	0	552770				17.824		RES_UNDETERMINED
RES-1005	RR	Kankan	10.174	0	15	1.47	161	161	4	1	-8.90292	11.16711	-8.87245	11.25167	0.032	0.134	0.268	0.000	0.013	0.089	0.013	0	81	21703	0	549250				10.174		RES_UNDETERMINED
RES-1006	RR	Kankan	5.580	0	14	2.51	-63	297	2	1	-8.91755	11.16711	-8.87365	11.18971	0.071	0.424	0.647	0.000	0.000	0.071	0.012	0	116	21896	0	546083				5.580		RES_UNDETERMINED
RES-1007	RR	Kankan	4.915	0	11	2.24	22	22	6	1	-8.90292	11.25136	-8.88685	11.29060	0.075	0.433	0.701	0.000	0.000	0.000	0.030	0	259	20057	0	549827				4.915		RES_UNDETERMINED
RES-1008	RR	Kankan	18.145	0	27	1.49	66	66	5	1	-8.88685	11.28955	-8.74363	11.35434	0.056	0.186	0.839	0.000	0.000	0.074	0.007	0	1546	15055	0	552920				18.145		RES_UNDETERMINED
RES-1009	RR	Kankan	12.131	0	19	1.57	45	45	4	1	-8.88685	11.29060	-8.81894	11.35825	0.011	0.033	0.066	0.006	0.028	0.238	0.006	0	442	15021	0	552920				12.131		RES_UNDETERMINED
RES-101	RR	Kindia	7.887	0	18	2.28	91	91	1	1	-13.57496	10.39598	-13.50784	10.40544	0.000	0.000	0.000	0.000	0.000	0.000	0.009	861	745	1121	0	91242				7.887		RES_OUTSIDE_REFERENCE_NETWORK
RES-1010	RR	Kankan	16.891	0	24	1.42	-104	256	3	1	-9.03651	11.40791	-8.89169	11.44466	0.004	0.008	0.020	0.000	0.000	0.086	0.004	569	1200	3193	3068	542203				16.891		RES_OUTSIDE_REFERENCE_NETWORK
RES-1011	RR	Kankan	20.049	0	29	1.45	-59	301	4	1	-8.89169	11.35434	-8.74363	11.44466	0.003	0.017	0.076	0.000	0.000	0.498	0.007	0	5242	5022	5318	558399				20.049		RES_UNDETERMINED
RES-1012	RR	Kankan	25.665	0	36	1.40	45	45	3	1	-8.89430	11.44466	-8.74353	11.59462	0.006	0.025	0.091	0.003	0.017	0.062	0.003	0	1224	3387	4543	558150				25.665		RES_OUTSIDE_REFERENCE_NETWORK
RES-1013	RR	Kankan	14.412	0	22	1.53	44	44	9	1	-8.68509	11.23008	-8.59662	11.32074	0.004	0.013	0.031	0.031	0.103	0.238	0.031	0	0	0	0	571576				14.412		RES_UNDETERMINED
RES-1014	RR	Kankan	5.557	0	13	2.34	-110	250	4	1	-8.75890	11.15153	-8.71487	11.16807	0.000	0.000	0.000	0.012	0.037	0.185	0.025	10943	0	6664	0	561236				5.557		RES_UNDETERMINED
RES-1015	RR	Kankan	13.843	0	22	1.59	43	43	7	1	-8.75890	11.15187	-8.68509	11.23492	0.000	0.000	0.000	0.000	0.000	0.015	0.010	7305	266	401	0	561236				13.843		RES_OUTSIDE_REFERENCE_NETWORK
RES-1016	RR	Kankan	13.790	0	28	2.03	108	108	6	1	-8.68509	11.18957	-8.57175	11.23008	0.000	0.000	0.000	0.000	0.000	0.026	0.010	5892	617	0	0	571576				13.790		RES_OUTSIDE_REFERENCE_NETWORK
RES-1017	RR	Kankan	8.123	0	16	1.97	-154	206	7	1	-8.71568	11.16807	-8.68509	11.23008	0.000	0.000	0.000	0.000	0.000	0.000	0.017	7305	266	401	0	566363				8.123		RES_OUTSIDE_REFERENCE_NETWORK
RES-1018	RR	Kankan	22.616	0	39	1.72	-93	267	7	1	-8.68509	11.22265	-8.48805	11.24737	0.026	0.096	0.208	0.003	0.022	0.121	0.010	0	0	2904	0	571576				22.616		RES_UNDETERMINED
RES-1019	RR	Kankan	22.510	0	31	1.38	89	89	5	1	-8.59662	11.32025	-8.40778	11.35294	0.003	0.013	0.048	0.003	0.010	0.026	0.010	0	0	203	0	583928				22.510		RES_OUTSIDE_REFERENCE_NETWORK
RES-102	RR	Kindia	14.527	0	32	2.20	-32	328	3	1	-13.46446	10.16394	-13.40250	10.26312	0.005	0.009	0.018	0.000	0.000	0.000	0.009	0	604	17056	0	70170				14.527		RES_OUTSIDE_REFERENCE_NETWORK
RES-1020	RR	Kankan	15.948	0	25	1.57	127	127	5	1	-8.59662	11.24011	-8.48805	11.32074	0.014	0.081	0.163	0.009	0.023	0.072	0.014	0	0	0	0	583928				15.948		RES_UNDETERMINED
RES-1021	RR	Kankan	15.635	0	24	1.53	-82	278	3	1	-8.72887	11.31712	-8.59662	11.34025	0.046	0.203	0.527	0.000	0.000	0.000	0.004	0	370	446	0	571008				15.635		RES_UNDETERMINED
RES-1022	RR	Kankan	8.828	0	17	1.93	20	20	3	1	-8.41973	11.32352	-8.38576	11.38311	0.053	0.160	0.344	0.008	0.076	0.153	0.053	0	0	0	0	603011				8.828		RES_UNDETERMINED
RES-1023	RR	Kindia	10.352	0	10	0.97	-169	191	1	1	-13.38701	9.34087	-13.36844	9.43012	0.006	0.040	0.085	0.017	0.068	0.215	0.006	0	177	15487	0	32507				10.352		RES_UNDETERMINED
RES-1024	RR	Nzérékoré	37.023	0	27	0.73	-14	346		1	-9.36314	8.68472	-9.27765	8.96886	0.004	0.012	0.033	0.013	0.060	0.397	0.000	0	0	269	232	473446				37.023		RES_UNDETERMINED
RES-1025	RR	Boké	19.937	0	14	0.70	-89	271	1	1	-13.69773	12.59114	-13.52469	12.61248	0.019	0.073	0.232	0.000	0.000	0.000	0.000	0	6913	0	10413	333627				19.937		RES_UNDETERMINED
RES-1026	RR	Kindia	74.611	0	42	0.56	-49	311	1	1	-14.53612	10.99073	-14.29568	11.35883	0.001	0.003	0.007	0.000	0.000	0.009	0.001	0	354	431	10756	172109				74.611		RES_OUTSIDE_REFERENCE_NETWORK
RES-1027	RR	Boké	29.845	0	22	0.74	-105	255	2	1	-14.79661	11.11699	-14.53977	11.18812	0.002	0.006	0.010	0.000	0.002	0.006	0.004	0	81	382	0	202978				29.845		RES_OUTSIDE_REFERENCE_NETWORK
RES-1028	RR	Faranah	15.012	0	27	1.80	60	60	3	1	-11.28013	10.50077	-11.17762	10.56109	0.000	0.000	0.000	0.000	0.000	0.029	0.010	1331	3673	17536	1172	277250				15.012		RES_OUTSIDE_REFERENCE_NETWORK
RES-103	RR	Kindia	19.856	0	35	1.76	-140	220	5	1	-13.30329	10.13946	-13.20608	10.25377	0.021	0.094	0.213	0.024	0.108	0.223	0.007	0	0	28305	0	72550				19.856		RES_UNDETERMINED
RES-104	RR	Kindia	15.506	0	33	2.13	-77	283	4	1	-13.40250	10.10979	-13.30329	10.16394	0.004	0.017	0.066	0.004	0.013	0.070	0.009	0	185	26567	0	66444				15.506		RES_OUTSIDE_REFERENCE_NETWORK
RES-105	RR	Kindia	18.618	0	34	1.83	-29	331	5	1	-13.38224	10.14160	-13.30329	10.27863	0.030	0.105	0.352	0.000	0.007	0.071	0.007	0	0	24045	6068	72550				18.618		RES_UNDETERMINED
RES-106	RR	Kindia	5.143	0	15	2.92	-91	269	2	1	-13.14532	10.15441	-13.10120	10.16080	0.000	0.000	0.000	0.000	0.000	0.000	0.012	293	620	22341	0	83987				5.143		RES_OUTSIDE_REFERENCE_NETWORK
RES-107	RR	Kindia	12.804	0	23	1.80	16	16	2	1	-13.10120	10.16014	-13.06969	10.25509	0.028	0.186	0.367	0.017	0.096	0.350	0.006	0	280	14269	0	87176				12.804		RES_UNDETERMINED
RES-108	RR	Kindia	24.566	0	39	1.59	129	129	4	1	-13.36396	10.25377	-13.20852	10.37964	0.019	0.057	0.244	0.003	0.011	0.249	0.005	0	0	19840	0	88397				24.566		RES_UNDETERMINED
RES-109	RR	Kindia	12.614	0	21	1.66	-171	189	4	1	-13.38211	10.27863	-13.34947	10.37964	0.028	0.090	0.220	0.000	0.000	0.028	0.011	0	196	19840	0	82917				12.614		RES_UNDETERMINED
RES-11	RR	Kindia	3.627	0	12	3.31	-98	262	2	1	-13.43543	9.64045	-13.40929	9.65066	0.000	0.000	0.038	0.000	0.000	0.038	0.019	178	1012	5579	0	22568				3.627		RES_OUTSIDE_REFERENCE_NETWORK
RES-110	RR	Kindia	5.936	0	13	2.19	-105	255	3	1	-13.46446	10.26312	-13.41444	10.27846	0.047	0.212	0.529	0.000	0.000	0.000	0.024	0	2927	17056	0	78698				5.936		RES_UNDETERMINED
RES-111	RR	Kindia	3.755	0	7	1.86	-94	266	3	1	-13.41444	10.27577	-13.38048	10.27863	0.102	0.408	0.714	0.000	0.041	0.122	0.041	0	0	20796	0	81516				3.755		RES_UNDETERMINED
RES-112	RR	Kindia	13.200	0	24	1.82	12	12	2	1	-13.36932	10.37964	-13.34088	10.48964	0.005	0.020	0.050	0.000	0.000	0.040	0.005	0	1189	15576	0	94086				13.200		RES_OUTSIDE_REFERENCE_NETWORK
RES-113	RR	Kindia	21.626	0	26	1.20	-71	289	1	1	-13.10609	10.31316	-12.95227	10.38575	0.065	0.165	0.417	0.084	0.337	0.693	0.003	0	517	0	2975	104802				21.626		RES_UNDETERMINED
RES-114	RR	Kindia	4.922	0	10	2.03	65	65	2	1	-13.20852	10.25377	-13.17161	10.27402	0.117	0.442	0.909	0.000	0.000	0.000	0.013	0	1351	24088	0	88510				4.922		RES_UNDETERMINED
RES-115	RR	Kindia	6.617	0	9	1.36	-150	210	1	1	-13.20490	10.41604	-13.17571	10.46604	0.010	0.030	0.071	0.051	0.253	0.515	0.010	0	29	18308	0	104427				6.617		RES_UNDETERMINED
RES-116	RR	Kindia	21.596	0	39	1.81	59	59	3	1	-13.61439	10.61865	-13.48042	10.70058	0.045	0.149	0.252	0.000	0.013	0.162	0.006	0	56	8704	0	115394				21.596		RES_UNDETERMINED
RES-117	RR	Kindia	9.066	0	18	1.99	-56	304	5	1	-13.61439	10.57684	-13.55176	10.61884	0.008	0.025	0.074	0.000	0.000	0.050	0.017	0	2875	8054	0	111254				9.066		RES_OUTSIDE_REFERENCE_NETWORK
RES-118	RR	Kindia	16.329	0	24	1.47	-17	343	2	1	-13.65715	10.45321	-13.60149	10.57550	0.000	0.000	0.000	0.009	0.069	0.193	0.004	3183	33	6421	0	97085				16.329		RES_UNDETERMINED
RES-119	RR	Kindia	10.060	0	17	1.69	-67	293	4	1	-13.63366	10.57665	-13.55176	10.61036	0.007	0.136	0.224	0.007	0.020	0.061	0.014	0	546	8054	0	111195				10.060		RES_UNDETERMINED
RES-12	RR	Kindia	3.082	0	12	3.89	85	85	1	1	-13.38616	9.65581	-13.35891	9.65981	0.020	0.041	0.388	0.000	0.102	0.184	0.041	19	527	18	0	28232				3.082		RES_UNDETERMINED
RES-120	RR	Kindia	2.190	0	8	3.65	65	65	3	1	-13.63244	10.61036	-13.61439	10.61865	0.000	0.000	0.000	0.000	0.000	0.000	0.069	1943	356	15899	0	114420				2.190		RES_OUTSIDE_REFERENCE_NETWORK
RES-121	RR	Kindia	7.717	0	15	1.94	-14	346	4	1	-13.55176	10.50993	-13.53540	10.57684	0.009	0.018	0.046	0.000	0.000	0.000	0.018	0	846	1897	0	104102				7.717		RES_OUTSIDE_REFERENCE_NETWORK
RES-122	RR	Kindia	15.770	0	32	2.03	86	86	4	1	-13.53540	10.49312	-13.40369	10.51862	0.030	0.169	0.376	0.000	0.000	0.236	0.008	0	3287	0	0	103063				15.770		RES_UNDETERMINED
RES-123	RR	Kindia	15.301	0	26	1.70	-145	215	6	1	-13.55176	10.57684	-13.48140	10.67910	0.000	0.000	0.000	0.000	0.000	0.000	0.009	2883	1443	4030	0	111254				15.301		RES_OUTSIDE_REFERENCE_NETWORK
RES-124	RR	Kindia	8.332	0	15	1.80	-43	317	3	1	-13.48140	10.63001	-13.43618	10.67910	0.000	0.000	0.008	0.000	0.000	0.000	0.008	243	1443	220	0	118989				8.332		RES_OUTSIDE_REFERENCE_NETWORK
RES-125	RR	Kindia	2.195	0	6	2.73	-177	183	4	1	-13.48140	10.67910	-13.47878	10.69846	0.000	0.000	0.000	0.069	0.138	0.241	0.069	1562	0	7367	0	123457				2.195		RES_UNDETERMINED
RES-126	RR	Kindia	4.485	0	2	0.45	57	57	3	1	-13.48140	10.67910	-13.44708	10.70127	0.000	0.000	0.000	0.000	0.000	0.000	0.015	2960	925	6846	0	123457				4.485		RES_OUTSIDE_REFERENCE_NETWORK
RES-127	RR	Kindia	37.396	0	49	1.31	-110	250	2	1	-13.26408	10.54996	-12.97840	10.66168	0.011	0.043	0.218	0.009	0.030	0.068	0.002	0	0	0	11794	115472				37.396		RES_UNDETERMINED
RES-128	RR	Kindia	14.567	0	33	2.27	111	111	2	1	-13.39198	10.49382	-13.30296	10.53264	0.000	0.000	0.041	0.000	0.000	0.032	0.005	415	3389	9464	3380	107926				14.567		RES_OUTSIDE_REFERENCE_NETWORK
RES-129	RR	Kindia	10.863	0	19	1.75	-15	345	2	1	-13.42716	10.51862	-13.40369	10.60574	0.000	0.000	0.000	0.000	0.000	0.383	0.007	493	5938	2334	1363	107732				10.863		RES_UNDETERMINED
RES-13	RR	Kindia	3.648	0	13	3.56	-169	191	2	1	-13.38691	9.65581	-13.38009	9.68712	0.000	0.053	0.175	0.105	0.246	0.333	0.053	0	0	57	0	28232				3.648		RES_UNDETERMINED
RES-130	RR	Kindia	1.483	0	9	6.07	61	61	4	1	-13.40369	10.51862	-13.39198	10.52513	0.000	0.000	0.000	0.000	0.000	0.000	0.080	493	5390	8574	0	107732				1.483		RES_OUTSIDE_REFERENCE_NETWORK
RES-131	RR	Kindia	14.776	0	34	2.30	50	50	2	1	-13.39395	10.52513	-13.30088	10.60266	0.000	0.000	0.000	0.000	0.000	0.044	0.005	528	5397	8640	0	108731				14.776		RES_OUTSIDE_REFERENCE_NETWORK
RES-132	RR	Kindia	24.343	0	35	1.44	-86	274	3	1	-13.17571	10.44076	-12.99618	10.49017	0.016	0.046	0.103	0.035	0.144	0.458	0.011	0	652	0	8222	110802				24.343		RES_UNDETERMINED
RES-133	RR	Kindia	0.183	0	2	10.92	-8	352		1	-13.03552	10.90081	-13.03530	10.90245	0.000	0.000	0.000	0.000	0.000	0.000	0.000	261	356	261	14771	160864				0.183		RES_OUTSIDE_REFERENCE_NETWORK
RES-134	RR	Mamou	19.061	0	28	1.47	164	164	1	1	-12.48118	10.28285	-12.43728	10.43803	0.015	0.090	0.199	0.026	0.105	0.266	0.004	0	0	1407	0	152549				19.061		RES_UNDETERMINED
RES-135	RR	Kindia	19.310	0	29	1.50	-6	354	3	1	-12.79232	9.83886	-12.77364	10.01090	0.031	0.080	0.152	0.000	0.014	0.471	0.007	6	488	0	0	98329				19.310		RES_UNDETERMINED
RES-136	RR	Kindia	12.065	0	21	1.74	77	77	4	1	-12.80154	9.50193	-12.70761	9.53295	0.000	0.012	0.023	0.012	0.064	0.514	0.012	0	0	31886	0	91077				12.065		RES_UNDETERMINED
RES-137	RR	Kindia	7.310	0	12	1.64	52	52	5	1	-12.85314	9.46611	-12.80154	9.50613	0.000	0.011	0.158	0.000	0.000	0.232	0.021	41	1164	25076	0	85917				7.310		RES_UNDETERMINED
RES-138	RR	Kindia	14.645	0	20	1.37	4	4	5	1	-12.86118	9.33806	-12.84783	9.46611	0.076	0.298	0.636	0.004	0.013	0.053	0.009	0	0	19386	0	85917				14.645		RES_UNDETERMINED
RES-139	RR	Kindia	18.741	0	32	1.71	73	73	2	1	-12.86118	9.29732	-12.75254	9.37206	0.000	0.014	0.029	0.011	0.061	0.242	0.004	0	1238	18750	0	88105				18.741		RES_UNDETERMINED
RES-14	RR	Kindia	7.805	0	22	2.82	81	81	2	1	-13.38709	9.69913	-13.31907	9.71339	0.043	0.191	0.600	0.157	0.443	0.826	0.035	0	0	563	0	30257				7.805		RES_UNDETERMINED
RES-140	RR	Kindia	16.806	0	29	1.73	97	97	3	1	-12.85314	9.44892	-12.71375	9.48219	0.069	0.229	0.392	0.020	0.098	0.327	0.004	0	71	24944	2186	85917				16.806		RES_UNDETERMINED
RES-141	RR	Kindia	13.062	0	14	1.07	5	5	4	1	-12.82569	9.62169	-12.79467	9.72658	0.081	0.324	0.746	0.011	0.081	0.249	0.011	0	911	29680	0	88817				13.062		RES_UNDETERMINED
RES-142	RR	Kindia	14.131	0	30	2.12	146	146	3	1	-12.83534	9.83672	-12.77364	9.92957	0.005	0.141	0.281	0.010	0.040	0.457	0.015	0	0	9047	0	95437				14.131		RES_UNDETERMINED
RES-143	RR	Kindia	13.313	0	16	1.20	-1	359	4	1	-12.80848	9.50613	-12.79494	9.62169	0.063	0.372	0.649	0.031	0.173	0.749	0.010	0	60	31886	0	90068				13.313		RES_UNDETERMINED
RES-144	RR	Kindia	10.446	0	21	2.01	93	93	5	1	-12.80429	9.60860	-12.71715	9.62169	0.014	0.156	0.504	0.064	0.199	0.716	0.014	0	0	33558	0	90658				10.446		RES_UNDETERMINED
RES-145	RR	Kindia	15.135	0	22	1.45	-35	325	5	1	-12.79467	9.61717	-12.71715	9.72658	0.005	0.019	0.033	0.014	0.052	0.465	0.009	0	97	29469	0	93137				15.135		RES_UNDETERMINED
RES-146	RR	Kindia	11.107	0	19	1.71	94	94	3	1	-12.71715	9.61054	-12.61818	9.62030	0.007	0.021	0.069	0.007	0.028	0.228	0.007	0	1023	29470	0	100180				11.107		RES_UNDETERMINED
RES-147	RR	Kindia	10.257	0	15	1.46	-6	354	5	1	-12.71769	9.52755	-12.70337	9.61717	0.000	0.040	0.121	0.007	0.034	0.477	0.013	0	0	33558	0	100018				10.257		RES_UNDETERMINED
RES-148	RR	Kindia	5.458	0	14	2.57	84	84	2	1	-12.70761	9.52755	-12.65883	9.53368	0.013	0.039	0.091	0.000	0.000	0.169	0.013	0	143	39165	0	101219				5.458		RES_UNDETERMINED
RES-149	RR	Kindia	9.543	0	20	2.10	-177	183	3	1	-12.77815	9.75438	-12.76987	9.83886	0.045	0.211	0.752	0.000	0.000	0.263	0.015	0	1767	17106	0	95523				9.543		RES_UNDETERMINED
RES-15	RR	Kindia	30.062	0	46	1.53	-138	222	3	1	-13.63940	10.07212	-13.46446	10.26312	0.009	0.066	0.300	0.005	0.014	0.037	0.005	0	0	913	0	54884				30.062		RES_UNDETERMINED
RES-150	RR	Kindia	3.949	0	9	2.28	31	31	3	1	-12.79467	9.72658	-12.77672	9.75438	0.033	0.148	0.787	0.000	0.000	0.066	0.033	0	735	26086	0	93137				3.949		RES_UNDETERMINED
RES-151	RR	Kindia	31.258	0	49	1.57	-152	208	1	1	-12.62865	9.67088	-12.51460	9.86888	0.002	0.004	0.011	0.032	0.147	0.497	0.002	0	0	0	6956	110463				31.258		RES_UNDETERMINED
RES-152	RR	Kindia	4.633	0	11	2.37	117	117	2	1	-12.98854	9.90747	-12.95351	9.92725	0.014	0.043	0.116	0.000	0.000	0.000	0.029	0	446	223	0	80517				4.633		RES_UNDETERMINED
RES-153	RR	Kindia	5.200	0	17	3.27	11	11	1	1	-12.95351	9.90954	-12.94490	9.95275	0.025	0.127	0.468	0.038	0.114	0.709	0.013	0	0	160	0	83023				5.200		RES_UNDETERMINED
RES-154	RR	Kindia	12.035	0	24	1.99	126	126	2	1	-12.91262	9.92678	-12.83509	9.98498	0.042	0.176	0.576	0.036	0.194	0.624	0.012	0	0	0	0	90949				12.035		RES_UNDETERMINED
RES-155	RR	Kindia	30.660	0	35	1.14	10	10	3	1	-12.77630	10.01079	-12.72391	10.26903	0.009	0.037	0.191	0.030	0.127	0.460	0.002	0	424	7001	0	106103				30.660		RES_UNDETERMINED
RES-156	RR	Kindia	7.635	0	19	2.49	90	90	2	1	-12.60453	10.06446	-12.54093	10.07164	0.026	0.051	0.068	0.009	0.026	0.068	0.026	3	0	1321	0	125267				7.635		RES_OUTSIDE_REFERENCE_NETWORK
RES-157	RR	Kindia	8.710	0	21	2.41	173	173	1	1	-12.60687	10.00099	-12.59534	10.07164	0.008	0.024	0.049	0.081	0.293	0.496	0.008	9	0	20	0	122889				8.710		RES_UNDETERMINED
RES-158	RR	Kindia	6.911	0	13	1.88	-9	351	3	1	-12.55075	10.07117	-12.53412	10.12335	0.000	0.018	0.055	0.055	0.119	0.413	0.018	0	0	0	0	131425				6.911		RES_UNDETERMINED
RES-159	RR	Kindia	34.482	0	48	1.39	55	55	4	1	-12.72391	10.26903	-12.48118	10.43803	0.000	0.000	0.000	0.010	0.075	0.356	0.004	9633	0	17325	0	125747				34.482		RES_UNDETERMINED
RES-16	RR	Kindia	2.058	0	7	3.40	-33	327	2	1	-13.80325	9.94695	-13.79352	9.96158	0.000	0.000	0.000	0.037	0.185	0.963	0.037	437	0	13239	0	43778				2.058		RES_UNDETERMINED
RES-160	RR	Kindia	24.720	0	32	1.29	-30	330	4	1	-12.72391	10.09422	-12.62456	10.26903	0.005	0.029	0.042	0.013	0.040	0.305	0.005	1225	0	0	0	124279				24.720		RES_UNDETERMINED
RES-161	RR	Kindia	1.875	0	7	3.73	-41	319	3	1	-12.73467	10.26903	-12.72391	10.28121	0.000	0.000	0.000	0.000	0.000	0.741	0.037	2631	646	18251	0	125652				1.875		RES_UNDETERMINED
RES-162	RR	Kindia	22.123	0	32	1.45	-68	292	3	1	-12.54333	10.07839	-12.37190	10.14678	0.013	0.059	0.169	0.052	0.205	0.414	0.003	0	0	3961	2716	135027				22.123		RES_UNDETERMINED
RES-163	RR	Kindia	0.119	0	2	16.77	-22	338	1	1	-12.55116	10.12335	-12.55075	10.12435	0.000	0.000	0.000	0.000	0.000	0.000	0.333	526	1061	524	0	133104				0.119		RES_OUTSIDE_REFERENCE_NETWORK
RES-164	RR	Mamou	20.116	0	24	1.19	158	158	1	1	-12.06438	10.07068	-12.00389	10.21280	0.018	0.076	0.153	0.000	0.000	0.000	0.004	0	476	11649	0	182213				20.116		RES_UNDETERMINED
RES-165	RR	Kindia	36.547	0	64	1.75	21	21	2	1	-12.44569	9.88333	-12.30493	10.07839	0.018	0.067	0.121	0.018	0.049	0.254	0.002	0	936	485	0	134329				36.547		RES_UNDETERMINED
RES-166	RR	Kindia	20.187	0	38	1.88	107	107	2	1	-12.37190	10.02387	-12.20885	10.08007	0.030	0.100	0.188	0.033	0.096	0.306	0.004	0	0	15021	0	148859				20.187		RES_UNDETERMINED
RES-167	RR	Mamou	13.134	0	18	1.37	-157	203	2	1	-11.70857	10.05116	-11.66463	10.14419	0.037	0.075	0.176	0.011	0.059	0.299	0.027	0	932	0	0	217232				13.134		RES_UNDETERMINED
RES-168	RR	Mamou	6.113	0	11	1.80	-165	195	1	1	-11.72271	10.00060	-11.70841	10.05116	0.000	0.000	0.012	0.012	0.059	0.141	0.012	215	355	10748	0	214495				6.113		RES_UNDETERMINED
RES-169	RR	Mamou	30.734	0	38	1.24	109	109	3	1	-11.57832	10.08294	-11.36093	10.15755	0.000	0.015	0.090	0.007	0.034	0.433	0.002	0	0	1906	0	233577				30.734		RES_UNDETERMINED
RES-17	RR	Kindia	8.844	0	21	2.37	-118	242	3	1	-13.84661	9.91073	-13.79352	9.94695	0.114	0.228	0.317	0.041	0.138	0.537	0.016	0	0	14486	0	41258				8.844		RES_UNDETERMINED
RES-170	RR	Faranah	1.657	0	4	2.41	126	126	2	1	-11.36093	10.07427	-11.34892	10.08294	0.000	0.000	0.000	0.000	0.000	0.000	0.040	9520	2035	9523	0	255126				1.657		RES_OUTSIDE_REFERENCE_NETWORK
RES-171	RR	Faranah	15.424	0	23	1.49	-141	219	3	1	-11.36523	10.08294	-11.28682	10.17382	0.000	0.009	0.032	0.000	0.000	0.041	0.014	0	2630	0	0	254962				15.424		RES_OUTSIDE_REFERENCE_NETWORK
RES-172	RR	Mamou	14.732	0	19	1.29	146	146	2	1	-12.12815	10.21280	-12.06052	10.29958	0.014	0.097	0.295	0.000	0.000	0.000	0.009	0	619	9047	0	180804				14.732		RES_UNDETERMINED
RES-173	RR	Mamou	3.668	0	8	2.18	159	159	1	1	-12.24402	10.28793	-12.23115	10.31660	0.038	0.113	0.226	0.000	0.038	0.491	0.038	0	89	0	8734	172263				3.668		RES_UNDETERMINED
RES-174	RR	Mamou	10.235	0	13	1.27	-155	205	5	1	-12.11957	10.29958	-12.08264	10.37810	0.103	0.376	0.576	0.091	0.242	0.655	0.018	0	0	0	0	184081				10.235		RES_UNDETERMINED
RES-175	RR	Mamou	10.231	0	18	1.76	5	5	1	1	-11.71798	10.15989	-11.70407	10.24509	0.007	0.047	0.128	0.020	0.067	0.161	0.007	0	0	0	5369	219749				10.231		RES_UNDETERMINED
RES-176	RR	Mamou	9.553	0	15	1.57	175	175	3	1	-12.15286	10.52007	-12.12395	10.58532	0.014	0.055	0.124	0.014	0.021	0.069	0.014	0	16	3295	0	193430				9.553		RES_UNDETERMINED
RES-177	RR	Mamou	29.201	0	43	1.47	-145	215	2	1	-12.54146	10.64406	-12.41298	10.83865	0.024	0.097	0.214	0.000	0.000	0.000	0.002	0	3051	10832	6229	168993				29.201		RES_UNDETERMINED
RES-178	RR	Kindia	0.154	0	2	13.02	-105	255	1	1	-12.99618	10.45346	-12.99482	10.45381	0.000	0.000	0.000	0.000	0.000	0.000	0.333	2431	1318	525	0	119772				0.154		RES_OUTSIDE_REFERENCE_NETWORK
RES-179	RR	Kindia	40.497	0	56	1.38	66	66	1	1	-12.95960	10.35913	-12.69459	10.52392	0.050	0.090	0.185	0.052	0.174	0.415	0.002	0	0	9583	8994	113973				40.497		RES_UNDETERMINED
RES-18	RR	Kindia	12.071	0	22	1.82	-57	303	1	1	-13.93533	9.91891	-13.84661	9.97705	0.060	0.098	0.240	0.011	0.066	0.492	0.005	0	0	14449	0	43406				12.071		RES_UNDETERMINED
RES-180	RR	Kindia	15.125	0	21	1.39	98	98	2	1	-12.97840	10.63049	-12.85382	10.65854	0.108	0.474	0.756	0.019	0.066	0.272	0.009	0	0	11	0	139657				15.125		RES_UNDETERMINED
RES-181	RR	Boké	58.221	0	93	1.60	-123	237	4	1	-12.81344	10.62353	-12.43983	10.91026	0.000	0.000	0.002	0.010	0.053	0.238	0.002	147	0	16002	8321	150511				58.221		RES_UNDETERMINED
RES-182	RR	Kindia	6.031	0	11	1.82	56	56	3	1	-12.85382	10.63877	-12.81344	10.66573	0.022	0.204	0.312	0.000	0.043	0.108	0.022	0	351	13603	0	145509				6.031		RES_UNDETERMINED
RES-183	RR	Mamou	15.168	0	29	1.91	-141	219	2	1	-12.40680	10.53552	-12.33310	10.62718	0.000	0.000	0.000	0.000	0.000	0.000	0.005	758	1255	10998	0	171263				15.168		RES_OUTSIDE_REFERENCE_NETWORK
RES-184	RR	Mamou	16.756	0	24	1.43	-96	264	1	1	-12.33010	10.39370	-12.19010	10.41753	0.000	0.000	0.000	0.000	0.000	0.000	0.004	5396	2432	5393	0	169228				16.756		RES_OUTSIDE_REFERENCE_NETWORK
RES-185	RR	Mamou	13.999	0	19	1.36	-73	287	4	1	-12.19010	10.37810	-12.08264	10.41835	0.000	0.000	0.000	0.023	0.120	0.512	0.009	621	0	2896	0	183098				13.999		RES_UNDETERMINED
RES-186	RR	Mamou	8.285	0	14	1.69	-5	355	3	1	-12.16600	10.52007	-12.14685	10.58532	0.024	0.144	0.400	0.008	0.040	0.088	0.016	0	0	2435	0	193430				8.285		RES_UNDETERMINED
RES-187	RR	Mamou	3.587	0	8	2.23	19	19	3	1	-12.15523	10.49511	-12.14169	10.52007	0.016	0.079	0.190	0.016	0.032	0.079	0.032	0	0	0	0	191174				3.587		RES_UNDETERMINED
RES-188	RR	Mamou	2.211	0	7	3.17	109	109	2	1	-12.32550	10.63411	-12.30682	10.64075	0.065	0.129	0.258	0.000	0.000	0.129	0.032	0	167	8348	0	185483				2.211		RES_UNDETERMINED
RES-189	RR	Mamou	6.356	0	15	2.36	-175	185	2	1	-12.33672	10.58734	-12.31569	10.62718	0.000	0.021	0.063	0.000	0.000	0.084	0.011	0	947	10468	0	180835				6.356		RES_OUTSIDE_REFERENCE_NETWORK
RES-19	RR	Kindia	18.079	0	43	2.38	-154	206	2	1	-13.79352	9.94422	-13.73565	10.06408	0.020	0.149	0.341	0.051	0.220	0.620	0.004	0	0	408	0	42778				18.079		RES_UNDETERMINED
RES-190	RR	Mamou	2.184	0	7	3.21	142	142	4	1	-12.33674	10.64007	-12.32550	10.65484	0.000	0.000	0.000	0.000	0.000	0.000	0.065	1022	1047	9458	0	185340				2.184		RES_OUTSIDE_REFERENCE_NETWORK
RES-191	RR	Mamou	1.720	0	7	4.07	-150	210	4	1	-12.33310	10.62718	-12.32550	10.64046	0.000	0.000	0.000	0.000	0.000	0.000	0.074	814	959	9458	0	183907				1.720		RES_OUTSIDE_REFERENCE_NETWORK
RES-192	RR	Mamou	3.752	0	9	2.40	-81	279	3	1	-12.18920	10.60232	-12.15618	10.60761	0.021	0.106	0.170	0.000	0.000	0.000	0.043	0	2146	0	0	195063				3.752		RES_UNDETERMINED
RES-193	RR	Mamou	1.950	0	5	2.56	-11	349	4	1	-12.15618	10.58532	-12.15286	10.60256	0.000	0.000	0.000	0.000	0.000	0.000	0.069	305	4470	3295	0	196887				1.950		RES_OUTSIDE_REFERENCE_NETWORK
RES-194	RR	Mamou	23.164	0	35	1.51	33	33	4	1	-12.15618	10.60147	-12.06638	10.73925	0.018	0.074	0.160	0.003	0.018	0.050	0.006	0	60	3712	7264	197680				23.164		RES_UNDETERMINED
RES-195	RR	Mamou	5.796	0	10	1.73	28	28	1	1	-12.20659	10.64694	-12.18320	10.68847	0.079	0.247	0.472	0.000	0.000	0.000	0.011	0	2143	182	0	196256				5.796		RES_UNDETERMINED
RES-196	RR	Mamou	11.378	0	24	2.11	-62	298	2	1	-12.41158	10.65484	-12.33674	10.70114	0.000	0.000	0.000	0.000	0.000	0.000	0.007	3235	2095	11063	730	182283				11.378		RES_OUTSIDE_REFERENCE_NETWORK
RES-197	RR	Kindia	36.051	0	52	1.44	-19	341	2	1	-12.90848	10.66573	-12.81344	10.94793	0.038	0.224	0.440	0.002	0.005	0.016	0.002	0	0	10327	0	150523				36.051		RES_UNDETERMINED
RES-198	RR	Labé	8.989	0	17	1.89	-99	261	3	1	-12.41298	10.83865	-12.33511	10.85332	0.024	0.197	0.378	0.000	0.000	0.000	0.008	0	1399	657	0	193430				8.989		RES_UNDETERMINED
RES-199	RR	Labé	8.575	0	17	1.98	-21	339	4	1	-12.43983	10.83865	-12.41298	10.91026	0.016	0.047	0.110	0.000	0.016	0.323	0.016	0	31	7813	0	193430				8.575		RES_UNDETERMINED
RES-2	RR	Kindia	12.260	0	35	2.85	136	136	2	1	-13.34550	9.79428	-13.29563	9.85310	0.000	0.000	0.011	0.011	0.089	0.145	0.006	142	0	147	0	42787				12.260		RES_UNDETERMINED
RES-20	RR	Kindia	0.858	0	4	4.66	136	136	1	1	-13.49664	9.78338	-13.49122	9.78891	0.091	0.273	0.455	0.000	0.091	0.727	0.091	0	80	299	0	27960				0.858		RES_UNDETERMINED
RES-200	RR	Labé	8.722	0	17	1.95	68	68	3	1	-12.44064	10.91026	-12.36954	10.93857	0.000	0.024	0.142	0.024	0.079	0.638	0.016	0	0	84	0	197285				8.722		RES_UNDETERMINED
RES-201	RR	Mamou	9.835	0	21	2.14	179	179	2	1	-12.21426	10.72006	-12.20371	10.80215	0.000	0.000	0.000	0.000	0.000	0.083	0.007	2811	2229	2811	0	201141				9.835		RES_OUTSIDE_REFERENCE_NETWORK
RES-202	RR	Mamou	1.565	0	8	5.11	-140	220	4	1	-12.33674	10.65484	-12.32769	10.66564	0.000	0.000	0.000	0.000	0.000	0.000	0.080	2422	2890	8424	0	185556				1.565		RES_OUTSIDE_REFERENCE_NETWORK
RES-203	RR	Mamou	10.826	0	20	1.85	6	6	2	1	-12.35995	10.66564	-12.32216	10.71892	0.032	0.110	0.258	0.006	0.032	0.206	0.006	0	1351	5809	730	186503				10.826		RES_UNDETERMINED
RES-204	RR	Mamou	10.537	0	18	1.71	-114	246	3	1	-12.32769	10.66522	-12.25420	10.70155	0.026	0.098	0.229	0.013	0.046	0.176	0.013	632	0	0	2353	187084				10.537		RES_UNDETERMINED
RES-205	RR	Mamou	2.054	0	2	0.97	-138	222		1	-12.26071	10.66371	-12.24831	10.67765	0.061	0.152	0.212	0.030	0.121	0.818	0.000	0	0	1260	2353	192603				2.054		RES_UNDETERMINED
RES-206	RR	Mamou	9.465	0	16	1.69	5	5	1	1	-12.19420	10.68847	-12.17700	10.76362	0.000	0.000	0.000	0.000	0.000	0.000	0.008	1510	3294	5236	1474	200891				9.465		RES_OUTSIDE_REFERENCE_NETWORK
RES-207	RR	Mamou	10.169	0	19	1.87	125	125	1	1	-12.32357	10.78678	-12.25677	10.83932	0.006	0.018	0.036	0.012	0.067	0.158	0.006	0	0	1982	2201	199888				10.169		RES_UNDETERMINED
RES-208	RR	Mamou	7.093	0	12	1.69	14	14	2	1	-12.20744	10.80215	-12.19285	10.85945	0.000	0.000	0.000	0.000	0.018	0.220	0.009	1965	83	3233	0	206903				7.093		RES_UNDETERMINED
RES-209	RR	Mamou	5.936	0	16	2.70	60	60	2	1	-12.23880	10.77585	-12.20718	10.80215	0.000	0.000	0.032	0.000	0.000	0.032	0.011	128	444	963	0	202997				5.936		RES_OUTSIDE_REFERENCE_NETWORK
RES-21	RR	Kindia	14.248	0	31	2.18	87	87	5	1	-13.49664	9.78277	-13.37609	9.79866	0.030	0.054	0.079	0.015	0.128	0.379	0.015	0	0	0	0	28167				14.248		RES_UNDETERMINED
RES-210	RR	Mamou	5.337	0	9	1.69	101	101	3	1	-12.17748	10.87584	-12.13225	10.88814	0.000	0.013	0.104	0.000	0.000	0.000	0.026	88	4089	93	0	215677				5.337		RES_UNDETERMINED
RES-211	RR	Labé	12.312	0	16	1.30	40	40	1	1	-12.17748	10.88814	-12.10783	10.97037	0.000	0.006	0.017	0.006	0.029	0.058	0.006	88	0	93	4616	215677				12.312		RES_OUTSIDE_REFERENCE_NETWORK
RES-212	RR	Mamou	18.829	0	25	1.33	83	83	3	1	-11.90215	10.48919	-11.77813	10.54216	0.031	0.100	0.253	0.000	0.000	0.000	0.007	0	3170	587	0	216326				18.829		RES_UNDETERMINED
RES-213	RR	Mamou	2.482	0	5	2.01	112	112	4	1	-12.08264	10.36965	-12.06196	10.37810	0.000	0.054	0.784	0.135	0.378	0.811	0.027	127	0	127	0	191603				2.482		RES_UNDETERMINED
RES-214	RR	Mamou	12.110	0	13	1.07	78	78	4	1	-12.08264	10.37182	-11.98064	10.40159	0.006	0.018	0.036	0.006	0.041	0.237	0.012	359	67	359	0	191603				12.110		RES_UNDETERMINED
RES-215	RR	Mamou	11.347	0	21	1.85	6	6		1	-12.07247	10.48691	-12.04036	10.55423	0.025	0.118	0.205	0.000	0.000	0.000	0.000	0	2593	410	6508	200216				11.347		RES_UNDETERMINED
RES-216	RR	Mamou	6.793	0	13	1.91	-158	202	1	1	-11.92363	10.47308	-11.90215	10.52713	0.020	0.069	0.139	0.000	0.000	0.000	0.020	0	2826	108	0	211904				6.793		RES_UNDETERMINED
RES-217	RR	Mamou	12.933	0	19	1.47	158	158	3	1	-11.77951	10.44101	-11.73770	10.54216	0.005	0.021	0.036	0.000	0.000	0.000	0.016	0	373	10305	2924	226987				12.933		RES_OUTSIDE_REFERENCE_NETWORK
RES-218	RR	Mamou	3.354	0	7	2.09	-175	185	1	1	-11.74013	10.41356	-11.73337	10.44101	0.000	0.000	0.000	0.000	0.000	0.000	0.020	7395	7287	20225	0	227079				3.354		RES_OUTSIDE_REFERENCE_NETWORK
RES-219	RR	Faranah	12.847	0	22	1.71	-169	191	2	1	-11.30927	10.40412	-11.28013	10.50077	0.010	0.035	0.090	0.000	0.000	0.000	0.005	0	3940	24433	0	270679				12.847		RES_OUTSIDE_REFERENCE_NETWORK
RES-22	RR	Kindia	10.354	0	24	2.32	-174	186		1	-13.53386	9.80077	-13.51988	9.88419	0.000	0.014	0.027	0.048	0.122	0.585	0.000	27	0	3910	2957	27752				10.354		RES_UNDETERMINED
RES-220	RR	Mamou	8.034	0	14	1.74	105	105	2	1	-11.75048	10.50607	-11.68690	10.52446	0.000	0.000	0.000	0.000	0.000	0.000	0.009	920	3287	14215	0	231257				8.034		RES_OUTSIDE_REFERENCE_NETWORK
RES-221	RR	Mamou	3.852	0	8	2.08	123	123	4	1	-11.77813	10.52421	-11.75048	10.54216	0.113	0.453	0.679	0.000	0.000	0.000	0.038	0	3158	10305	0	229556				3.852		RES_UNDETERMINED
RES-222	RR	Mamou	27.090	0	30	1.11	39	39	3	1	-11.75048	10.52446	-11.60320	10.67782	0.027	0.105	0.217	0.003	0.016	0.038	0.005	0	0	3900	0	231344				27.090		RES_UNDETERMINED
RES-223	RR	Faranah	3.213	0	8	2.49	155	155	4	1	-11.29208	10.50077	-11.28013	10.52652	0.020	0.061	0.224	0.000	0.000	0.000	0.041	0	7664	22564	0	277099				3.213		RES_UNDETERMINED
RES-224	RR	Faranah	28.535	0	42	1.47	-38	322	3	1	-11.43626	10.52652	-11.29208	10.71302	0.035	0.110	0.267	0.000	0.000	0.042	0.005	0	347	4890	0	269744				28.535		RES_UNDETERMINED
RES-225	RR	Faranah	29.340	0	38	1.30	-157	203	2	1	-11.29208	10.52652	-11.20265	10.72051	0.018	0.044	0.058	0.000	0.000	0.000	0.002	0	8040	469	5469	277099				29.340		RES_OUTSIDE_REFERENCE_NETWORK
RES-226	RR	Mamou	20.076	0	24	1.20	47	47	3	1	-11.75239	10.85201	-11.62317	10.97293	0.000	0.013	0.030	0.000	0.000	0.000	0.007	0	815	17484	0	249698				20.076		RES_OUTSIDE_REFERENCE_NETWORK
RES-227	RR	Mamou	19.682	0	29	1.47	155	155	4	1	-12.13538	10.73925	-12.06466	10.87973	0.018	0.078	0.157	0.000	0.000	0.053	0.007	0	228	4760	0	214520				19.682		RES_UNDETERMINED
RES-228	RR	Mamou	11.000	0	18	1.64	138	138	3	1	-11.95512	10.69434	-11.89121	10.76656	0.007	0.026	0.046	0.000	0.000	0.000	0.013	0	4532	9557	0	225983				11.000		RES_OUTSIDE_REFERENCE_NETWORK
RES-229	RR	Mamou	17.215	0	22	1.28	76	76	3	1	-12.06638	10.71299	-11.95455	10.76649	0.004	0.008	0.016	0.004	0.012	0.117	0.008	474	0	18282	0	214520				17.215		RES_UNDETERMINED
RES-23	RR	Kindia	3.199	0	9	2.81	73	73		1	-13.51809	9.79720	-13.49052	9.80554	0.044	0.133	0.333	0.067	0.222	0.667	0.000	0	0	740	1405	27855				3.199		RES_UNDETERMINED
RES-230	RR	Mamou	10.041	0	16	1.59	138	138	2	1	-11.89240	10.63167	-11.83395	10.69434	0.038	0.138	0.409	0.000	0.000	0.000	0.006	0	1968	406	0	226732				10.041		RES_UNDETERMINED
RES-231	RR	Mamou	13.113	0	18	1.37	56	56	3	1	-11.89121	10.69434	-11.79838	10.75596	0.015	0.107	0.401	0.000	0.000	0.000	0.010	0	4532	8745	0	227387				13.113		RES_UNDETERMINED
RES-232	RR	Mamou	32.238	0	44	1.36	70	70	2	1	-12.04625	10.86350	-11.81733	10.95350	0.000	0.000	0.000	0.018	0.068	0.451	0.002	5719	1237	15238	0	224784				32.238		RES_UNDETERMINED
RES-233	RR	Labé	10.486	0	15	1.43	100	100	4	1	-12.13225	10.86408	-12.04625	10.88177	0.000	0.000	0.000	0.000	0.000	0.000	0.014	470	3482	4868	0	218739				10.486		RES_OUTSIDE_REFERENCE_NETWORK
RES-234	RR	Labé	9.605	0	15	1.56	-18	342	2	1	-12.07257	10.86408	-12.04403	10.94477	0.000	0.000	0.000	0.000	0.000	0.000	0.007	759	1400	7719	0	224784				9.605		RES_OUTSIDE_REFERENCE_NETWORK
RES-235	RR	Mamou	13.893	0	20	1.44	26	26	2	1	-11.80668	10.75596	-11.75239	10.85201	0.074	0.276	0.512	0.000	0.000	0.000	0.009	0	2661	10817	0	239617				13.893		RES_UNDETERMINED
RES-236	RR	Mamou	5.048	0	10	1.98	4	4	3	1	-11.62717	10.67782	-11.62257	10.72252	0.029	0.130	0.304	0.000	0.000	0.000	0.029	0	5296	0	0	251223				5.048		RES_UNDETERMINED
RES-237	RR	Mamou	11.488	0	13	1.13	10	10	2	1	-11.64885	10.72035	-11.62404	10.81646	0.014	0.083	0.269	0.014	0.034	0.055	0.014	0	0	177	0	252232				11.488		RES_UNDETERMINED
RES-238	RR	Mamou	1.898	0	4	2.11	83	83	2	1	-11.64095	10.72035	-11.62387	10.72252	0.040	0.360	0.600	0.000	0.000	0.000	0.080	0	4241	59	0	252232				1.898		RES_UNDETERMINED
RES-239	RR	Faranah	3.136	0	8	2.55	-28	332	3	1	-11.45025	10.71302	-11.43623	10.73457	0.156	0.778	0.978	0.000	0.000	0.000	0.067	0	5609	0	0	270927				3.136		RES_POSSIBLE_ROAD
RES-24	RR	Kindia	3.930	0	10	2.54	121	121	3	1	-13.37609	9.77923	-13.34768	9.79599	0.000	0.000	0.000	0.062	0.154	0.354	0.015	359	0	359	0	37280				3.930		RES_UNDETERMINED
RES-240	RR	Mamou	19.166	0	25	1.30	0	0	3	1	-11.62419	10.81646	-11.59229	10.97293	0.040	0.172	0.366	0.004	0.011	0.040	0.007	0	0	9231	0	259296				19.166		RES_UNDETERMINED
RES-241	RR	Faranah	2.224	0	4	1.80	10	10	1	1	-11.44790	10.73457	-11.44449	10.75422	0.000	0.000	0.061	0.000	0.000	0.000	0.030	186	7635	183	0	271450				2.224		RES_OUTSIDE_REFERENCE_NETWORK
RES-242	RR	Faranah	2.194	0	7	3.19	48	48	1	1	-11.37161	10.74659	-11.35825	10.75869	0.000	0.000	0.000	0.000	0.000	0.000	0.030	673	2252	673	0	279450				2.194		RES_OUTSIDE_REFERENCE_NETWORK
RES-243	RR	Faranah	29.109	0	41	1.41	11	11	1	1	-11.35961	10.75869	-11.31355	10.98988	0.000	0.000	0.000	0.000	0.000	0.000	0.002	5529	580	4442	12221	281366				29.109		RES_OUTSIDE_REFERENCE_NETWORK
RES-244	RR	Mamou	12.242	0	22	1.80	70	70	3	1	-12.39661	11.08115	-12.30411	11.12291	0.006	0.011	0.188	0.006	0.028	0.072	0.011	0	33	0	0	214772				12.242		RES_UNDETERMINED
RES-245	RR	Kindia	35.978	0	59	1.64	-73	287	1	1	-13.82114	11.18833	-13.53894	11.29585	0.014	0.051	0.128	0.000	0.000	0.012	0.002	0	7550	18411	0	178397				35.978		RES_UNDETERMINED
RES-246	RR	Boké	33.228	0	56	1.69	-147	213	1	1	-14.85070	11.10770	-14.72973	11.30865	0.000	0.000	0.000	0.026	0.091	0.195	0.002	303	0	303	0	211399				33.228		RES_UNDETERMINED
RES-247	RR	Kindia	14.289	0	32	2.24	-23	337		1	-14.19718	11.17117	-14.13892	11.26325	0.000	0.000	0.000	0.000	0.000	0.000	0.000	492	389	491	10756	184247				14.289		RES_OUTSIDE_REFERENCE_NETWORK
RES-248	RR	Kindia	44.487	0	84	1.89	-7	353	2	1	-13.56757	10.93771	-13.44214	11.20868	0.025	0.082	0.183	0.002	0.003	0.017	0.005	0	0	0	195	151493				44.487		RES_UNDETERMINED
RES-249	RR	Kindia	16.725	0	28	1.67	-83	277	3	1	-13.31816	11.12079	-13.17203	11.14482	0.078	0.222	0.391	0.000	0.000	0.082	0.008	0	1466	2070	0	177245				16.725		RES_UNDETERMINED
RES-25	RR	Kindia	6.419	0	16	2.49	37	37	5	1	-13.37666	9.79599	-13.34550	9.83651	0.000	0.000	0.000	0.011	0.053	0.126	0.021	3905	0	3912	0	37280				6.419		RES_UNDETERMINED
RES-250	RR	Kindia	29.199	0	49	1.68	-74	286	2	1	-13.53720	11.12694	-13.31816	11.20911	0.012	0.052	0.169	0.000	0.000	0.000	0.002	0	8135	17662	195	173504				29.199		RES_UNDETERMINED
RES-251	RR	Kindia	24.471	0	46	1.88	-2	358	2	1	-13.32361	11.14482	-13.29057	11.33600	0.003	0.005	0.016	0.000	0.000	0.000	0.003	0	484	8489	0	177370				24.471		RES_OUTSIDE_REFERENCE_NETWORK
RES-252	RR	Kindia	4.474	0	13	2.91	-64	296		1	-13.06632	11.06987	-13.03876	11.08628	0.000	0.000	0.000	0.000	0.000	0.000	0.000	4659	4997	4918	12605	177906				4.474		RES_OUTSIDE_REFERENCE_NETWORK
RES-253	RR	Boké	23.249	0	34	1.46	-25	335	1	1	-13.49243	11.58976	-13.40645	11.77167	0.003	0.046	0.159	0.000	0.006	0.406	0.003	17	1575	663	0	224374				23.249		RES_UNDETERMINED
RES-254	RR	Kindia	29.728	0	52	1.75	119	119		1	-13.80430	11.44965	-13.59132	11.56067	0.000	0.000	0.000	0.023	0.053	0.453	0.000	270	0	3043	25282	207347				29.728		RES_UNDETERMINED
RES-255	RR	Boké	0.291	0	2	6.88	137	137	1	1	-13.19898	11.31910	-13.19718	11.32104	0.000	0.000	0.000	0.200	0.600	1.000	0.200	664	13	676	0	199101				0.291		RES_UNDETERMINED
RES-256	RR	Boké	40.635	0	77	1.89	26	26	3	1	-13.19718	11.31220	-13.06542	11.58449	0.000	0.003	0.013	0.012	0.044	0.343	0.003	0	0	955	0	198836				40.635		RES_UNDETERMINED
RES-257	RR	Boké	29.321	0	60	2.05	-39	321	3	1	-13.19991	11.57702	-13.06542	11.75307	0.016	0.020	0.025	0.038	0.094	0.685	0.018	356	353	0	4658	229329				29.321		RES_UNDETERMINED
RES-258	RR	Boké	35.518	0	54	1.52	-128	232	2	1	-13.40645	11.56750	-13.19991	11.75307	0.022	0.092	0.172	0.040	0.088	0.494	0.004	0	0	4955	0	222770				35.518		RES_UNDETERMINED
RES-259	RR	Boké	36.455	0	55	1.51	-35	325	1	1	-12.99581	11.47218	-12.82909	11.70912	0.039	0.157	0.385	0.024	0.079	0.489	0.002	0	0	6698	0	227826				36.455		RES_UNDETERMINED
RES-26	RR	Kindia	18.068	0	34	1.88	-132	228	3	1	-13.49517	9.85100	-13.38601	9.94784	0.014	0.064	0.267	0.043	0.189	0.370	0.007	0	0	0	0	34307				18.068		RES_UNDETERMINED
RES-260	RR	Boké	30.760	0	61	1.98	124	124	3	1	-13.02088	11.46806	-12.82909	11.59784	0.000	0.000	0.000	0.007	0.054	0.354	0.005	1454	0	11499	0	225666				30.760		RES_UNDETERMINED
RES-261	RR	Boké	19.486	0	34	1.74	-18	342	2	1	-13.07074	11.59784	-13.01816	11.73379	0.017	0.069	0.194	0.014	0.093	0.526	0.003	0	123	1756	4246	233989				19.486		RES_UNDETERMINED
RES-262	RR	Boké	5.984	0	14	2.34	75	75	2	1	-13.06475	11.58437	-13.01816	11.59848	0.000	0.000	0.000	0.047	0.118	0.435	0.012	681	0	11455	0	231270				5.984		RES_UNDETERMINED
RES-263	RR	Boké	4.327	0	12	2.77	91	91	3	1	-12.82063	11.34712	-12.78304	11.35243	0.000	0.032	0.127	0.000	0.000	0.016	0.016	0	1995	0	0	215633				4.327		RES_UNDETERMINED
RES-264	RR	Boké	11.154	0	18	1.61	129	129		1	-12.83358	11.11130	-12.77436	11.16756	0.006	0.067	0.158	0.000	0.000	0.109	0.000	0	1276	68	246	194006				11.154		RES_UNDETERMINED
RES-265	RR	Kindia	7.625	0	18	2.36	-170	190	1	1	-12.86022	11.12068	-12.83572	11.16687	0.000	0.142	0.425	0.000	0.000	0.000	0.000	0	2011	0	246	191714				7.625		RES_UNDETERMINED
RES-266	RR	Mamou	14.611	0	22	1.51	-98	262	3	1	-12.65957	11.16130	-12.53797	11.19435	0.005	0.020	0.045	0.015	0.035	0.184	0.010	0	896	0	0	206920				14.611		RES_UNDETERMINED
RES-267	RR	Labé	25.946	0	38	1.46	72	72	1	1	-12.83128	11.28404	-12.64451	11.36661	0.014	0.058	0.216	0.000	0.000	0.036	0.003	0	163	149	1680	211021				25.946		RES_UNDETERMINED
RES-268	RR	Labé	27.831	0	35	1.26	-123	237	3	1	-12.81163	11.22550	-12.63032	11.35687	0.000	0.005	0.014	0.000	0.000	0.043	0.005	1621	594	7921	1680	203986				27.831		RES_OUTSIDE_REFERENCE_NETWORK
RES-269	RR	Labé	1.452	0	6	4.13	-107	253	3	1	-12.82387	11.23504	-12.81132	11.23895	0.048	0.143	0.381	0.000	0.000	0.000	0.095	0	3596	0	0	204117				1.452		RES_UNDETERMINED
RES-27	RR	Kindia	13.370	0	29	2.17	-20	340	4	1	-13.38601	9.83651	-13.34550	9.94784	0.000	0.010	0.031	0.042	0.110	0.209	0.010	0	521	5966	0	42787				13.370		RES_UNDETERMINED
RES-270	RR	Boké	4.696	0	14	2.98	80	80	2	1	-12.81132	11.23895	-12.77053	11.24669	0.000	0.000	0.000	0.000	0.000	0.000	0.016	1133	3004	1010	0	205103				4.696		RES_OUTSIDE_REFERENCE_NETWORK
RES-271	RR	Boké	10.644	0	22	2.07	-155	205	4	1	-12.47700	11.15684	-12.43785	11.24102	0.013	0.047	0.121	0.000	0.000	0.000	0.007	0	3662	0	0	216085				10.644		RES_UNDETERMINED
RES-272	RR	Boké	12.961	0	22	1.70	-50	310	3	1	-12.53797	11.12626	-12.45440	11.19435	0.064	0.326	0.717	0.000	0.000	0.059	0.059	0	318	68	360	214545				12.961		RES_UNDETERMINED
RES-273	RR	Boké	12.896	0	24	1.86	56	56	2	1	-12.49447	11.33197	-12.40516	11.39239	0.000	0.016	0.037	0.000	0.000	0.079	0.005	0	3136	814	0	231038				12.896		RES_OUTSIDE_REFERENCE_NETWORK
RES-274	RR	Boké	7.642	0	21	2.75	54	54	4	1	-12.53797	11.19435	-12.48662	11.23106	0.009	0.071	0.177	0.000	0.000	0.133	0.027	0	443	149	0	215696				7.642		RES_UNDETERMINED
RES-275	RR	Labé	1.665	0	8	4.80	-54	306	1	1	-12.51192	11.34034	-12.50151	11.34799	0.000	0.000	0.000	0.069	0.207	0.448	0.034	515	6	12319	0	231176				1.665		RES_UNDETERMINED
RES-276	RR	Mamou	6.076	0	12	1.97	-75	285	3	1	-12.43785	11.22747	-12.38661	11.24102	0.000	0.000	0.000	0.000	0.000	0.000	0.011	591	6331	1748	0	226105				6.076		RES_OUTSIDE_REFERENCE_NETWORK
RES-277	RR	Boké	6.125	0	17	2.78	-102	258	4	1	-12.48662	11.22725	-12.43785	11.24102	0.000	0.012	0.200	0.000	0.000	0.000	0.024	96	4771	96	0	222201				6.125		RES_UNDETERMINED
RES-278	RR	Labé	10.215	0	27	2.64	73	73	3	1	-12.43785	11.24102	-12.35803	11.26823	0.000	0.000	0.000	0.000	0.000	0.000	0.007	302	3975	1081	0	226147				10.215		RES_OUTSIDE_REFERENCE_NETWORK
RES-279	RR	Boké	7.973	0	15	1.88	-87	273	2	1	-12.89007	11.34779	-12.82063	11.35943	0.000	0.028	0.064	0.009	0.037	0.092	0.009	0	11	1625	0	213079				7.973		RES_OUTSIDE_REFERENCE_NETWORK
RES-28	RR	Kindia	15.610	0	28	1.79	-140	220	3	1	-13.38601	9.94784	-13.29707	10.05418	0.000	0.017	0.253	0.062	0.212	0.473	0.008	70	0	13360	0	49502				15.610		RES_UNDETERMINED
RES-280	RR	Boké	7.139	0	14	1.96	-117	243	2	1	-12.82063	11.34870	-12.77871	11.38155	0.076	0.219	0.562	0.000	0.000	0.686	0.010	0	1995	281	0	215665				7.139		RES_UNDETERMINED
RES-281	RR	Labé	0.992	0	5	5.04	-50	310	3	1	-12.63690	11.35687	-12.63032	11.36248	0.000	0.941	1.000	0.118	0.412	1.000	0.118	45	0	9040	0	225803				0.992		RES_POSSIBLE_ROAD
RES-282	RR	Labé	4.627	0	9	1.95	21	21	2	1	-12.63756	11.36248	-12.62275	11.39855	0.015	0.045	0.090	0.000	0.000	0.716	0.015	0	335	7183	0	225998				4.627		RES_UNDETERMINED
RES-283	RR	Boké	0.985	0	6	6.09	-62	298	3	1	-12.64451	11.36248	-12.63690	11.36661	0.118	0.588	1.000	0.000	0.000	0.941	0.118	0	559	8211	0	225982				0.985		RES_POSSIBLE_ROAD
RES-284	RR	Labé	3.583	0	10	2.79	-154	206	4	1	-12.68189	11.43361	-12.66786	11.46275	0.021	0.149	0.766	0.000	0.000	0.383	0.064	0	1129	0	0	230670				3.583		RES_UNDETERMINED
RES-285	RR	Labé	5.035	0	10	1.99	-7	353	3	1	-12.69367	11.43361	-12.68189	11.47455	0.014	0.116	0.174	0.014	0.087	0.913	0.043	0	0	0	0	230670				5.035		RES_UNDETERMINED
RES-286	RR	Labé	42.157	0	68	1.61	38	38	2	1	-12.73626	11.42428	-12.57472	11.62225	0.005	0.016	0.061	0.000	0.000	0.311	0.003	0	149	4543	3384	227442				42.157		RES_UNDETERMINED
RES-287	RR	Labé	5.353	0	13	2.43	122	122	3	1	-12.68663	11.46275	-12.66670	11.48965	0.000	0.000	0.013	0.000	0.000	0.215	0.025	216	1370	214	0	234238				5.353		RES_UNDETERMINED
RES-288	RR	Boké	9.805	0	19	1.94	-102	258	5	1	-12.61461	11.47059	-12.53954	11.49617	0.062	0.283	0.421	0.014	0.069	0.462	0.069	0	0	0	0	237677				9.805		RES_UNDETERMINED
RES-289	RR	Labé	5.929	0	10	1.69	-98	262	4	1	-12.66786	11.46275	-12.61461	11.47059	0.124	0.337	0.652	0.000	0.000	0.303	0.124	0	102	0	0	234238				5.929		RES_UNDETERMINED
RES-29	RR	Kindia	16.321	0	23	1.41	-101	259	1	1	-13.17423	9.35045	-13.06944	9.39221	0.025	0.104	0.195	0.025	0.108	0.494	0.012	0	361	0	6197	54539				16.321		RES_UNDETERMINED
RES-290	RR	Boké	13.755	0	24	1.74	-98	262	2	1	-12.60442	11.56973	-12.48574	11.59352	0.009	0.065	0.353	0.000	0.000	0.000	0.005	0	391	3718	2475	247922				13.755		RES_UNDETERMINED
RES-291	RR	Labé	7.450	0	19	2.55	124	124	3	1	-12.42946	11.49743	-12.37515	11.53461	0.009	0.028	0.075	0.009	0.037	0.168	0.019	0	106	1950	0	253477				7.450		RES_UNDETERMINED
RES-292	RR	Labé	10.398	0	15	1.44	-56	304	3	1	-12.47868	11.39239	-12.40516	11.44441	0.024	0.103	0.382	0.006	0.030	0.103	0.012	0	264	771	0	241617				10.398		RES_UNDETERMINED
RES-293	RR	Boké	3.087	0	8	2.59	-7	353	1	1	-12.51505	11.34799	-12.50950	11.37437	0.000	0.000	0.000	0.000	0.000	0.000	0.022	1761	474	11900	0	231519				3.087		RES_OUTSIDE_REFERENCE_NETWORK
RES-294	RR	Labé	14.630	0	26	1.78	28	28	6	1	-12.54686	11.48690	-12.48312	11.58620	0.045	0.149	0.434	0.005	0.027	0.118	0.059	0	1632	0	0	243193				14.630		RES_UNDETERMINED
RES-295	RR	Boké	8.410	0	12	1.43	-54	306	3	1	-12.53954	11.44260	-12.47851	11.48690	0.080	0.248	0.640	0.008	0.040	0.112	0.016	0	1108	1000	0	242155				8.410		RES_UNDETERMINED
RES-296	RR	Mamou	7.102	0	17	2.39	47	47	4	1	-12.40571	11.39239	-12.37027	11.42673	0.018	0.055	0.119	0.000	0.000	0.000	0.028	0	545	0	0	241967				7.102		RES_UNDETERMINED
RES-297	RR	Labé	1.174	0	5	4.26	89	89	4	1	-12.48574	11.58457	-12.47574	11.58645	0.067	0.200	0.533	0.000	0.000	0.000	0.200	0	2161	0	0	255625				1.174		RES_UNDETERMINED
RES-298	RR	Labé	3.887	0	10	2.57	-12	348	4	1	-12.50687	11.61412	-12.49900	11.64691	0.019	0.057	0.113	0.000	0.000	0.000	0.038	0	2984	0	0	257640				3.887		RES_UNDETERMINED
RES-299	RR	Labé	11.767	0	32	2.72	17	17	4	1	-12.42946	11.53461	-12.39640	11.61574	0.076	0.263	0.462	0.006	0.018	0.053	0.012	0	0	1950	0	253816				11.767		RES_UNDETERMINED
RES-3	RR	Kindia	3.352	0	11	3.28	-168	192	3	1	-13.38213	9.76671	-13.37609	9.79599	0.000	0.000	0.000	0.000	0.064	0.213	0.021	3036	0	2966	0	34678				3.352		RES_UNDETERMINED
RES-30	RR	Kindia	5.679	0	12	2.11	-11	349	2	1	-13.22133	9.12654	-13.21169	9.17476	0.065	0.208	0.558	0.065	0.312	0.636	0.013	0	0	23624	0	62582				5.679		RES_UNDETERMINED
RES-300	RR	Labé	2.780	0	7	2.52	37	37	3	1	-12.44441	11.51483	-12.42946	11.53461	0.020	0.061	0.184	0.000	0.000	0.000	0.041	0	789	0	0	251100				2.780		RES_UNDETERMINED
RES-301	RR	Labé	9.095	0	19	2.09	-126	234	3	1	-12.46118	11.57484	-12.40482	11.61605	0.056	0.280	0.600	0.000	0.000	0.000	0.016	0	2852	0	0	255881				9.095		RES_UNDETERMINED
RES-302	RR	Labé	8.821	0	11	1.25	23	23	1	1	-12.47574	11.58645	-12.44822	11.65143	0.000	0.000	0.000	0.000	0.000	0.000	0.007	322	3248	589	882	256205				8.821		RES_OUTSIDE_REFERENCE_NETWORK
RES-303	RR	Labé	8.788	0	20	2.28	5	5	2	1	-12.42263	11.61574	-12.39991	11.67204	0.000	0.016	0.047	0.000	0.000	0.310	0.008	83	7367	7201	2813	262893				8.788		RES_UNDETERMINED
RES-304	RR	Boké	32.103	0	54	1.68	29	29	1	1	-13.70167	12.18026	-13.56087	12.40404	0.023	0.268	0.685	0.004	0.021	0.132	0.000	0	0	0	4100	288076				32.103		RES_UNDETERMINED
RES-305	RR	Boké	36.116	0	57	1.58	69	69	1	1	-13.13821	11.95027	-12.88006	12.06750	0.002	0.008	0.029	0.006	0.017	0.292	0.002	0	582	7430	22911	268645				36.116		RES_UNDETERMINED
RES-306	RR	Boké	26.155	0	46	1.76	43	43	1	1	-13.10939	12.23548	-12.96832	12.38720	0.003	0.011	0.027	0.000	0.000	0.000	0.003	0	3997	578	22911	300201				26.155		RES_OUTSIDE_REFERENCE_NETWORK
RES-307	RR	Boké	5.192	0	13	2.50	55	55	2	1	-13.44841	12.36788	-13.41166	12.39331	0.099	0.395	0.605	0.000	0.000	0.000	0.025	0	5484	4869	0	309626				5.192		RES_UNDETERMINED
RES-308	RR	Boké	7.753	0	21	2.71	-152	208	3	1	-13.52392	12.40544	-13.49427	12.45716	0.000	0.038	0.095	0.000	0.000	0.000	0.029	0	9549	0	0	313296				7.753		RES_OUTSIDE_REFERENCE_NETWORK
RES-309	RR	Boké	12.825	0	25	1.95	117	117	2	1	-13.52318	12.35284	-13.44841	12.40518	0.028	0.090	0.266	0.000	0.000	0.000	0.011	0	3631	156	0	307680				12.825		RES_UNDETERMINED
RES-31	RR	Kindia	9.564	0	15	1.57	-119	241	2	1	-13.28117	9.08577	-13.21224	9.12654	0.007	0.066	0.146	0.117	0.431	0.635	0.007	0	0	25218	0	65329				9.564		RES_UNDETERMINED
RES-310	RR	Boké	0.104	0	2	19.15	-106	254	2	1	-13.52318	12.40518	-13.52225	12.40544	0.000	0.000	1.000	0.000	0.000	0.000	0.667	147	9545	156	0	313262				0.104		RES_DUPLICATE_OR_OVERLAP
RES-311	RR	Boké	19.981	0	33	1.65	-143	217	2	1	-13.49427	12.45716	-13.38809	12.59558	0.000	0.000	0.011	0.000	0.000	0.000	0.007	101	1311	108	0	319164				19.981		RES_OUTSIDE_REFERENCE_NETWORK
RES-312	RR	Boké	8.480	0	18	2.12	137	137	2	1	-13.39595	12.36046	-13.35868	12.40188	0.137	0.342	0.521	0.000	0.000	0.000	0.009	0	9134	4300	0	309675				8.480		RES_UNDETERMINED
RES-313	RR	Boké	1.916	0	6	3.13	67	67	3	1	-13.41166	12.39331	-13.39595	12.39986	0.061	0.394	1.000	0.000	0.000	0.000	0.061	0	8569	4295	0	312746				1.916		RES_UNDETERMINED
RES-314	RR	Boké	4.207	0	10	2.38	-16	344	2	1	-13.40573	12.39986	-13.39526	12.43492	0.015	0.046	0.123	0.000	0.000	0.000	0.015	0	9827	281	0	313618				4.207		RES_UNDETERMINED
RES-315	RR	Boké	5.037	0	10	1.99	-18	342	2	1	-13.40171	12.59558	-13.38560	12.63681	0.013	0.063	0.127	0.000	0.000	0.000	0.025	0	311	0	0	335260				5.037		RES_UNDETERMINED
RES-316	RR	Boké	0.224	0	2	8.94	-107	253		1	-13.30109	12.48603	-13.29912	12.48663	0.000	0.000	1.000	0.000	0.000	0.000	0.000	183	1476	183	11399	324182				0.224		RES_UNDETERMINED
RES-317	RR	Boké	5.348	0	14	2.62	12	12		1	-13.12585	12.53668	-13.11657	12.57850	0.000	0.000	0.103	0.092	0.264	0.575	0.000	162	0	165	19644	332571				5.348		RES_UNDETERMINED
RES-318	RR	Labé	16.671	0	24	1.44	-139	221	1	1	-12.49599	11.92871	-12.42213	12.01482	0.004	0.012	0.031	0.000	0.000	0.000	0.004	0	1004	0	5102	288970				16.671		RES_OUTSIDE_REFERENCE_NETWORK
RES-319	RR	Boké	20.615	0	37	1.79	110	110	1	1	-12.68924	11.73229	-12.56512	11.77070	0.073	0.135	0.318	0.000	0.000	0.000	0.003	0	3823	10133	5951	263663				20.615		RES_UNDETERMINED
RES-32	RR	Kindia	35.904	0	60	1.67	-106	254	2	1	-13.21224	9.07569	-12.97728	9.19322	0.026	0.122	0.254	0.060	0.238	0.570	0.002	0	707	152	10654	67098				35.904		RES_UNDETERMINED
RES-320	RR	Labé	16.592	0	25	1.51	-116	244	2	1	-12.83888	11.70958	-12.71219	11.77171	0.017	0.046	0.097	0.013	0.038	0.236	0.004	0	1110	1664	0	251894				16.592		RES_UNDETERMINED
RES-321	RR	Boké	16.203	0	23	1.42	24	24	3	1	-12.76297	11.65515	-12.70829	11.77171	0.015	0.045	0.152	0.000	0.000	0.000	0.007	0	746	463	0	249285				16.203		RES_UNDETERMINED
RES-322	RR	Boké	2.601	0	8	3.08	101	101	3	1	-12.71219	11.76732	-12.68924	11.77189	0.000	0.000	0.000	0.000	0.000	0.000	0.047	661	1748	11516	0	263315				2.601		RES_OUTSIDE_REFERENCE_NETWORK
RES-323	RR	Labé	37.064	0	44	1.19	-8	352	1	1	-12.70943	11.84715	-12.62336	12.09462	0.002	0.006	0.018	0.004	0.012	0.144	0.002	0	0	5669	0	274161				37.064		RES_UNDETERMINED
RES-324	RR	Labé	2.239	0	8	3.57	-23	337	2	1	-12.61687	11.66554	-12.60908	11.68404	0.000	0.000	0.000	0.000	0.000	0.000	0.029	493	6245	2611	0	257191				2.239		RES_OUTSIDE_REFERENCE_NETWORK
RES-325	RR	Boké	9.105	0	17	1.87	-70	290	3	1	-12.60908	11.63927	-12.53723	11.66839	0.145	0.386	0.862	0.000	0.000	0.000	0.014	0	1433	849	0	257191				9.105		RES_UNDETERMINED
RES-326	RR	Labé	4.992	0	14	2.80	153	153	2	1	-12.60908	11.62782	-12.58906	11.66554	0.014	0.042	0.169	0.000	0.000	0.000	0.014	0	2221	926	0	254357				4.992		RES_UNDETERMINED
RES-327	RR	Labé	3.571	0	12	3.36	-104	256	4	1	-12.53723	11.63927	-12.50587	11.64693	0.000	0.000	0.020	0.000	0.000	0.000	0.041	248	1864	1654	0	258120				3.571		RES_OUTSIDE_REFERENCE_NETWORK
RES-328	RR	Labé	6.711	0	14	2.09	-12	348	3	1	-12.51763	11.64691	-12.50587	11.70240	0.000	0.000	0.000	0.000	0.000	0.000	0.011	2488	5322	2485	0	260469				6.711		RES_OUTSIDE_REFERENCE_NETWORK
RES-329	RR	Labé	8.883	0	18	2.03	34	34	3	1	-12.50587	11.64691	-12.46577	11.69069	0.000	0.000	0.000	0.000	0.000	0.000	0.008	2488	5322	2485	882	260469				8.883		RES_OUTSIDE_REFERENCE_NETWORK
RES-33	RR	Kindia	12.302	0	30	2.44	92	92	2	1	-13.26545	9.59354	-13.17711	9.62173	0.023	0.254	0.542	0.040	0.130	0.571	0.006	0	0	9227	0	40244				12.302		RES_UNDETERMINED
RES-330	RR	Labé	32.576	0	35	1.07	-82	278	2	1	-12.62345	11.80094	-12.35220	11.85948	0.058	0.175	0.371	0.000	0.000	0.000	0.004	0	5173	450	6787	275642				32.576		RES_UNDETERMINED
RES-331	RR	Boké	6.569	0	17	2.59	155	155	3	1	-12.61509	12.23996	-12.59026	12.29112	0.000	0.000	0.000	0.000	0.000	0.011	0.011	7912	8369	7912	0	316315				6.569		RES_OUTSIDE_REFERENCE_NETWORK
RES-332	RR	Boké	11.585	0	16	1.38	-50	310	3	1	-12.73604	12.18708	-12.65676	12.25293	0.006	0.024	0.042	0.000	0.000	0.042	0.012	0	7170	2100	3388	308316				11.585		RES_OUTSIDE_REFERENCE_NETWORK
RES-333	RR	Boké	0.243	0	2	8.24	50	50	3	1	-12.65847	12.18567	-12.65676	12.18708	0.400	1.000	1.000	0.000	0.000	1.000	0.600	0	7055	0	0	308105				0.243		RES_DUPLICATE_OR_OVERLAP
RES-334	RR	Boké	15.455	0	20	1.29	22	22	5	1	-12.65676	12.18644	-12.61509	12.29112	0.000	0.004	0.017	0.000	0.000	0.320	0.008	45	7025	2621	0	308316				15.455		RES_UNDETERMINED
RES-335	RR	Boké	10.718	0	25	2.33	19	19	1	1	-12.78729	12.31911	-12.75474	12.40790	0.000	0.014	0.034	0.000	0.000	0.000	0.000	0	3796	206	6178	317720				10.718		RES_OUTSIDE_REFERENCE_NETWORK
RES-336	RR	Boké	10.973	0	14	1.28	-105	255	4	1	-12.70444	12.26677	-12.61509	12.29786	0.000	0.027	0.040	0.000	0.000	0.450	0.007	0	6976	0	0	314891				10.973		RES_UNDETERMINED
RES-337	RR	Boké	23.245	0	46	1.98	63	63	1	1	-12.72808	12.30944	-12.56049	12.39566	0.000	0.000	0.006	0.000	0.006	0.049	0.003	204	58	0	4058	318556				23.245		RES_OUTSIDE_REFERENCE_NETWORK
RES-338	RR	Boké	11.410	0	15	1.31	47	47	3	1	-12.61509	12.29112	-12.54317	12.35884	0.000	0.000	0.000	0.000	0.000	0.011	0.006	4057	2351	8372	3864	320683				11.410		RES_OUTSIDE_REFERENCE_NETWORK
RES-339	RR	Labé	0.111	0	2	17.95	66	66	2	1	-12.50233	12.02771	-12.50139	12.02812	0.000	0.000	1.000	0.000	0.000	0.000	0.667	148	9856	61	0	298403				0.111		RES_DUPLICATE_OR_OVERLAP
RES-34	RR	Kindia	5.335	0	15	2.81	-160	200	1	1	-13.23376	9.46873	-13.21816	9.51255	0.026	0.065	0.104	0.000	0.000	0.468	0.026	0	339	0	2160	44784				5.335		RES_UNDETERMINED
RES-340	RR	Labé	1.728	0	7	4.05	-96	264	2	1	-12.51599	12.02380	-12.50233	12.02771	0.000	0.000	0.704	0.000	0.000	0.000	0.074	164	9421	63	0	297498				1.728		RES_UNDETERMINED
RES-341	RR	Labé	21.183	0	27	1.27	-11	349	1	1	-12.54679	12.02812	-12.50139	12.19123	0.000	0.000	0.009	0.000	0.000	0.000	0.003	148	9907	4230	1602	298487				21.183		RES_OUTSIDE_REFERENCE_NETWORK
RES-342	RR	Labé	7.443	0	12	1.61	-25	335	1	1	-12.54267	12.02626	-12.51599	12.08166	0.000	0.000	0.000	0.000	0.000	0.000	0.009	256	9724	2456	1602	297643				7.443		RES_OUTSIDE_REFERENCE_NETWORK
RES-343	RR	Labé	0.155	0	2	12.89	-139	221	1	1	-12.45031	12.05703	-12.44939	12.05810	0.333	1.000	1.000	0.000	0.000	0.000	0.000	0	14225	0	5527	303727				0.155		RES_POSSIBLE_ROAD
RES-344	RR	Labé	13.162	0	17	1.29	-53	307		1	-12.47724	12.10569	-12.39889	12.16330	0.010	0.020	0.049	0.000	0.000	0.089	0.000	0	7286	7151	5952	310715				13.162		RES_OUTSIDE_REFERENCE_NETWORK
RES-345	RR	Mamou	9.887	0	25	2.53	140	140	4	1	-12.17790	11.21959	-12.13131	11.27183	0.021	0.063	0.287	0.000	0.000	0.000	0.014	0	3124	7938	0	245092				9.887		RES_UNDETERMINED
RES-346	RR	Mamou	8.028	0	14	1.74	-104	256	4	1	-12.36954	10.93857	-12.30748	10.95835	0.018	0.062	0.363	0.000	0.000	0.000	0.027	0	1977	0	0	204751				8.028		RES_UNDETERMINED
RES-347	RR	Labé	12.279	0	18	1.47	4	4	2	1	-12.31148	10.95409	-12.28043	11.04256	0.000	0.000	0.000	0.016	0.094	0.225	0.005	282	489	6824	0	210632				12.279		RES_UNDETERMINED
RES-348	RR	Labé	12.339	0	20	1.62	-98	262	3	1	-12.30748	10.95288	-12.20505	10.97803	0.107	0.390	0.898	0.000	0.000	0.000	0.011	0	3949	1603	0	210632				12.339		RES_UNDETERMINED
RES-349	RR	Mamou	16.231	0	21	1.29	-3	357	2	1	-12.22283	10.96907	-12.20423	11.10617	0.000	0.000	0.000	0.000	0.016	0.068	0.008	286	818	1633	0	219655				16.231		RES_OUTSIDE_REFERENCE_NETWORK
RES-35	RR	Kindia	12.492	0	25	2.00	63	63	1	1	-13.24075	9.52024	-13.14200	9.57111	0.023	0.052	0.075	0.046	0.168	0.462	0.006	0	0	0	2160	42937				12.492		RES_UNDETERMINED
RES-350	RR	Mamou	11.219	0	26	2.32	63	63	5	1	-12.30411	11.11486	-12.21527	11.16077	0.000	0.013	0.046	0.000	0.000	0.000	0.013	0	501	8926	0	224110				11.219		RES_OUTSIDE_REFERENCE_NETWORK
RES-351	RR	Mamou	14.950	0	28	1.87	-58	302	5	1	-12.31828	11.16077	-12.21527	11.22584	0.005	0.039	0.059	0.005	0.015	0.073	0.010	0	0	5224	0	232554				14.950		RES_OUTSIDE_REFERENCE_NETWORK
RES-352	RR	Mamou	12.994	0	29	2.23	173	173	4	1	-12.32450	11.11497	-12.30244	11.22510	0.000	0.005	0.049	0.000	0.000	0.059	0.010	88	185	5059	0	224110				12.994		RES_OUTSIDE_REFERENCE_NETWORK
RES-353	RR	Mamou	6.303	0	16	2.54	120	120	3	1	-12.36586	11.22510	-12.31828	11.25217	0.011	0.044	0.275	0.000	0.000	0.011	0.022	0	718	0	0	231768				6.303		RES_UNDETERMINED
RES-354	RR	Mamou	7.117	0	16	2.25	177	177	4	1	-12.21603	11.10366	-12.20510	11.16077	0.000	0.000	0.000	0.000	0.018	0.064	0.018	8641	67	14063	0	230005				7.117		RES_OUTSIDE_REFERENCE_NETWORK
RES-355	RR	Mamou	16.579	0	40	2.41	-3	357	5	1	-12.22232	11.16077	-12.18520	11.26992	0.004	0.013	0.047	0.000	0.000	0.000	0.009	0	5161	6746	0	234298				16.579		RES_OUTSIDE_REFERENCE_NETWORK
RES-356	RR	Mamou	1.231	0	4	3.25	62	62	2	1	-12.09065	11.03403	-12.08078	11.03933	0.000	0.000	0.000	0.000	0.000	0.905	0.095	422	289	572	0	233629				1.231		RES_UNDETERMINED
RES-357	RR	Mamou	8.996	0	13	1.45	-42	318		1	-12.16405	11.01328	-12.11392	11.06997	0.000	0.000	0.000	0.028	0.177	0.752	0.000	428	0	846	2681	230205				8.996		RES_UNDETERMINED
RES-358	RR	Mamou	6.787	0	10	1.47	-33	327	1	1	-12.12228	11.03403	-12.09065	11.08253	0.000	0.000	0.000	0.057	0.162	0.657	0.010	572	0	567	2681	233629				6.787		RES_UNDETERMINED
RES-359	RR	Mamou	5.076	0	8	1.58	-160	200	1	1	-12.07583	10.98700	-12.05959	11.02780	0.013	0.039	0.104	0.026	0.130	0.727	0.013	0	0	425	0	231397				5.076		RES_UNDETERMINED
RES-36	RR	Kindia	9.129	0	16	1.75	-150	210	1	1	-13.07060	9.23358	-13.03308	9.29936	0.007	0.020	0.034	0.034	0.215	0.591	0.007	627	0	398	1430	70903				9.129		RES_UNDETERMINED
RES-360	RR	Mamou	8.365	0	15	1.79	104	104	4	1	-12.06598	11.02785	-12.01147	11.05238	0.008	0.031	0.085	0.000	0.000	0.140	0.016	0	268	0	0	236005				8.365		RES_UNDETERMINED
RES-361	RR	Labé	1.570	0	5	3.18	152	152	5	1	-12.06598	11.02780	-12.05935	11.03958	0.040	0.200	0.440	0.080	0.320	0.960	0.120	0	0	0	0	235623				1.570		RES_UNDETERMINED
RES-362	RR	Labé	1.690	0	3	1.78	-91	269	3	1	-12.08078	11.03933	-12.06598	11.04164	0.040	0.120	0.360	0.040	0.400	0.680	0.080	0	0	630	0	234814				1.690		RES_UNDETERMINED
RES-363	RR	Mamou	17.073	0	18	1.05	154	154	4	1	-12.00906	11.03291	-11.94204	11.15706	0.057	0.181	0.513	0.000	0.008	0.192	0.008	0	13	0	4607	244249				17.073		RES_UNDETERMINED
RES-364	RR	Labé	6.061	0	13	2.14	99	99	1	1	-12.07252	11.22143	-12.02088	11.23144	0.013	0.026	0.039	0.000	0.000	0.000	0.013	0	1659	7546	0	250524				6.061		RES_OUTSIDE_REFERENCE_NETWORK
RES-365	RR	Mamou	5.854	0	8	1.37	178	178	2	1	-12.13361	11.17368	-12.12071	11.21959	0.000	0.000	0.000	0.000	0.000	0.000	0.013	420	5655	12108	0	241487				5.854		RES_OUTSIDE_REFERENCE_NETWORK
RES-366	RR	Mamou	9.368	0	12	1.28	-62	298	3	1	-12.07337	11.16137	-12.00289	11.19957	0.000	0.015	0.038	0.000	0.000	0.000	0.015	0	674	1139	0	247649				9.368		RES_OUTSIDE_REFERENCE_NETWORK
RES-367	RR	Mamou	7.057	0	12	1.70	-72	288	4	1	-12.13361	11.19957	-12.07337	11.22004	0.021	0.072	0.186	0.000	0.000	0.000	0.021	0	1371	9356	0	245092				7.057		RES_UNDETERMINED
RES-368	RR	Mamou	3.608	0	7	1.94	2	2	3	1	-12.07337	11.19957	-12.06876	11.23090	0.102	0.306	0.571	0.000	0.000	0.327	0.041	0	406	9356	0	247936				3.608		RES_UNDETERMINED
RES-369	RR	Labé	14.126	0	22	1.56	120	120	4	1	-12.00338	11.10632	-11.91397	11.17125	0.005	0.032	0.063	0.021	0.090	0.222	0.016	0	0	0	0	249947				14.126		RES_UNDETERMINED
RES-37	RR	Kindia	20.052	0	29	1.45	69	69	3	1	-13.02867	9.27535	-12.86118	9.33806	0.030	0.120	0.298	0.050	0.278	0.645	0.007	0	0	0	1430	73526				20.052		RES_UNDETERMINED
RES-370	RR	Mamou	0.488	0	3	6.14	6	6	3	1	-12.00338	11.15706	-12.00269	11.16137	0.000	0.000	0.000	0.000	0.000	0.000	0.222	272	700	945	0	249947				0.488		RES_OUTSIDE_REFERENCE_NETWORK
RES-371	RR	Labé	9.673	0	23	2.38	109	109	2	1	-12.22537	11.31066	-12.15810	11.33555	0.097	0.276	0.503	0.000	0.000	0.000	0.014	0	639	530	201	246716				9.673		RES_UNDETERMINED
RES-372	RR	Mamou	6.307	0	18	2.85	-152	208	3	1	-12.32675	11.33260	-12.30214	11.37711	0.011	0.022	0.077	0.022	0.055	0.242	0.022	0	118	0	0	241511				6.307		RES_UNDETERMINED
RES-373	RR	Mamou	12.671	0	35	2.76	-54	306	3	1	-12.28511	11.25834	-12.22090	11.31738	0.027	0.109	0.333	0.000	0.000	0.000	0.011	0	541	588	0	240407				12.671		RES_UNDETERMINED
RES-374	RR	Mamou	8.439	0	16	1.90	-15	345	5	1	-12.30214	11.31714	-12.28585	11.37871	0.115	0.212	0.451	0.000	0.000	0.071	0.097	34	1986	4	0	242742				8.439		RES_UNDETERMINED
RES-375	RR	Mamou	0.127	0	2	15.74	78	78	2	1	-12.28625	11.31714	-12.28511	11.31738	1.000	1.000	1.000	0.000	0.000	0.000	0.667	3	2408	161	0	242742				0.127		RES_DUPLICATE_OR_OVERLAP
RES-376	RR	Labé	7.657	0	19	2.48	116	116	3	1	-12.30969	11.48870	-12.25595	11.51688	0.018	0.133	0.319	0.000	0.000	0.000	0.009	0	6652	224	0	257929				7.657		RES_UNDETERMINED
RES-377	RR	Labé	6.530	0	17	2.60	51	51	2	1	-12.31020	11.37711	-12.26817	11.40432	0.000	0.000	0.000	0.000	0.000	0.091	0.010	251	1458	253	0	247019				6.530		RES_OUTSIDE_REFERENCE_NETWORK
RES-378	RR	Labé	8.620	0	21	2.44	176	176	1	1	-12.38336	11.42465	-12.37027	11.49652	0.000	0.000	0.000	0.000	0.000	0.000	0.008	925	961	4131	0	247052				8.620		RES_OUTSIDE_REFERENCE_NETWORK
RES-379	RR	Labé	15.159	0	30	1.98	33	33	3	1	-12.36935	11.42154	-12.30969	11.51688	0.019	0.057	0.104	0.000	0.000	0.000	0.005	0	1216	6943	102	247094				15.159		RES_UNDETERMINED
RES-38	RR	Kindia	25.048	0	34	1.36	61	61	1	1	-13.13798	9.47856	-12.95068	9.58051	0.019	0.058	0.258	0.030	0.141	0.382	0.003	0	0	0	6376	54813				25.048		RES_UNDETERMINED
RES-380	RR	Labé	10.543	0	27	2.56	61	61	3	1	-12.26280	11.43191	-12.19161	11.47192	0.032	0.161	0.432	0.000	0.000	0.000	0.006	0	3355	0	0	254466				10.543		RES_UNDETERMINED
RES-381	RR	Mamou	4.869	0	12	2.46	26	26	3	1	-12.17790	11.27161	-12.15847	11.31070	0.029	0.101	0.246	0.000	0.000	0.000	0.029	0	752	4199	0	246240				4.869		RES_UNDETERMINED
RES-382	RR	Mamou	4.951	0	11	2.22	88	88	4	1	-12.22090	11.26883	-12.17790	11.27492	0.000	0.055	0.301	0.000	0.000	0.000	0.027	46	3958	6963	0	243085				4.951		RES_UNDETERMINED
RES-383	RR	Labé	5.698	0	12	2.11	7	7	2	1	-12.15872	11.31267	-12.15190	11.36136	0.025	0.049	0.136	0.000	0.000	0.099	0.037	0	272	0	177	251105				5.698		RES_UNDETERMINED
RES-384	RR	Labé	10.732	0	20	1.86	74	74	3	1	-12.15847	11.31070	-12.06934	11.33663	0.000	0.000	0.000	0.000	0.046	0.231	0.012	342	0	623	0	250912				10.732		RES_UNDETERMINED
RES-385	RR	Labé	9.323	0	21	2.25	116	116	4	1	-12.14152	11.33663	-12.06934	11.37235	0.014	0.064	0.340	0.085	0.213	0.887	0.021	0	0	0	0	257261				9.323		RES_UNDETERMINED
RES-386	RR	Labé	16.506	0	28	1.70	87	87	5	1	-12.06934	11.32438	-11.92709	11.34529	0.040	0.191	0.609	0.009	0.071	0.564	0.053	0	0	0	7939	259429				16.506		RES_UNDETERMINED
RES-387	RR	Labé	12.185	0	19	1.56	-49	311	3	1	-12.19161	11.40746	-12.11626	11.47192	0.045	0.263	0.810	0.000	0.000	0.000	0.011	0	2374	0	0	261929				12.185		RES_UNDETERMINED
RES-388	RR	Labé	10.662	0	15	1.41	-156	204	5	1	-12.19291	11.47192	-12.15471	11.55543	0.028	0.068	0.136	0.023	0.102	0.136	0.011	0	2155	6292	0	262627				10.662		RES_UNDETERMINED
RES-389	RR	Labé	10.289	0	15	1.46	-92	268	3	1	-12.03315	11.40183	-11.96536	11.42964	0.012	0.065	0.189	0.000	0.000	0.000	0.012	0	651	1261	0	269163				10.289		RES_UNDETERMINED
RES-39	RR	Kindia	6.110	0	12	1.96	-147	213	1	1	-13.14468	9.41897	-13.11696	9.46167	0.012	0.035	0.094	0.141	0.341	0.706	0.012	0	0	0	2749	55711				6.110		RES_UNDETERMINED
RES-390	RR	Labé	7.507	0	18	2.40	-2	358	3	1	-11.99871	11.46591	-11.98844	11.52905	0.010	0.029	0.067	0.010	0.038	0.457	0.029	0	0	0	0	276014				7.507		RES_UNDETERMINED
RES-391	RR	Labé	4.870	0	9	1.85	-32	328	3	1	-11.98844	11.42964	-11.96536	11.46591	0.014	0.058	0.203	0.000	0.000	0.029	0.029	0	1540	129	0	274654				4.870		RES_UNDETERMINED
RES-392	RR	Labé	3.322	0	7	2.11	-165	195	4	1	-11.91670	11.29355	-11.90736	11.32033	0.000	0.044	0.089	0.000	0.044	0.622	0.044	38	0	3197	0	267486				3.322		RES_UNDETERMINED
RES-393	RR	Labé	9.575	0	11	1.15	-86	274	4	1	-11.77678	11.14659	-11.69120	11.15625	0.000	0.000	0.000	0.000	0.000	0.000	0.016	5717	1919	7522	0	268124				9.575		RES_OUTSIDE_REFERENCE_NETWORK
RES-394	RR	Labé	6.456	0	8	1.24	70	70	5	1	-11.84459	11.13750	-11.78948	11.15726	0.010	0.041	0.113	0.021	0.072	0.175	0.021	0	0	6636	0	261176				6.456		RES_UNDETERMINED
RES-395	RR	Mamou	12.192	0	15	1.23	161	161	3	1	-11.84459	11.04461	-11.81399	11.13750	0.006	0.036	0.178	0.000	0.006	0.047	0.006	0	99	7410	0	256137				12.192		RES_UNDETERMINED
RES-396	RR	Labé	6.184	0	8	1.29	-111	249	3	1	-11.89626	11.11770	-11.84459	11.13750	0.000	0.000	0.010	0.000	0.000	0.000	0.010	247	1258	7410	0	255503				6.184		RES_OUTSIDE_REFERENCE_NETWORK
RES-397	RR	Labé	4.073	0	6	1.47	-161	199	3	1	-11.84459	11.13750	-11.83294	11.17058	0.164	0.685	1.000	0.000	0.000	0.000	0.014	0	598	3729	0	261176				4.073		RES_POSSIBLE_ROAD
RES-398	RR	Labé	8.586	0	11	1.28	160	160	3	1	-11.77943	11.09133	-11.75282	11.15625	0.000	0.000	0.000	0.000	0.000	0.000	0.015	5717	1917	7522	0	264830				8.586		RES_OUTSIDE_REFERENCE_NETWORK
RES-399	RR	Labé	14.800	0	18	1.22	94	94	4	1	-11.78948	11.15018	-11.69120	11.19464	0.000	0.000	0.000	0.000	0.000	0.000	0.010	4624	616	6614	0	267147				14.800		RES_OUTSIDE_REFERENCE_NETWORK
RES-4	RR	Kindia	0.612	0	4	6.53	61	61	1	1	-13.49696	9.70812	-13.49208	9.71079	0.000	0.000	0.000	0.000	0.000	0.000	0.111	344	622	321	0	20987				0.612		RES_OUTSIDE_REFERENCE_NETWORK
RES-40	RR	Kindia	30.990	0	42	1.36	83	83	3	1	-13.09782	9.40214	-12.85314	9.46611	0.033	0.096	0.280	0.020	0.116	0.453	0.002	0	588	5247	4504	60118				30.990		RES_UNDETERMINED
RES-400	RR	Labé	1.392	0	2	1.44	-85	275	4	1	-11.78948	11.15625	-11.77678	11.15726	0.000	0.000	0.000	0.000	0.000	0.000	0.118	4624	616	6692	0	267147				1.392		RES_OUTSIDE_REFERENCE_NETWORK
RES-401	RR	Labé	8.750	0	20	2.29	-28	332	3	1	-11.85253	11.25497	-11.81858	11.31758	0.000	0.031	0.186	0.023	0.085	0.574	0.008	0	0	1711	1510	271084				8.750		RES_UNDETERMINED
RES-402	RR	Labé	9.777	0	13	1.33	164	164	2	1	-11.92559	11.21864	-11.89226	11.29355	0.078	0.156	0.369	0.000	0.000	0.177	0.007	0	167	289	0	263405				9.777		RES_UNDETERMINED
RES-403	RR	Labé	10.715	0	15	1.40	-129	231	2	1	-11.98490	11.23593	-11.91438	11.29355	0.000	0.013	0.026	0.013	0.078	0.431	0.007	38	0	4859	0	257565				10.715		RES_UNDETERMINED
RES-404	RR	Labé	6.807	0	12	1.76	57	57	2	1	-11.80762	11.22871	-11.75738	11.26124	0.000	0.031	0.309	0.000	0.000	0.000	0.010	58	288	213	0	270921				6.807		RES_UNDETERMINED
RES-405	RR	Labé	6.664	0	10	1.50	-84	276	3	1	-11.81149	11.26124	-11.75738	11.27637	0.099	0.327	0.653	0.010	0.030	0.455	0.020	0	0	66	0	273467				6.664		RES_UNDETERMINED
RES-406	RR	Labé	9.358	0	12	1.28	-43	317	3	1	-11.69120	11.10079	-11.64551	11.15239	0.000	0.000	0.000	0.000	0.000	0.000	0.015	2389	7745	15096	0	274855				9.358		RES_OUTSIDE_REFERENCE_NETWORK
RES-407	RR	Labé	14.745	0	17	1.15	85	85	2	1	-11.75282	11.06238	-11.64551	11.10079	0.000	0.000	0.000	0.000	0.000	0.000	0.009	2088	4667	14968	0	265524				14.745		RES_OUTSIDE_REFERENCE_NETWORK
RES-408	RR	Labé	9.299	0	13	1.40	-1	359	2	1	-11.63365	10.97293	-11.62317	11.05392	0.014	0.043	0.156	0.000	0.000	0.000	0.007	0	717	25236	0	268928				9.299		RES_UNDETERMINED
RES-409	RR	Labé	13.598	0	22	1.62	130	130	2	1	-11.67546	11.23525	-11.60667	11.31182	0.000	0.000	0.000	0.000	0.000	0.000	0.005	9170	4457	9174	0	286098				13.598		RES_OUTSIDE_REFERENCE_NETWORK
RES-41	RR	Kindia	18.840	0	46	2.44	71	71	3	1	-13.19061	9.78559	-13.09842	9.83777	0.055	0.178	0.400	0.069	0.251	0.520	0.007	0	0	1492	0	54806				18.840		RES_UNDETERMINED
RES-410	RR	Labé	11.052	0	16	1.45	58	58	4	1	-11.75738	11.26124	-11.67546	11.31182	0.000	0.000	0.000	0.007	0.055	0.193	0.014	2846	0	5613	0	277401				11.052		RES_UNDETERMINED
RES-411	RR	Labé	11.191	0	16	1.43	155	155	2	1	-11.41264	11.29229	-11.37032	11.38263	0.000	0.012	0.037	0.000	0.006	0.025	0.006	60	62	56	0	312086				11.191		RES_OUTSIDE_REFERENCE_NETWORK
RES-412	RR	Labé	14.897	0	16	1.07	15	15	4	1	-11.91572	11.35256	-11.88062	11.47498	0.053	0.110	0.268	0.005	0.043	0.254	0.010	0	113	468	5474	272183				14.897		RES_UNDETERMINED
RES-413	RR	Labé	6.223	0	10	1.61	-87	273	5	1	-11.90736	11.31732	-11.85159	11.32336	0.012	0.059	0.129	0.000	0.047	0.753	0.024	0	74	2884	0	270135				6.223		RES_UNDETERMINED
RES-414	RR	Labé	3.764	0	8	2.13	168	168	5	1	-11.91715	11.32033	-11.90736	11.35008	0.034	0.119	0.237	0.017	0.068	0.407	0.068	0	0	0	0	270066				3.764		RES_UNDETERMINED
RES-415	RR	Labé	1.578	0	3	1.90	70	70	3	1	-11.92709	11.34529	-11.91362	11.35008	0.040	0.480	1.000	0.040	0.160	1.000	0.080	0	0	87	0	270623				1.578		RES_UNDETERMINED
RES-416	RR	Labé	0.280	0	2	7.15	169	169	4	1	-11.91411	11.35008	-11.91362	11.35256	0.600	1.000	1.000	0.000	0.600	1.000	0.400	7	34	193	0	272022				0.280		RES_POSSIBLE_ROAD
RES-417	RR	Labé	4.243	0	7	1.65	93	93	3	1	-11.91411	11.35060	-11.87652	11.35430	0.030	0.194	0.866	0.030	0.299	0.791	0.030	0	0	1	0	272183				4.243		RES_UNDETERMINED
RES-418	RR	Labé	4.306	0	8	1.86	-32	328	6	1	-11.87192	11.31758	-11.85159	11.35048	0.035	0.088	0.175	0.018	0.053	0.579	0.070	0	0	0	0	274215				4.306		RES_UNDETERMINED
RES-419	RR	Labé	7.674	0	12	1.56	-86	274	3	1	-11.85159	11.31245	-11.78412	11.32116	0.000	0.009	0.037	0.028	0.156	0.734	0.009	75	0	2948	2606	274215				7.674		RES_UNDETERMINED
RES-42	RR	Kindia	6.097	0	22	3.61	-174	186	2	1	-13.33160	9.66310	-13.31907	9.71336	0.012	0.082	0.153	0.024	0.200	0.694	0.024	0	20	2393	0	34765				6.097		RES_UNDETERMINED
RES-420	RR	Labé	1.258	0	3	2.38	95	95	4	1	-11.87192	11.34949	-11.86050	11.35071	0.040	0.160	0.800	0.000	0.080	0.920	0.080	0	49	32	0	275225				1.258		RES_UNDETERMINED
RES-421	RR	Labé	0.502	0	2	3.98	92	92	3	1	-11.87652	11.35048	-11.87192	11.35060	0.222	0.556	1.000	0.000	0.000	1.000	0.222	0	209	1	0	274883				0.502		RES_POSSIBLE_ROAD
RES-422	RR	Labé	9.912	0	16	1.61	88	88	3	1	-11.86050	11.34416	-11.77408	11.35317	0.022	0.182	0.474	0.000	0.036	0.635	0.022	0	185	0	2606	276022				9.912		RES_UNDETERMINED
RES-423	RR	Labé	11.696	0	14	1.20	-165	195	4	1	-11.86390	11.34949	-11.83535	11.44646	0.018	0.059	0.160	0.000	0.006	0.361	0.012	0	688	42	0	276022				11.696		RES_UNDETERMINED
RES-424	RR	Labé	6.515	0	10	1.53	122	122	4	1	-11.88062	11.44646	-11.83535	11.47498	0.106	0.259	0.541	0.000	0.000	0.012	0.024	0	240	4077	0	284492				6.515		RES_UNDETERMINED
RES-425	RR	Labé	7.110	0	11	1.55	-176	184	3	1	-11.96536	11.42964	-11.95279	11.48899	0.035	0.115	0.460	0.000	0.000	0.186	0.018	0	460	0	0	274654				7.110		RES_UNDETERMINED
RES-426	RR	Labé	3.752	0	7	1.87	105	105	2	1	-11.91373	11.47498	-11.88062	11.48404	0.053	0.298	0.596	0.000	0.000	0.000	0.018	0	3969	4134	0	282894				3.752		RES_UNDETERMINED
RES-427	RR	Labé	5.545	0	8	1.44	-8	352	2	1	-11.84553	11.44646	-11.83535	11.49167	0.000	0.045	0.427	0.000	0.000	0.079	0.011	0	151	248	0	285632				5.545		RES_UNDETERMINED
RES-428	RR	Labé	15.742	0	19	1.21	38	38		1	-11.81443	11.49036	-11.73614	11.57541	0.000	0.000	0.009	0.000	0.000	0.129	0.000	175	364	175	5563	291630				15.742		RES_UNDETERMINED
RES-429	RR	Labé	0.363	0	2	5.52	47	47	1	1	-11.67709	11.39859	-11.67469	11.40086	0.000	0.200	1.000	0.000	0.000	0.000	0.200	100	843	93	0	294150				0.363		RES_UNDETERMINED
RES-43	RR	Kindia	6.828	0	17	2.49	-75	285	2	1	-13.32267	9.62072	-13.26545	9.63849	0.065	0.258	0.656	0.108	0.301	0.527	0.011	0	0	105	0	34340				6.828		RES_UNDETERMINED
RES-430	RR	Labé	9.876	0	13	1.32	-1	359	4	1	-11.68324	11.31182	-11.67347	11.39766	0.013	0.039	0.059	0.007	0.033	0.078	0.033	0	0	0	0	287790				9.876		RES_OUTSIDE_REFERENCE_NETWORK
RES-431	RR	Labé	0.111	0	2	17.97	23	23	2	1	-11.67748	11.39766	-11.67709	11.39859	0.000	1.000	1.000	0.000	0.000	0.000	0.667	53	1029	44	0	294048				0.111		RES_DUPLICATE_OR_OVERLAP
RES-432	RR	Labé	8.313	0	12	1.44	-171	189	4	1	-11.41264	11.38263	-11.39376	11.45064	0.000	0.000	0.000	0.029	0.139	0.197	0.015	364	0	5558	0	314678				8.313		RES_UNDETERMINED
RES-433	RR	Labé	10.065	0	15	1.49	-25	335	4	1	-11.44919	11.38263	-11.41264	11.46153	0.000	0.000	0.000	0.014	0.069	0.179	0.014	1365	0	5558	0	314208				10.065		RES_UNDETERMINED
RES-434	RR	Labé	14.650	0	21	1.43	-180	180	2	1	-11.52503	11.38357	-11.48817	11.47528	0.000	0.005	0.014	0.014	0.066	0.180	0.005	99	0	1610	0	306655				14.650		RES_UNDETERMINED
RES-435	RR	Labé	6.311	0	9	1.43	18	18	2	1	-11.69876	11.46480	-11.67414	11.50527	0.000	0.000	0.000	0.045	0.169	0.449	0.011	603	0	604	0	298422				6.311		RES_UNDETERMINED
RES-436	RR	Labé	5.318	0	8	1.50	103	103	4	1	-11.44919	11.45064	-11.40222	11.46153	0.000	0.000	0.000	0.025	0.111	0.568	0.025	290	0	10295	0	317265				5.318		RES_UNDETERMINED
RES-437	RR	Labé	21.087	0	29	1.38	97	97	2	1	-11.40222	11.43034	-11.23400	11.46751	0.000	0.012	0.030	0.006	0.027	0.050	0.003	0	0	14060	0	320369				21.087		RES_OUTSIDE_REFERENCE_NETWORK
RES-438	RR	Labé	5.640	0	9	1.60	108	108	5	1	-11.55668	11.47528	-11.50869	11.49129	0.136	0.432	1.000	0.012	0.037	0.148	0.037	0	0	175	0	310749				5.640		RES_UNDETERMINED
RES-439	RR	Labé	6.693	0	9	1.34	103	103	4	1	-11.50869	11.46153	-11.44919	11.47528	0.022	0.101	0.270	0.011	0.090	0.202	0.022	0	0	4465	0	313414				6.693		RES_UNDETERMINED
RES-44	RR	Kindia	9.455	0	26	2.75	126	126	3	1	-13.32468	9.62072	-13.26417	9.66310	0.104	0.378	0.859	0.059	0.170	0.526	0.015	0	322	2260	0	34892				9.455		RES_UNDETERMINED
RES-440	RR	Labé	1.446	0	4	2.77	3	3	2	1	-12.10699	11.82649	-12.10638	11.83954	0.000	0.000	0.000	0.048	0.143	0.333	0.048	381	0	19537	0	299960				1.446		RES_UNDETERMINED
RES-441	RR	Labé	9.544	0	12	1.26	-17	343	3	1	-12.19136	11.64059	-12.16329	11.71350	0.000	0.000	0.000	0.000	0.000	0.000	0.013	4450	9173	9936	0	279534				9.544		RES_OUTSIDE_REFERENCE_NETWORK
RES-442	RR	Labé	12.405	0	17	1.37	-22	338	5	1	-12.19200	11.58228	-12.14304	11.64059	0.000	0.000	0.000	0.000	0.000	0.000	0.011	707	3045	7617	0	273263				12.405		RES_OUTSIDE_REFERENCE_NETWORK
RES-443	RR	Labé	7.520	0	17	2.26	-107	253	4	1	-12.37515	11.49743	-12.30969	11.51688	0.000	0.000	0.000	0.000	0.000	0.000	0.017	628	1892	6681	0	253477				7.520		RES_OUTSIDE_REFERENCE_NETWORK
RES-444	RR	Labé	8.773	0	17	1.94	59	59	4	1	-12.31243	11.51688	-12.25085	11.55375	0.009	0.018	0.046	0.000	0.000	0.000	0.018	0	7658	0	0	259207				8.773		RES_OUTSIDE_REFERENCE_NETWORK
RES-445	RR	Labé	12.723	0	22	1.73	-7	353	4	1	-12.31504	11.80789	-12.28666	11.90862	0.011	0.037	0.144	0.000	0.000	0.000	0.021	0	4885	0	0	287437				12.723		RES_UNDETERMINED
RES-446	RR	Labé	13.258	0	18	1.36	80	80	3	1	-12.33725	11.70467	-12.22278	11.73104	0.079	0.249	0.429	0.000	0.000	0.000	0.011	0	19954	0	0	275643				13.258		RES_UNDETERMINED
RES-447	RR	Labé	7.119	0	12	1.69	-79	281	4	1	-12.35220	11.80712	-12.29223	11.82238	0.021	0.062	0.144	0.000	0.000	0.000	0.031	0	12917	0	0	285239				7.119		RES_UNDETERMINED
RES-448	RR	Labé	6.837	0	10	1.46	11	11	4	1	-12.22278	11.73104	-12.21088	11.79141	0.059	0.139	0.208	0.000	0.000	0.000	0.020	0	10937	8774	0	284199				6.837		RES_UNDETERMINED
RES-449	RR	Labé	5.840	0	12	2.05	115	115	3	1	-12.22278	11.71350	-12.18560	11.73516	0.011	0.022	0.032	0.000	0.000	0.000	0.022	12	14472	8774	0	284199				5.840		RES_OUTSIDE_REFERENCE_NETWORK
RES-45	RR	Kindia	25.822	0	44	1.70	153	153	2	1	-13.20163	9.61960	-13.09269	9.80863	0.005	0.022	0.051	0.051	0.218	0.407	0.003	0	0	8351	0	52900				25.822		RES_UNDETERMINED
RES-450	RR	Labé	10.264	0	16	1.56	-79	281	4	1	-12.29265	11.79141	-12.21088	11.80944	0.000	0.000	0.000	0.000	0.000	0.000	0.013	426	10937	5844	0	287286				10.264		RES_OUTSIDE_REFERENCE_NETWORK
RES-451	RR	Labé	13.151	0	25	1.90	71	71	4	1	-12.21088	11.78810	-12.10699	11.82649	0.016	0.108	0.405	0.000	0.000	0.000	0.011	0	1019	15018	0	290522				13.151		RES_UNDETERMINED
RES-452	RR	Labé	6.798	0	11	1.62	69	69	4	1	-12.16329	11.64059	-12.10984	11.66321	0.000	0.000	0.000	0.000	0.000	0.000	0.021	6359	9173	12249	0	279534				6.798		RES_OUTSIDE_REFERENCE_NETWORK
RES-453	RR	Labé	8.987	0	13	1.45	-155	205	5	1	-12.14304	11.58965	-12.10984	11.66074	0.000	0.000	0.000	0.000	0.000	0.000	0.015	707	3513	12264	0	276243				8.987		RES_OUTSIDE_REFERENCE_NETWORK
RES-454	RR	Labé	8.539	0	12	1.41	135	135	3	1	-12.15471	11.50207	-12.10072	11.55543	0.015	0.036	0.088	0.007	0.058	0.358	0.007	0	63	10190	0	271310				8.539		RES_UNDETERMINED
RES-455	RR	Labé	10.368	0	12	1.16	-108	252	5	1	-12.15471	11.55538	-12.06684	11.58319	0.007	0.052	0.157	0.013	0.046	0.078	0.013	0	15	10190	0	272440				10.368		RES_UNDETERMINED
RES-456	RR	Labé	4.706	0	9	1.91	-161	199	6	1	-12.15844	11.55543	-12.14304	11.58965	0.000	0.000	0.072	0.014	0.101	0.130	0.029	185	67	10109	0	272295				4.706		RES_UNDETERMINED
RES-457	RR	Labé	8.524	0	12	1.41	-85	275	5	1	-12.14304	11.58319	-12.06684	11.59101	0.048	0.181	0.476	0.000	0.000	0.000	0.019	0	3513	12264	0	276243				8.524		RES_UNDETERMINED
RES-458	RR	Labé	5.292	0	9	1.70	-46	314	1	1	-11.99036	11.49635	-11.95653	11.52905	0.000	0.000	0.039	0.000	0.026	0.779	0.013	126	0	126	0	280459				5.292		RES_UNDETERMINED
RES-459	RR	Labé	16.807	0	23	1.37	-133	227	4	1	-12.06684	11.58319	-11.96670	11.67704	0.008	0.086	0.428	0.012	0.043	0.086	0.008	0	444	267	1139	280665				16.807		RES_UNDETERMINED
RES-46	RR	Kindia	11.018	0	23	2.09	176	176	4	1	-13.30329	10.05418	-13.28420	10.14160	0.053	0.320	0.822	0.000	0.000	0.000	0.012	0	809	25373	0	64690				11.018		RES_UNDETERMINED
RES-460	RR	Labé	13.639	0	19	1.39	101	101	4	1	-12.05444	11.71958	-11.94936	11.74639	0.005	0.041	0.078	0.016	0.073	0.244	0.010	0	0	220	2845	295951				13.639		RES_UNDETERMINED
RES-461	RR	Labé	8.251	0	11	1.33	25	25	4	1	-12.08567	11.67971	-12.05444	11.74639	0.000	0.000	0.000	0.000	0.000	0.000	0.017	4460	2426	11293	0	287979				8.251		RES_OUTSIDE_REFERENCE_NETWORK
RES-462	RR	Labé	3.384	0	6	1.77	52	52	4	1	-12.10984	11.66074	-12.08567	11.67971	0.000	0.000	0.000	0.000	0.000	0.000	0.041	8231	5334	12738	0	284733				3.384		RES_OUTSIDE_REFERENCE_NETWORK
RES-463	RR	Labé	13.853	0	17	1.23	-93	267	4	1	-12.08567	11.67208	-11.97373	11.69391	0.000	0.000	0.000	0.040	0.109	0.164	0.010	536	0	536	2845	287979				13.853		RES_UNDETERMINED
RES-464	RR	Labé	2.289	0	7	3.06	119	119	4	1	-12.10699	11.81747	-12.09068	11.82649	0.152	0.545	0.909	0.000	0.000	0.000	0.061	0	1019	17556	0	299694				2.289		RES_POSSIBLE_ROAD
RES-465	RR	Labé	9.141	0	11	1.20	-27	333	4	1	-12.09068	11.74639	-12.05444	11.81747	0.007	0.036	0.066	0.000	0.000	0.000	0.015	0	1686	12949	0	295951				9.141		RES_OUTSIDE_REFERENCE_NETWORK
RES-466	RR	Labé	19.534	0	27	1.38	80	80	4	1	-12.09068	11.80824	-11.93384	11.84483	0.106	0.371	0.707	0.000	0.000	0.028	0.007	0	100	4909	873	300129				19.534		RES_UNDETERMINED
RES-467	RR	Labé	5.472	0	9	1.64	-149	211	4	1	-11.97373	11.68466	-11.94936	11.72590	0.012	0.247	0.753	0.025	0.111	0.235	0.025	0	0	64	0	295757				5.472		RES_UNDETERMINED
RES-468	RR	Labé	1.158	0	3	2.59	137	137	4	1	-11.97373	11.67704	-11.96670	11.68466	0.000	0.000	0.263	0.000	0.053	0.211	0.105	204	83	214	0	295565				1.158		RES_UNDETERMINED
RES-469	RR	Labé	3.815	0	7	1.84	-52	308	4	1	-11.96670	11.65712	-11.94110	11.67809	0.034	0.356	0.881	0.034	0.271	0.458	0.034	0	0	19	0	295560				3.815		RES_UNDETERMINED
RES-47	RR	Kindia	4.813	0	12	2.49	130	130	3	1	-13.22288	9.80863	-13.19021	9.83544	0.105	0.491	0.895	0.018	0.053	0.789	0.035	0	0	311	0	53299				4.813		RES_UNDETERMINED
RES-470	RR	Labé	7.562	0	15	1.98	-18	342	4	1	-11.96174	11.74970	-11.94069	11.81277	0.000	0.000	0.027	0.009	0.018	0.150	0.009	130	0	961	0	303651				7.562		RES_UNDETERMINED
RES-471	RR	Labé	23.435	0	38	1.62	-22	338	3	1	-12.29619	11.91137	-12.22615	12.07479	0.003	0.008	0.017	0.000	0.000	0.000	0.006	136	1549	134	0	300721				23.435		RES_OUTSIDE_REFERENCE_NETWORK
RES-472	RR	Labé	3.924	0	10	2.55	41	41	4	1	-12.30148	12.07438	-12.27922	12.09364	0.048	0.175	0.429	0.000	0.000	0.000	0.063	0	562	0	0	312945				3.924		RES_UNDETERMINED
RES-473	RR	Labé	23.496	0	35	1.49	-32	328	2	1	-12.38291	11.89464	-12.30469	12.01935	0.003	0.014	0.032	0.000	0.000	0.000	0.003	0	4807	4940	5327	292331				23.496		RES_OUTSIDE_REFERENCE_NETWORK
RES-474	RR	Labé	8.642	0	14	1.62	-107	253	1	1	-12.37576	12.05273	-12.32013	12.08409	0.008	0.041	0.058	0.000	0.000	0.074	0.008	0	555	0	2266	306848				8.642		RES_OUTSIDE_REFERENCE_NETWORK
RES-475	RR	Labé	10.043	0	20	1.99	127	127	3	1	-12.30012	11.91137	-12.23037	11.96373	0.060	0.087	0.107	0.034	0.081	0.148	0.067	0	0	579	0	300368				10.043		RES_UNDETERMINED
RES-476	RR	Labé	1.623	0	5	3.08	66	66	2	1	-12.33721	12.22790	-12.32372	12.23396	0.048	0.381	0.952	0.000	0.095	0.524	0.095	0	48	5564	0	326088				1.623		RES_UNDETERMINED
RES-477	RR	Labé	6.075	0	9	1.48	-101	259	2	1	-12.35100	12.18160	-12.29672	12.19189	0.000	0.021	0.041	0.010	0.124	0.649	0.010	0	0	3797	0	320824				6.075		RES_UNDETERMINED
RES-478	RR	Labé	5.330	0	10	1.88	-16	344	1	1	-12.35052	12.22790	-12.33721	12.27350	0.000	0.014	0.042	0.000	0.000	0.099	0.014	95	166	6962	0	326049				5.330		RES_OUTSIDE_REFERENCE_NETWORK
RES-479	RR	Labé	27.549	0	32	1.16	-67	293	5	1	-12.29672	12.11214	-12.11185	12.21179	0.000	0.000	0.000	0.015	0.038	0.196	0.045	4829	391	730	1187	324467				27.549		RES_UNDETERMINED
RES-48	RR	Kindia	7.537	0	21	2.79	-10	350	1	1	-13.19077	9.83439	-13.17832	9.89903	0.009	0.028	0.084	0.047	0.187	0.636	0.009	0	200	0	2967	57330				7.537		RES_UNDETERMINED
RES-480	RR	Labé	11.654	0	17	1.46	170	170	4	1	-12.29672	12.09364	-12.27490	12.19189	0.000	0.012	0.036	0.000	0.000	0.006	0.012	31	1446	3834	0	315693				11.654		RES_OUTSIDE_REFERENCE_NETWORK
RES-481	RR	Labé	15.970	0	25	1.57	77	77	3	1	-12.32372	12.21373	-12.20067	12.26141	0.000	0.004	0.013	0.013	0.034	0.129	0.009	53	0	0	1187	326902				15.970		RES_UNDETERMINED
RES-482	RR	Labé	12.085	0	19	1.57	0	0	1	1	-12.12738	11.96316	-12.10988	12.06333	0.000	0.000	0.000	0.000	0.000	0.000	0.006	6542	3181	12754	0	312436				12.085		RES_OUTSIDE_REFERENCE_NETWORK
RES-483	RR	Labé	15.593	0	24	1.54	67	67	3	1	-12.23037	11.91137	-12.11032	11.96617	0.000	0.000	0.000	0.000	0.000	0.000	0.009	6542	404	7365	0	300721				15.593		RES_OUTSIDE_REFERENCE_NETWORK
RES-484	RR	Labé	10.696	0	12	1.12	1	1	1	1	-12.20577	12.26141	-12.19964	12.35658	0.000	0.000	0.000	0.007	0.013	0.046	0.007	8649	0	5758	0	336065				10.696		RES_OUTSIDE_REFERENCE_NETWORK
RES-485	RR	Labé	22.021	0	33	1.50	84	84	4	1	-12.27922	12.08582	-12.11227	12.11214	0.006	0.028	0.071	0.000	0.000	0.089	0.022	0	657	899	2325	315428				22.021		RES_OUTSIDE_REFERENCE_NETWORK
RES-486	RR	Labé	33.973	0	36	1.06	-28	332	1	1	-11.96338	12.15276	-11.81894	12.41024	0.006	0.025	0.125	0.000	0.000	0.004	0.006	0	193	142	0	346826				33.973		RES_UNDETERMINED
RES-487	RR	Labé	5.928	0	10	1.69	-52	308	4	1	-11.84444	11.67725	-11.80433	11.70810	0.000	0.000	0.000	0.000	0.000	0.383	0.025	6274	2921	11573	0	306610				5.928		RES_UNDETERMINED
RES-488	RR	Labé	9.395	0	12	1.28	14	14	2	1	-11.68382	11.50527	-11.65581	11.57786	0.000	0.000	0.000	0.039	0.144	0.255	0.007	4646	0	4648	0	302584				9.395		RES_UNDETERMINED
RES-489	RR	Labé	10.615	0	16	1.51	-36	324	4	1	-11.94110	11.58814	-11.89018	11.65712	0.013	0.146	0.650	0.019	0.076	0.153	0.019	0	0	0	0	292222				10.615		RES_UNDETERMINED
RES-49	RR	Kindia	14.124	0	29	2.05	155	155		1	-13.05847	9.74660	-13.00624	9.85960	0.000	0.000	0.000	0.062	0.176	0.492	0.000	698	0	698	5683	69799				14.124		RES_UNDETERMINED
RES-490	RR	Labé	13.703	0	18	1.31	70	70	3	1	-11.89018	11.57952	-11.78552	11.62533	0.115	0.392	0.856	0.000	0.000	0.000	0.010	0	1666	479	5563	293255				13.703		RES_UNDETERMINED
RES-491	RR	Labé	4.340	0	8	1.84	-107	253	3	1	-11.83664	11.66247	-11.80433	11.67725	0.000	0.000	0.000	0.000	0.000	0.087	0.029	5789	4064	10734	0	303689				4.340		RES_OUTSIDE_REFERENCE_NETWORK
RES-492	RR	Labé	9.385	0	13	1.39	-170	190	5	1	-11.94110	11.65712	-11.92684	11.73976	0.007	0.013	0.027	0.034	0.174	0.403	0.013	689	443	1510	2216	295577				9.385		RES_UNDETERMINED
RES-493	RR	Labé	4.833	0	8	1.66	-11	349	3	1	-11.84444	11.66724	-11.83664	11.70806	0.000	0.000	0.000	0.000	0.000	0.000	0.027	7353	2698	10476	0	303700				4.833		RES_OUTSIDE_REFERENCE_NETWORK
RES-494	RR	Labé	5.693	0	8	1.41	-6	354	4	1	-11.79355	11.62533	-11.78563	11.67531	0.000	0.000	0.000	0.000	0.000	0.568	0.025	401	2292	12575	0	303860				5.693		RES_UNDETERMINED
RES-495	RR	Labé	8.450	0	14	1.66	56	56	4	1	-11.78563	11.62533	-11.72552	11.66552	0.041	0.333	0.846	0.000	0.000	0.000	0.016	0	2073	12575	0	303860				8.450		RES_UNDETERMINED
RES-496	RR	Labé	9.777	0	15	1.53	-175	185	4	1	-11.80353	11.67531	-11.78103	11.75313	0.000	0.000	0.000	0.000	0.000	0.073	0.015	5085	6707	12911	976	307640				9.777		RES_OUTSIDE_REFERENCE_NETWORK
RES-497	RR	Labé	1.508	0	4	2.65	-82	278	4	1	-11.80433	11.67531	-11.79075	11.67725	0.000	0.000	0.000	0.000	0.000	0.800	0.080	5085	6789	13933	0	306833				1.508		RES_UNDETERMINED
RES-498	RR	Labé	16.004	0	22	1.37	-128	232	4	1	-11.72552	11.65939	-11.62900	11.73978	0.037	0.195	0.423	0.000	0.000	0.050	0.008	0	6980	19576	0	311511				16.004		RES_UNDETERMINED
RES-499	RR	Labé	5.713	0	8	1.40	30	30	3	1	-11.72552	11.66552	-11.70084	11.70898	0.000	0.000	0.425	0.000	0.000	0.000	0.027	125	7835	20328	0	311548				5.713		RES_UNDETERMINED
RES-5	RR	Kindia	2.718	0	9	3.31	139	139	3	1	-13.49208	9.69249	-13.47607	9.71079	0.195	0.537	0.829	0.000	0.000	0.415	0.073	0	1505	0	0	21476				2.718		RES_POSSIBLE_ROAD
RES-50	RR	Kindia	18.961	0	31	1.63	-17	343	1	1	-13.09043	9.90035	-13.04739	10.04494	0.004	0.007	0.079	0.014	0.065	0.191	0.004	0	0	130	0	72552				18.961		RES_UNDETERMINED
RES-500	RR	Labé	11.546	0	16	1.39	9	9	7	1	-11.49389	11.55467	-11.46571	11.63935	0.041	0.065	0.095	0.000	0.000	0.000	0.024	0	4578	0	0	320604				11.546		RES_OUTSIDE_REFERENCE_NETWORK
RES-501	RR	Labé	7.694	0	13	1.69	159	159	4	1	-11.58622	11.53809	-11.55994	11.60119	0.000	0.000	0.000	0.000	0.000	0.000	0.017	3701	2213	3701	0	314042				7.694		RES_OUTSIDE_REFERENCE_NETWORK
RES-502	RR	Labé	13.898	0	17	1.22	74	74	4	1	-11.67414	11.50527	-11.55994	11.53809	0.000	0.000	0.000	0.016	0.073	0.114	0.010	3662	0	3663	0	302584				13.898		RES_UNDETERMINED
RES-503	RR	Labé	10.292	0	14	1.36	45	45	5	1	-11.55668	11.49129	-11.49267	11.55467	0.061	0.190	0.497	0.000	0.000	0.007	0.082	0	497	0	0	310749				10.292		RES_UNDETERMINED
RES-504	RR	Labé	5.484	0	9	1.64	176	176	4	1	-11.55994	11.49129	-11.55271	11.53809	0.000	0.000	0.034	0.011	0.056	0.146	0.034	179	0	613	0	310749				5.484		RES_UNDETERMINED
RES-505	RR	Labé	20.258	0	24	1.18	-107	253	5	1	-11.49309	11.53065	-11.34959	11.59907	0.003	0.007	0.020	0.010	0.034	0.108	0.010	0	0	0	4551	320604				20.258		RES_UNDETERMINED
RES-506	RR	Labé	18.926	0	22	1.16	49	49	6	1	-11.47970	11.63935	-11.36664	11.73832	0.004	0.015	0.030	0.000	0.000	0.000	0.011	0	12229	859	0	328113				18.926		RES_OUTSIDE_REFERENCE_NETWORK
RES-507	RR	Labé	12.451	0	17	1.37	-110	250	5	1	-11.58463	11.60119	-11.47970	11.63935	0.000	0.000	0.000	0.000	0.000	0.000	0.012	2557	9109	417	0	316990				12.451		RES_OUTSIDE_REFERENCE_NETWORK
RES-508	RR	Labé	19.464	0	26	1.34	5	5	2	1	-11.63326	11.60119	-11.57435	11.72895	0.000	0.000	0.000	0.000	0.000	0.000	0.003	4161	5996	10561	0	315605				19.464		RES_OUTSIDE_REFERENCE_NETWORK
RES-509	RR	Labé	10.762	0	14	1.30	100	100	6	1	-11.47970	11.62324	-11.38643	11.63935	0.006	0.037	0.242	0.000	0.000	0.000	0.019	0	10550	0	0	328113				10.762		RES_UNDETERMINED
RES-51	RR	Kindia	8.149	0	17	2.09	105	105	3	1	-13.09039	10.02344	-13.02233	10.04494	0.000	0.000	0.000	0.142	0.549	0.885	0.018	670	0	10856	0	78991				8.149		RES_UNDETERMINED
RES-510	RR	Labé	19.436	0	25	1.29	76	76	2	1	-11.34959	11.59907	-11.18393	11.64141	0.000	0.000	0.000	0.000	0.000	0.000	0.003	5857	1691	7026	0	335477				19.436		RES_OUTSIDE_REFERENCE_NETWORK
RES-511	RR	Labé	5.406	0	9	1.66	123	123	4	1	-11.38643	11.59907	-11.34959	11.62328	0.000	0.000	0.000	0.000	0.000	0.000	0.024	1504	8963	1504	0	334297				5.406		RES_OUTSIDE_REFERENCE_NETWORK
RES-512	RR	Labé	19.338	0	23	1.19	-150	210	5	1	-11.38643	11.62328	-11.29431	11.72776	0.053	0.281	0.509	0.000	0.000	0.000	0.053	0	11272	0	0	334297				19.338		RES_UNDETERMINED
RES-513	RR	Labé	8.387	0	13	1.55	-39	321	3	1	-11.74544	11.70898	-11.70084	11.76371	0.000	0.000	0.000	0.000	0.000	0.176	0.016	250	3108	15538	0	316125				8.387		RES_UNDETERMINED
RES-514	RR	Labé	2.672	0	5	1.87	-7	353	3	1	-11.75233	11.76371	-11.74544	11.78454	0.000	0.000	0.000	0.000	0.000	0.000	0.049	8005	810	14272	0	318272				2.672		RES_OUTSIDE_REFERENCE_NETWORK
RES-515	RR	Labé	9.945	0	13	1.31	-69	291	4	1	-11.92709	11.70806	-11.84444	11.73987	0.000	0.000	0.000	0.032	0.134	0.363	0.013	1501	6	1510	1765	303691				9.945		RES_UNDETERMINED
RES-516	RR	Labé	1.871	0	3	1.60	126	126	7	1	-11.94069	11.73976	-11.92709	11.74970	0.030	0.121	0.273	0.000	0.091	0.273	0.091	0	35	0	0	303517				1.871		RES_UNDETERMINED
RES-517	RR	Labé	2.847	0	6	2.11	20	20	6	1	-11.94936	11.72590	-11.94069	11.74970	0.000	0.000	0.561	0.000	0.000	0.000	0.049	129	398	124	0	300990				2.847		RES_UNDETERMINED
RES-518	RR	Labé	11.996	0	18	1.50	35	35	6	1	-11.94079	11.74970	-11.88344	11.83151	0.011	0.061	0.380	0.022	0.056	0.117	0.022	0	2359	0	0	303651				11.996		RES_UNDETERMINED
RES-519	RR	Labé	19.131	0	23	1.20	89	89	7	1	-11.94069	11.74744	-11.78332	11.76617	0.003	0.013	0.027	0.013	0.061	0.185	0.010	0	0	458	1765	303651				19.131		RES_UNDETERMINED
RES-52	RR	Kindia	19.848	0	31	1.56	-33	327	4	1	-13.13182	10.05668	-13.03490	10.16014	0.060	0.203	0.455	0.003	0.040	0.355	0.007	0	193	14395	0	80798				19.848		RES_UNDETERMINED
RES-520	RR	Labé	14.295	0	20	1.40	102	102	4	1	-11.74544	11.73978	-11.62900	11.77336	0.005	0.019	0.028	0.000	0.000	0.000	0.009	0	3034	15538	0	318272				14.295		RES_OUTSIDE_REFERENCE_NETWORK
RES-521	RR	Labé	5.433	0	9	1.66	-132	228	3	1	-11.78332	11.75313	-11.74798	11.78504	0.000	0.000	0.000	0.000	0.000	0.000	0.025	10057	703	12751	0	314708				5.433		RES_OUTSIDE_REFERENCE_NETWORK
RES-522	RR	Labé	6.160	0	11	1.79	105	105	3	1	-11.93384	11.83151	-11.88387	11.84762	0.000	0.000	0.027	0.000	0.000	0.000	0.027	194	5803	194	0	312497				6.160		RES_OUTSIDE_REFERENCE_NETWORK
RES-523	RR	Labé	28.635	0	39	1.36	29	29	7	1	-11.93409	11.84483	-11.82613	12.04166	0.046	0.228	0.460	0.000	0.000	0.036	0.027	0	3570	0	0	312497				28.635		RES_UNDETERMINED
RES-524	RR	Labé	11.753	0	17	1.45	50	50	2	1	-11.82613	12.02680	-11.76994	12.08806	0.000	0.000	0.000	0.000	0.000	0.288	0.006	412	3351	412	0	336993				11.753		RES_UNDETERMINED
RES-525	RR	Labé	13.784	0	23	1.67	-2	358	4	1	-11.84164	12.04166	-11.82613	12.15276	0.044	0.171	0.366	0.005	0.020	0.102	0.054	0	0	0	0	336993				13.784		RES_UNDETERMINED
RES-526	RR	Labé	8.358	0	12	1.44	153	153	4	1	-11.32486	11.76151	-11.29218	11.82591	0.000	0.000	0.000	0.000	0.000	0.000	0.016	2363	17124	2363	0	352154				8.358		RES_OUTSIDE_REFERENCE_NETWORK
RES-527	RR	Labé	7.912	0	10	1.26	-34	326	5	1	-11.40535	11.73832	-11.36664	11.79446	0.023	0.101	0.233	0.000	0.000	0.000	0.039	0	10755	0	0	344585				7.912		RES_UNDETERMINED
RES-528	RR	Labé	17.242	0	24	1.39	26	26	4	1	-11.62900	11.73978	-11.56642	11.84452	0.068	0.231	0.418	0.000	0.000	0.135	0.008	0	5224	17912	4438	324707				17.242		RES_UNDETERMINED
RES-529	RR	Labé	7.987	0	13	1.63	-136	224	4	1	-11.32501	11.72776	-11.28377	11.76151	0.000	0.009	0.092	0.000	0.000	0.000	0.018	97	14856	1148	0	347070				7.987		RES_OUTSIDE_REFERENCE_NETWORK
RES-53	RR	Kindia	3.657	0	7	1.91	-23	337	4	1	-13.03490	10.02641	-13.02233	10.05668	0.000	0.000	0.057	0.038	0.264	0.509	0.038	107	0	10856	0	83465				3.657		RES_UNDETERMINED
RES-530	RR	Labé	5.316	0	7	1.32	104	104	4	1	-11.36664	11.72568	-11.32501	11.73955	0.000	0.000	0.000	0.000	0.000	0.000	0.025	457	15454	457	0	344585				5.316		RES_OUTSIDE_REFERENCE_NETWORK
RES-531	RR	Labé	29.271	0	28	0.96	58	58	2	1	-11.29218	11.75069	-11.10778	11.87596	0.020	0.082	0.264	0.000	0.000	0.000	0.002	0	8228	5799	0	352235				29.271		RES_UNDETERMINED
RES-532	RR	Labé	7.523	0	12	1.60	-12	348	4	1	-11.58778	11.84452	-11.56717	11.89334	0.000	0.000	0.000	0.000	0.000	0.333	0.017	1867	506	19845	0	337065				7.523		RES_UNDETERMINED
RES-533	RR	Labé	6.992	0	9	1.29	-65	295	3	1	-11.63449	11.84452	-11.57739	11.87096	0.010	0.041	0.103	0.000	0.000	0.031	0.021	0	4194	19872	0	335149				6.992		RES_UNDETERMINED
RES-534	RR	Labé	10.679	0	13	1.22	64	64	3	1	-11.64346	11.87096	-11.58778	11.91001	0.000	0.000	0.020	0.026	0.065	0.183	0.013	137	0	21763	0	335146				10.679		RES_UNDETERMINED
RES-535	RR	Labé	32.791	0	42	1.28	11	11	2	1	-11.60997	11.89334	-11.53476	12.11356	0.000	0.000	0.000	0.006	0.025	0.075	0.002	5320	0	22669	6526	340356				32.791		RES_OUTSIDE_REFERENCE_NETWORK
RES-536	RR	Labé	10.500	0	13	1.24	69	69	6	1	-11.40521	11.79446	-11.32486	11.83353	0.026	0.065	0.124	0.000	0.000	0.000	0.039	0	10755	0	0	345940				10.500		RES_UNDETERMINED
RES-537	RR	Labé	41.019	0	41	1.00	-15	345	2	1	-11.50067	11.79446	-11.40521	12.04921	0.010	0.073	0.191	0.000	0.000	0.030	0.002	0	478	2946	8302	342128				41.019		RES_UNDETERMINED
RES-538	RR	Labé	21.915	0	23	1.05	20	20	3	1	-11.33708	11.82591	-11.26248	11.99791	0.013	0.052	0.075	0.000	0.000	0.000	0.016	0	5590	0	0	354604				21.915		RES_OUTSIDE_REFERENCE_NETWORK
RES-539	RR	Kankan	11.947	0	21	1.76	85	85	5	1	-9.32267	9.54590	-9.21838	9.55870	0.000	0.000	0.000	0.000	0.000	0.000	0.013	18687	2545	18695	0	472723				11.947		RES_OUTSIDE_REFERENCE_NETWORK
RES-54	RR	Kindia	2.813	0	8	2.84	18	18	2	1	-13.03490	10.05668	-13.02715	10.08045	0.022	0.089	0.244	0.022	0.133	0.644	0.022	0	0	14395	0	84459				2.813		RES_UNDETERMINED
RES-540	RR	Kankan	16.807	0	25	1.49	94	94	3	1	-9.46583	9.54033	-9.32267	9.56188	0.000	0.000	0.000	0.008	0.061	0.114	0.004	23320	990	27246	2429	456994				16.807		RES_UNDETERMINED
RES-541	RR	Nzérékoré	10.102	0	15	1.48	-11	349	2	1	-10.17102	8.57328	-10.15069	8.65849	0.041	0.159	0.448	0.021	0.159	0.628	0.007	0	16	1422	0	393302				10.102		RES_UNDETERMINED
RES-542	RR	Nzérékoré	16.629	0	39	2.35	61	61	4	1	-10.55826	8.51181	-10.43893	8.57802	0.061	0.220	0.408	0.073	0.249	0.690	0.008	0	0	14285	0	357289				16.629		RES_UNDETERMINED
RES-543	RR	Nzérékoré	17.923	0	30	1.67	-156	204	3	1	-10.55345	8.33691	-10.49669	8.46031	0.038	0.185	0.377	0.000	0.015	0.411	0.008	0	43	18914	3385	364617				17.923		RES_UNDETERMINED
RES-544	RR	Nzérékoré	7.152	0	15	2.10	-7	353	3	1	-10.61841	8.38091	-10.60654	8.44187	0.000	0.000	0.000	0.010	0.048	0.276	0.019	4012	179	31850	0	353733				7.152		RES_UNDETERMINED
RES-545	RR	Nzérékoré	4.095	0	9	2.20	-139	221	3	1	-10.62342	8.33237	-10.60036	8.35904	0.018	0.035	0.070	0.000	0.000	0.105	0.018	11	1121	33539	0	357650				4.095		RES_UNDETERMINED
RES-546	RR	Nzérékoré	7.415	0	18	2.43	-105	255	2	1	-10.66147	8.36802	-10.61069	8.38484	0.000	0.000	0.000	0.000	0.000	0.184	0.010	3740	111	33515	0	351959				7.415		RES_UNDETERMINED
RES-547	RR	Nzérékoré	7.359	0	18	2.45	-66	294	5	1	-10.60036	8.33820	-10.55248	8.36420	0.000	0.000	0.000	0.000	0.000	0.195	0.018	627	670	30176	0	358943				7.359		RES_UNDETERMINED
RES-548	RR	Nzérékoré	4.541	0	11	2.42	-131	229	2	1	-10.58238	8.31307	-10.55345	8.33820	0.000	0.000	0.000	0.000	0.000	0.209	0.015	627	780	30386	0	362716				4.541		RES_UNDETERMINED
RES-549	RR	Nzérékoré	3.251	0	10	3.08	-25	335	5	1	-10.61172	8.35904	-10.60036	8.38091	0.000	0.000	0.000	0.000	0.000	0.157	0.039	2795	1573	33471	0	356982				3.251		RES_UNDETERMINED
RES-55	RR	Kindia	6.828	0	10	1.46	-71	289	4	1	-13.77875	10.39614	-13.72230	10.41545	0.000	0.000	0.000	0.000	0.000	0.089	0.020	421	106	5768	0	91009				6.828		RES_OUTSIDE_REFERENCE_NETWORK
RES-550	RR	Nzérékoré	13.235	0	25	1.89	34	34	4	1	-10.60036	8.35904	-10.53448	8.45295	0.017	0.039	0.050	0.006	0.028	0.331	0.011	0	288	23017	3385	358943				13.235		RES_UNDETERMINED
RES-551	RR	Nzérékoré	7.014	0	14	2.00	30	30	4	1	-10.61981	8.44187	-10.58915	8.49348	0.010	0.062	0.103	0.021	0.052	0.237	0.021	0	287	28370	0	353040				7.014		RES_UNDETERMINED
RES-552	RR	Nzérékoré	5.562	0	13	2.34	-63	297	3	1	-10.62970	8.49348	-10.58915	8.51582	0.000	0.012	0.108	0.000	0.036	0.723	0.012	98	44	28370	0	349782				5.562		RES_UNDETERMINED
RES-553	RR	Nzérékoré	8.509	0	17	2.00	-52	308	3	1	-10.58915	8.45343	-10.53550	8.49348	0.017	0.165	0.443	0.017	0.270	0.939	0.009	0	0	22826	0	354766				8.509		RES_UNDETERMINED
RES-554	RR	Nzérékoré	4.101	0	10	2.44	59	59	5	1	-10.58915	8.49348	-10.55826	8.51181	0.000	0.018	0.070	0.053	0.193	0.965	0.035	98	0	24951	0	354766				4.101		RES_UNDETERMINED
RES-555	RR	Nzérékoré	12.645	0	26	2.06	-165	195	3	1	-10.56497	8.51181	-10.52208	8.58325	0.000	0.000	0.000	0.031	0.135	0.751	0.010	1562	0	21497	0	355836				12.645		RES_UNDETERMINED
RES-556	RR	Nzérékoré	10.994	0	21	1.91	-104	256	1	1	-10.50020	8.46216	-10.41668	8.49727	0.020	0.059	0.542	0.000	0.000	0.392	0.007	0	767	9616	0	365155				10.994		RES_UNDETERMINED
RES-557	RR	Nzérékoré	4.321	0	10	2.31	79	79	2	1	-10.53611	8.45081	-10.49979	8.46031	0.049	0.311	0.623	0.000	0.000	0.705	0.033	0	457	19089	0	361788				4.321		RES_UNDETERMINED
RES-558	RR	Nzérékoré	5.963	0	16	2.68	-166	194	1	1	-10.43523	8.43837	-10.41668	8.48264	0.036	0.169	0.458	0.000	0.024	0.181	0.012	0	45	9616	0	371850				5.963		RES_UNDETERMINED
RES-559	RR	Nzérékoré	22.270	0	34	1.53	-32	328	4	1	-10.41412	8.51043	-10.32972	8.64223	0.006	0.057	0.300	0.048	0.171	0.664	0.006	0	1004	496	0	367956				22.270		RES_UNDETERMINED
RES-56	RR	Kindia	19.581	0	34	1.74	-172	188	2	1	-13.88385	10.43841	-13.85225	10.60158	0.017	0.031	0.113	0.017	0.051	0.126	0.003	0	167	23317	0	98593				19.581		RES_UNDETERMINED
RES-560	RR	Nzérékoré	10.808	0	25	2.31	73	73	1	1	-10.41582	8.48220	-10.33032	8.50948	0.007	0.046	0.245	0.013	0.073	0.457	0.007	0	513	363	119	373144				10.808		RES_UNDETERMINED
RES-561	RR	Nzérékoré	23.353	0	44	1.88	-106	254	3	1	-10.33032	8.50876	-10.15045	8.55941	0.087	0.305	0.632	0.012	0.069	0.308	0.081	0	0	0	1565	381141				23.353		RES_UNDETERMINED
RES-562	RR	Nzérékoré	11.700	0	23	1.97	12	12	1	1	-10.33074	8.51043	-10.31049	8.60266	0.000	0.000	0.133	0.064	0.214	0.462	0.006	123	0	496	0	378908				11.700		RES_UNDETERMINED
RES-563	RR	Faranah	20.141	0	33	1.64	-117	243	3	1	-10.32538	8.78857	-10.18017	8.86826	0.064	0.263	0.658	0.000	0.011	0.142	0.007	0	77	333	3312	373176				20.141		RES_UNDETERMINED
RES-564	RR	Faranah	18.933	0	36	1.90	-18	342	3	1	-10.45480	8.64223	-10.41412	8.77000	0.015	0.111	0.172	0.015	0.046	0.372	0.004	0	0	17655	0	359871				18.933		RES_UNDETERMINED
RES-565	RR	Faranah	12.354	0	19	1.54	-87	273	3	1	-10.53849	8.57802	-10.43893	8.59904	0.000	0.010	0.025	0.061	0.294	0.721	0.010	44	68	14285	0	356816				12.354		RES_UNDETERMINED
RES-566	RR	Faranah	8.834	0	21	2.38	-159	201	5	1	-10.43893	8.57802	-10.41020	8.64223	0.062	0.209	0.558	0.008	0.047	0.628	0.016	0	54	13799	0	367426				8.834		RES_UNDETERMINED
RES-567	RR	Faranah	20.780	0	32	1.54	31	31	5	1	-10.41412	8.64223	-10.32538	8.78884	0.115	0.351	0.643	0.036	0.089	0.505	0.007	0	130	17488	0	367829				20.780		RES_UNDETERMINED
RES-568	RR	Faranah	7.932	0	12	1.51	-19	341	4	1	-10.34626	8.85659	-10.32211	8.91558	0.000	0.000	0.000	0.000	0.000	0.413	0.017	353	1349	15359	0	367907				7.932		RES_UNDETERMINED
RES-569	RR	Faranah	8.369	0	15	1.79	-1	359	3	1	-10.33587	8.78884	-10.32538	8.85659	0.000	0.000	0.000	0.000	0.026	0.479	0.017	348	65	15990	0	371190				8.369		RES_UNDETERMINED
RES-57	RR	Boké	24.519	0	38	1.55	-44	316	2	1	-14.20845	10.42905	-14.05965	10.58208	0.030	0.195	0.372	0.045	0.189	0.360	0.003	14	248	20408	0	104297				24.519		RES_UNDETERMINED
RES-570	RR	Faranah	16.820	0	30	1.78	34	34	2	1	-10.26349	8.66816	-10.19274	8.77427	0.012	0.043	0.089	0.023	0.066	0.630	0.008	0	599	5593	0	383104				16.820		RES_UNDETERMINED
RES-571	RR	Nzérékoré	20.186	0	35	1.73	-49	311	3	1	-10.26349	8.57328	-10.15396	8.66850	0.037	0.140	0.442	0.040	0.123	0.342	0.007	0	0	1476	0	383104				20.186		RES_UNDETERMINED
RES-572	RR	Faranah	5.391	0	14	2.60	79	79	4	1	-10.19177	8.78280	-10.14729	8.79361	0.012	0.047	0.212	0.000	0.000	0.000	0.024	0	999	287	0	387628				5.391		RES_UNDETERMINED
RES-573	RR	Faranah	1.193	0	4	3.35	6	6	3	1	-10.19512	8.77427	-10.19177	8.78280	0.000	0.000	0.000	0.000	0.000	0.000	0.095	580	794	4003	0	387461				1.193		RES_OUTSIDE_REFERENCE_NETWORK
RES-574	RR	Faranah	7.071	0	12	1.70	17	17	4	1	-10.19876	8.78280	-10.17603	8.83387	0.011	0.022	0.045	0.034	0.202	0.416	0.022	0	0	0	0	386252				7.071		RES_UNDETERMINED
RES-575	RR	Faranah	9.110	0	16	1.76	52	52	1	1	-10.17603	8.83387	-10.11815	8.87887	0.007	0.007	0.030	0.007	0.030	0.104	0.007	20	877	10	0	388063				9.110		RES_UNDETERMINED
RES-576	RR	Nzérékoré	5.687	0	15	2.64	170	170	1	1	-10.06338	8.51150	-10.04721	8.55445	0.013	0.052	0.091	0.000	0.000	0.052	0.013	0	188	0	1877	408039				5.687		RES_OUTSIDE_REFERENCE_NETWORK
RES-577	RR	Nzérékoré	10.073	0	21	2.08	-175	185	1	1	-10.00694	8.46645	-9.98248	8.54353	0.041	0.156	0.361	0.027	0.102	0.238	0.000	0	0	0	5768	414813				10.073		RES_UNDETERMINED
RES-578	RR	Nzérékoré	1.565	0	2	1.28	-11	349	3	1	-10.15396	8.55941	-10.15115	8.57328	0.000	0.059	0.882	0.059	0.176	0.765	0.118	88	0	95	0	397581				1.565		RES_UNDETERMINED
RES-579	RR	Nzérékoré	8.961	0	15	1.67	61	61	2	1	-10.13470	8.55892	-10.06437	8.59814	0.014	0.064	0.099	0.014	0.064	0.660	0.014	0	0	0	0	400064				8.961		RES_UNDETERMINED
RES-58	RR	Boké	18.233	0	46	2.52	35	35	1	1	-14.44068	10.23891	-14.34890	10.37227	0.058	0.276	0.634	0.078	0.253	0.529	0.004	0	111	3057	1683	113053				18.233		RES_UNDETERMINED
RES-580	RR	Nzérékoré	2.351	0	7	2.98	28	28		1	-10.04349	8.55724	-10.03476	8.57159	0.000	0.000	0.026	0.000	0.000	0.000	0.000	210	1665	250	1877	409437				2.351		RES_OUTSIDE_REFERENCE_NETWORK
RES-581	RR	Nzérékoré	3.117	0	8	2.57	50	50	1	1	-10.06437	8.59814	-10.04328	8.61554	0.000	0.000	0.000	0.064	0.723	0.936	0.021	4085	0	4843	0	406303				3.117		RES_UNDETERMINED
RES-582	RR	Nzérékoré	5.915	0	13	2.20	3	3		1	-9.86670	8.57484	-9.85942	8.62288	0.000	0.000	0.024	0.000	0.024	0.118	0.000	135	0	133	13630	426965				5.915		RES_UNDETERMINED
RES-583	RR	Nzérékoré	0.151	0	2	13.28	-50	310	1	1	-9.46978	8.54523	-9.46874	8.54611	0.333	1.000	1.000	0.000	0.000	1.000	0.333	0	384	0	4100	471036				0.151		RES_POSSIBLE_ROAD
RES-584	RR	Nzérékoré	21.848	0	35	1.60	-10	350	1	1	-9.54501	8.60396	-9.50737	8.77354	0.073	0.211	0.409	0.000	0.000	0.069	0.007	0	3449	2650	0	457387				21.848		RES_UNDETERMINED
RES-585	RR	Faranah	4.594	0	12	2.61	-48	312	2	1	-10.02357	8.77054	-9.99989	8.79167	0.000	0.000	0.000	0.000	0.000	0.239	0.015	506	511	11586	0	405449				4.594		RES_UNDETERMINED
RES-586	RR	Nzérékoré	20.841	0	38	1.82	58	58	3	1	-10.12497	8.63504	-9.98751	8.72167	0.024	0.108	0.258	0.000	0.000	0.020	0.003	0	1991	530	5269	398745				20.841		RES_UNDETERMINED
RES-587	RR	Faranah	0.166	0	2	12.05	9	9	1	1	-10.12100	8.69506	-10.12075	8.69654	0.000	0.000	0.667	0.000	0.000	0.000	0.333	136	2310	156	0	397494				0.166		RES_UNDETERMINED
RES-588	RR	Faranah	17.142	0	34	1.98	-122	238	4	1	-10.12100	8.69506	-9.99989	8.77054	0.012	0.113	0.251	0.000	0.000	0.040	0.008	0	280	1085	4694	397508				17.142		RES_UNDETERMINED
RES-589	RR	Faranah	10.204	0	25	2.45	79	79	2	1	-10.13595	8.78648	-10.05602	8.80482	0.007	0.021	0.062	0.000	0.000	0.069	0.014	0	227	0	1201	393517				10.204		RES_OUTSIDE_REFERENCE_NETWORK
RES-59	RR	Boké	20.027	0	58	2.90	24	24	2	1	-14.39315	10.23879	-14.32930	10.36867	0.037	0.180	0.410	0.010	0.071	0.292	0.003	0	254	2428	2117	108038				20.027		RES_UNDETERMINED
RES-590	RR	Faranah	1.549	0	6	3.87	-65	295	3	1	-10.14729	8.78648	-10.13595	8.79232	0.000	0.261	0.913	0.000	0.000	0.000	0.087	53	400	52	0	392169				1.549		RES_UNDETERMINED
RES-591	RR	Faranah	8.113	0	18	2.22	64	64	4	1	-10.14729	8.79183	-10.08764	8.82371	0.009	0.027	0.071	0.000	0.035	0.080	0.018	0	0	13	1201	392169				8.113		RES_OUTSIDE_REFERENCE_NETWORK
RES-592	RR	Faranah	10.074	0	19	1.89	40	40	1	1	-10.08915	8.82063	-10.03660	8.88006	0.000	0.000	0.000	0.000	0.000	0.319	0.007	4448	804	9131	0	397538				10.074		RES_UNDETERMINED
RES-593	RR	Faranah	20.974	0	38	1.81	-67	293	4	1	-10.04033	8.85218	-9.87412	8.92344	0.036	0.126	0.460	0.006	0.032	0.120	0.006	0	0	7937	0	400720				20.974		RES_UNDETERMINED
RES-594	RR	Nzérékoré	12.145	0	23	1.89	-35	325	2	1	-9.80737	8.72585	-9.75081	8.80792	0.044	0.243	0.558	0.000	0.000	0.337	0.011	0	1320	8983	0	428329				12.145		RES_UNDETERMINED
RES-595	RR	Nzérékoré	13.522	0	25	1.85	-123	237	3	1	-9.98751	8.70011	-9.91867	8.76560	0.000	0.010	0.025	0.000	0.025	0.279	0.010	0	0	14668	0	411058				13.522		RES_UNDETERMINED
RES-596	RR	Nzérékoré	5.902	0	13	2.20	-14	346	4	1	-9.99819	8.72167	-9.97691	8.76045	0.011	0.056	0.270	0.000	0.034	0.236	0.022	0	74	14267	0	408983				5.902		RES_UNDETERMINED
RES-597	RR	Nzérékoré	9.913	0	16	1.61	-38	322	1	1	-9.75255	8.66403	-9.70186	8.72585	0.040	0.121	0.530	0.007	0.027	0.188	0.007	0	0	494	0	436163				9.913		RES_UNDETERMINED
RES-598	RR	Nzérékoré	10.488	0	15	1.43	-56	304	3	1	-9.87672	8.80792	-9.80737	8.85218	0.094	0.295	0.503	0.020	0.060	0.114	0.013	0	0	19988	0	420065				10.488		RES_UNDETERMINED
RES-599	RR	Faranah	1.215	0	5	4.11	-16	344	4	1	-9.99989	8.76045	-9.99696	8.77054	0.000	0.000	0.647	0.000	0.000	0.529	0.118	157	306	14005	0	408502				1.215		RES_UNDETERMINED
RES-6	RR	Kindia	6.664	0	21	3.15	38	38	2	1	-13.47607	9.69249	-13.44485	9.72829	0.021	0.116	0.421	0.000	0.021	0.147	0.021	0	716	912	0	21501				6.664		RES_UNDETERMINED
RES-60	RR	Boké	4.849	0	15	3.09	104	104	3	1	-14.39315	10.22676	-14.35236	10.23879	0.000	0.031	0.092	0.000	0.000	0.123	0.031	0	404	16639	0	105213				4.849		RES_UNDETERMINED
RES-600	RR	Nzérékoré	8.523	0	13	1.53	86	86	3	1	-9.99696	8.76005	-9.92038	8.76672	0.000	0.000	0.008	0.000	0.000	0.075	0.015	234	841	14384	0	409065				8.523		RES_OUTSIDE_REFERENCE_NETWORK
RES-601	RR	Faranah	22.853	0	40	1.75	156	156	3	1	-9.94778	8.85218	-9.86942	9.01925	0.006	0.027	0.060	0.018	0.051	0.337	0.006	0	0	15339	0	408964				22.853		RES_UNDETERMINED
RES-602	RR	Nzérékoré	9.886	0	18	1.82	-1	359	1	1	-9.55512	8.77354	-9.54056	8.85272	0.000	0.000	0.000	0.000	0.000	0.183	0.008	518	393	16369	0	454892				9.886		RES_UNDETERMINED
RES-603	RR	Faranah	8.098	0	12	1.48	-122	238		1	-10.15735	9.13371	-10.09606	9.17144	0.074	0.388	0.636	0.033	0.116	0.512	0.000	0	0	48	2280	384356				8.098		RES_UNDETERMINED
RES-604	RR	Faranah	2.856	0	9	3.15	64	64	3	1	-10.34708	8.91383	-10.32547	8.92396	0.026	0.282	0.923	0.000	0.000	0.103	0.026	11	5263	16582	0	367766				2.856		RES_UNDETERMINED
RES-605	RR	Faranah	13.284	0	27	2.03	16	16	2	1	-10.47591	8.94910	-10.43349	9.04076	0.000	0.000	0.000	0.020	0.086	0.335	0.005	4721	0	21575	0	352469				13.284		RES_UNDETERMINED
RES-606	RR	Faranah	15.209	0	27	1.78	-74	286	5	1	-10.47056	8.91245	-10.34626	8.95099	0.074	0.226	0.323	0.014	0.041	0.240	0.009	0	0	18507	0	353732				15.209		RES_UNDETERMINED
RES-607	RR	Faranah	4.884	0	12	2.46	-175	185	2	1	-10.47855	8.90995	-10.46934	8.94910	0.000	0.000	0.000	0.000	0.000	0.151	0.014	1152	336	29761	0	353587				4.884		RES_UNDETERMINED
RES-608	RR	Faranah	12.091	0	24	1.98	-105	255	3	1	-10.44131	8.88732	-10.34626	8.91383	0.000	0.000	0.000	0.000	0.017	0.081	0.006	418	44	18507	0	358289				12.091		RES_OUTSIDE_REFERENCE_NETWORK
RES-609	RR	Faranah	20.907	0	31	1.48	-129	231	2	1	-10.66973	9.11299	-10.54114	9.21427	0.003	0.016	0.185	0.045	0.256	0.530	0.006	111	0	0	0	328864				20.907		RES_UNDETERMINED
RES-61	RR	Boké	18.608	0	48	2.58	-172	188	1	1	-14.45494	10.23775	-14.42286	10.38242	0.056	0.219	0.502	0.033	0.108	0.364	0.004	0	693	3613	232	113279				18.608		RES_UNDETERMINED
RES-610	RR	Faranah	13.431	0	23	1.71	-96	264	2	1	-10.42307	9.07771	-10.31868	9.10275	0.068	0.198	0.508	0.000	0.000	0.000	0.006	0	879	18883	0	356339				13.431		RES_UNDETERMINED
RES-611	RR	Faranah	19.391	0	33	1.70	108	108	2	1	-10.32398	8.87892	-10.17748	8.93438	0.073	0.238	0.406	0.000	0.000	0.023	0.004	0	1496	0	1727	370057				19.391		RES_UNDETERMINED
RES-612	RR	Faranah	10.395	0	19	1.83	-2	358	1	1	-10.32969	8.92523	-10.31142	9.00275	0.000	0.006	0.019	0.000	0.000	0.056	0.006	87	3806	16470	0	367858				10.395		RES_OUTSIDE_REFERENCE_NETWORK
RES-613	RR	Faranah	10.175	0	26	2.56	-71	289	3	1	-10.11211	8.92344	-10.04033	8.95439	0.041	0.265	0.578	0.000	0.000	0.095	0.007	0	4039	0	0	392449				10.175		RES_UNDETERMINED
RES-614	RR	Faranah	15.086	0	34	2.25	59	59	4	1	-10.31868	9.08630	-10.22695	9.14551	0.050	0.087	0.155	0.000	0.014	0.064	0.009	0	57	15486	0	367479				15.086		RES_UNDETERMINED
RES-615	RR	Faranah	10.986	0	19	1.73	-88	272	4	1	-10.32150	9.06931	-10.23842	9.08950	0.000	0.000	0.000	0.000	0.039	0.131	0.013	348	0	16376	0	367207				10.986		RES_UNDETERMINED
RES-616	RR	Faranah	11.052	0	25	2.26	144	144	2	1	-10.23842	9.02227	-10.18594	9.08893	0.000	0.000	0.000	0.000	0.000	0.000	0.006	4507	2253	10519	0	376249				11.052		RES_OUTSIDE_REFERENCE_NETWORK
RES-617	RR	Faranah	9.954	0	21	2.11	-118	242	1	1	-10.16027	9.01517	-10.09174	9.05360	0.000	0.000	0.014	0.000	0.000	0.000	0.007	178	6006	187	0	385969				9.954		RES_OUTSIDE_REFERENCE_NETWORK
RES-618	RR	Faranah	6.995	0	16	2.29	-169	191	4	1	-10.23842	9.08682	-10.22399	9.14550	0.000	0.000	0.000	0.000	0.000	0.000	0.022	3913	4500	14788	0	376249				6.995		RES_OUTSIDE_REFERENCE_NETWORK
RES-619	RR	Faranah	13.549	0	30	2.21	55	55	4	1	-10.42654	9.28856	-10.34032	9.35001	0.015	0.045	0.060	0.045	0.156	0.503	0.010	0	0	2952	0	353031				13.549		RES_UNDETERMINED
RES-62	RR	Boké	5.407	0	14	2.59	90	90	3	1	-14.44068	10.23595	-14.39315	10.24182	0.049	0.222	0.457	0.012	0.074	0.444	0.025	0	0	18121	0	109307				5.407		RES_UNDETERMINED
RES-620	RR	Faranah	11.643	0	17	1.46	-178	182	3	1	-10.45832	9.29636	-10.45216	9.39948	0.000	0.000	0.278	0.024	0.130	0.278	0.012	136	8	111	0	349160				11.643		RES_UNDETERMINED
RES-621	RR	Faranah	13.843	0	21	1.52	-134	226	4	1	-10.54114	9.21427	-10.45493	9.29636	0.101	0.258	0.553	0.023	0.101	0.276	0.065	0	0	0	0	341391				13.843		RES_UNDETERMINED
RES-622	RR	Faranah	27.948	0	56	2.00	-76	284	3	1	-10.42654	9.23471	-10.21215	9.28942	0.002	0.015	0.060	0.030	0.151	0.372	0.005	0	0	2952	0	353031				27.948		RES_UNDETERMINED
RES-623	RR	Faranah	3.312	0	8	2.42	104	104	5	1	-10.45493	9.28942	-10.42654	9.29689	0.245	0.571	1.000	0.000	0.000	0.184	0.041	0	107	71	0	349854				3.312		RES_POSSIBLE_ROAD
RES-624	RR	Faranah	15.238	0	16	1.05	161	161	3	1	-10.49617	9.39948	-10.45059	9.52411	0.014	0.085	0.360	0.019	0.071	0.166	0.066	23	124	0	0	343934				15.238		RES_UNDETERMINED
RES-625	RR	Faranah	13.660	0	25	1.83	-68	292	2	1	-10.21215	9.19070	-10.10343	9.23471	0.000	0.000	0.005	0.041	0.244	0.689	0.010	405	0	2711	0	377067				13.660		RES_UNDETERMINED
RES-626	RR	Faranah	15.652	0	24	1.53	-110	250	3	1	-10.22695	9.14550	-10.10343	9.19070	0.000	0.000	0.031	0.004	0.039	0.284	0.009	2351	523	649	2280	376600				15.652		RES_UNDETERMINED
RES-627	RR	Faranah	10.395	0	20	1.92	78	78	4	1	-10.29981	9.37344	-10.21654	9.40040	0.007	0.021	0.034	0.028	0.186	0.400	0.021	0	0	14	0	366179				10.395		RES_UNDETERMINED
RES-628	RR	Faranah	5.640	0	10	1.77	59	59	3	1	-10.34032	9.34851	-10.29981	9.37398	0.000	0.000	0.000	0.091	0.299	0.597	0.026	8488	0	8482	0	361920				5.640		RES_UNDETERMINED
RES-629	RR	Faranah	7.928	0	14	1.77	59	59	3	1	-10.34698	9.35001	-10.29981	9.38045	0.000	0.000	0.000	0.061	0.235	0.365	0.017	8488	0	8482	0	361064				7.928		RES_UNDETERMINED
RES-63	RR	Boké	20.332	0	44	2.16	44	44	1	1	-14.35236	10.22834	-14.24201	10.34217	0.028	0.115	0.195	0.017	0.073	0.338	0.003	0	0	204	2117	102600				20.332		RES_UNDETERMINED
RES-630	RR	Faranah	24.010	0	32	1.33	35	35	2	1	-10.21654	9.39218	-10.10673	9.54960	0.000	0.003	0.009	0.021	0.083	0.228	0.006	68	553	110	0	375186				24.010		RES_UNDETERMINED
RES-631	RR	Faranah	15.729	0	27	1.72	-45	315	3	1	-9.99926	9.18485	-9.90189	9.28119	0.000	0.009	0.048	0.013	0.115	0.780	0.004	0	191	332	0	399897				15.729		RES_UNDETERMINED
RES-632	RR	Faranah	0.112	0	2	17.84	114	114	1	1	-10.09174	9.05154	-10.09081	9.05195	0.000	0.000	1.000	0.000	0.000	0.000	0.333	121	7191	134	0	392769				0.112		RES_UNDETERMINED
RES-633	RR	Faranah	5.439	0	18	3.31	-121	239	2	1	-10.07826	8.90082	-10.04033	8.92417	0.024	0.084	0.241	0.000	0.000	0.373	0.012	15	3711	5062	0	397092				5.439		RES_UNDETERMINED
RES-634	RR	Faranah	10.579	0	20	1.89	99	99	2	1	-10.09564	9.10701	-10.01335	9.13154	0.007	0.109	0.388	0.000	0.020	0.054	0.014	0	61	159	0	391272				10.579		RES_UNDETERMINED
RES-635	RR	Faranah	6.676	0	13	1.95	131	131	3	1	-10.01335	9.06836	-9.96860	9.10712	0.022	0.258	0.624	0.011	0.032	0.151	0.022	0	749	8009	0	400434				6.676		RES_UNDETERMINED
RES-636	RR	Faranah	8.029	0	15	1.87	16	16	4	1	-9.86625	9.03843	-9.84605	9.10490	0.000	0.018	0.083	0.000	0.000	0.000	0.018	74	305	24507	0	417380				8.029		RES_OUTSIDE_REFERENCE_NETWORK
RES-637	RR	Faranah	6.151	0	11	1.79	157	157	3	1	-9.96860	9.01925	-9.94778	9.06836	0.000	0.000	0.000	0.000	0.000	0.282	0.024	350	406	12988	0	405896				6.151		RES_UNDETERMINED
RES-638	RR	Faranah	13.755	0	26	1.89	106	106	4	1	-9.96860	9.03506	-9.86506	9.07134	0.135	0.342	0.694	0.005	0.021	0.244	0.010	0	922	12988	0	405896				13.755		RES_UNDETERMINED
RES-639	RR	Faranah	19.896	0	39	1.96	179	179	2	1	-9.80713	8.92593	-9.76930	9.06808	0.000	0.000	0.004	0.007	0.035	0.428	0.004	192	0	30536	0	424439				19.896		RES_UNDETERMINED
RES-64	RR	Boké	8.967	0	21	2.34	-97	263	2	1	-14.42286	10.38242	-14.35312	10.40359	0.043	0.245	0.475	0.007	0.151	0.374	0.050	0	0	0	0	118312				8.967		RES_UNDETERMINED
RES-640	RR	Faranah	10.914	0	21	1.92	71	71	4	1	-9.86506	9.03739	-9.77936	9.06808	0.007	0.020	0.060	0.000	0.000	0.638	0.013	0	105	24411	0	417637				10.914		RES_UNDETERMINED
RES-641	RR	Faranah	12.107	0	24	1.98	-35	325	4	1	-9.90189	9.10490	-9.84354	9.18485	0.064	0.339	0.713	0.035	0.164	0.620	0.012	0	0	14093	0	411556				12.107		RES_UNDETERMINED
RES-642	RR	Faranah	10.000	0	20	2.00	93	93	3	1	-9.90189	9.17958	-9.81552	9.19140	0.145	0.400	0.517	0.069	0.228	0.917	0.014	0	0	16986	0	411556				10.000		RES_UNDETERMINED
RES-643	RR	Faranah	9.118	0	24	2.63	119	119	4	1	-9.84605	9.06808	-9.77936	9.10516	0.054	0.194	0.457	0.000	0.016	0.318	0.023	0	0	25704	0	418699				9.118		RES_UNDETERMINED
RES-644	RR	Faranah	5.635	0	10	1.77	34	34	3	1	-9.81552	9.18074	-9.78876	9.22089	0.013	0.065	0.195	0.013	0.039	0.571	0.026	0	0	12882	0	421041				5.635		RES_UNDETERMINED
RES-645	RR	Kankan	7.887	0	13	1.65	-58	302	3	1	-9.76516	9.52678	-9.71031	9.56203	0.210	0.429	0.782	0.000	0.050	0.630	0.017	0	102	8416	0	424129				7.887		RES_UNDETERMINED
RES-646	RR	Faranah	19.445	0	36	1.85	71	71	3	1	-9.78876	9.21527	-9.64016	9.27119	0.000	0.000	0.000	0.011	0.043	0.758	0.007	287	0	8039	0	423513				19.445		RES_UNDETERMINED
RES-647	RR	Faranah	14.669	0	28	1.91	7	7	3	1	-9.78876	9.22089	-9.76951	9.34574	0.005	0.014	0.024	0.005	0.019	0.096	0.005	0	0	0	0	423439				14.669		RES_OUTSIDE_REFERENCE_NETWORK
RES-648	RR	Faranah	14.270	0	23	1.61	56	56	1	1	-10.07800	9.48047	-9.97442	9.54909	0.000	0.015	0.040	0.015	0.085	0.377	0.000	0	99	0	7132	389957				14.270		RES_UNDETERMINED
RES-649	RR	Faranah	22.404	0	40	1.79	150	150	2	1	-9.78348	9.52836	-9.68256	9.65581	0.037	0.174	0.424	0.003	0.009	0.115	0.006	0	0	0	0	422164				22.404		RES_UNDETERMINED
RES-65	RR	Boké	21.612	0	43	1.99	9	9		1	-14.30972	10.36243	-14.25929	10.51571	0.048	0.115	0.278	0.035	0.115	0.246	0.003	0	1060	4	4852	110974				21.612		RES_UNDETERMINED
RES-650	RR	Kankan	13.599	0	29	2.13	-76	284	3	1	-9.84986	9.53136	-9.76516	9.58328	0.011	0.038	0.103	0.000	0.000	0.000	0.011	0	492	0	0	414819				13.599		RES_UNDETERMINED
RES-651	RR	Kankan	28.666	0	41	1.43	-80	280	2	1	-9.64135	9.22623	-9.40718	9.27119	0.052	0.147	0.188	0.002	0.031	0.333	0.055	0	0	942	3638	439153				28.666		RES_UNDETERMINED
RES-652	RR	Kankan	8.278	0	17	2.05	37	37	1	1	-9.49136	9.27739	-9.44743	9.33502	0.000	0.000	0.000	0.008	0.050	0.165	0.008	1093	67	1093	0	455527				8.278		RES_UNDETERMINED
RES-653	RR	Kankan	15.807	0	25	1.58	-106	254	2	1	-9.59373	9.49688	-9.47187	9.53161	0.000	0.000	0.000	0.009	0.071	0.191	0.004	11352	0	16821	2470	443064				15.807		RES_UNDETERMINED
RES-654	RR	Kankan	14.199	0	25	1.76	134	134	2	1	-9.47187	9.46356	-9.40038	9.53626	0.000	0.000	0.000	0.030	0.117	0.472	0.005	22444	95	23163	0	456365				14.199		RES_UNDETERMINED
RES-655	RR	Kankan	2.678	0	7	2.61	-169	191	3	1	-9.47187	9.53161	-9.46737	9.55505	0.000	0.000	0.000	0.026	0.077	0.231	0.051	22872	0	24512	0	456365				2.678		RES_UNDETERMINED
RES-656	RR	Nzérékoré	7.419	0	16	2.16	5	5	2	1	-8.82658	8.10282	-8.80641	8.15610	0.000	0.000	0.000	0.010	0.039	0.204	0.010	5679	0	8208	0	551403				7.419		RES_UNDETERMINED
RES-657	RR	Nzérékoré	3.646	0	9	2.47	-130	230	1	1	-9.15502	7.34837	-9.13021	7.36914	0.000	0.000	0.019	0.057	0.151	0.887	0.019	247	0	12813	0	550479				3.646		RES_UNDETERMINED
RES-658	RR	Nzérékoré	9.519	0	16	1.68	177	177	2	1	-9.31108	7.44978	-9.28075	7.50499	0.008	0.023	0.075	0.000	0.000	0.000	0.008	0	5645	8722	1840	527344				9.519		RES_OUTSIDE_REFERENCE_NETWORK
RES-659	RR	Nzérékoré	8.399	0	14	1.67	-70	290	2	1	-9.26766	7.43024	-9.19819	7.45635	0.000	0.035	0.070	0.000	0.000	0.209	0.009	0	552	12313	0	534017				8.399		RES_UNDETERMINED
RES-66	RR	Kindia	7.734	0	17	2.20	-40	320	4	1	-13.79288	10.25678	-13.75593	10.30325	0.009	0.019	0.150	0.000	0.028	0.056	0.028	0	551	0	0	76119				7.734		RES_UNDETERMINED
RES-660	RR	Nzérékoré	14.238	0	31	2.18	-154	206	1	1	-9.39393	7.44603	-9.33804	7.54417	0.024	0.190	0.371	0.010	0.059	0.395	0.005	0	0	8977	1947	520535				14.238		RES_UNDETERMINED
RES-661	RR	Nzérékoré	11.226	0	22	1.96	-121	239	2	1	-9.15954	7.28858	-9.08034	7.34149	0.000	0.012	0.055	0.036	0.145	0.885	0.006	0	0	11490	0	552764				11.226		RES_UNDETERMINED
RES-662	RR	Nzérékoré	4.891	0	12	2.45	-156	204	2	1	-9.21580	7.39216	-9.19780	7.43051	0.052	0.182	0.714	0.000	0.000	0.662	0.013	0	536	15038	0	541884				4.891		RES_UNDETERMINED
RES-663	RR	Nzérékoré	20.084	0	32	1.59	-172	188	3	1	-9.21446	7.43051	-9.17496	7.59327	0.077	0.412	0.788	0.006	0.023	0.453	0.006	0	494	2049	6072	535035				20.084		RES_UNDETERMINED
RES-664	RR	Nzérékoré	3.640	0	11	3.02	-91	269	4	1	-9.29151	7.55828	-9.26235	7.56549	0.018	0.055	0.145	0.018	0.055	0.145	0.036	0	0	760	0	526727				3.640		RES_UNDETERMINED
RES-665	RR	Nzérékoré	6.232	0	13	2.09	-135	225	4	1	-9.31108	7.50499	-9.27218	7.54446	0.022	0.270	0.697	0.000	0.000	0.000	0.022	0	1934	2802	0	527322				6.232		RES_UNDETERMINED
RES-666	RR	Nzérékoré	2.928	0	8	2.73	-84	276	2	1	-9.33710	7.50412	-9.31108	7.50759	0.000	0.000	0.000	0.000	0.000	0.000	0.020	448	2759	8807	0	524638				2.928		RES_OUTSIDE_REFERENCE_NETWORK
RES-667	RR	Nzérékoré	6.765	0	16	2.36	-106	254	3	1	-9.34090	7.54417	-9.29151	7.56678	0.010	0.029	0.136	0.000	0.010	0.039	0.019	0	47	3437	0	522470				6.765		RES_UNDETERMINED
RES-668	RR	Nzérékoré	8.589	0	17	1.98	-28	332	2	1	-9.32507	7.55860	-9.29147	7.62062	0.008	0.025	0.067	0.000	0.000	0.000	0.008	0	531	3381	0	520469				8.589		RES_OUTSIDE_REFERENCE_NETWORK
RES-669	RR	Nzérékoré	1.999	0	7	3.50	-146	214	4	1	-9.27218	7.54446	-9.26235	7.55912	0.000	0.000	0.645	0.000	0.000	0.000	0.065	152	1042	932	0	529324				1.999		RES_UNDETERMINED
RES-67	RR	Kindia	25.741	0	48	1.86	126	126	2	1	-14.01601	10.22411	-13.89590	10.33093	0.025	0.092	0.246	0.017	0.076	0.336	0.003	0	0	8975	0	76424				25.741		RES_UNDETERMINED
RES-670	RR	Nzérékoré	3.900	0	11	2.82	164	164	2	1	-9.27218	7.51306	-9.26313	7.54446	0.000	0.000	0.000	0.000	0.000	0.000	0.016	436	1934	2802	0	529324				3.900		RES_OUTSIDE_REFERENCE_NETWORK
RES-671	RR	Nzérékoré	7.483	0	14	1.87	-7	353	5	1	-9.26986	7.55912	-9.25566	7.62251	0.000	0.048	0.257	0.000	0.000	0.038	0.029	0	189	0	0	525918				7.483		RES_UNDETERMINED
RES-672	RR	Nzérékoré	6.724	0	12	1.78	-6	354		1	-9.23350	7.58652	-9.22352	7.64382	0.000	0.000	0.010	0.000	0.000	0.000	0.000	206	1636	221	3208	528739				6.724		RES_OUTSIDE_REFERENCE_NETWORK
RES-673	RR	Nzérékoré	8.673	0	14	1.61	-115	245	3	1	-9.05896	7.25863	-8.98842	7.29188	0.036	0.204	0.467	0.044	0.263	0.737	0.022	0	28	0	0	564438				8.673		RES_UNDETERMINED
RES-674	RR	Nzérékoré	7.613	0	14	1.84	-141	219	2	1	-9.09945	7.20990	-9.05896	7.25866	0.047	0.178	0.701	0.000	0.000	0.757	0.009	0	125	7960	0	562258				7.613		RES_UNDETERMINED
RES-675	RR	Nzérékoré	3.520	0	11	3.12	179	179	2	1	-9.05907	7.23016	-9.05272	7.25865	0.018	0.073	0.127	0.000	0.055	0.709	0.018	0	73	7512	0	564438				3.520		RES_UNDETERMINED
RES-676	RR	Nzérékoré	13.807	0	23	1.67	113	113	1	1	-8.97834	7.26806	-8.89218	7.30875	0.063	0.259	0.493	0.044	0.137	0.424	0.005	0	73	0	1767	570103				13.807		RES_UNDETERMINED
RES-677	RR	Nzérékoré	17.546	0	30	1.71	-43	317	6	1	-9.06426	7.37112	-8.96917	7.47184	0.024	0.177	0.586	0.004	0.028	0.241	0.028	0	0	31	6098	553529				17.546		RES_UNDETERMINED
RES-678	RR	Nzérékoré	2.692	0	7	2.60	-161	199	4	1	-9.08300	7.36005	-9.07532	7.38228	0.027	0.270	0.459	0.189	0.432	1.000	0.054	0	0	9229	0	556470				2.692		RES_UNDETERMINED
RES-679	RR	Nzérékoré	5.379	0	9	1.67	-79	281	3	1	-9.13021	7.36005	-9.08300	7.36914	0.053	0.240	0.587	0.040	0.093	0.667	0.027	0	386	11837	0	551896				5.379		RES_UNDETERMINED
RES-68	RR	Boké	19.411	0	40	2.06	10	10	3	1	-14.06902	10.17865	-14.01601	10.31137	0.055	0.182	0.485	0.010	0.031	0.220	0.007	0	0	0	0	78880				19.411		RES_UNDETERMINED
RES-680	RR	Nzérékoré	13.291	0	24	1.81	75	75	4	1	-9.08034	7.34149	-8.96917	7.37112	0.039	0.141	0.488	0.024	0.127	0.332	0.010	0	951	275	3554	558188				13.291		RES_UNDETERMINED
RES-681	RR	Nzérékoré	2.117	0	7	3.31	172	172	4	1	-9.08300	7.34149	-9.08034	7.36005	0.065	0.129	0.419	0.065	0.226	1.000	0.065	0	0	11490	0	557011				2.117		RES_UNDETERMINED
RES-682	RR	Nzérékoré	20.618	0	29	1.41	159	159	8	1	-9.12353	7.47065	-9.06126	7.61956	0.064	0.273	0.720	0.006	0.026	0.434	0.068	0	123	0	0	540973				20.618		RES_UNDETERMINED
RES-683	RR	Nzérékoré	3.595	0	10	2.78	58	58	2	1	-9.07532	7.38228	-9.04786	7.39936	0.039	0.137	0.235	0.000	0.078	0.529	0.020	0	56	5869	0	556685				3.595		RES_UNDETERMINED
RES-684	RR	Nzérékoré	10.403	0	15	1.44	-173	187	5	1	-9.08087	7.38228	-9.06296	7.47135	0.021	0.131	0.545	0.014	0.090	0.379	0.021	1	0	0	0	553529				10.403		RES_UNDETERMINED
RES-685	RR	Nzérékoré	2.505	0	8	3.19	156	156	2	1	-8.96830	7.35125	-8.95933	7.37182	0.000	0.000	0.394	0.000	0.000	0.303	0.061	139	188	139	118	567821				2.505		RES_UNDETERMINED
RES-686	RR	Nzérékoré	11.219	0	21	1.87	90	90	3	1	-8.95933	7.35037	-8.87221	7.36737	0.036	0.148	0.290	0.030	0.118	0.355	0.036	0	15	0	0	569701				11.219		RES_UNDETERMINED
RES-687	RR	Nzérékoré	0.124	0	2	16.10	-129	231	3	1	-8.96917	7.37112	-8.96830	7.37182	0.000	0.000	0.667	0.000	0.000	0.000	0.667	139	627	139	0	567768				0.124		RES_DUPLICATE_OR_OVERLAP
RES-688	RR	Nzérékoré	5.412	0	11	2.03	-111	249	3	1	-9.19637	7.63520	-9.15673	7.65621	0.000	0.000	0.000	0.000	0.049	0.704	0.012	3971	75	3969	0	532486				5.412		RES_UNDETERMINED
RES-689	RR	Nzérékoré	6.392	0	12	1.88	0	0	3	1	-9.27207	7.71636	-9.26322	7.76838	0.000	0.000	0.000	0.012	0.035	0.165	0.012	3799	0	15394	0	519497				6.392		RES_UNDETERMINED
RES-69	RR	Kindia	11.374	0	24	2.11	-13	347	4	1	-13.81284	10.22367	-13.77486	10.30153	0.006	0.018	0.043	0.025	0.160	0.687	0.012	0	65	3575	0	72839				11.374		RES_UNDETERMINED
RES-690	RR	Nzérékoré	6.465	0	13	2.01	26	26	4	1	-9.29315	7.66692	-9.26796	7.71636	0.000	0.000	0.000	0.000	0.000	0.118	0.022	3192	5168	11415	0	521098				6.465		RES_UNDETERMINED
RES-691	RR	Nzérékoré	5.967	0	14	2.35	-26	334	3	1	-9.29406	7.62251	-9.26986	7.66692	0.013	0.039	0.078	0.000	0.000	0.000	0.026	0	3301	5960	0	521671				5.967		RES_OUTSIDE_REFERENCE_NETWORK
RES-692	RR	Nzérékoré	5.485	0	13	2.37	169	169	5	1	-9.26804	7.66880	-9.25877	7.71636	0.000	0.000	0.037	0.000	0.000	0.160	0.025	148	5242	9990	0	521884				5.485		RES_UNDETERMINED
RES-693	RR	Nzérékoré	5.382	0	10	1.86	13	13	4	1	-9.27044	7.62251	-9.25877	7.66880	0.055	0.425	0.795	0.000	0.000	0.000	0.027	0	3552	5960	0	524934				5.382		RES_UNDETERMINED
RES-694	RR	Nzérékoré	7.805	0	20	2.56	89	89	2	1	-9.25877	7.66880	-9.20745	7.69111	0.009	0.037	0.367	0.018	0.064	0.165	0.009	0	5	9445	0	524934				7.805		RES_UNDETERMINED
RES-695	RR	Nzérékoré	15.411	0	25	1.62	56	56	5	1	-9.26804	7.71554	-9.16435	7.78632	0.000	0.000	0.036	0.004	0.013	0.251	0.009	210	255	15147	0	521884				15.411		RES_UNDETERMINED
RES-696	RR	Nzérékoré	4.671	0	10	2.14	15	15	3	1	-9.35934	7.90019	-9.34902	7.93904	0.000	0.138	0.785	0.015	0.046	0.354	0.031	31	0	100	0	503847				4.671		RES_UNDETERMINED
RES-697	RR	Nzérékoré	11.513	0	20	1.74	-7	353	5	1	-9.36154	7.93904	-9.34585	8.03513	0.083	0.299	0.535	0.000	0.019	0.172	0.102	0	37	0	0	499196				11.513		RES_UNDETERMINED
RES-698	RR	Nzérékoré	10.573	0	19	1.80	-124	236	3	1	-9.42647	7.85427	-9.35934	7.90019	0.033	0.255	0.431	0.007	0.059	0.405	0.039	0	0	0	0	499786				10.573		RES_UNDETERMINED
RES-699	RR	Nzérékoré	39.012	0	54	1.38	36	36	4	1	-9.36154	8.03462	-9.17750	8.28469	0.070	0.281	0.553	0.002	0.005	0.037	0.066	0	6684	0	11101	499196				39.012		RES_UNDETERMINED
RES-7	RR	Kindia	6.451	0	19	2.95	-171	189	2	1	-13.41817	9.58707	-13.40929	9.64416	0.080	0.264	0.644	0.000	0.000	0.126	0.011	0	336	5642	0	23168				6.451		RES_UNDETERMINED
RES-70	RR	Kindia	12.230	0	19	1.55	14	14	4	1	-14.05965	10.42905	-14.03245	10.53488	0.000	0.006	0.017	0.000	0.000	0.092	0.012	72	551	20945	0	104297				12.230		RES_OUTSIDE_REFERENCE_NETWORK
RES-700	RR	Nzérékoré	9.767	0	16	1.64	-97	263	4	1	-9.34902	7.93241	-9.26602	7.94886	0.076	0.172	0.634	0.014	0.048	0.303	0.021	0	0	80	0	504250				9.767		RES_UNDETERMINED
RES-701	RR	Nzérékoré	28.335	0	40	1.41	-129	231	1	1	-9.26602	7.94886	-9.10035	8.08274	0.093	0.218	0.413	0.010	0.034	0.303	0.002	0	2260	657	0	512401				28.335		RES_UNDETERMINED
RES-702	RR	Nzérékoré	5.374	0	15	2.79	145	145	2	1	-9.12385	7.79129	-9.09996	7.82643	0.014	0.042	0.197	0.000	0.000	0.113	0.014	0	983	11570	0	531949				5.374		RES_UNDETERMINED
RES-703	RR	Nzérékoré	4.699	0	10	2.13	-3	357	3	1	-9.16290	7.65621	-9.15673	7.69635	0.000	0.000	0.000	0.016	0.048	0.667	0.016	4869	0	4878	0	533786				4.699		RES_UNDETERMINED
RES-704	RR	Nzérékoré	4.649	0	11	2.37	72	72	3	1	-9.15673	7.65621	-9.11867	7.67010	0.000	0.000	0.000	0.000	0.000	0.985	0.015	2910	1064	2910	0	535798				4.649		RES_UNDETERMINED
RES-705	RR	Nzérékoré	5.718	0	10	1.75	-46	314	4	1	-9.15684	7.62092	-9.12079	7.65621	0.000	0.000	0.000	0.024	0.060	0.518	0.024	298	242	519	0	535798				5.718		RES_UNDETERMINED
RES-706	RR	Nzérékoré	0.178	0	2	11.23	32	32	2	1	-9.12165	7.61956	-9.12079	7.62092	0.000	0.000	0.667	0.000	0.000	0.000	0.667	151	296	150	0	540973				0.178		RES_DUPLICATE_OR_OVERLAP
RES-707	RR	Nzérékoré	4.486	0	10	2.23	152	152	2	1	-9.16597	7.75327	-9.14685	7.78632	0.222	0.492	0.889	0.032	0.095	0.873	0.016	0	0	11251	0	529414				4.486		RES_UNDETERMINED
RES-708	RR	Nzérékoré	6.487	0	12	1.85	46	46	4	1	-9.16501	7.78632	-9.12385	7.82558	0.000	0.025	0.086	0.000	0.000	0.444	0.025	48	553	15127	0	529212				6.487		RES_UNDETERMINED
RES-709	RR	Nzérékoré	20.562	0	28	1.36	54	54	2	1	-8.99879	7.70726	-8.86295	7.80539	0.058	0.191	0.463	0.010	0.039	0.265	0.003	0	1556	0	8722	549575				20.562		RES_UNDETERMINED
RES-71	RR	Kindia	14.291	0	29	2.03	-20	340	4	1	-14.06015	10.31137	-14.01601	10.42905	0.010	0.061	0.244	0.036	0.142	0.467	0.010	0	75	9831	0	90494				14.291		RES_UNDETERMINED
RES-710	RR	Nzérékoré	11.023	0	20	1.81	-113	247	2	1	-9.10892	7.84868	-9.02287	7.88463	0.099	0.323	0.516	0.019	0.106	0.385	0.012	0	0	10120	0	532548				11.023		RES_UNDETERMINED
RES-711	RR	Nzérékoré	3.135	0	9	2.87	33	33	3	1	-9.12385	7.82558	-9.10892	7.84868	0.558	0.837	1.000	0.000	0.000	0.047	0.047	0	357	16095	0	531891				3.135		RES_POSSIBLE_ROAD
RES-712	RR	Nzérékoré	9.981	0	19	1.90	-128	232	1	1	-9.02287	7.88463	-8.95411	7.93832	0.021	0.154	0.524	0.000	0.035	0.399	0.007	0	28	576	0	539993				9.981		RES_UNDETERMINED
RES-713	RR	Nzérékoré	17.081	0	28	1.64	39	39	3	1	-9.02753	8.03459	-8.94229	8.13826	0.053	0.139	0.473	0.008	0.049	0.253	0.008	0	0	0	0	533914				17.081		RES_UNDETERMINED
RES-714	RR	Nzérékoré	11.338	0	18	1.59	-106	254	2	1	-8.98735	8.00344	-8.89105	8.03132	0.048	0.139	0.370	0.042	0.091	0.521	0.006	0	134	0	0	539224				11.338		RES_UNDETERMINED
RES-715	RR	Nzérékoré	10.442	0	21	2.01	66	66	4	1	-8.29182	7.81843	-8.21251	7.85385	0.000	0.000	0.000	0.020	0.101	0.953	0.013	432	0	6162	0	618414				10.442		RES_UNDETERMINED
RES-716	RR	Nzérékoré	13.130	0	30	2.28	47	47	2	1	-8.67330	7.69400	-8.59582	7.76595	0.000	0.000	0.000	0.011	0.077	0.475	0.011	674	0	4156	0	583497				13.130		RES_UNDETERMINED
RES-717	RR	Nzérékoré	2.526	0	7	2.77	128	128	2	1	-8.69058	7.69486	-8.67330	7.70851	0.027	0.162	0.459	0.027	0.135	0.784	0.054	0	0	6006	0	581175				2.526		RES_UNDETERMINED
RES-718	RR	Nzérékoré	18.775	0	34	1.81	147	147		1	-8.79727	7.51948	-8.71921	7.63868	0.004	0.114	0.255	0.004	0.034	0.232	0.000	18	63	3723	11556	573088				18.775		RES_UNDETERMINED
RES-719	RR	Nzérékoré	0.250	0	2	8.01	-22	338	1	1	-8.83185	7.72773	-8.83100	7.72982	0.000	0.000	0.000	0.000	0.000	1.000	0.200	321	542	321	0	565797				0.250		RES_UNDETERMINED
RES-72	RR	Kindia	11.572	0	22	1.90	-65	295	1	1	-13.79142	10.31542	-13.70932	10.35386	0.006	0.024	0.077	0.118	0.432	0.751	0.006	0	0	127	963	81997				11.572		RES_UNDETERMINED
RES-720	RR	Nzérékoré	0.160	0	2	12.49	156	156	1	1	-8.83100	7.72641	-8.83040	7.72773	0.000	0.000	0.000	0.000	0.000	1.000	0.333	440	536	442	0	565969				0.160		RES_UNDETERMINED
RES-721	RR	Nzérékoré	7.109	0	12	1.69	115	115	1	1	-8.74697	7.70851	-8.69058	7.73490	0.033	0.165	0.516	0.000	0.088	0.571	0.011	0	0	233	0	574321				7.109		RES_UNDETERMINED
RES-722	RR	Nzérékoré	18.986	0	28	1.47	64	64	1	1	-8.33623	7.71287	-8.19887	7.77847	0.019	0.156	0.388	0.065	0.304	0.852	0.004	0	1034	134	0	617634				18.986		RES_UNDETERMINED
RES-723	RR	Nzérékoré	8.599	0	15	1.74	62	62	5	1	-8.59582	7.76595	-8.52907	7.80187	0.026	0.043	0.094	0.000	0.000	0.188	0.034	0	178	1595	0	588717				8.599		RES_UNDETERMINED
RES-724	RR	Nzérékoré	14.316	0	21	1.47	14	14	4	1	-8.53556	7.80187	-8.49959	7.91706	0.023	0.171	0.382	0.018	0.101	0.677	0.009	0	150	377	0	591883				14.316		RES_UNDETERMINED
RES-725	RR	Nzérékoré	6.436	0	12	1.86	91	91	3	1	-8.52764	7.79490	-8.47215	7.79955	0.018	0.037	0.073	0.018	0.037	0.468	0.037	183	0	0	318	594531				6.436		RES_UNDETERMINED
RES-726	RR	Nzérékoré	0.318	0	2	6.28	150	150	4	1	-8.52907	7.79937	-8.52764	7.80187	0.000	0.200	0.600	0.000	0.000	1.000	0.400	65	783	66	0	594290				0.318		RES_UNDETERMINED
RES-727	RR	Nzérékoré	33.864	0	43	1.27	68	68	7	1	-8.52907	7.80187	-8.28335	7.92266	0.077	0.227	0.461	0.067	0.260	0.697	0.075	0	284	0	3787	594290				33.864		RES_UNDETERMINED
RES-728	RR	Nzérékoré	8.666	0	16	1.85	-10	350	4	1	-8.21350	7.77847	-8.19941	7.85332	0.000	0.008	0.217	0.016	0.078	0.729	0.016	125	0	8726	0	625500				8.666		RES_UNDETERMINED
RES-729	RR	Nzérékoré	22.232	0	35	1.57	84	84	2	1	-8.47319	7.78826	-8.29182	7.81843	0.007	0.024	0.055	0.045	0.170	0.900	0.007	5	155	3208	3787	600242				22.232		RES_UNDETERMINED
RES-73	RR	Kindia	7.227	0	15	2.08	-63	297	2	1	-13.84948	10.30153	-13.79288	10.33064	0.000	0.000	0.000	0.067	0.324	0.952	0.010	4331	0	5690	0	81668				7.227		RES_UNDETERMINED
RES-730	RR	Nzérékoré	20.829	0	39	1.87	-102	258	3	1	-8.66489	8.02551	-8.49829	8.06843	0.000	0.000	0.000	0.024	0.098	0.313	0.007	762	0	6168	0	572087				20.829		RES_UNDETERMINED
RES-731	RR	Nzérékoré	0.312	0	2	6.42	179	179	2	1	-8.72562	8.03165	-8.72557	8.03447	0.000	0.000	1.000	0.200	0.600	1.000	0.400	144	1	141	0	565505				0.312		RES_UNDETERMINED
RES-732	RR	Nzérékoré	23.085	0	36	1.56	-89	271	3	1	-8.89105	7.99550	-8.72549	8.03631	0.050	0.151	0.421	0.012	0.053	0.264	0.006	0	1474	201	769	548284				23.085		RES_UNDETERMINED
RES-733	RR	Nzérékoré	0.425	0	2	4.70	-16	344	4	1	-8.72549	8.02377	-8.72445	8.02747	0.333	0.889	1.000	0.000	0.111	1.000	0.444	0	77	0	0	565756				0.425		RES_POSSIBLE_ROAD
RES-734	RR	Nzérékoré	0.463	0	2	4.32	-1	359	3	1	-8.72557	8.02747	-8.72549	8.03165	0.111	0.222	1.000	0.222	0.444	1.000	0.222	8	0	164	0	565606				0.463		RES_UNDETERMINED
RES-735	RR	Nzérékoré	6.873	0	10	1.45	-94	266	2	1	-8.72445	8.02098	-8.66489	8.02832	0.000	0.012	0.035	0.106	0.400	0.918	0.024	34	0	37	0	565991				6.873		RES_UNDETERMINED
RES-736	RR	Nzérékoré	14.047	0	26	1.85	107	107	4	1	-8.94229	8.10282	-8.82658	8.14022	0.000	0.010	0.031	0.005	0.010	0.136	0.010	0	1104	14356	0	539268				14.047		RES_UNDETERMINED
RES-737	RR	Nzérékoré	8.828	0	22	2.49	126	126	2	1	-8.78653	8.03447	-8.72562	8.07873	0.000	0.000	0.016	0.008	0.085	0.798	0.016	666	263	154	769	557620				8.828		RES_UNDETERMINED
RES-738	RR	Nzérékoré	5.764	0	14	2.43	121	121	3	1	-8.82658	8.07873	-8.78653	8.10282	0.000	0.000	0.000	0.000	0.000	0.153	0.024	4519	372	7873	0	552609				5.764		RES_UNDETERMINED
RES-739	RR	Nzérékoré	17.593	0	27	1.53	1	1	3	1	-8.51928	7.91706	-8.49829	8.06290	0.025	0.058	0.141	0.008	0.033	0.187	0.008	0	0	8988	0	588415				17.593		RES_UNDETERMINED
RES-74	RR	Kindia	2.025	0	6	2.96	-118	242	2	1	-13.79486	10.40674	-13.77875	10.41545	0.034	0.138	0.310	0.034	0.103	0.345	0.034	0	17	11894	0	93162				2.025		RES_UNDETERMINED
RES-740	RR	Nzérékoré	15.186	0	24	1.58	23	23	4	1	-8.28335	7.90321	-8.23374	8.02224	0.014	0.050	0.262	0.032	0.118	0.656	0.023	0	165	0	0	616369				15.186		RES_UNDETERMINED
RES-741	RR	Nzérékoré	5.450	0	11	2.02	-81	279	4	1	-8.28335	7.89543	-8.23588	7.90321	0.101	0.316	0.759	0.051	0.139	0.911	0.038	0	124	0	0	616369				5.450		RES_UNDETERMINED
RES-742	RR	Nzérékoré	7.616	0	15	1.97	-29	331	4	1	-8.23588	7.85332	-8.20163	7.89767	0.080	0.310	0.611	0.009	0.071	0.522	0.018	0	54	4220	0	621600				7.616		RES_UNDETERMINED
RES-743	RR	Nzérékoré	5.083	0	12	2.36	90	90	3	1	-8.21251	7.85332	-8.16757	7.85699	0.013	0.040	0.107	0.000	0.000	0.160	0.013	0	696	8726	0	625500				5.083		RES_UNDETERMINED
RES-744	RR	Nzérékoré	15.946	0	24	1.51	32	32	3	1	-8.48197	8.08008	-8.41345	8.18971	0.000	0.013	0.122	0.000	0.000	0.000	0.009	0	1651	214	0	589354				15.946		RES_UNDETERMINED
RES-745	RR	Nzérékoré	2.793	0	7	2.51	44	44	3	1	-8.49829	8.06290	-8.48197	8.08008	0.000	0.000	0.000	0.000	0.000	0.000	0.047	508	2858	12234	0	588488				2.793		RES_OUTSIDE_REFERENCE_NETWORK
RES-746	RR	Nzérékoré	30.437	0	40	1.31	-47	313	6	1	-8.41345	8.02224	-8.23374	8.18971	0.015	0.063	0.187	0.007	0.017	0.102	0.056	0	0	0	0	593590				30.437		RES_UNDETERMINED
RES-747	RR	Nzérékoré	25.329	0	45	1.78	116	116	3	1	-8.82661	8.87129	-8.66659	8.95686	0.000	0.000	0.003	0.021	0.139	0.599	0.005	245	0	16246	0	531964				25.329		RES_UNDETERMINED
RES-748	RR	Nzérékoré	3.414	0	8	2.34	-144	216	1	1	-9.43276	8.42951	-9.41514	8.45335	0.000	0.041	0.122	0.000	0.020	0.102	0.000	0	74	0	9461	478214				3.414		RES_UNDETERMINED
RES-749	RR	Nzérékoré	19.170	0	27	1.41	65	65	1	1	-9.28801	8.37570	-9.13849	8.44538	0.051	0.205	0.657	0.010	0.051	0.313	0.003	0	0	384	0	495254				19.170		RES_UNDETERMINED
RES-75	RR	Kindia	6.337	0	11	1.74	-102	258	3	1	-13.77981	10.41545	-13.74260	10.43861	0.021	0.082	0.196	0.052	0.124	0.258	0.021	0	0	9071	0	93838				6.337		RES_UNDETERMINED
RES-750	RR	Nzérékoré	7.654	0	15	1.96	107	107	1	1	-9.43368	8.53774	-9.37436	8.55991	0.010	0.029	0.086	0.019	0.076	0.210	0.010	0	0	0	4100	474575				7.654		RES_UNDETERMINED
RES-751	RR	Kankan	32.323	0	66	2.04	-59	301		1	-9.34983	8.83464	-9.11915	8.97105	0.004	0.030	0.064	0.025	0.066	0.527	0.000	0	0	176	4142	474771				32.323		RES_UNDETERMINED
RES-752	RR	Nzérékoré	49.287	0	72	1.46	-135	225	3	1	-9.13849	8.44534	-8.88994	8.69142	0.010	0.039	0.154	0.035	0.153	0.513	0.003	0	0	3866	0	509137				49.287		RES_UNDETERMINED
RES-753	RR	Nzérékoré	4.906	0	10	2.04	108	108	2	1	-8.91718	8.18361	-8.87620	8.19811	0.160	0.420	0.753	0.000	0.000	0.000	0.025	0	458	13718	0	540003				4.906		RES_UNDETERMINED
RES-754	RR	Nzérékoré	7.679	0	18	2.34	23	23	3	1	-8.94255	8.13826	-8.91363	8.19712	0.017	0.087	0.200	0.000	0.000	0.096	0.017	0	2874	14356	0	539197				7.679		RES_UNDETERMINED
RES-755	RR	Nzérékoré	14.686	0	25	1.70	63	63	1	1	-8.87620	8.18361	-8.76907	8.23776	0.059	0.171	0.351	0.029	0.073	0.449	0.005	0	156	485	0	544757				14.686		RES_UNDETERMINED
RES-756	RR	Nzérékoré	14.280	0	27	1.89	147	147	2	1	-8.95144	8.69142	-8.88994	8.78060	0.000	0.005	0.016	0.005	0.022	0.308	0.005	40	193	1497	0	521526				14.280		RES_UNDETERMINED
RES-757	RR	Nzérékoré	5.656	0	9	1.59	49	49	3	1	-8.88994	8.69136	-8.85347	8.72261	0.011	0.022	0.034	0.000	0.045	0.236	0.022	0	27	0	0	529846				5.656		RES_UNDETERMINED
RES-758	RR	Kankan	27.685	0	36	1.30	-99	261	2	1	-9.20430	8.97870	-8.98320	9.03387	0.002	0.007	0.021	0.037	0.186	0.590	0.005	0	152	0	0	490337				27.685		RES_UNDETERMINED
RES-759	RR	Kankan	22.393	0	37	1.65	0	0	1	1	-9.33847	9.01500	-9.29886	9.18380	0.067	0.470	0.981	0.019	0.102	0.246	0.003	0	204	1454	0	474432				22.393		RES_UNDETERMINED
RES-76	RR	Kindia	33.246	0	79	2.38	149	149	1	1	-14.30334	10.71335	-14.17114	10.92913	0.108	0.373	0.737	0.008	0.026	0.267	0.002	0	2940	0	6886	137964				33.246		RES_UNDETERMINED
RES-760	RR	Kankan	14.386	0	28	1.95	-70	290	2	1	-9.29941	8.97533	-9.19857	9.01500	0.005	0.020	0.063	0.015	0.078	0.478	0.010	0	1203	15521	4142	479581				14.386		RES_UNDETERMINED
RES-761	RR	Kankan	19.902	0	24	1.21	-47	313	1	1	-9.44743	9.24487	-9.32789	9.33502	0.000	0.000	0.004	0.007	0.036	0.242	0.004	188	959	188	6564	459896				19.902		RES_UNDETERMINED
RES-762	RR	Kankan	16.413	0	30	1.83	106	106	3	1	-9.32267	9.50399	-9.19053	9.54590	0.000	0.000	0.000	0.017	0.084	0.828	0.004	18607	0	18618	0	472723				16.413		RES_UNDETERMINED
RES-763	RR	Kankan	13.808	0	22	1.59	-15	345	4	1	-9.36220	9.54590	-9.32267	9.65664	0.000	0.000	0.000	0.000	0.000	0.000	0.010	29766	3147	29766	0	468369				13.808		RES_OUTSIDE_REFERENCE_NETWORK
RES-764	RR	Kankan	31.214	0	46	1.47	-161	199	2	1	-8.90599	9.12798	-8.81646	9.37512	0.004	0.016	0.045	0.004	0.013	0.346	0.004	0	469	11052	9421	520974				31.214		RES_UNDETERMINED
RES-765	RR	Kankan	7.266	0	18	2.48	-118	242	3	1	-8.95781	8.96649	-8.90270	8.99613	0.175	0.701	0.959	0.031	0.144	0.598	0.010	0	6	0	0	517524				7.266		RES_POSSIBLE_ROAD
RES-766	RR	Nzérékoré	6.713	0	17	2.53	-164	196	4	1	-8.91292	8.99613	-8.88939	9.04111	0.069	0.307	0.455	0.129	0.327	0.901	0.020	0	0	6035	0	521824				6.713		RES_UNDETERMINED
RES-767	RR	Kankan	14.173	0	22	1.55	117	117	3	1	-8.90270	8.93183	-8.82661	8.99613	0.014	0.072	0.196	0.024	0.086	0.703	0.010	0	0	6844	0	523099				14.173		RES_UNDETERMINED
RES-768	RR	Kankan	11.790	0	21	1.78	171	171	3	1	-8.90385	9.04111	-8.88058	9.12798	0.127	0.364	0.673	0.030	0.103	0.612	0.012	0	82	11567	0	521308				11.790		RES_UNDETERMINED
RES-769	RR	Nzérékoré	11.042	0	20	1.81	51	51	2	1	-8.88939	9.04111	-8.81802	9.09801	0.007	0.071	0.440	0.007	0.014	0.135	0.007	0	1853	10302	0	523939				11.042		RES_UNDETERMINED
RES-77	RR	Boké	13.231	0	26	1.97	-78	282	2	1	-14.55662	10.65357	-14.45357	10.67871	0.005	0.016	0.032	0.005	0.032	0.265	0.011	0	0	0	0	147924				13.231		RES_UNDETERMINED
RES-770	RR	Kankan	15.596	0	21	1.35	48	48	3	1	-8.97768	9.35667	-8.88263	9.44294	0.060	0.150	0.502	0.021	0.043	0.150	0.009	0	0	0	0	511265				15.596		RES_UNDETERMINED
RES-771	RR	Kankan	10.724	0	19	1.77	136	136	3	1	-8.88263	9.37512	-8.81646	9.44294	0.000	0.000	0.057	0.000	0.000	0.280	0.013	181	422	10501	0	521292				10.724		RES_UNDETERMINED
RES-772	RR	Kankan	13.505	0	20	1.48	45	45	2	1	-8.88263	9.44294	-8.80242	9.52220	0.053	0.180	0.434	0.005	0.016	0.180	0.005	0	0	10641	0	521292				13.505		RES_UNDETERMINED
RES-773	RR	Nzérékoré	14.238	0	24	1.69	153	153	2	1	-8.66762	8.76853	-8.61121	8.87807	0.075	0.312	0.714	0.005	0.040	0.332	0.005	0	549	467	0	550552				14.238		RES_UNDETERMINED
RES-774	RR	Nzérékoré	13.169	0	24	1.82	87	87	2	1	-8.53664	8.62877	-8.43002	8.65165	0.022	0.101	0.212	0.000	0.000	0.000	0.011	0	3859	15618	0	569015				13.169		RES_UNDETERMINED
RES-775	RR	Nzérékoré	43.084	0	61	1.42	-60	300	7	1	-8.71375	8.18971	-8.41345	8.35977	0.064	0.243	0.495	0.005	0.023	0.273	0.095	0	175	0	0	556800				43.084		RES_UNDETERMINED
RES-776	RR	Nzérékoré	31.263	0	39	1.25	81	81	3	1	-8.65104	8.68083	-8.39416	8.73065	0.029	0.067	0.098	0.004	0.033	0.376	0.013	3491	0	8724	4243	555672				31.263		RES_UNDETERMINED
RES-777	RR	Nzérékoré	15.292	0	31	2.03	113	113	3	1	-8.65259	8.64421	-8.53664	8.69182	0.134	0.452	0.737	0.009	0.051	0.401	0.014	0	0	0	0	555611				15.292		RES_UNDETERMINED
RES-778	RR	Nzérékoré	47.090	0	53	1.13	129	129	2	1	-7.98125	8.45015	-7.67553	8.69895	0.015	0.052	0.169	0.000	0.000	0.000	0.001	0	2328	42708	0	628162				47.090		RES_UNDETERMINED
RES-779	RR	Nzérékoré	35.635	0	50	1.40	136	136	1	1	-8.43002	8.43858	-8.22769	8.65019	0.104	0.352	0.594	0.000	0.000	0.000	0.002	0	1092	19007	0	580428				35.635		RES_UNDETERMINED
RES-78	RR	Boké	12.776	0	23	1.80	-106	254	1	1	-14.45357	10.64240	-14.36925	10.68144	0.030	0.168	0.347	0.000	0.000	0.036	0.006	0	346	306	0	144677				12.776		RES_UNDETERMINED
RES-780	RR	Nzérékoré	22.632	0	33	1.46	122	122	4	1	-8.25538	8.75393	-8.08944	8.85949	0.069	0.262	0.502	0.069	0.114	0.139	0.006	0	0	2774	0	595674				22.632		RES_UNDETERMINED
RES-781	RR	Nzérékoré	19.765	0	27	1.37	38	38	2	1	-8.39416	8.73065	-8.29228	8.85930	0.021	0.082	0.331	0.000	0.000	0.000	0.007	0	3283	0	0	582763				19.765		RES_UNDETERMINED
RES-782	RR	Nzérékoré	13.541	0	17	1.26	117	117	4	1	-8.08944	8.69895	-7.98125	8.75393	0.090	0.328	0.706	0.000	0.000	0.000	0.010	0	2832	24344	0	615447				13.541		RES_UNDETERMINED
RES-783	RR	Nzérékoré	26.544	0	32	1.21	92	92	2	1	-7.98125	8.67242	-7.75022	8.70390	0.000	0.000	0.000	0.000	0.000	0.000	0.003	604	4510	37638	0	628162				26.544		RES_OUTSIDE_REFERENCE_NETWORK
RES-784	RR	Nzérékoré	14.176	0	19	1.34	47	47	3	1	-8.08944	8.75393	-7.99705	8.83935	0.010	0.063	0.122	0.000	0.000	0.000	0.010	0	2832	24344	0	615447				14.176		RES_UNDETERMINED
RES-785	RR	Nzérékoré	7.471	0	14	1.87	131	131	2	1	-8.31271	8.92162	-8.26425	8.96347	0.009	0.096	0.113	0.000	0.000	0.000	0.009	0	502	415	0	587921				7.471		RES_UNDETERMINED
RES-786	RR	Nzérékoré	33.657	0	46	1.37	122	122	2	1	-8.56150	8.97483	-8.33635	9.11806	0.062	0.239	0.443	0.002	0.013	0.108	0.004	0	51	15086	2608	558871				33.657		RES_UNDETERMINED
RES-787	RR	Nzérékoré	38.191	0	57	1.49	24	24	3	1	-8.66707	8.87807	-8.56150	9.11740	0.031	0.096	0.194	0.011	0.048	0.163	0.004	0	0	13406	0	550252				38.191		RES_UNDETERMINED
RES-788	RR	Nzérékoré	2.922	0	7	2.40	116	116	3	1	-8.33635	8.96347	-8.31271	8.97483	0.178	0.778	1.000	0.022	0.111	0.489	0.044	0	11	7015	0	585190				2.922		RES_POSSIBLE_ROAD
RES-789	RR	Nzérékoré	18.121	0	25	1.38	-11	349	3	1	-8.34852	8.96347	-8.31252	9.11514	0.014	0.050	0.103	0.007	0.021	0.100	0.007	0	0	7117	2608	582683				18.121		RES_UNDETERMINED
RES-79	RR	Boké	40.223	0	56	1.39	-169	191		1	-14.63561	10.86241	-14.49222	11.07609	0.015	0.036	0.062	0.000	0.000	0.024	0.002	0	279	6	6341	172036				40.223		RES_OUTSIDE_REFERENCE_NETWORK
RES-790	RR	Kankan	29.673	0	44	1.48	-144	216	2	1	-8.53260	9.52261	-8.38551	9.70016	0.000	0.009	0.018	0.000	0.000	0.090	0.002	261	3765	8003	0	559493				29.673		RES_OUTSIDE_REFERENCE_NETWORK
RES-791	RR	Kankan	35.492	0	48	1.35	-9	351	1	1	-8.38343	9.11514	-8.33454	9.38642	0.005	0.030	0.094	0.002	0.007	0.036	0.002	0	383	17684	0	576319				35.492		RES_OUTSIDE_REFERENCE_NETWORK
RES-792	RR	Nzérékoré	3.252	0	2	0.62	140	140	3	1	-8.27414	8.85949	-8.25538	8.88221	0.062	0.215	0.477	0.000	0.000	0.000	0.046	0	4662	0	0	593284				3.252		RES_UNDETERMINED
RES-793	RR	Nzérékoré	30.265	0	50	1.65	-86	274	3	1	-8.25538	8.83465	-7.99705	8.86155	0.052	0.226	0.453	0.000	0.000	0.000	0.005	0	6993	2774	0	595674				30.265		RES_UNDETERMINED
RES-794	RR	Nzérékoré	12.759	0	19	1.49	54	54	1	1	-8.08712	9.10427	-7.99957	9.16855	0.005	0.016	0.043	0.000	0.000	0.000	0.005	0	7304	0	27425	610922				12.759		RES_OUTSIDE_REFERENCE_NETWORK
RES-795	RR	Kankan	9.086	0	13	1.43	38	38	2	1	-9.66814	11.47929	-9.61778	11.54338	0.008	0.008	0.023	0.000	0.061	0.244	0.015	18	86	10174	0	482163				9.086		RES_UNDETERMINED
RES-796	RR	Kankan	29.453	0	47	1.60	77	77	3	1	-10.54404	10.12816	-10.31178	10.20242	0.060	0.316	0.693	0.018	0.073	0.152	0.053	0	154	20425	0	344284				29.453		RES_UNDETERMINED
RES-797	RR	Faranah	6.524	0	5	0.77	69	69	1	1	-10.75914	10.19813	-10.70473	10.21946	0.029	0.114	0.333	0.019	0.105	0.267	0.010	0	0	0	10380	322275				6.524		RES_UNDETERMINED
RES-798	RR	Faranah	40.807	0	58	1.42	-157	203	2	1	-10.87986	9.72704	-10.74495	10.04013	0.050	0.213	0.473	0.028	0.132	0.324	0.003	0	0	6563	12739	302179				40.807		RES_UNDETERMINED
RES-799	RR	Faranah	9.001	0	12	1.33	-143	217	2	1	-10.95088	9.94958	-10.90288	10.01397	0.074	0.215	0.355	0.000	0.000	0.000	0.083	0	427	0	0	296767				9.001		RES_UNDETERMINED
RES-8	RR	Kindia	18.625	0	27	1.45	-136	224	1	1	-13.39048	9.43012	-13.28710	9.54456	0.014	0.122	0.526	0.063	0.293	0.624	0.003	0	214	160	4688	29991				18.625		RES_UNDETERMINED
RES-80	RR	Boké	12.436	0	25	2.01	-14	346	1	1	-14.47527	10.76801	-14.44799	10.87010	0.005	0.042	0.101	0.090	0.307	0.566	0.005	0	304	0	6341	158004				12.436		RES_UNDETERMINED
RES-800	RR	Faranah	11.775	0	17	1.44	-99	261	2	1	-11.16192	9.87735	-11.06433	9.89875	0.006	0.018	0.047	0.077	0.243	0.574	0.018	166	0	0	0	272853				11.775		RES_UNDETERMINED
RES-801	RR	Faranah	16.149	0	26	1.61	-114	246	3	1	-11.06433	9.89875	-10.95088	9.94958	0.008	0.038	0.118	0.004	0.021	0.059	0.013	0	65	0	0	283697				16.149		RES_UNDETERMINED
RES-802	RR	Faranah	12.582	0	27	2.15	3	3		1	-11.23283	10.18336	-11.20335	10.26528	0.011	0.070	0.107	0.032	0.086	0.283	0.000	0	0	812	6010	271366				12.582		RES_UNDETERMINED
RES-803	RR	Faranah	11.770	0	20	1.70	86	86	1	1	-10.55816	9.93630	-10.45362	9.94584	0.000	0.000	0.000	0.006	0.024	0.066	0.006	7167	0	10296	0	339307				11.770		RES_OUTSIDE_REFERENCE_NETWORK
RES-804	RR	Faranah	12.042	0	17	1.41	60	60	2	1	-10.64732	9.88525	-10.55816	9.93630	0.006	0.018	0.035	0.000	0.035	0.082	0.012	0	0	17	0	328977				12.042		RES_OUTSIDE_REFERENCE_NETWORK
RES-805	RR	Faranah	27.777	0	34	1.22	62	62	2	1	-10.74495	10.04013	-10.54518	10.14918	0.042	0.186	0.364	0.115	0.386	0.751	0.005	142	1049	0	137	320578				27.777		RES_UNDETERMINED
RES-806	RR	Faranah	19.555	0	32	1.64	15	15	1	1	-10.54404	10.14705	-10.49899	10.31333	0.000	0.000	0.007	0.040	0.182	0.415	0.004	184	0	23595	0	344284				19.555		RES_UNDETERMINED
RES-807	RR	Faranah	15.080	0	21	1.39	-124	236		1	-10.93828	10.41682	-10.83058	10.48972	0.000	0.000	0.000	0.068	0.186	0.330	0.000	524	0	515	3479	309461				15.080		RES_UNDETERMINED
RES-808	RR	Faranah	27.500	0	42	1.53	11	11	3	1	-11.07931	10.32741	-11.03497	10.55280	0.000	0.000	0.000	0.018	0.081	0.280	0.005	798	0	12514	0	291868				27.500		RES_UNDETERMINED
RES-809	RR	Faranah	7.251	0	15	2.07	-88	272	2	1	-11.14043	10.32451	-11.07873	10.33378	0.028	0.128	0.431	0.037	0.110	0.440	0.009	0	0	18273	0	285478				7.251		RES_UNDETERMINED
RES-81	RR	Kindia	30.645	0	60	1.96	-153	207	1	1	-13.90662	10.65740	-13.79577	10.87508	0.000	0.002	0.009	0.009	0.029	0.119	0.002	94	0	7587	0	122661				30.645		RES_UNDETERMINED
RES-810	RR	Faranah	30.329	0	36	1.19	-87	273	2	1	-11.07873	10.29584	-10.81589	10.32741	0.048	0.167	0.425	0.035	0.148	0.358	0.002	0	0	231	12574	291868				30.329		RES_UNDETERMINED
RES-811	RR	Faranah	6.889	0	14	2.03	40	40	3	1	-11.03497	10.55280	-10.99520	10.60013	0.000	0.000	0.000	0.000	0.000	0.000	0.020	5853	5523	5851	0	304356				6.889		RES_OUTSIDE_REFERENCE_NETWORK
RES-812	RR	Faranah	24.771	0	32	1.29	78	78	3	1	-11.17762	10.56109	-10.99520	10.61740	0.000	0.000	0.000	0.000	0.000	0.000	0.006	8035	5606	8050	0	290145				24.771		RES_OUTSIDE_REFERENCE_NETWORK
RES-813	RR	Faranah	5.828	0	9	1.54	41	41	2	1	-10.99520	10.60013	-10.96487	10.63843	0.000	0.000	0.000	0.000	0.000	0.000	0.010	857	3560	845	0	310295				5.828		RES_OUTSIDE_REFERENCE_NETWORK
RES-814	RR	Faranah	11.515	0	15	1.30	41	41	3	1	-10.84398	10.51977	-10.77664	10.59733	0.000	0.029	0.064	0.133	0.312	0.809	0.012	0	0	0	0	322806				11.515		RES_UNDETERMINED
RES-815	RR	Faranah	9.216	0	14	1.52	34	34	4	1	-10.78785	10.62662	-10.74229	10.69534	0.000	0.014	0.035	0.000	0.014	0.043	0.014	25	0	25	0	332547				9.216		RES_OUTSIDE_REFERENCE_NETWORK
RES-816	RR	Faranah	3.974	0	9	2.26	-21	339	4	1	-10.78785	10.59733	-10.77352	10.62662	0.000	0.000	0.000	0.039	0.216	0.667	0.039	6615	0	6615	0	332547				3.974		RES_UNDETERMINED
RES-817	RR	Faranah	10.482	0	16	1.53	134	134	5	1	-10.85545	10.62662	-10.78785	10.69291	0.013	0.040	0.073	0.060	0.212	0.497	0.026	0	0	0	0	328293				10.482		RES_UNDETERMINED
RES-818	RR	Faranah	7.580	0	18	2.37	107	107	2	1	-10.77664	10.57815	-10.71844	10.59733	0.000	0.000	0.000	0.000	0.027	0.405	0.009	7413	0	7395	0	332566				7.580		RES_UNDETERMINED
RES-819	RR	Faranah	15.931	0	21	1.32	158	158	4	1	-10.71081	10.59370	-10.65612	10.72406	0.000	0.025	0.033	0.000	0.000	0.075	0.004	0	2221	0	0	343580				15.931		RES_OUTSIDE_REFERENCE_NETWORK
RES-82	RR	Kindia	18.966	0	34	1.79	45	45	3	1	-14.03245	10.53464	-13.92153	10.64632	0.000	0.000	0.000	0.008	0.036	0.233	0.008	12667	0	30998	0	113504				18.966		RES_UNDETERMINED
RES-820	RR	Kankan	13.038	0	21	1.61	-54	306	2	1	-9.97436	9.75479	-9.88479	9.82161	0.000	0.000	0.000	0.000	0.000	0.000	0.005	3712	2714	14710	0	401959				13.038		RES_OUTSIDE_REFERENCE_NETWORK
RES-821	RR	Faranah	14.732	0	22	1.49	54	54	2	1	-10.10673	9.54960	-10.00334	9.62471	0.005	0.014	0.032	0.059	0.186	0.593	0.009	0	0	0	0	386644				14.732		RES_UNDETERMINED
RES-822	RR	Kankan	10.147	0	18	1.77	-39	321	3	1	-9.81832	9.56203	-9.76516	9.62741	0.052	0.230	0.704	0.000	0.000	0.000	0.015	0	257	0	0	418299				10.147		RES_UNDETERMINED
RES-823	RR	Faranah	24.503	0	38	1.55	-40	320	2	1	-9.88479	9.65113	-9.79741	9.75479	0.049	0.174	0.417	0.000	0.000	0.000	0.003	0	4474	225	1603	411384				24.503		RES_UNDETERMINED
RES-824	RR	Kankan	6.644	0	18	2.71	-144	216	2	1	-9.91866	9.70896	-9.88479	9.75479	0.000	0.000	0.000	0.000	0.000	0.000	0.010	3689	2408	14397	0	407485				6.644		RES_OUTSIDE_REFERENCE_NETWORK
RES-825	RR	Faranah	10.892	0	14	1.29	123	123	2	1	-10.31178	10.14883	-10.22989	10.20242	0.069	0.358	0.653	0.017	0.058	0.150	0.075	0	0	9754	0	370426				10.892		RES_UNDETERMINED
RES-826	RR	Kankan	23.946	0	40	1.67	106	106	2	1	-9.96677	10.46895	-9.77447	10.52812	0.072	0.386	0.739	0.006	0.035	0.078	0.006	0	345	73	0	415059				23.946		RES_UNDETERMINED
RES-827	RR	Kankan	7.439	0	11	1.48	163	163	3	1	-9.77447	10.40833	-9.75592	10.46895	0.207	0.752	0.901	0.008	0.041	0.182	0.017	0	0	18696	0	433442				7.439		RES_POSSIBLE_ROAD
RES-828	RR	Kankan	7.766	0	17	2.19	-21	339	2	1	-9.75592	10.34370	-9.73145	10.40833	0.000	0.035	0.106	0.000	0.000	0.000	0.009	45	481	20966	0	434597				7.766		RES_UNDETERMINED
RES-829	RR	Kankan	22.258	0	28	1.26	46	46	2	1	-9.75592	10.40833	-9.62137	10.54051	0.000	0.000	0.003	0.009	0.051	0.186	0.003	211	603	226	0	434597				22.258		RES_UNDETERMINED
RES-83	RR	Boké	19.262	0	32	1.66	-48	312	2	1	-14.15304	10.53488	-14.03245	10.64241	0.000	0.000	0.000	0.018	0.080	0.240	0.004	8303	0	23447	0	113872				19.262		RES_UNDETERMINED
RES-830	RR	Kankan	6.234	0	13	2.09	-128	232	2	1	-9.68232	10.17220	-9.64047	10.20345	0.000	0.000	0.000	0.000	0.000	0.000	0.011	7353	3319	19997	0	437962				6.234		RES_OUTSIDE_REFERENCE_NETWORK
RES-831	RR	Kankan	15.539	0	26	1.67	-16	344	1	1	-9.70249	10.23112	-9.66221	10.35386	0.000	0.000	0.000	0.000	0.000	0.000	0.005	3769	4065	22353	0	439121				15.539		RES_OUTSIDE_REFERENCE_NETWORK
RES-832	RR	Kankan	5.170	0	10	1.93	-44	316	2	1	-9.71351	10.65247	-9.68122	10.68552	0.000	0.000	0.000	0.068	0.397	0.671	0.014	292	0	302	0	446439				5.170		RES_UNDETERMINED
RES-833	RR	Kankan	2.671	0	3	1.12	-1	359	2	1	-9.68122	10.62862	-9.67909	10.65247	0.000	0.000	0.000	0.268	0.805	0.951	0.024	3082	0	3083	0	448257				2.671		RES_UNDETERMINED
RES-834	RR	Kankan	2.324	0	4	1.72	50	50		1	-9.67686	10.62227	-9.66136	10.63549	0.000	0.000	0.000	0.091	0.455	1.000	0.000	2651	0	2652	814	448476				2.324		RES_UNDETERMINED
RES-835	RR	Kankan	3.378	0	7	2.07	111	111	2	1	-9.68122	10.64185	-9.65396	10.65361	0.000	0.000	0.000	0.102	0.490	1.000	0.020	1581	0	1561	0	448874				3.378		RES_UNDETERMINED
RES-836	RR	Faranah	13.357	0	15	1.12	80	80	3	1	-10.97088	10.67278	-10.85545	10.69291	0.056	0.237	0.621	0.006	0.034	0.153	0.062	0	0	0	0	315760				13.357		RES_UNDETERMINED
RES-837	RR	Faranah	9.061	0	17	1.88	-115	245	1	1	-11.12047	10.93563	-11.05362	10.96807	0.000	0.000	0.000	0.092	0.348	0.631	0.007	330	0	379	0	313524				9.061		RES_UNDETERMINED
RES-838	RR	Faranah	13.492	0	16	1.19	-121	239	2	1	-11.23341	10.84730	-11.12838	10.91000	0.037	0.189	0.553	0.000	0.000	0.055	0.005	0	114	13450	0	298015				13.492		RES_UNDETERMINED
RES-839	RR	Faranah	17.598	0	31	1.76	-24	336	2	1	-11.20031	10.91000	-11.12838	10.99829	0.004	0.012	0.040	0.000	0.000	0.000	0.004	0	4726	9148	0	305666				17.598		RES_OUTSIDE_REFERENCE_NETWORK
RES-84	RR	Kindia	29.869	0	58	1.94	50	50	2	1	-13.85805	10.57500	-13.71879	10.71814	0.000	0.000	0.000	0.016	0.088	0.179	0.002	12768	0	22533	0	111068				29.869		RES_UNDETERMINED
RES-840	RR	Faranah	3.038	0	8	2.63	-163	197	3	1	-11.12838	10.91000	-11.12043	10.93563	0.044	0.222	0.489	0.000	0.000	0.000	0.044	0	1994	7916	0	311412				3.038		RES_UNDETERMINED
RES-841	RR	Faranah	5.314	0	11	2.07	-16	344		1	-10.94691	10.85558	-10.93322	10.89782	0.000	0.000	0.000	0.000	0.000	0.000	0.000	278	4711	270	5742	327601				5.314		RES_OUTSIDE_REFERENCE_NETWORK
RES-842	RR	Faranah	2.631	0	6	2.28	31	31	3	1	-11.02937	10.91335	-11.01755	10.93288	0.000	0.054	0.108	0.000	0.000	0.000	0.027	0	342	248	0	321165				2.631		RES_UNDETERMINED
RES-843	RR	Faranah	13.584	0	22	1.62	43	43	2	1	-11.02237	10.93288	-10.94928	11.00689	0.052	0.181	0.627	0.140	0.415	0.617	0.005	0	152	2344	0	323241				13.584		RES_UNDETERMINED
RES-844	RR	Faranah	8.288	0	19	2.29	48	48	2	1	-11.01755	10.93288	-10.97361	10.97250	0.034	0.109	0.294	0.076	0.286	0.546	0.008	0	0	2406	0	323306				8.288		RES_UNDETERMINED
RES-845	RR	Faranah	8.474	0	17	2.01	-22	338	3	1	-10.50452	10.80811	-10.47546	10.87520	0.008	0.023	0.053	0.008	0.030	0.098	0.015	0	0	0	0	371323				8.474		RES_OUTSIDE_REFERENCE_NETWORK
RES-846	RR	Faranah	4.910	0	11	2.24	49	49	6	1	-10.74229	10.69534	-10.70946	10.72406	0.082	0.342	0.726	0.000	0.000	0.000	0.110	0	1861	0	0	339903				4.910		RES_UNDETERMINED
RES-847	RR	Faranah	12.832	0	22	1.71	89	89	5	1	-10.85545	10.68855	-10.74229	10.69707	0.026	0.124	0.368	0.000	0.000	0.000	0.036	0	672	0	0	328293				12.832		RES_UNDETERMINED
RES-848	RR	Kankan	17.262	0	30	1.74	46	46	5	1	-10.71012	10.72406	-10.61024	10.81902	0.023	0.113	0.335	0.000	0.023	0.128	0.031	0	145	0	0	344405				17.262		RES_UNDETERMINED
RES-849	RR	Kankan	31.584	0	49	1.55	77	77	4	1	-10.70946	10.71941	-10.44523	10.78401	0.000	0.004	0.009	0.007	0.048	0.144	0.002	0	607	283	0	344405				31.584		RES_UNDETERMINED
RES-85	RR	Kindia	9.953	0	23	2.31	124	124	3	1	-13.92153	10.60158	-13.85805	10.64477	0.000	0.000	0.000	0.000	0.000	0.000	0.014	13306	785	31423	0	115608				9.953		RES_OUTSIDE_REFERENCE_NETWORK
RES-850	RR	Kankan	14.328	0	22	1.54	-86	274	3	1	-10.74178	10.83910	-10.61277	10.84960	0.009	0.028	0.099	0.028	0.169	0.366	0.014	0	0	1417	4156	346469				14.328		RES_UNDETERMINED
RES-851	RR	Kankan	11.951	0	21	1.76	174	174	2	1	-10.66995	10.88446	-10.65202	10.98581	0.006	0.018	0.048	0.006	0.018	0.073	0.012	0	0	0	0	356342				11.951		RES_OUTSIDE_REFERENCE_NETWORK
RES-852	RR	Kankan	14.808	0	19	1.28	27	27	5	1	-10.61277	10.83910	-10.55455	10.95251	0.004	0.026	0.070	0.013	0.052	0.144	0.013	0	0	0	0	358992				14.808		RES_UNDETERMINED
RES-853	RR	Kankan	2.606	0	7	2.69	173	173	3	1	-10.61746	10.81902	-10.61024	10.83910	0.000	0.000	0.081	0.054	0.297	0.838	0.054	107	0	776	0	358078				2.606		RES_UNDETERMINED
RES-854	RR	Kankan	11.476	0	23	2.00	-33	327	4	1	-10.55455	10.87510	-10.50452	10.95251	0.006	0.050	0.112	0.037	0.124	0.354	0.012	0	0	6237	0	369822				11.476		RES_UNDETERMINED
RES-855	RR	Faranah	9.895	0	15	1.52	-22	338	3	1	-10.58786	10.95251	-10.55455	11.03428	0.000	0.000	0.000	0.000	0.035	0.262	0.014	3504	44	12588	0	369556				9.895		RES_UNDETERMINED
RES-856	RR	Kankan	22.024	0	28	1.27	-151	209	3	1	-10.50452	10.87520	-10.40975	11.04630	0.003	0.010	0.020	0.075	0.267	0.560	0.007	0	0	6356	0	371452				22.024		RES_UNDETERMINED
RES-857	RR	Faranah	24.935	0	36	1.44	-60	300	3	1	-10.89143	11.28993	-10.71318	11.39268	0.005	0.030	0.047	0.008	0.060	0.184	0.008	71	0	0	0	361114				24.935		RES_UNDETERMINED
RES-858	RR	Faranah	27.950	0	43	1.54	-31	329	1	1	-10.97590	11.39268	-10.88738	11.53799	0.000	0.000	0.005	0.014	0.070	0.214	0.002	156	0	18929	0	360667				27.950		RES_UNDETERMINED
RES-859	RR	Faranah	49.252	0	53	1.08	-1	359	3	1	-10.75333	11.29013	-10.67942	11.69357	0.021	0.086	0.305	0.010	0.047	0.181	0.003	0	0	11283	0	371573				49.252		RES_UNDETERMINED
RES-86	RR	Kindia	7.703	0	18	2.34	-139	221	1	1	-13.79577	10.87508	-13.75328	10.92488	0.018	0.081	0.162	0.000	0.000	0.000	0.009	0	8133	991	0	144514				7.703		RES_UNDETERMINED
RES-860	RR	Kankan	10.793	0	18	1.67	59	59	2	1	-10.66972	10.98581	-10.58786	11.03428	0.000	0.000	0.000	0.020	0.121	0.456	0.013	3504	453	10266	0	359942				10.793		RES_UNDETERMINED
RES-861	RR	Faranah	4.935	0	10	2.03	12	12	1	1	-10.64327	11.89864	-10.63444	11.94145	0.000	0.000	0.000	0.000	0.000	0.000	0.015	1091	1669	467	0	415857				4.935		RES_OUTSIDE_REFERENCE_NETWORK
RES-862	RR	Faranah	25.412	0	28	1.10	20	20	2	1	-10.72067	11.69357	-10.64227	11.89864	0.000	0.016	0.041	0.003	0.008	0.024	0.005	0	1728	282	0	395636				25.412		RES_OUTSIDE_REFERENCE_NETWORK
RES-863	RR	Kankan	76.542	0	114	1.49	-39	321		1	-9.78311	10.91623	-9.48746	11.22595	0.001	0.002	0.005	0.005	0.024	0.054	0.000	272	0	4510	10640	456195				76.542		RES_OUTSIDE_REFERENCE_NETWORK
RES-864	RR	Kankan	42.195	0	56	1.33	-41	319	2	1	-10.40975	10.78599	-10.18511	11.04630	0.000	0.003	0.010	0.027	0.116	0.349	0.002	2488	615	0	0	385812				42.195		RES_UNDETERMINED
RES-865	RR	Kankan	28.546	0	49	1.72	-44	316	3	1	-9.72629	10.71701	-9.56264	10.88844	0.010	0.034	0.076	0.002	0.039	0.095	0.002	0	49	0	0	451697				28.546		RES_OUTSIDE_REFERENCE_NETWORK
RES-866	RR	Faranah	6.586	0	11	1.67	-21	339		1	-9.96066	10.67257	-9.93991	10.72734	0.000	0.000	0.000	0.010	0.050	0.109	0.000	313	0	312	5076	421658				6.586		RES_UNDETERMINED
RES-867	RR	Faranah	13.524	0	23	1.70	7	7	3	1	-10.03206	10.70965	-10.00116	10.81678	0.011	0.037	0.153	0.032	0.138	0.275	0.011	0	0	0	0	413789				13.524		RES_UNDETERMINED
RES-868	RR	Kankan	24.030	0	37	1.54	158	158	3	1	-9.72889	10.69891	-9.65058	10.88844	0.011	0.036	0.123	0.006	0.039	0.126	0.006	0	63	0	0	451001				24.030		RES_UNDETERMINED
RES-869	RR	Faranah	15.461	0	21	1.36	49	49	2	1	-10.01959	10.81644	-9.91908	10.90297	0.004	0.017	0.043	0.004	0.013	0.034	0.004	0	1475	10606	0	418777				15.461		RES_OUTSIDE_REFERENCE_NETWORK
RES-87	RR	Kindia	8.983	0	25	2.78	110	110	2	1	-13.62001	10.43155	-13.56069	10.45902	0.000	0.007	0.028	0.000	0.007	0.028	0.007	81	1411	81	0	95160				8.983		RES_OUTSIDE_REFERENCE_NETWORK
RES-870	RR	Faranah	44.732	0	60	1.34	24	24	3	1	-10.03268	10.81678	-9.89688	11.08881	0.016	0.072	0.146	0.007	0.030	0.065	0.003	0	0	10293	0	418777				44.732		RES_UNDETERMINED
RES-871	RR	Kankan	5.196	0	11	2.12	-9	351	3	1	-9.73292	10.88844	-9.72178	10.93153	0.000	0.000	0.000	0.041	0.151	0.315	0.027	572	0	21318	0	451697				5.196		RES_UNDETERMINED
RES-872	RR	Kankan	36.646	0	56	1.53	-46	314	2	1	-9.89688	10.90478	-9.73292	11.09220	0.000	0.000	0.000	0.017	0.078	0.197	0.004	698	1475	24154	6928	438974				36.646		RES_UNDETERMINED
RES-873	RR	Kankan	24.715	0	32	1.29	-94	266	2	1	-10.04721	11.83077	-9.86173	11.87774	0.009	0.044	0.121	0.000	0.000	0.000	0.003	0	1212	10976	0	464739				24.715		RES_UNDETERMINED
RES-874	RR	Faranah	18.954	0	24	1.27	-31	329	2	1	-10.33213	11.49314	-10.26003	11.62298	0.014	0.078	0.153	0.000	0.007	0.036	0.011	0	0	0	0	425626				18.954		RES_UNDETERMINED
RES-875	RR	Faranah	13.945	0	19	1.36	-80	280	1	1	-10.44450	11.61385	-10.33173	11.64533	0.029	0.134	0.354	0.000	0.000	0.000	0.005	0	2640	3426	0	416540				13.945		RES_UNDETERMINED
RES-876	RR	Kankan	39.762	0	73	1.84	-57	303	5	1	-9.71596	11.62502	-9.43470	11.80596	0.024	0.105	0.405	0.007	0.033	0.053	0.022	0	1945	0	7570	494198				39.762		RES_UNDETERMINED
RES-877	RR	Kankan	32.834	0	47	1.43	177	177	2	1	-9.94751	11.45564	-9.87827	11.70983	0.007	0.031	0.121	0.002	0.011	0.065	0.004	0	364	0	0	459634				32.834		RES_UNDETERMINED
RES-878	RR	Kankan	7.336	0	16	2.18	-167	193	1	1	-9.68291	11.41733	-9.66814	11.47929	0.009	0.018	0.044	0.000	0.000	0.000	0.009	0	303	16060	0	477842				7.336		RES_OUTSIDE_REFERENCE_NETWORK
RES-879	RR	Kankan	16.773	0	29	1.73	-75	285	3	1	-9.86173	11.80610	-9.71875	11.84456	0.029	0.084	0.222	0.017	0.054	0.121	0.008	0	0	12522	0	482750				16.773		RES_UNDETERMINED
RES-88	RR	Kindia	4.315	0	12	2.78	-150	210	4	1	-13.77486	10.22367	-13.75593	10.25685	0.015	0.092	0.154	0.031	0.138	0.354	0.046	0	0	0	1685	72839				4.315		RES_UNDETERMINED
RES-880	RR	Kankan	30.540	0	52	1.70	-119	241	3	1	-9.89230	11.69267	-9.70931	11.80610	0.007	0.037	0.115	0.005	0.009	0.016	0.009	0	6817	1970	0	472338				30.540		RES_UNDETERMINED
RES-881	RR	Kankan	18.310	0	37	2.02	61	61	3	1	-9.86173	11.84456	-9.73018	11.92081	0.008	0.030	0.099	0.000	0.000	0.065	0.008	0	331	13466	0	482750				18.310		RES_OUTSIDE_REFERENCE_NETWORK
RES-882	RR	Kankan	12.719	0	34	2.67	-86	274	3	1	-9.71594	11.78891	-9.61367	11.80810	0.000	0.000	0.005	0.041	0.140	0.269	0.010	477	0	14544	0	494304				12.719		RES_UNDETERMINED
RES-883	RR	Kankan	21.838	0	41	1.88	136	136	3	1	-9.73018	11.79889	-9.61367	11.92456	0.003	0.013	0.036	0.000	0.000	0.000	0.006	0	3010	13619	0	499275				21.838		RES_OUTSIDE_REFERENCE_NETWORK
RES-884	RR	Kankan	3.418	0	7	2.05	100	100	3	1	-9.12914	10.28422	-9.09865	10.28977	0.089	0.200	0.911	0.000	0.000	0.000	0.044	16	6367	9953	0	499784				3.418		RES_UNDETERMINED
RES-885	RR	Kankan	18.510	0	30	1.62	-154	206	2	1	-9.34964	10.00850	-9.27755	10.15536	0.000	0.000	0.000	0.000	0.000	0.505	0.004	10162	513	13783	0	471925				18.510		RES_UNDETERMINED
RES-886	RR	Kankan	5.570	0	12	2.15	60	60	4	1	-9.50485	9.78881	-9.46192	9.81361	0.000	0.000	0.000	0.000	0.000	0.000	0.024	11031	13693	11032	0	453197				5.570		RES_OUTSIDE_REFERENCE_NETWORK
RES-887	RR	Kankan	30.267	0	47	1.55	171	171	3	1	-9.53763	9.55370	-9.46743	9.78881	0.000	0.000	0.000	0.000	0.000	0.000	0.004	11146	2210	11146	12085	449121				30.267		RES_OUTSIDE_REFERENCE_NETWORK
RES-888	RR	Kankan	12.272	0	23	1.87	154	154	4	1	-9.55190	9.78881	-9.50485	9.88295	0.006	0.022	0.050	0.000	0.000	0.000	0.017	0	3169	0	0	448630				12.272		RES_OUTSIDE_REFERENCE_NETWORK
RES-889	RR	Kankan	13.111	0	23	1.75	-52	308	4	1	-9.55096	9.81361	-9.46192	9.88385	0.005	0.015	0.034	0.000	0.000	0.000	0.015	0	3171	311	0	448762				13.111		RES_OUTSIDE_REFERENCE_NETWORK
RES-89	RR	Kindia	6.215	0	16	2.57	113	113	3	1	-13.77788	10.20512	-13.73811	10.22367	0.000	0.021	0.063	0.042	0.232	0.737	0.021	0	156	0	0	70418				6.215		RES_UNDETERMINED
RES-890	RR	Kankan	13.855	0	23	1.66	-30	330	2	1	-9.40776	9.65070	-9.35329	9.73937	0.000	0.000	0.000	0.000	0.000	0.000	0.011	22445	11709	22448	0	463459				13.855		RES_OUTSIDE_REFERENCE_NETWORK
RES-891	RR	Kankan	10.784	0	3	0.28	140	140	3	1	-9.46192	9.73937	-9.40056	9.81361	0.000	0.000	0.000	0.000	0.000	0.047	0.010	11965	15327	11965	0	458037				10.784		RES_OUTSIDE_REFERENCE_NETWORK
RES-892	RR	Kankan	19.786	0	29	1.47	-92	268	3	1	-9.64047	10.17402	-9.48351	10.21029	0.000	0.000	0.000	0.000	0.000	0.000	0.007	6181	6021	8836	0	442964				19.786		RES_OUTSIDE_REFERENCE_NETWORK
RES-893	RR	Kankan	4.356	0	8	1.84	-44	316	3	1	-9.66687	10.20345	-9.64047	10.23112	0.000	0.000	0.000	0.000	0.000	0.000	0.035	3818	3987	20094	0	440584				4.356		RES_OUTSIDE_REFERENCE_NETWORK
RES-894	RR	Kankan	19.375	0	25	1.29	158	158	3	1	-9.35353	10.15536	-9.27755	10.28459	0.000	0.000	0.000	0.000	0.000	0.097	0.007	3096	388	3096	0	474219				19.375		RES_OUTSIDE_REFERENCE_NETWORK
RES-895	RR	Kankan	7.145	0	14	1.96	-95	265	1	1	-9.48351	10.21029	-9.42760	10.22683	0.000	0.000	0.000	0.000	0.000	0.000	0.010	261	7528	255	0	460081				7.145		RES_OUTSIDE_REFERENCE_NETWORK
RES-896	RR	Kankan	10.266	0	21	2.05	58	58	2	1	-9.21838	9.55537	-9.14908	9.59790	0.000	0.000	0.000	0.000	0.000	0.000	0.007	10048	373	10051	0	484160				10.266		RES_OUTSIDE_REFERENCE_NETWORK
RES-897	RR	Kankan	5.820	0	13	2.23	96	96	2	1	-9.21838	9.54974	-9.16663	9.55671	0.000	0.000	0.000	0.000	0.014	0.137	0.014	13841	55	13852	0	484160				5.820		RES_UNDETERMINED
RES-898	RR	Kankan	8.467	0	21	2.48	105	105	3	1	-9.20499	10.19945	-9.13397	10.22021	0.000	0.046	0.145	0.015	0.038	0.061	0.015	0	0	69	0	490407				8.467		RES_UNDETERMINED
RES-899	RR	Kankan	5.970	0	11	1.84	13	13	3	1	-9.27755	10.15536	-9.26578	10.20750	0.000	0.000	0.000	0.000	0.000	0.000	0.022	4939	4614	4960	0	481599				5.970		RES_OUTSIDE_REFERENCE_NETWORK
RES-9	RR	Kindia	11.502	0	23	2.00	-151	209		1	-13.35203	9.52631	-13.31105	9.59718	0.184	0.411	0.724	0.037	0.160	0.761	0.000	0	0	64	4688	30387				11.502		RES_UNDETERMINED
RES-90	RR	Kindia	8.431	0	21	2.49	-76	284	2	1	-13.74634	10.22110	-13.67979	10.24316	0.009	0.043	0.085	0.000	0.000	0.154	0.017	444	371	0	0	71395				8.431		RES_UNDETERMINED
RES-900	RR	Kankan	6.225	0	10	1.61	12	12	1	1	-9.26578	10.20750	-9.25499	10.25988	0.000	0.011	0.034	0.000	0.000	0.000	0.011	30	4347	54	0	483647				6.225		RES_OUTSIDE_REFERENCE_NETWORK
RES-901	RR	Kankan	10.916	0	26	2.38	-149	211	3	1	-9.20499	10.21816	-9.15505	10.30021	0.000	0.012	0.042	0.000	0.048	0.060	0.012	0	25	191	0	490407				10.916		RES_OUTSIDE_REFERENCE_NETWORK
RES-902	RR	Kankan	8.057	0	14	1.74	66	66	1	1	-9.14106	10.05044	-9.07701	10.07862	0.000	0.000	0.016	0.000	0.000	0.208	0.008	102	879	37	0	495137				8.057		RES_UNDETERMINED
RES-903	RR	Kankan	10.456	0	22	2.10	-74	286	2	1	-9.15725	10.12003	-9.07355	10.14815	0.000	0.000	0.000	0.000	0.000	0.000	0.007	414	7905	3261	0	494533				10.456		RES_OUTSIDE_REFERENCE_NETWORK
RES-904	RR	Kankan	7.900	0	18	2.28	122	122	4	1	-9.13397	10.16402	-9.07703	10.19945	0.000	0.000	0.181	0.000	0.000	0.000	0.019	124	7530	116	0	497834				7.900		RES_UNDETERMINED
RES-905	RR	Kankan	10.451	0	19	1.82	23	23	4	1	-9.13397	10.19945	-9.09865	10.28449	0.124	0.421	0.828	0.000	0.000	0.062	0.014	0	7781	408	0	497834				10.451		RES_UNDETERMINED
RES-906	RR	Kankan	21.187	0	34	1.60	-38	322	3	1	-9.43397	10.51214	-9.32154	10.65799	0.000	0.000	0.000	0.003	0.016	0.082	0.006	10038	0	11523	6418	474899				21.187		RES_OUTSIDE_REFERENCE_NETWORK
RES-907	RR	Kankan	13.873	0	22	1.59	-13	347	1	1	-9.46391	10.46306	-9.42015	10.56877	0.005	0.027	0.059	0.091	0.166	0.257	0.005	0	0	0	6418	469667				13.873		RES_UNDETERMINED
RES-908	RR	Kankan	22.861	0	32	1.40	-88	272	1	1	-9.54727	10.36288	-9.36721	10.40150	0.000	0.000	0.000	0.000	0.000	0.039	0.003	591	188	3642	6953	456125				22.861		RES_OUTSIDE_REFERENCE_NETWORK
RES-909	RR	Kankan	5.049	0	6	1.19	-139	221	1	1	-9.57685	10.33397	-9.54727	10.36840	0.000	0.000	0.000	0.000	0.000	0.000	0.015	13404	9395	13404	0	452240				5.049		RES_OUTSIDE_REFERENCE_NETWORK
RES-91	RR	Boké	14.915	0	35	2.35	168	168	2	1	-13.70297	10.22110	-13.65453	10.32898	0.005	0.014	0.033	0.014	0.070	0.153	0.009	0	0	0	1549	71395				14.915		RES_UNDETERMINED
RES-910	RR	Kankan	31.576	0	34	1.08	42	42	1	1	-9.64722	10.64856	-9.47026	10.84510	0.036	0.119	0.396	0.016	0.063	0.204	0.002	0	0	1667	1913	452355				31.576		RES_UNDETERMINED
RES-911	RR	Kankan	20.570	0	10	0.49	87	87	2	1	-9.43397	10.65296	-9.25402	10.66701	0.000	0.000	0.000	0.000	0.000	0.000	0.007	364	2638	439	0	475196				20.570		RES_OUTSIDE_REFERENCE_NETWORK
RES-912	RR	Kankan	14.405	0	33	2.29	-18	342	2	1	-9.32272	10.41261	-9.28560	10.51214	0.000	0.000	0.000	0.009	0.019	0.141	0.005	671	152	680	0	483201				14.405		RES_UNDETERMINED
RES-913	RR	Kankan	11.830	0	17	1.44	-162	198	2	1	-9.34104	10.28459	-9.30112	10.37119	0.018	0.067	0.139	0.018	0.073	0.248	0.012	0	0	1789	0	477337				11.830		RES_UNDETERMINED
RES-914	RR	Kankan	15.800	0	27	1.71	117	117	3	1	-9.27630	10.30021	-9.15505	10.36085	0.013	0.049	0.157	0.054	0.152	0.529	0.009	236	0	0	6337	485163				15.800		RES_UNDETERMINED
RES-915	RR	Kankan	3.082	0	6	1.95	112	112	3	1	-9.15505	10.28977	-9.12914	10.30021	0.089	0.311	0.467	0.000	0.000	0.000	0.044	16	3304	9775	0	497157				3.082		RES_UNDETERMINED
RES-916	RR	Kankan	27.754	0	56	2.02	95	95	1	1	-9.22416	10.39257	-8.98219	10.41359	0.008	0.028	0.062	0.023	0.105	0.375	0.008	0	133	2644	7895	491814				27.754		RES_UNDETERMINED
RES-917	RR	Kankan	15.566	0	28	1.80	114	114	2	1	-9.32154	10.47316	-9.23643	10.54039	0.000	0.000	0.004	0.000	0.026	0.039	0.004	245	61	240	0	483501				15.566		RES_OUTSIDE_REFERENCE_NETWORK
RES-918	RR	Kankan	14.025	0	24	1.71	-66	294	1	1	-9.36706	10.66701	-9.25402	10.71747	0.000	0.000	0.000	0.000	0.000	0.000	0.005	364	644	439	0	483935				14.025		RES_OUTSIDE_REFERENCE_NETWORK
RES-919	RR	Kankan	32.084	0	43	1.34	-3	357		1	-9.20460	10.47320	-9.17986	10.73728	0.000	0.000	0.000	0.000	0.000	0.000	0.000	2959	1194	2952	6541	496208				32.084		RES_OUTSIDE_REFERENCE_NETWORK
RES-92	RR	Kindia	0.158	0	2	12.64	34	34	1	1	-13.71012	10.31423	-13.70932	10.31542	0.000	0.000	1.000	0.000	0.000	0.000	0.333	123	560	127	0	81872				0.158		RES_UNDETERMINED
RES-920	RR	Kankan	18.126	0	25	1.38	77	77	1	1	-9.04938	10.29490	-8.89766	10.33471	0.040	0.189	0.534	0.000	0.004	0.096	0.004	0	135	18626	6666	508506				18.126		RES_UNDETERMINED
RES-921	RR	Kankan	55.145	0	83	1.51	151	151	5	1	-8.79003	9.75279	-8.55860	10.11385	0.003	0.007	0.018	0.000	0.000	0.038	0.005	0	542	0	0	533980				55.145		RES_OUTSIDE_REFERENCE_NETWORK
RES-922	RR	Kankan	4.899	0	13	2.65	175	175	5	1	-9.07875	10.12072	-9.07355	10.16412	0.014	0.043	0.116	0.000	0.000	0.000	0.043	0	8079	0	0	503256				4.899		RES_UNDETERMINED
RES-923	RR	Kankan	36.662	0	58	1.58	174	174	3	1	-8.97599	9.87749	-8.86730	10.11930	0.002	0.006	0.013	0.000	0.006	0.266	0.004	0	42	0	0	512691				36.662		RES_UNDETERMINED
RES-924	RR	Kankan	5.190	0	10	1.93	5	5	3	1	-9.08232	10.07862	-9.07355	10.12072	0.000	0.000	0.000	0.000	0.000	0.000	0.022	3505	3692	3511	0	502134				5.190		RES_OUTSIDE_REFERENCE_NETWORK
RES-925	RR	Kankan	16.861	0	30	1.78	98	98	4	1	-9.03867	10.11545	-8.89274	10.13953	0.000	0.012	0.064	0.000	0.000	0.000	0.008	62	988	85	0	507366				16.861		RES_OUTSIDE_REFERENCE_NETWORK
RES-926	RR	Kankan	8.491	0	18	2.12	110	110	5	1	-8.82437	10.11385	-8.75991	10.13759	0.194	0.457	0.822	0.000	0.000	0.000	0.233	0	761	0	0	530674				8.491		RES_UNDETERMINED
RES-927	RR	Kankan	8.219	0	16	1.95	75	75	4	1	-8.89274	10.11915	-8.82437	10.14058	0.009	0.026	0.078	0.000	0.000	0.000	0.017	0	6478	401	0	523005				8.219		RES_OUTSIDE_REFERENCE_NETWORK
RES-928	RR	Kankan	28.654	0	39	1.36	69	69	4	1	-9.03867	10.13953	-8.82016	10.24221	0.000	0.000	0.005	0.002	0.007	0.070	0.005	124	0	818	0	507366				28.654		RES_OUTSIDE_REFERENCE_NETWORK
RES-929	RR	Kankan	5.032	0	13	2.58	-57	303	4	1	-9.07703	10.13953	-9.03867	10.16412	0.000	0.000	0.015	0.000	0.000	0.209	0.030	248	6672	239	0	503521				5.032		RES_UNDETERMINED
RES-93	RR	Kindia	16.614	0	34	2.05	125	125	3	1	-13.68730	10.27881	-13.57535	10.35813	0.004	0.012	0.024	0.049	0.192	0.506	0.008	0	86	1108	0	78166				16.614		RES_UNDETERMINED
RES-930	RR	Kankan	5.842	0	11	1.88	78	78	3	1	-9.09865	10.28449	-9.04938	10.29490	0.333	0.506	0.741	0.000	0.000	0.000	0.025	0	9693	10578	0	502997				5.842		RES_POSSIBLE_ROAD
RES-931	RR	Kankan	11.507	0	27	2.35	3	3	4	1	-8.84817	10.13759	-8.82016	10.22237	0.006	0.018	0.450	0.000	0.000	0.047	0.012	0	4010	401	0	528374				11.507		RES_UNDETERMINED
RES-932	RR	Kankan	23.263	0	34	1.46	30	30	3	1	-8.82081	10.22237	-8.72412	10.38837	0.122	0.348	0.710	0.003	0.012	0.064	0.006	0	0	9702	0	532225				23.263		RES_UNDETERMINED
RES-933	RR	Kankan	30.691	0	40	1.30	-78	282	3	1	-8.43384	9.92548	-8.16632	9.98502	0.000	0.000	0.000	0.000	0.000	0.066	0.005	24105	11254	21746	0	571762				30.691		RES_OUTSIDE_REFERENCE_NETWORK
RES-934	RR	Kankan	18.986	0	29	1.53	110	110	4	1	-8.55860	9.70016	-8.40611	9.76193	0.014	0.065	0.242	0.000	0.000	0.000	0.007	0	13474	2132	0	556800				18.986		RES_UNDETERMINED
RES-935	RR	Kankan	32.576	0	41	1.26	-151	209	5	1	-8.56763	9.75542	-8.43384	9.98502	0.002	0.006	0.012	0.000	0.000	0.000	0.004	0	6932	0	0	556078				32.576		RES_OUTSIDE_REFERENCE_NETWORK
RES-936	RR	Kankan	37.901	0	44	1.16	47	47	3	1	-8.40611	9.70016	-8.16632	9.92584	0.002	0.005	0.016	0.000	0.000	0.014	0.004	0	12594	7974	0	573386				37.901		RES_OUTSIDE_REFERENCE_NETWORK
RES-937	RR	Kankan	43.497	0	60	1.38	112	112	5	1	-8.75991	9.98502	-8.43384	10.11385	0.000	0.003	0.011	0.002	0.005	0.110	0.003	0	5094	0	0	537415				43.497		RES_UNDETERMINED
RES-938	RR	Kankan	4.921	0	9	1.83	22	22	4	1	-8.32984	10.27562	-8.31399	10.31558	0.087	0.188	0.754	0.000	0.000	0.174	0.101	0	3588	0	0	586284				4.921		RES_UNDETERMINED
RES-939	RR	Kankan	5.763	0	13	2.26	-10	350	2	1	-8.90323	10.56008	-8.89409	10.60989	0.111	0.556	0.938	0.000	0.025	0.099	0.012	0	48	416	0	529891				5.763		RES_POSSIBLE_ROAD
RES-94	RR	Kindia	7.914	0	14	1.77	-22	338	4	1	-13.70492	10.35813	-13.68066	10.40449	0.000	0.000	0.025	0.157	0.529	0.934	0.017	149	0	1077	0	86573				7.914		RES_UNDETERMINED
RES-940	RR	Kankan	9.382	0	19	2.03	-126	234	1	1	-8.72488	10.38497	-8.65636	10.43516	0.168	0.577	0.905	0.000	0.000	0.036	0.007	0	237	18620	0	545158				9.382		RES_POSSIBLE_ROAD
RES-941	RR	Kankan	9.127	0	15	1.64	53	53	2	1	-8.90281	10.60989	-8.83715	10.65873	0.230	0.533	0.681	0.000	0.000	0.037	0.007	0	1122	5932	0	530577				9.127		RES_POSSIBLE_ROAD
RES-942	RR	Kankan	37.065	0	48	1.30	1	1	4	1	-8.91127	10.60989	-8.85766	10.92038	0.046	0.221	0.519	0.000	0.006	0.057	0.004	0	63	15594	0	530386				37.065		RES_UNDETERMINED
RES-943	RR	Kankan	4.038	0	9	2.23	173	173	4	1	-8.69823	10.63132	-8.69370	10.66702	0.020	0.176	1.000	0.039	0.118	0.333	0.059	0	0	0	0	553327				4.038		RES_UNDETERMINED
RES-944	RR	Kankan	22.186	0	30	1.35	-172	188	4	1	-8.73103	10.66702	-8.67305	10.84104	0.009	0.040	0.135	0.012	0.024	0.043	0.012	0	751	0	0	551884				22.186		RES_UNDETERMINED
RES-945	RR	Kankan	4.375	0	9	2.06	41	41	2	1	-8.69808	10.66702	-8.67203	10.69658	0.046	0.246	0.892	0.015	0.062	0.169	0.015	0	0	187	0	553807				4.375		RES_UNDETERMINED
RES-946	RR	Kankan	7.179	0	16	2.23	82	82	4	1	-8.35438	10.48217	-8.29012	10.49151	0.000	0.019	0.065	0.000	0.000	0.019	0.019	0	239	0	0	586925				7.179		RES_OUTSIDE_REFERENCE_NETWORK
RES-947	RR	Kankan	8.399	0	18	2.14	-107	253	3	1	-8.42607	10.45996	-8.35438	10.48217	0.000	0.009	0.060	0.000	0.000	0.000	0.009	89	1221	360	0	578781				8.399		RES_OUTSIDE_REFERENCE_NETWORK
RES-948	RR	Kankan	21.628	0	38	1.76	-44	316	6	1	-8.48339	10.48217	-8.35438	10.61610	0.059	0.218	0.590	0.003	0.013	0.029	0.046	0	0	0	0	575674				21.628		RES_UNDETERMINED
RES-949	RR	Kankan	19.393	0	28	1.44	-14	346	6	1	-8.35438	10.31558	-8.31148	10.48217	0.012	0.099	0.462	0.000	0.000	0.095	0.020	0	4841	0	0	586925				19.393		RES_UNDETERMINED
RES-95	RR	Kindia	16.318	0	31	1.90	103	103	3	1	-13.68730	10.32947	-13.56306	10.36746	0.004	0.013	0.026	0.062	0.326	0.577	0.009	0	332	1013	0	83548				16.318		RES_UNDETERMINED
RES-950	RR	Kankan	14.150	0	22	1.55	67	67	3	1	-8.31399	10.31558	-8.20158	10.36370	0.005	0.015	0.029	0.000	0.000	0.400	0.010	0	9655	0	0	588574				14.150		RES_UNDETERMINED
RES-951	RR	Kankan	13.813	0	22	1.59	-59	301	4	1	-8.58664	10.61610	-8.48339	10.67726	0.055	0.164	0.313	0.000	0.000	0.065	0.065	0	5232	0	0	565965				13.813		RES_UNDETERMINED
RES-952	RR	Kankan	28.372	0	39	1.37	-10	350	4	1	-8.63150	10.67670	-8.58808	10.91164	0.003	0.008	0.020	0.020	0.089	0.145	0.008	1488	0	5695	5820	563203				28.372		RES_UNDETERMINED
RES-953	RR	Kankan	0.169	0	2	11.84	69	69	2	1	-8.58808	10.67670	-8.58664	10.67726	0.000	0.000	0.000	0.000	0.000	0.000	0.667	351	4748	362	0	565798				0.169		RES_DUPLICATE_OR_OVERLAP
RES-954	RR	Kankan	15.039	0	24	1.60	78	78	3	1	-8.48339	10.61610	-8.35090	10.64488	0.005	0.010	0.030	0.005	0.015	0.036	0.010	0	0	0	0	575674				15.039		RES_OUTSIDE_REFERENCE_NETWORK
RES-955	RR	Kankan	37.298	0	48	1.29	-119	241		1	-9.46873	10.92784	-9.24032	11.07259	0.027	0.112	0.272	0.000	0.000	0.010	0.000	0	845	968	2417	479810				37.298		RES_UNDETERMINED
RES-956	RR	Kankan	39.046	0	59	1.51	-80	280		1	-9.48522	11.32912	-9.16640	11.39190	0.014	0.092	0.184	0.002	0.009	0.027	0.000	0	204	254	1187	496189				39.046		RES_UNDETERMINED
RES-957	RR	Kankan	14.731	0	28	1.90	-97	263	1	1	-9.29985	11.35115	-9.17160	11.36802	0.009	0.122	0.319	0.000	0.000	0.033	0.005	128	310	0	1187	513191				14.731		RES_UNDETERMINED
RES-958	RR	Kankan	6.162	0	12	1.95	25	25	2	1	-9.11443	11.15353	-9.09130	11.20332	0.000	0.000	0.106	0.000	0.000	0.588	0.012	206	473	2439	0	524452				6.162		RES_UNDETERMINED
RES-959	RR	Kankan	13.161	0	20	1.52	47	47	3	1	-9.19874	11.07373	-9.11434	11.15353	0.015	0.112	0.807	0.015	0.051	0.157	0.010	0	0	2206	0	512879				13.161		RES_UNDETERMINED
RES-96	RR	Kindia	3.990	0	8	2.00	-37	323	3	1	-13.74260	10.39614	-13.72230	10.42338	0.000	0.000	0.000	0.016	0.066	0.262	0.033	3447	0	5889	0	91009				3.990		RES_UNDETERMINED
RES-960	RR	Kankan	6.727	0	12	1.78	26	26		1	-9.21549	10.90987	-9.18973	10.96329	0.000	0.000	0.000	0.000	0.030	0.119	0.000	888	0	889	11376	505660				6.727		RES_UNDETERMINED
RES-961	RR	Kankan	8.179	0	14	1.71	-74	286	3	1	-9.19874	11.05301	-9.12753	11.07373	0.008	0.132	0.289	0.000	0.000	0.000	0.017	19	601	2243	0	512879				8.179		RES_UNDETERMINED
RES-962	RR	Kankan	6.274	0	15	2.39	114	114	2	1	-9.12753	11.03077	-9.07557	11.05338	0.000	0.000	0.000	0.000	0.000	0.000	0.010	392	251	9577	0	519563				6.274		RES_OUTSIDE_REFERENCE_NETWORK
RES-963	RR	Kankan	28.881	0	39	1.35	-81	279	4	1	-9.12753	11.01640	-8.88203	11.07298	0.007	0.036	0.094	0.000	0.000	0.014	0.005	0	1132	9577	0	519563				28.881		RES_OUTSIDE_REFERENCE_NETWORK
RES-964	RR	Kankan	27.004	0	37	1.37	65	65	4	1	-9.11434	11.15340	-8.90292	11.25167	0.000	0.010	0.022	0.000	0.000	0.024	0.007	0	6767	2622	0	524452				27.004		RES_OUTSIDE_REFERENCE_NETWORK
RES-965	RR	Kankan	31.460	0	44	1.40	-75	285	4	1	-9.15533	11.28771	-8.88685	11.36276	0.000	0.000	0.005	0.005	0.020	0.079	0.002	163	3258	6721	8821	528307				31.460		RES_OUTSIDE_REFERENCE_NETWORK
RES-966	RR	Kankan	45.340	0	76	1.68	69	69	5	1	-9.16398	11.42158	-8.80596	11.56141	0.059	0.245	0.447	0.031	0.112	0.314	0.059	0	315	0	3068	529889				45.340		RES_UNDETERMINED
RES-967	RR	Kankan	25.450	0	50	1.96	-88	272	4	1	-9.34141	11.56176	-9.13886	11.59552	0.045	0.197	0.384	0.109	0.272	0.432	0.008	0	622	0	4651	518671				25.450		RES_UNDETERMINED
RES-968	RR	Kankan	9.262	0	20	2.16	171	171	3	1	-9.38799	11.62171	-9.37574	11.69940	0.008	0.015	0.045	0.060	0.195	0.293	0.015	7	0	2299	0	517389				9.262		RES_UNDETERMINED
RES-969	RR	Kankan	6.649	0	16	2.41	-67	293	5	1	-9.43470	11.60294	-9.38278	11.62502	0.111	0.354	0.960	0.020	0.051	0.202	0.131	0	0	0	0	512104				6.649		RES_UNDETERMINED
RES-97	RR	Kindia	10.039	0	14	1.39	-34	326	2	1	-13.75281	10.40075	-13.70492	10.47065	0.000	0.000	0.000	0.043	0.180	0.475	0.007	3451	0	4319	1712	91381				10.039		RES_UNDETERMINED
RES-970	RR	Kankan	23.879	0	37	1.55	66	66	4	1	-9.61778	11.54338	-9.43470	11.62502	0.009	0.036	0.220	0.003	0.030	0.184	0.009	0	0	0	0	490197				23.879		RES_UNDETERMINED
RES-971	RR	Kankan	6.089	0	15	2.46	129	129	5	1	-9.38278	11.56968	-9.34141	11.60318	0.023	0.241	0.414	0.000	0.000	0.046	0.034	0	602	0	0	516159				6.089		RES_UNDETERMINED
RES-972	RR	Kankan	5.670	0	17	3.00	131	131	2	1	-9.34209	11.53961	-9.30726	11.56968	0.062	0.383	0.951	0.025	0.086	0.235	0.012	0	0	413	0	518386				5.670		RES_UNDETERMINED
RES-973	RR	Kankan	2.251	0	7	3.11	-159	201	4	1	-9.38278	11.60318	-9.37574	11.62171	0.000	0.000	0.162	0.027	0.162	0.459	0.054	104	0	133	0	516159				2.251		RES_UNDETERMINED
RES-974	RR	Kankan	73.549	0	114	1.55	19	19	4	1	-9.37574	11.62171	-9.16838	12.20951	0.035	0.120	0.256	0.019	0.048	0.151	0.002	0	0	25874	0	517735				73.549		RES_UNDETERMINED
RES-975	RR	Kankan	10.430	0	23	2.21	76	76	4	1	-9.61367	11.79889	-9.52194	11.82186	0.000	0.000	0.026	0.000	0.000	0.033	0.013	368	169	13252	0	503644				10.430		RES_OUTSIDE_REFERENCE_NETWORK
RES-976	RR	Kankan	18.791	0	29	1.54	-2	358	3	1	-9.53087	11.82186	-9.51066	11.98483	0.004	0.021	0.050	0.000	0.007	0.021	0.007	0	0	14414	0	513630				18.791		RES_OUTSIDE_REFERENCE_NETWORK
RES-977	RR	Kankan	20.832	0	36	1.73	132	132	3	1	-9.52197	11.69895	-9.38799	11.82186	0.083	0.426	0.657	0.007	0.063	0.119	0.007	0	0	8412	8439	512931				20.832		RES_UNDETERMINED
RES-978	RR	Kankan	13.344	0	22	1.65	44	44	1	1	-9.52729	11.98483	-9.45695	12.05776	0.005	0.073	0.244	0.000	0.000	0.000	0.005	0	458	32239	0	521999				13.344		RES_UNDETERMINED
RES-979	RR	Kankan	61.952	0	92	1.49	-2	358	4	1	-9.16838	11.75663	-9.11173	12.20951	0.032	0.127	0.264	0.090	0.291	0.638	0.002	0	0	17043	0	546155				61.952		RES_UNDETERMINED
RES-98	RR	Kindia	1.982	0	6	3.03	-105	255	4	1	-13.72230	10.39614	-13.70492	10.40075	0.000	0.000	0.000	0.061	0.121	0.333	0.061	4314	0	4319	0	91009				1.982		RES_UNDETERMINED
RES-980	RR	Kankan	23.339	0	40	1.71	-4	356	2	1	-9.19519	11.60440	-9.13795	11.75663	0.021	0.073	0.149	0.061	0.271	0.754	0.003	0	1381	475	0	537365				23.339		RES_UNDETERMINED
RES-981	RR	Kankan	13.327	0	25	1.88	119	119	2	1	-9.14899	11.70731	-9.06168	11.75663	0.035	0.159	0.264	0.104	0.522	0.940	0.005	0	0	330	0	546354				13.327		RES_UNDETERMINED
RES-982	RR	Kankan	19.558	0	32	1.64	-5	355	3	1	-9.14309	12.31086	-9.12018	12.47938	0.014	0.184	0.686	0.014	0.074	0.509	0.004	0	0	51798	0	578524				19.558		RES_UNDETERMINED
RES-983	RR	Kankan	13.975	0	21	1.50	25	25	5	1	-9.16838	12.20951	-9.12018	12.31086	0.175	0.481	0.979	0.074	0.291	0.656	0.011	0	0	44646	0	568277				13.975		RES_UNDETERMINED
RES-984	RR	Kankan	12.487	0	22	1.76	107	107	3	1	-9.12018	12.27813	-9.01299	12.31086	0.041	0.195	0.314	0.000	0.000	0.053	0.006	0	304	44330	0	578499				12.487		RES_UNDETERMINED
RES-985	RR	Kankan	10.488	0	18	1.72	66	66	3	1	-9.12018	12.31086	-9.04108	12.34917	0.090	0.200	0.329	0.019	0.077	0.458	0.006	0	0	51392	0	578524				10.488		RES_UNDETERMINED
RES-986	RR	Kankan	12.377	0	17	1.37	-69	291	5	1	-8.71487	11.12955	-8.61211	11.16807	0.000	0.000	0.000	0.000	0.000	0.000	0.017	13346	265	0	0	566363				12.377		RES_OUTSIDE_REFERENCE_NETWORK
RES-987	RR	Kankan	12.382	0	22	1.78	127	127	4	1	-8.76683	10.97685	-8.68151	11.04017	0.000	0.005	0.011	0.011	0.032	0.059	0.011	92	389	94	0	556740				12.382		RES_OUTSIDE_REFERENCE_NETWORK
RES-988	RR	Kankan	10.916	0	16	1.47	8	8	4	1	-8.89559	10.92038	-8.88203	11.01640	0.006	0.127	0.671	0.000	0.000	0.000	0.012	0	1265	21655	0	539578				10.916		RES_UNDETERMINED
RES-989	RR	Kankan	3.572	0	8	2.24	97	97	4	1	-8.89559	10.91662	-8.86638	10.92381	0.020	0.041	0.102	0.000	0.000	0.000	0.041	0	297	18492	0	539578				3.572		RES_UNDETERMINED
RES-99	RR	Kindia	9.181	0	28	3.05	-111	249	1	1	-13.56643	10.36526	-13.50837	10.39598	0.000	0.000	0.000	0.000	0.000	0.000	0.007	910	1064	1762	0	88090				9.181		RES_OUTSIDE_REFERENCE_NETWORK
RES-990	RR	Kankan	19.974	0	34	1.70	110	110	4	1	-8.86638	10.85048	-8.70670	10.91662	0.000	0.000	0.000	0.000	0.000	0.000	0.007	368	2327	374	2347	542542				19.974		RES_OUTSIDE_REFERENCE_NETWORK
RES-991	RR	Kankan	5.999	0	13	2.17	45	45	2	1	-8.86638	10.91662	-8.82922	10.95354	0.000	0.000	0.000	0.012	0.071	0.341	0.012	1873	0	15802	0	542542				5.999		RES_UNDETERMINED
RES-992	RR	Kankan	10.581	0	18	1.70	156	156	4	1	-8.87365	11.08214	-8.83604	11.16711	0.102	0.367	0.830	0.041	0.129	0.252	0.014	0	0	21749	0	549400				10.581		RES_UNDETERMINED
RES-993	RR	Kankan	9.558	0	15	1.57	35	35	4	1	-8.88280	11.01640	-8.83604	11.08214	0.000	0.000	0.163	0.000	0.000	0.000	0.014	140	403	18641	0	543956				9.558		RES_UNDETERMINED
RES-994	RR	Kankan	9.158	0	16	1.75	121	121	4	1	-8.83604	11.03990	-8.76683	11.08214	0.015	0.075	0.406	0.098	0.218	0.331	0.015	0	0	9862	0	550883				9.158		RES_UNDETERMINED
RES-995	RR	Kankan	13.720	0	21	1.53	-176	184	4	1	-8.77373	11.04017	-8.75890	11.15187	0.000	0.000	0.000	0.000	0.000	0.015	0.010	1480	502	9862	0	556771				13.720		RES_OUTSIDE_REFERENCE_NETWORK
RES-996	RR	Kankan	8.228	0	18	2.19	160	160	6	1	-8.68151	10.91861	-8.65345	10.97697	0.041	0.223	0.405	0.000	0.000	0.000	0.058	0	595	0	0	563387				8.228		RES_UNDETERMINED
RES-997	RR	Kankan	4.482	0	9	2.01	116	116	4	1	-8.70670	10.84104	-8.67305	10.85955	0.115	0.508	0.754	0.016	0.049	0.115	0.148	0	0	0	0	557720				4.482		RES_POSSIBLE_ROAD
RES-998	RR	Kankan	9.111	0	17	1.87	-143	217	5	1	-8.70712	10.85719	-8.66026	10.91861	0.130	0.545	0.829	0.041	0.146	0.455	0.146	0	0	0	0	557720				9.111		RES_POSSIBLE_ROAD
RES-999	RR	Kankan	3.559	0	9	2.53	-76	284	4	1	-8.66026	10.91086	-8.63150	10.91861	0.000	0.000	0.000	0.039	0.059	0.118	0.039	704	245	701	0	564335				3.559		RES_UNDETERMINED
