seuil,code,classe,famille,points,proches,pct
25,RES-834,RR,RES-*,11,0,0.0
25,RES-652,RR,RES-*,41,0,0.0
25,RES-488,RR,RES-*,46,0,0.0
25,RES-27,RR,RES-*,66,0,0.0
25,RES-129,RR,RES-*,54,0,0.0
25,RES-433,RR,RES-*,50,0,0.0
25,RES-771,RR,RES-*,53,0,0.0
25,RN24-OSM-30,RN,*-OSM-*,1,0,0.0
25,RES-284,RR,RES-*,17,0,0.0
25,RES-34,RR,RES-*,26,0,0.0
25,RES-520,RR,RES-*,71,0,0.0
25,RES-155,RR,RES-*,153,0,0.0
25,RES-125,RR,RES-*,10,0,0.0
25,RES-400,RR,RES-*,6,0,0.0
25,RES-524,RR,RES-*,58,0,0.0
25,RES-784,RR,RES-*,70,0,0.0
25,RES-183,RR,RES-*,75,0,0.0
25,RES-87,RR,RES-*,44,0,0.0
25,RES-657,RR,RES-*,18,0,0.0
25,RES-358,RR,RES-*,33,0,0.0
25,RES-404,RR,RES-*,34,0,0.0
25,RES-269,RR,RES-*,7,0,0.0
25,RES-907,RR,RES-*,69,0,0.0
25,RES-851,RR,RES-*,59,0,0.0
25,RES-188,RR,RES-*,11,0,0.0
25,RES-842,RR,RES-*,13,0,0.0
25,RES-510,RR,RES-*,97,0,0.0
25,RES-478,RR,RES-*,26,0,0.0
25,RES-828,RR,RES-*,38,0,0.0
25,RES-407,RR,RES-*,73,0,0.0
25,RES-410,RR,RES-*,55,0,0.0
25,RES-66,RR,RES-*,38,0,0.0
25,RES-357,RR,RES-*,44,0,0.0
25,RES-689,RR,RES-*,31,0,0.0
25,RES-209,RR,RES-*,29,0,0.0
25,RES-42,RR,RES-*,30,0,0.0
25,RES-481,RR,RES-*,79,0,0.0
25,RES-82,RR,RES-*,94,0,0.0
25,RES-496,RR,RES-*,48,0,0.0
25,RES-96,RR,RES-*,19,0,0.0
25,RES-1023,RR,RES-*,51,0,0.0
25,RES-560,RR,RES-*,54,0,0.0
25,RES-628,RR,RES-*,28,0,0.0
25,RES-895,RR,RES-*,35,0,0.0
25,RES-592,RR,RES-*,50,0,0.0
25,RES-487,RR,RES-*,29,0,0.0
25,RES-181,RR,RES-*,291,0,0.0
25,RES-961,RR,RES-*,40,0,0.0
25,RES-102,RR,RES-*,72,0,0.0
25,RES-725,RR,RES-*,32,0,0.0
25,RES-20,RR,RES-*,4,0,0.0
25,RES-277,RR,RES-*,30,0,0.0
25,RES-72,RR,RES-*,57,0,0.0
25,RES-93,RR,RES-*,83,0,0.0
25,RES-756,RR,RES-*,71,0,0.0
25,RES-463,RR,RES-*,69,0,0.0
25,RES-599,RR,RES-*,6,0,0.0
25,RES-726,RR,RES-*,1,0,0.0
25,RES-608,RR,RES-*,60,0,0.0
25,RES-813,RR,RES-*,29,0,0.0
25,RES-246,RR,RES-*,166,0,0.0
25,RES-337,RR,RES-*,116,0,0.0
25,RES-968,RR,RES-*,46,0,0.0
25,RES-986,RR,RES-*,61,0,0.0
25,RES-124,RR,RES-*,41,0,0.0
25,RES-807,RR,RES-*,75,0,0.0
25,RES-812,RR,RES-*,123,0,0.0
25,RES-891,RR,RES-*,53,0,0.0
25,RES-667,RR,RES-*,33,0,0.0
25,RES-218,RR,RES-*,16,0,0.0
25,RES-431,RR,RES-*,1,0,0.0
25,RES-504,RR,RES-*,27,0,0.0
25,RES-716,RR,RES-*,65,0,0.0
25,RES-2,RR,RES-*,61,0,0.0
25,RES-36,RR,RES-*,45,0,0.0
25,RES-917,RR,RES-*,77,0,0.0
25,GN N0039 1-1572,RN,GN N*,70,0,0.0
25,RES-145,RR,RES-*,75,0,0.0
25,RN4-OSM-0,RN,*-OSM-*,2,0,0.0
25,RES-501,RR,RES-*,38,0,0.0
25,RES-383,RR,RES-*,28,0,0.0
25,RES-205,RR,RES-*,10,0,0.0
25,RES-696,RR,RES-*,23,0,0.0
25,RES-420,RR,RES-*,6,0,0.0
25,RES-888,RR,RES-*,61,0,0.0
25,RES-349,RR,RES-*,81,0,0.0
25,RES-282,RR,RES-*,23,0,0.0
25,RES-453,RR,RES-*,44,0,0.0
25,RES-285,RR,RES-*,25,0,0.0
25,RES-409,RR,RES-*,67,0,0.0
25,RES-137,RR,RES-*,36,0,0.0
25,RES-467,RR,RES-*,27,0,0.0
25,RES-298,RR,RES-*,19,0,0.0
25,RES-483,RR,RES-*,77,0,0.0
25,RES-342,RR,RES-*,37,0,0.0
25,RES-1004,RR,RES-*,89,0,0.0
25,RES-830,RR,RES-*,31,0,0.0
25,RES-589,RR,RES-*,51,0,0.0
25,RES-334,RR,RES-*,77,0,0.0
25,RES-853,RR,RES-*,13,0,0.0
25,RES-761,RR,RES-*,99,0,0.0
25,RES-654,RR,RES-*,70,0,0.0
25,RES-854,RR,RES-*,57,0,0.0
25,RES-1010,RR,RES-*,84,0,0.0
25,RES-911,RR,RES-*,102,0,0.0
25,RES-234,RR,RES-*,48,0,0.0
25,RES-336,RR,RES-*,54,0,0.0
25,RES-200,RR,RES-*,43,0,0.0
25,RES-601,RR,RES-*,114,0,0.0
25,RES-882,RR,RES-*,63,0,0.0
25,RES-91,RR,RES-*,74,0,0.0
25,RES-112,RR,RES-*,66,0,0.0
25,RES-924,RR,RES-*,25,0,0.0
25,RES-468,RR,RES-*,5,0,0.0
25,RES-954,RR,RES-*,75,0,0.0
25,RES-55,RR,RES-*,34,0,0.0
25,GN N0015 1-1541,RN,GN N*,63,0,0.0
25,RES-731,RR,RES-*,1,0,0.0
25,RES-191,RR,RES-*,8,0,0.0
25,RES-647,RR,RES-*,73,0,0.0
25,RES-1028,RR,RES-*,75,0,0.0
25,RES-664,RR,RES-*,18,0,0.0
25,RES-925,RR,RES-*,84,0,0.0
25,RES-837,RR,RES-*,45,0,0.0
25,RES-482,RR,RES-*,60,0,0.0
25,RES-80,RR,RES-*,62,0,0.0
25,RES-875,RR,RES-*,69,0,0.0
25,RES-343,RR,RES-*,1,0,0.0
25,RES-562,RR,RES-*,58,0,0.0
25,RES-447,RR,RES-*,35,0,0.0
25,RES-310,RR,RES-*,1,0,0.0
25,RES-186,RR,RES-*,41,0,0.0
25,RES-392,RR,RES-*,16,0,0.0
25,RES-335,RR,RES-*,53,0,0.0
25,RES-156,RR,RES-*,38,0,0.0
25,RES-908,RR,RES-*,114,0,0.0
25,RES-866,RR,RES-*,32,0,0.0
25,RES-557,RR,RES-*,21,0,0.0
25,RES-365,RR,RES-*,29,0,0.0
25,RES-535,RR,RES-*,163,0,0.0
25,RES-176,RR,RES-*,47,0,0.0
25,RES-794,RR,RES-*,63,0,0.0
25,RES-435,RR,RES-*,31,0,0.0
25,RES-639,RR,RES-*,99,0,0.0
25,RES-889,RR,RES-*,65,0,0.0
25,RES-22,RR,RES-*,51,0,0.0
25,RES-970,RR,RES-*,119,0,0.0
25,RES-390,RR,RES-*,37,0,0.0
25,RES-984,RR,RES-*,62,0,0.0
25,RES-929,RR,RES-*,25,0,0.0
25,RES-849,RR,RES-*,157,0,0.0
25,RES-591,RR,RES-*,40,0,0.0
25,RES-123,RR,RES-*,76,0,0.0
25,RES-1002,RR,RES-*,101,0,0.0
25,RES-394,RR,RES-*,32,0,0.0
25,GN N0014 1,RN,GN N*,53,0,0.0
25,RES-659,RR,RES-*,41,0,0.0
25,RES-226,RR,RES-*,100,0,0.0
25,RES-268,RR,RES-*,139,0,0.0
25,RES-413,RR,RES-*,31,0,0.0
25,RES-95,RR,RES-*,81,0,0.0
25,RES-575,RR,RES-*,45,0,0.0
25,RES-322,RR,RES-*,13,0,0.0
25,RES-393,RR,RES-*,47,0,0.0
25,RES-160,RR,RES-*,123,0,0.0
25,RES-521,RR,RES-*,27,0,0.0
25,RES-878,RR,RES-*,36,0,0.0
25,RES-670,RR,RES-*,19,0,0.0
25,RES-185,RR,RES-*,69,0,0.0
25,RES-918,RR,RES-*,70,0,0.0
25,RES-161,RR,RES-*,9,0,0.0
25,RES-999,RR,RES-*,17,0,0.0
25,RES-736,RR,RES-*,70,0,0.0
25,RES-894,RR,RES-*,96,0,0.0
25,RES-509,RR,RES-*,53,0,0.0
25,RES-625,RR,RES-*,68,0,0.0
25,RES-101,RR,RES-*,39,0,0.0
25,RES-931,RR,RES-*,57,0,0.0
25,RES-83,RR,RES-*,96,0,0.0
25,RES-356,RR,RES-*,6,0,0.0
25,RES-69,RR,RES-*,56,0,0.0
25,RES-738,RR,RES-*,28,0,0.0
25,RES-53,RR,RES-*,18,0,0.0
25,RES-609,RR,RES-*,104,0,0.0
25,RES-936,RR,RES-*,189,0,0.0
25,RES-893,RR,RES-*,21,0,0.0
25,RES-81,RR,RES-*,153,0,0.0
25,RES-555,RR,RES-*,63,0,0.0
25,RES-547,RR,RES-*,36,0,0.0
25,RES-458,RR,RES-*,26,0,0.0
25,RES-973,RR,RES-*,11,0,0.0
25,RES-661,RR,RES-*,56,0,0.0
25,RES-989,RR,RES-*,17,0,0.0
25,RES-602,RR,RES-*,49,0,0.0
25,RES-1017,RR,RES-*,40,0,0.0
25,RES-263,RR,RES-*,21,0,0.0
25,RES-157,RR,RES-*,43,0,0.0
25,RES-668,RR,RES-*,42,0,0.0
25,RES-899,RR,RES-*,29,0,0.0
25,RES-695,RR,RES-*,77,0,0.0
25,RES-950,RR,RES-*,70,0,0.0
25,RES-872,RR,RES-*,183,0,0.0
25,RES-835,RR,RES-*,16,0,0.0
25,RES-852,RR,RES-*,74,0,0.0
25,RES-494,RR,RES-*,28,0,0.0
25,RES-202,RR,RES-*,7,0,0.0
25,RES-201,RR,RES-*,49,0,0.0
25,RES-146,RR,RES-*,55,0,0.0
25,RES-708,RR,RES-*,32,0,0.0
25,RES-118,RR,RES-*,81,0,0.0
25,RES-421,RR,RES-*,2,0,0.0
25,RES-303,RR,RES-*,43,0,0.0
25,RES-935,RR,RES-*,162,0,0.0
25,RES-626,RR,RES-*,78,0,0.0
25,RES-803,RR,RES-*,58,0,0.0
25,RES-804,RR,RES-*,60,0,0.0
25,RES-669,RR,RES-*,9,0,0.0
25,RES-719,RR,RES-*,1,0,0.0
25,RES-338,RR,RES-*,57,0,0.0
25,RES-60,RR,RES-*,24,0,0.0
25,RES-262,RR,RES-*,29,0,0.0
25,GN N0015 1-1540,RN,GN N*,98,0,0.0
25,RES-193,RR,RES-*,9,0,0.0
25,RES-314,RR,RES-*,21,0,0.0
25,RES-808,RR,RES-*,137,0,0.0
25,RES-656,RR,RES-*,37,0,0.0
25,RES-51,RR,RES-*,40,0,0.0
25,RES-646,RR,RES-*,97,0,0.0
25,RES-450,RR,RES-*,51,0,0.0
25,RES-168,RR,RES-*,30,0,0.0
25,RES-329,RR,RES-*,44,0,0.0
25,RES-573,RR,RES-*,5,0,0.0
25,RES-648,RR,RES-*,71,0,0.0
25,RES-760,RR,RES-*,71,0,0.0
25,RES-98,RR,RES-*,9,0,0.0
25,RES-904,RR,RES-*,39,0,0.0
25,RES-556,RR,RES-*,54,0,0.0
25,RES-1001,RR,RES-*,71,0,0.0
25,RES-208,RR,RES-*,35,0,0.0
25,RES-214,RR,RES-*,60,0,0.0
25,RES-763,RR,RES-*,69,0,0.0
25,RES-572,RR,RES-*,26,0,0.0
25,RES-170,RR,RES-*,8,0,0.0
25,RES-587,RR,RES-*,1,0,0.0
25,RES-671,RR,RES-*,37,0,0.0
25,RES-750,RR,RES-*,38,0,0.0
25,RES-302,RR,RES-*,44,0,0.0
25,RES-962,RR,RES-*,31,0,0.0
25,RES-958,RR,RES-*,30,0,0.0
25,RES-971,RR,RES-*,30,0,0.0
25,RES-441,RR,RES-*,47,0,0.0
25,RES-251,RR,RES-*,122,0,0.0
25,RES-953,RR,RES-*,1,0,0.0
25,RES-702,RR,RES-*,26,0,0.0
25,RES-148,RR,RES-*,27,0,0.0
25,RES-815,RR,RES-*,46,0,0.0
25,RES-346,RR,RES-*,40,0,0.0
25,RES-845,RR,RES-*,42,0,0.0
25,RES-600,RR,RES-*,42,0,0.0
25,RES-522,RR,RES-*,30,0,0.0
25,RES-210,RR,RES-*,26,0,0.0
25,KA. 032,RU,autre,4,0,0.0
25,RES-821,RR,RES-*,73,0,0.0
25,RES-636,RR,RES-*,40,0,0.0
25,RES-820,RR,RES-*,65,0,0.0
25,RES-978,RR,RES-*,66,0,0.0
25,RES-655,RR,RES-*,13,0,0.0
25,RES-994,RR,RES-*,45,0,0.0
25,RES-892,RR,RES-*,98,0,0.0
25,RES-896,RR,RES-*,51,0,0.0
25,RES-534,RR,RES-*,53,0,0.0
25,RES-48,RR,RES-*,37,0,0.0
25,RES-415,RR,RES-*,7,0,0.0
25,RES-605,RR,RES-*,66,0,0.0
25,RES-411,RR,RES-*,55,0,0.0
25,RES-260,RR,RES-*,153,0,0.0
25,RES-694,RR,RES-*,39,0,0.0
25,RES-729,RR,RES-*,111,0,0.0
25,RES-764,RR,RES-*,156,0,0.0
25,RES-539,RR,RES-*,59,0,0.0
25,RES-278,RR,RES-*,51,0,0.0
25,RES-658,RR,RES-*,47,0,0.0
25,RES-909,RR,RES-*,25,0,0.0
25,RES-449,RR,RES-*,29,0,0.0
25,RES-243,RR,RES-*,145,0,0.0
25,RES-398,RR,RES-*,42,0,0.0
25,RES-213,RR,RES-*,12,0,0.0
25,RES-370,RR,RES-*,2,0,0.0
25,RES-232,RR,RES-*,161,0,0.0
25,RES-921,RR,RES-*,275,0,0.0
25,RES-922,RR,RES-*,24,0,0.0
25,RES-49,RR,RES-*,70,0,0.0
25,RES-403,RR,RES-*,53,0,0.0
25,RES-1013,RR,RES-*,72,0,0.0
25,RES-717,RR,RES-*,12,0,0.0
25,RES-840,RR,RES-*,15,0,0.0
25,GN N0024 1-1403,RN,GN N*,61,0,0.0
25,RES-318,RR,RES-*,83,0,0.0
25,RES-952,RR,RES-*,141,0,0.0
25,RES-743,RR,RES-*,25,0,0.0
25,RES-92,RR,RES-*,1,0,0.0
25,RES-471,RR,RES-*,117,0,0.0
25,RES-428,RR,RES-*,78,0,0.0
25,RES-408,RR,RES-*,46,0,0.0
25,RES-287,RR,RES-*,26,0,0.0
25,RES-883,RR,RES-*,109,0,0.0
25,RES-16,RR,RES-*,10,0,0.0
25,RES-341,RR,RES-*,105,0,0.0
25,RES-581,RR,RES-*,15,0,0.0
25,RES-382,RR,RES-*,24,0,0.0
25,RES-839,RR,RES-*,87,0,0.0
25,RES-187,RR,RES-*,17,0,0.0
25,RES-216,RR,RES-*,33,0,0.0
25,GN N0039 1-1569,RN,GN N*,75,0,0.0
25,RES-462,RR,RES-*,16,0,0.0
25,RES-238,RR,RES-*,9,0,0.0
25,RES-340,RR,RES-*,8,0,0.0
25,RES-703,RR,RES-*,23,0,0.0
25,RES-274,RR,RES-*,38,0,0.0
25,RES-734,RR,RES-*,2,0,0.0
25,RES-630,RR,RES-*,120,0,0.0
25,RES-474,RR,RES-*,43,0,0.0
25,RES-704,RR,RES-*,23,0,0.0
25,RES-993,RR,RES-*,47,0,0.0
25,RES-492,RR,RES-*,46,0,0.0
25,RES-456,RR,RES-*,23,0,0.0
25,RES-70,RR,RES-*,61,0,0.0
25,RES-190,RR,RES-*,10,0,0.0
25,RES-863,RR,RES-*,382,0,0.0
25,RES-627,RR,RES-*,51,0,0.0
25,RES-497,RR,RES-*,7,0,0.0
25,RES-819,RR,RES-*,79,0,0.0
25,RES-897,RR,RES-*,29,0,0.0
25,RES-758,RR,RES-*,138,0,0.0
25,RES-737,RR,RES-*,44,0,0.0
25,RES-378,RR,RES-*,43,0,0.0
25,RES-526,RR,RES-*,41,0,0.0
25,RES-616,RR,RES-*,55,0,0.0
25,RES-565,RR,RES-*,61,0,0.0
25,RES-502,RR,RES-*,69,0,0.0
25,RES-324,RR,RES-*,11,0,0.0
25,RES-85,RR,RES-*,49,0,0.0
25,RES-536,RR,RES-*,52,0,0.0
25,RES-1014,RR,RES-*,27,0,0.0
25,RES-644,RR,RES-*,28,0,0.0
25,RES-991,RR,RES-*,29,0,0.0
25,RES-552,RR,RES-*,27,0,0.0
25,RES-493,RR,RES-*,24,0,0.0
25,RES-430,RR,RES-*,49,0,0.0
25,RES-959,RR,RES-*,65,0,0.0
25,RES-385,RR,RES-*,46,0,0.0
25,RES-988,RR,RES-*,54,0,0.0
25,RES-128,RR,RES-*,72,0,0.0
25,RES-443,RR,RES-*,37,0,0.0
25,RES-233,RR,RES-*,52,0,0.0
25,RES-327,RR,RES-*,17,0,0.0
25,RES-254,RR,RES-*,148,0,0.0
25,RES-332,RR,RES-*,57,0,0.0
25,RES-217,RR,RES-*,64,0,0.0
25,RES-585,RR,RES-*,22,0,0.0
25,RES-436,RR,RES-*,26,0,0.0
25,RES-715,RR,RES-*,52,0,0.0
25,RES-906,RR,RES-*,105,0,0.0
25,RES-718,RR,RES-*,93,0,0.0
25,RES-1026,RR,RES-*,373,0,0.0
25,RES-576,RR,RES-*,28,0,0.0
25,RES-903,RR,RES-*,52,0,0.0
25,RES-291,RR,RES-*,37,0,0.0
25,RES-99,RR,RES-*,45,0,0.0
25,RES-326,RR,RES-*,24,0,0.0
25,RES-384,RR,RES-*,53,0,0.0
25,RES-418,RR,RES-*,21,0,0.0
25,RES-632,RR,RES-*,1,0,0.0
25,RES-311,RR,RES-*,99,0,0.0
25,RES-460,RR,RES-*,68,0,0.0
25,RES-540,RR,RES-*,84,0,0.0
25,GN N0028 2-1233,RN,GN N*,54,0,0.0
25,RES-886,RR,RES-*,27,0,0.0
25,RES-618,RR,RES-*,34,0,0.0
25,RES-548,RR,RES-*,22,0,0.0
25,RES-816,RR,RES-*,19,0,0.0
25,RES-549,RR,RES-*,16,0,0.0
25,RES-323,RR,RES-*,185,0,0.0
25,RES-831,RR,RES-*,77,0,0.0
25,RES-692,RR,RES-*,27,0,0.0
25,RES-406,RR,RES-*,46,0,0.0
25,RES-100,RR,RES-*,34,0,0.0
25,RES-1016,RR,RES-*,68,0,0.0
25,RES-499,RR,RES-*,28,0,0.0
25,RES-508,RR,RES-*,97,0,0.0
25,RES-473,RR,RES-*,117,0,0.0
25,RES-469,RR,RES-*,19,0,0.0
25,RES-511,RR,RES-*,27,0,0.0
25,RES-898,RR,RES-*,42,0,0.0
25,RES-934,RR,RES-*,94,0,0.0
25,RES-965,RR,RES-*,157,0,0.0
25,RES-705,RR,RES-*,28,0,0.0
25,RES-241,RR,RES-*,11,0,0.0
25,RES-860,RR,RES-*,53,0,0.0
25,RES-207,RR,RES-*,50,0,0.0
25,RES-1027,RR,RES-*,149,0,0.0
25,RES-856,RR,RES-*,110,0,0.0
25,RES-178,RR,RES-*,1,0,0.0
25,RES-151,RR,RES-*,156,0,0.0
25,RES-432,RR,RES-*,41,0,0.0
25,RES-514,RR,RES-*,13,0,0.0
25,RES-590,RR,RES-*,7,0,0.0
25,RES-946,RR,RES-*,35,0,0.0
25,RES-247,RR,RES-*,71,0,0.0
25,RES-317,RR,RES-*,26,0,0.0
25,RES-73,RR,RES-*,36,0,0.0
25,RES-607,RR,RES-*,24,0,0.0
25,RES-270,RR,RES-*,23,0,0.0
25,RES-297,RR,RES-*,5,0,0.0
25,RES-293,RR,RES-*,15,0,0.0
25,RES-744,RR,RES-*,79,0,0.0
25,RES-4,RR,RES-*,3,0,0.0
25,RES-163,RR,RES-*,1,0,0.0
25,RES-582,RR,RES-*,29,0,0.0
25,RES-923,RR,RES-*,183,0,0.0
25,RES-444,RR,RES-*,43,0,0.0
25,RES-675,RR,RES-*,17,0,0.0
25,RES-620,RR,RES-*,58,0,0.0
25,RES-735,RR,RES-*,34,0,0.0
25,RES-97,RR,RES-*,50,0,0.0
25,RES-650,RR,RES-*,67,0,0.0
25,GN N0008 2-1486,RN,GN N*,51,0,0.0
25,RES-120,RR,RES-*,10,0,0.0
25,RES-516,RR,RES-*,9,0,0.0
25,RES-987,RR,RES-*,61,0,0.0
25,RES-809,RR,RES-*,36,0,0.0
25,RES-126,RR,RES-*,22,0,0.0
25,RES-629,RR,RES-*,39,0,0.0
25,RES-554,RR,RES-*,20,0,0.0
25,RES-150,RR,RES-*,19,0,0.0
25,RES-244,RR,RES-*,61,0,0.0
25,RES-1009,RR,RES-*,60,0,0.0
25,RES-513,RR,RES-*,41,0,0.0
25,RES-690,RR,RES-*,32,0,0.0
25,RES-730,RR,RES-*,104,0,0.0
25,RES-748,RR,RES-*,17,0,0.0
25,RES-832,RR,RES-*,25,0,0.0
25,RES-615,RR,RES-*,54,0,0.0
25,RES-354,RR,RES-*,35,0,0.0
25,RES-507,RR,RES-*,62,0,0.0
25,RES-84,RR,RES-*,149,0,0.0
25,RES-416,RR,RES-*,1,0,0.0
25,RES-640,RR,RES-*,54,0,0.0
25,RES-672,RR,RES-*,33,0,0.0
25,RES-429,RR,RES-*,1,0,0.0
25,RES-94,RR,RES-*,39,0,0.0
25,RES-532,RR,RES-*,37,0,0.0
25,RES-937,RR,RES-*,217,0,0.0
25,RES-653,RR,RES-*,79,0,0.0
25,RES-130,RR,RES-*,7,0,0.0
25,RES-353,RR,RES-*,31,0,0.0
25,RES-706,RR,RES-*,1,0,0.0
25,RES-679,RR,RES-*,26,0,0.0
25,RES-1015,RR,RES-*,69,0,0.0
25,RES-316,RR,RES-*,1,0,0.0
25,RES-395,RR,RES-*,60,0,0.0
25,RES-814,RR,RES-*,57,0,0.0
25,RES-106,RR,RES-*,25,0,0.0
25,RES-795,RR,RES-*,45,0,0.0
25,RES-328,RR,RES-*,33,0,0.0
25,RES-377,RR,RES-*,32,0,0.0
25,RES-220,RR,RES-*,40,0,0.0
25,RES-947,RR,RES-*,41,0,0.0
25,RES-434,RR,RES-*,73,0,0.0
25,RES-198,RR,RES-*,44,0,0.0
25,RES-366,RR,RES-*,46,0,0.0
25,RES-745,RR,RES-*,13,0,0.0
25,RES-995,RR,RES-*,68,0,0.0
25,RES-858,RR,RES-*,139,0,0.0
25,RES-685,RR,RES-*,12,0,0.0
25,RES-580,RR,RES-*,11,0,0.0
25,RES-479,RR,RES-*,137,0,0.0
25,RES-264,RR,RES-*,55,0,0.0
25,RES-617,RR,RES-*,49,0,0.0
25,RES-631,RR,RES-*,78,0,0.0
25,RES-829,RR,RES-*,111,0,0.0
25,RES-747,RR,RES-*,126,0,0.0
25,RES-900,RR,RES-*,31,0,0.0
25,RES-902,RR,RES-*,40,0,0.0
25,RES-131,RR,RES-*,73,0,0.0
25,RES-506,RR,RES-*,94,0,0.0
25,RES-452,RR,RES-*,33,0,0.0
25,RES-861,RR,RES-*,24,0,0.0
25,RES-175,RR,RES-*,51,0,0.0
25,RES-11,RR,RES-*,18,0,0.0
25,RES-401,RR,RES-*,43,0,0.0
25,RES-890,RR,RES-*,69,0,0.0
25,RES-136,RR,RES-*,60,0,0.0
25,RES-121,RR,RES-*,38,0,0.0
25,RES-3,RR,RES-*,16,0,0.0
25,RES-184,RR,RES-*,83,0,0.0
25,RES-347,RR,RES-*,61,0,0.0
25,RES-12,RR,RES-*,15,0,0.0
25,RES-919,RR,RES-*,160,0,0.0
25,RES-912,RR,RES-*,72,0,0.0
25,RES-419,RR,RES-*,38,0,0.0
25,RES-960,RR,RES-*,33,0,0.0
25,RES-470,RR,RES-*,37,0,0.0
25,RES-396,RR,RES-*,30,0,0.0
25,RES-1000,RR,RES-*,22,0,0.0
25,RES-546,RR,RES-*,37,0,0.0
25,RES-505,RR,RES-*,101,0,0.0
25,RES-728,RR,RES-*,43,0,0.0
25,RES-553,RR,RES-*,42,0,0.0
25,RES-331,RR,RES-*,32,0,0.0
25,RES-757,RR,RES-*,28,0,0.0
25,RES-485,RR,RES-*,110,0,0.0
25,RES-681,RR,RES-*,10,0,0.0
25,RES-476,RR,RES-*,8,0,0.0
25,RES-833,RR,RES-*,13,0,0.0
25,RES-544,RR,RES-*,35,0,0.0
25,RES-637,RR,RES-*,30,0,0.0
25,RES-569,RR,RES-*,41,0,0.0
25,RES-975,RR,RES-*,52,0,0.0
25,RES-305,RR,RES-*,180,0,0.0
25,RES-515,RR,RES-*,49,0,0.0
25,RES-306,RR,RES-*,130,0,0.0
25,RES-933,RR,RES-*,153,0,0.0
25,RES-566,RR,RES-*,44,0,0.0
25,RES-885,RR,RES-*,92,0,0.0
25,RES-273,RR,RES-*,64,0,0.0
25,RES-461,RR,RES-*,41,0,0.0
25,RES-484,RR,RES-*,53,0,0.0
25,RES-256,RR,RES-*,203,0,0.0
25,RES-242,RR,RES-*,10,0,0.0
25,RES-391,RR,RES-*,24,0,0.0
25,RES-841,RR,RES-*,26,0,0.0
25,RES-928,RR,RES-*,143,0,0.0
25,RES-806,RR,RES-*,97,0,0.0
25,RES-50,RR,RES-*,94,0,0.0
25,RES-339,RR,RES-*,1,0,0.0
25,RES-104,RR,RES-*,77,0,0.0
25,RES-255,RR,RES-*,1,0,0.0
25,RES-480,RR,RES-*,58,0,0.0
25,RES-568,RR,RES-*,39,0,0.0
25,RES-206,RR,RES-*,47,0,0.0
25,RES-811,RR,RES-*,34,0,0.0
25,RES-574,RR,RES-*,35,0,0.0
25,RES-24,RR,RES-*,19,0,0.0
25,RES-229,RR,RES-*,86,0,0.0
25,RES-869,RR,RES-*,77,0,0.0
25,RES-117,RR,RES-*,45,0,0.0
25,RES-855,RR,RES-*,49,0,0.0
25,RES-517,RR,RES-*,14,0,0.0
25,GN N0039 1-1570,RN,GN N*,85,0,0.0
25,RES-442,RR,RES-*,62,0,0.0
25,RES-687,RR,RES-*,1,0,0.0
25,RES-545,RR,RES-*,20,0,0.0
25,RES-491,RR,RES-*,21,0,0.0
25,RES-196,RR,RES-*,56,0,0.0
25,RES-578,RR,RES-*,7,0,0.0
25,RES-529,RR,RES-*,39,0,0.0
25,RES-211,RR,RES-*,61,0,0.0
25,RES-688,RR,RES-*,27,0,0.0
25,RES-399,RR,RES-*,74,0,0.0
25,RES-25,RR,RES-*,32,0,0.0
25,GN N0008 2-1485,RN,GN N*,78,0,0.0
25,RES-440,RR,RES-*,7,0,0.0
25,RES-824,RR,RES-*,33,0,0.0
25,RES-381,RR,RES-*,24,0,0.0
25,RES-364,RR,RES-*,30,0,0.0
25,RES-802,RR,RES-*,62,0,0.0
25,RES-596,RR,RES-*,29,0,0.0
25,RES-800,RR,RES-*,58,0,0.0
25,RES-352,RR,RES-*,64,0,0.0
25,RES-159,RR,RES-*,172,0,0.0
25,RES-927,RR,RES-*,41,0,0.0
25,RES-189,RR,RES-*,31,0,0.0
25,RES-266,RR,RES-*,73,0,0.0
25,RES-818,RR,RES-*,37,0,0.0
25,RES-228,RR,RES-*,54,0,0.0
25,RES-56,RR,RES-*,97,0,0.0
25,RES-666,RR,RES-*,14,0,0.0
25,RES-720,RR,RES-*,1,0,0.0
25,RES-783,RR,RES-*,132,0,0.0
25,RES-89,RR,RES-*,31,0,0.0
25,RES-275,RR,RES-*,8,0,0.0
25,RES-887,RR,RES-*,151,0,0.0
25,RES-276,RR,RES-*,30,0,0.0
25,RES-762,RR,RES-*,82,0,0.0
25,RES-533,RR,RES-*,34,0,0.0
25,RES-612,RR,RES-*,51,0,0.0
25,RES-530,RR,RES-*,26,0,0.0
25,RES-871,RR,RES-*,25,0,0.0
25,RES-281,RR,RES-*,4,0,0.0
25,RES-133,RR,RES-*,1,0,0.0
25,RES-77,RR,RES-*,66,0,0.0
25,RES-28,RR,RES-*,78,0,0.0
25,RES-252,RR,RES-*,22,0,0.0
25,RES-990,RR,RES-*,99,0,0.0
25,RES-286,RR,RES-*,210,1,0.5
25,RES-864,RR,RES-*,210,1,0.5
25,RES-1024,RR,RES-*,185,1,0.5
25,RES-791,RR,RES-*,177,1,0.6
25,RES-877,RR,RES-*,164,1,0.6
25,RES-751,RR,RES-*,161,1,0.6
25,RES-486,RR,RES-*,169,1,0.6
25,RES-790,RR,RES-*,148,1,0.7
25,RES-964,RR,RES-*,135,1,0.7
25,RES-865,RR,RES-*,142,1,0.7
25,RES-963,RR,RES-*,144,1,0.7
25,RES-622,RR,RES-*,139,1,0.7
25,RES-15,RR,RES-*,150,1,0.7
25,RES-916,RR,RES-*,138,1,0.7
25,RES-169,RR,RES-*,153,1,0.7
25,RES-45,RR,RES-*,129,1,0.8
25,RES-857,RR,RES-*,124,1,0.8
25,RES-873,RR,RES-*,123,1,0.8
25,RES-868,RR,RES-*,120,1,0.8
25,RES-1012,RR,RES-*,128,1,0.8
25,RES-38,RR,RES-*,125,1,0.8
25,RES-253,RR,RES-*,116,1,0.9
25,RES-559,RR,RES-*,111,1,0.9
25,RES-944,RR,RES-*,110,1,0.9
25,RES-194,RR,RES-*,115,1,0.9
25,RES-538,RR,RES-*,109,1,0.9
25,RES-162,RR,RES-*,110,1,0.9
25,RES-1019,RR,RES-*,112,1,0.9
25,RES-437,RR,RES-*,105,1,1.0
25,RES-949,RR,RES-*,96,1,1.0
25,RES-956,RR,RES-*,195,2,1.0
25,RES-1011,RR,RES-*,100,1,1.0
25,RES-874,RR,RES-*,94,1,1.1
25,RES-789,RR,RES-*,90,1,1.1
25,RES-139,RR,RES-*,93,1,1.1
25,RES-127,RR,RES-*,186,2,1.1
25,RES-134,RR,RES-*,95,1,1.1
25,RES-677,RR,RES-*,87,1,1.1
25,RES-519,RR,RES-*,95,1,1.1
25,RES-976,RR,RES-*,93,1,1.1
25,RES-19,RR,RES-*,90,1,1.1
25,RES-881,RR,RES-*,91,1,1.1
25,RES-752,RR,RES-*,246,3,1.2
25,RES-459,RR,RES-*,84,1,1.2
25,RES-321,RR,RES-*,81,1,1.2
25,RES-588,RR,RES-*,85,1,1.2
25,RES-355,RR,RES-*,82,1,1.2
25,RES-320,RR,RES-*,82,1,1.2
25,RES-880,RR,RES-*,152,2,1.3
25,RES-1020,RR,RES-*,79,1,1.3
25,RES-914,RR,RES-*,79,1,1.3
25,RES-171,RR,RES-*,77,1,1.3
25,RES-746,RR,RES-*,152,2,1.3
25,RES-778,RR,RES-*,235,3,1.3
25,RES-624,RR,RES-*,76,1,1.3
25,RES-870,RR,RES-*,223,3,1.3
25,RES-850,RR,RES-*,71,1,1.4
25,RES-257,RR,RES-*,146,2,1.4
25,RES-250,RR,RES-*,145,2,1.4
25,RES-369,RR,RES-*,70,1,1.4
25,RES-351,RR,RES-*,74,1,1.4
25,RES-142,RR,RES-*,70,1,1.4
25,RES-531,RR,RES-*,146,2,1.4
25,RES-172,RR,RES-*,73,1,1.4
25,RES-957,RR,RES-*,73,1,1.4
25,RES-177,RR,RES-*,146,2,1.4
25,RES-537,RR,RES-*,205,3,1.5
25,RES-167,RR,RES-*,65,1,1.5
25,RES-231,RR,RES-*,65,1,1.5
25,RES-344,RR,RES-*,65,1,1.5
25,RES-595,RR,RES-*,67,1,1.5
25,RES-290,RR,RES-*,68,1,1.5
25,RES-451,RR,RES-*,65,1,1.5
25,RES-619,RR,RES-*,67,1,1.5
25,RES-550,RR,RES-*,66,1,1.5
25,RES-774,RR,RES-*,65,1,1.5
25,RES-445,RR,RES-*,63,1,1.6
25,RES-67,RR,RES-*,128,2,1.6
25,RES-955,RR,RES-*,186,3,1.6
25,RES-862,RR,RES-*,127,2,1.6
25,RES-859,RR,RES-*,246,4,1.6
25,RES-35,RR,RES-*,62,1,1.6
25,RES-108,RR,RES-*,122,2,1.6
25,RES-107,RR,RES-*,64,1,1.6
25,RES-847,RR,RES-*,64,1,1.6
25,RES-219,RR,RES-*,64,1,1.6
25,RES-245,RR,RES-*,179,3,1.7
25,RES-518,RR,RES-*,59,1,1.7
25,RES-423,RR,RES-*,58,1,1.7
25,RES-132,RR,RES-*,121,2,1.7
25,RES-350,RR,RES-*,56,1,1.8
25,RES-237,RR,RES-*,57,1,1.8
25,RES-769,RR,RES-*,55,1,1.8
25,RES-248,RR,RES-*,222,4,1.8
25,RES-686,RR,RES-*,56,1,1.8
25,RES-901,RR,RES-*,54,1,1.9
25,RES-489,RR,RES-*,53,1,1.9
25,RES-910,RR,RES-*,157,3,1.9
25,RES-304,RR,RES-*,160,3,1.9
25,RES-634,RR,RES-*,52,1,1.9
25,RES-698,RR,RES-*,52,1,1.9
25,RES-144,RR,RES-*,52,1,1.9
25,RES-817,RR,RES-*,52,1,1.9
25,RES-204,RR,RES-*,52,1,1.9
25,RES-271,RR,RES-*,53,1,1.9
25,RES-119,RR,RES-*,50,1,2.0
25,RES-345,RR,RES-*,49,1,2.0
25,RES-37,RR,RES-*,100,2,2.0
25,RES-389,RR,RES-*,51,1,2.0
25,RES-147,RR,RES-*,51,1,2.0
25,RES-79,RR,RES-*,201,4,2.0
25,RES-1005,RR,RES-*,50,1,2.0
25,RES-1003,RR,RES-*,51,1,2.0
25,RES-227,RR,RES-*,98,2,2.0
25,RES-577,RR,RES-*,50,1,2.0
25,RES-613,RR,RES-*,50,1,2.0
25,RES-292,RR,RES-*,51,1,2.0
25,RES-1025,RR,RES-*,99,2,2.0
25,RES-712,RR,RES-*,49,1,2.0
25,RES-455,RR,RES-*,51,1,2.0
25,RES-31,RR,RES-*,47,1,2.1
25,RES-261,RR,RES-*,97,2,2.1
25,RES-225,RR,RES-*,146,3,2.1
25,RES-212,RR,RES-*,94,2,2.1
25,RES-787,RR,RES-*,190,4,2.1
25,RES-982,RR,RES-*,97,2,2.1
25,RES-722,RR,RES-*,94,2,2.1
25,RES-149,RR,RES-*,47,1,2.1
25,RES-105,RR,RES-*,93,2,2.2
25,RES-26,RR,RES-*,90,2,2.2
25,RES-165,RR,RES-*,182,4,2.2
25,RES-465,RR,RES-*,45,1,2.2
25,RES-8,RR,RES-*,93,2,2.2
25,RES-848,RR,RES-*,86,2,2.3
25,RES-673,RR,RES-*,43,1,2.3
25,RES-267,RR,RES-*,129,3,2.3
25,RES-579,RR,RES-*,44,1,2.3
25,RES-258,RR,RES-*,177,4,2.3
25,RES-739,RR,RES-*,87,2,2.3
25,RES-90,RR,RES-*,42,1,2.4
25,RES-723,RR,RES-*,42,1,2.4
25,RES-844,RR,RES-*,41,1,2.4
25,RES-457,RR,RES-*,42,1,2.4
25,RES-199,RR,RES-*,42,1,2.4
25,RES-360,RR,RES-*,41,1,2.4
25,RES-570,RR,RES-*,84,2,2.4
25,RES-454,RR,RES-*,42,1,2.4
25,RES-801,RR,RES-*,80,2,2.5
25,RES-754,RR,RES-*,38,1,2.6
25,RES-776,RR,RES-*,156,4,2.6
25,RES-122,RR,RES-*,78,2,2.6
25,RES-86,RR,RES-*,38,1,2.6
25,RES-376,RR,RES-*,38,1,2.6
25,RES-674,RR,RES-*,38,1,2.6
25,RES-308,RR,RES-*,38,1,2.6
25,RES-279,RR,RES-*,39,1,2.6
25,RES-265,RR,RES-*,38,1,2.6
25,RES-527,RR,RES-*,39,1,2.6
25,RES-379,RR,RES-*,75,2,2.7
25,RES-785,RR,RES-*,37,1,2.7
25,RES-740,RR,RES-*,75,2,2.7
25,RES-724,RR,RES-*,71,2,2.8
25,RES-651,RR,RES-*,143,4,2.8
25,RES-71,RR,RES-*,71,2,2.8
25,RES-660,RR,RES-*,71,2,2.8
25,RES-158,RR,RES-*,34,1,2.9
25,RES-721,RR,RES-*,35,1,2.9
25,RES-425,RR,RES-*,35,1,2.9
25,RES-767,RR,RES-*,70,2,2.9
25,RES-296,RR,RES-*,35,1,2.9
25,RES-43,RR,RES-*,34,1,2.9
25,RES-448,RR,RES-*,34,1,2.9
25,RES-551,RR,RES-*,35,1,2.9
25,RES-115,RR,RES-*,33,1,3.0
25,RES-222,RR,RES-*,135,4,3.0
25,RES-63,RR,RES-*,101,3,3.0
25,RES-164,RR,RES-*,100,3,3.0
25,RES-680,RR,RES-*,66,2,3.0
25,RES-981,RR,RES-*,66,2,3.0
25,RES-867,RR,RES-*,67,2,3.0
25,RES-635,RR,RES-*,33,1,3.0
25,RES-6,RR,RES-*,33,1,3.0
25,RES-166,RR,RES-*,100,3,3.0
25,RES-571,RR,RES-*,100,3,3.0
25,RES-781,RR,RES-*,98,3,3.1
25,RES-309,RR,RES-*,64,2,3.1
25,RES-797,RR,RES-*,32,1,3.1
25,RES-1,RR,RES-*,63,2,3.2
25,RES-564,RR,RES-*,94,3,3.2
25,RES-75,RR,RES-*,31,1,3.2
25,RES-240,RR,RES-*,95,3,3.2
25,RES-665,RR,RES-*,31,1,3.2
25,RES-40,RR,RES-*,154,5,3.2
25,RES-372,RR,RES-*,31,1,3.2
25,RES-109,RR,RES-*,63,2,3.2
25,RES-78,RR,RES-*,63,2,3.2
25,RES-373,RR,RES-*,63,2,3.2
25,RES-477,RR,RES-*,30,1,3.3
25,RES-39,RR,RES-*,30,1,3.3
25,RES-33,RR,RES-*,61,2,3.3
25,RES-182,RR,RES-*,30,1,3.3
25,RES-57,RR,RES-*,122,4,3.3
25,RES-110,RR,RES-*,29,1,3.4
25,RES-543,RR,RES-*,89,3,3.4
25,RES-32,RR,RES-*,179,6,3.4
25,RES-558,RR,RES-*,29,1,3.4
25,RES-980,RR,RES-*,116,4,3.4
25,RES-913,RR,RES-*,59,2,3.4
25,RES-691,RR,RES-*,29,1,3.4
25,RES-224,RR,RES-*,142,5,3.5
25,RES-179,RR,RES-*,202,7,3.5
25,RES-500,RR,RES-*,57,2,3.5
25,RES-876,RR,RES-*,198,7,3.5
25,RES-523,RR,RES-*,143,5,3.5
25,RES-732,RR,RES-*,115,4,3.5
25,RES-195,RR,RES-*,28,1,3.6
25,RES-879,RR,RES-*,83,3,3.6
25,RES-714,RR,RES-*,56,2,3.6
25,RES-972,RR,RES-*,28,1,3.6
25,RES-30,RR,RES-*,28,1,3.6
25,RES-215,RR,RES-*,56,2,3.6
25,RES-203,RR,RES-*,54,2,3.7
25,RES-29,RR,RES-*,81,3,3.7
25,RES-633,RR,RES-*,27,1,3.7
25,RES-427,RR,RES-*,27,1,3.7
25,RES-974,RR,RES-*,367,14,3.8
25,RES-684,RR,RES-*,52,2,3.8
25,RES-693,RR,RES-*,26,1,3.8
25,RES-593,RR,RES-*,104,4,3.8
25,RES-388,RR,RES-*,53,2,3.8
25,RES-967,RR,RES-*,127,5,3.9
25,RES-682,RR,RES-*,103,4,3.9
25,RES-197,RR,RES-*,180,7,3.9
25,RES-822,RR,RES-*,50,2,4.0
25,RES-103,RR,RES-*,99,4,4.0
25,RES-236,RR,RES-*,25,1,4.0
25,RES-475,RR,RES-*,50,2,4.0
25,RES-359,RR,RES-*,25,1,4.0
25,RES-230,RR,RES-*,50,2,4.0
25,RES-541,RR,RES-*,50,2,4.0
25,RES-59,RR,RES-*,100,4,4.0
25,RES-153,RR,RES-*,25,1,4.0
25,RES-315,RR,RES-*,25,1,4.0
25,RES-597,RR,RES-*,49,2,4.1
25,RES-755,RR,RES-*,73,3,4.1
25,RES-773,RR,RES-*,71,3,4.2
25,RES-21,RR,RES-*,71,3,4.2
25,RES-979,RR,RES-*,309,13,4.2
25,RES-135,RR,RES-*,96,4,4.2
25,RES-942,RR,RES-*,185,8,4.3
25,RES-152,RR,RES-*,23,1,4.3
25,RES-525,RR,RES-*,68,3,4.4
25,RES-920,RR,RES-*,90,4,4.4
25,RES-1008,RR,RES-*,90,4,4.4
25,RES-1018,RR,RES-*,113,5,4.4
25,RES-259,RR,RES-*,182,8,4.4
25,RES-58,RR,RES-*,91,4,4.4
25,RES-64,RR,RES-*,44,2,4.5
25,RES-649,RR,RES-*,112,5,4.5
25,RES-843,RR,RES-*,67,3,4.5
25,RES-838,RR,RES-*,67,3,4.5
25,RES-1022,RR,RES-*,44,2,4.5
25,RES-65,RR,RES-*,108,5,4.6
25,RES-113,RR,RES-*,108,5,4.6
25,RES-810,RR,RES-*,151,7,4.6
25,RES-948,RR,RES-*,108,5,4.6
25,RES-713,RR,RES-*,85,4,4.7
25,RES-417,RR,RES-*,21,1,4.8
25,RES-495,RR,RES-*,42,2,4.8
25,RES-586,RR,RES-*,104,5,4.8
25,RES-88,RR,RES-*,21,1,4.8
25,RES-945,RR,RES-*,21,1,4.8
25,RES-386,RR,RES-*,82,4,4.9
25,RES-943,RR,RES-*,20,1,5.0
25,RES-498,RR,RES-*,80,4,5.0
25,RES-387,RR,RES-*,60,3,5.0
25,RES-154,RR,RES-*,60,3,5.0
25,RES-14,RR,RES-*,39,2,5.1
25,RES-68,RR,RES-*,97,5,5.2
25,RES-512,RR,RES-*,96,5,5.2
25,RES-742,RR,RES-*,38,2,5.3
25,RES-472,RR,RES-*,19,1,5.3
25,RES-606,RR,RES-*,76,4,5.3
25,RES-412,RR,RES-*,74,4,5.4
25,RES-138,RR,RES-*,73,4,5.5
25,RES-46,RR,RES-*,55,3,5.5
25,RES-192,RR,RES-*,18,1,5.6
25,RES-13,RR,RES-*,18,1,5.6
25,RES-173,RR,RES-*,18,1,5.6
25,RES-426,RR,RES-*,18,1,5.6
25,RES-414,RR,RES-*,18,1,5.6
25,RES-699,RR,RES-*,195,11,5.6
25,RES-116,RR,RES-*,107,6,5.6
25,RES-280,RR,RES-*,35,2,5.7
25,RES-367,RR,RES-*,35,2,5.7
25,RES-823,RR,RES-*,122,7,5.7
25,RES-528,RR,RES-*,86,5,5.8
25,RES-380,RR,RES-*,52,3,5.8
25,RES-805,RR,RES-*,138,8,5.8
25,RES-503,RR,RES-*,51,3,5.9
25,RES-683,RR,RES-*,17,1,5.9
25,RES-884,RR,RES-*,17,1,5.9
25,RES-563,RR,RES-*,100,6,6.0
25,RES-610,RR,RES-*,67,4,6.0
25,GN N0036 1-1418,RN,GN N*,67,4,6.0
25,RES-772,RR,RES-*,67,4,6.0
25,RES-422,RR,RES-*,49,3,6.1
25,RES-288,RR,RES-*,49,3,6.1
25,RES-439,RR,RES-*,33,2,6.1
25,RES-766,RR,RES-*,33,2,6.1
25,GN N0008 2-1488,RN,GN N*,81,5,6.2
25,RES-966,RR,RES-*,226,14,6.2
25,RES-402,RR,RES-*,48,3,6.3
25,RES-223,RR,RES-*,16,1,6.3
25,RES-749,RR,RES-*,95,6,6.3
25,RES-1021,RR,RES-*,78,5,6.4
25,RES-798,RR,RES-*,204,13,6.4
25,RES-41,RR,RES-*,94,6,6.4
25,RES-61,RR,RES-*,93,6,6.5
25,RES-793,RR,RES-*,151,10,6.6
25,RES-614,RR,RES-*,75,5,6.7
25,RES-301,RR,RES-*,45,3,6.7
25,RES-826,RR,RES-*,119,8,6.7
25,RES-915,RR,RES-*,15,1,6.7
25,RES-799,RR,RES-*,45,3,6.7
25,RES-643,RR,RES-*,45,3,6.7
25,RES-23,RR,RES-*,15,1,6.7
25,RES-294,RR,RES-*,73,5,6.8
25,RES-319,RR,RES-*,103,7,6.8
25,RES-330,RR,RES-*,162,11,6.8
25,RES-796,RR,RES-*,147,10,6.8
25,RES-10,RR,RES-*,29,2,6.9
25,RES-780,RR,RES-*,113,8,7.1
25,RES-295,RR,RES-*,42,3,7.1
25,RES-140,RR,RES-*,84,6,7.1
25,RES-604,RR,RES-*,14,1,7.1
25,RES-54,RR,RES-*,14,1,7.1
25,RES-52,RR,RES-*,99,7,7.1
25,RES-363,RR,RES-*,85,6,7.1
25,RES-939,RR,RES-*,28,2,7.1
25,RES-466,RR,RES-*,97,7,7.2
25,RES-542,RR,RES-*,83,6,7.2
25,RES-235,RR,RES-*,69,5,7.2
25,RES-951,RR,RES-*,69,5,7.2
25,RES-249,RR,RES-*,83,6,7.2
25,RES-996,RR,RES-*,41,3,7.3
25,RES-775,RR,RES-*,215,16,7.4
25,RES-825,RR,RES-*,54,4,7.4
25,RES-62,RR,RES-*,27,2,7.4
25,RES-143,RR,RES-*,66,5,7.6
25,RES-446,RR,RES-*,66,5,7.6
25,RES-300,RR,RES-*,13,1,7.7
25,RES-141,RR,RES-*,65,5,7.7
25,RES-678,RR,RES-*,13,1,7.7
25,RES-272,RR,RES-*,64,5,7.8
25,RES-561,RR,RES-*,116,9,7.8
25,RES-770,RR,RES-*,77,6,7.8
25,RES-709,RR,RES-*,102,8,7.8
25,RES-307,RR,RES-*,25,2,8.0
25,RES-759,RR,RES-*,111,9,8.1
25,RES-611,RR,RES-*,96,8,8.3
25,RES-700,RR,RES-*,48,4,8.3
25,RES-1007,RR,RES-*,24,2,8.3
25,RES-18,RR,RES-*,60,5,8.3
25,RES-846,RR,RES-*,24,2,8.3
25,RES-938,RR,RES-*,24,2,8.3
25,RES-47,RR,RES-*,24,2,8.3
25,RES-786,RR,RES-*,168,14,8.3
25,RES-753,RR,RES-*,24,2,8.3
25,RES-662,RR,RES-*,24,2,8.3
25,RES-594,RR,RES-*,60,5,8.3
25,RES-299,RR,RES-*,58,5,8.6
25,RES-676,RR,RES-*,69,6,8.7
25,RES-621,RR,RES-*,69,6,8.7
25,RES-977,RR,RES-*,104,9,8.7
25,RES-697,RR,RES-*,57,5,8.8
25,RES-727,RR,RES-*,169,15,8.9
25,RES-782,RR,RES-*,67,6,9.0
25,RES-969,RR,RES-*,33,3,9.1
25,RES-836,RR,RES-*,66,6,9.1
25,RES-180,RR,RES-*,75,7,9.3
25,RES-7,RR,RES-*,32,3,9.4
25,RES-374,RR,RES-*,42,4,9.5
25,RES-985,RR,RES-*,52,5,9.6
25,RES-598,RR,RES-*,52,5,9.6
25,RES-76,RR,RES-*,166,16,9.6
25,RES-174,RR,RES-*,51,5,9.8
25,RES-348,RR,RES-*,61,6,9.8
25,RES-663,RR,RES-*,100,10,10.0
25,RES-641,RR,RES-*,60,6,10.0
25,RES-74,RR,RES-*,10,1,10.0
25,RES-584,RR,RES-*,109,11,10.1
25,RES-779,RR,RES-*,178,18,10.1
25,RES-490,RR,RES-*,68,7,10.3
25,RES-289,RR,RES-*,29,3,10.3
25,RES-371,RR,RES-*,48,5,10.4
25,RES-221,RR,RES-*,19,2,10.5
25,RES-567,RR,RES-*,103,11,10.7
25,RES-111,RR,RES-*,18,2,11.1
25,RES-313,RR,RES-*,9,1,11.1
25,RES-368,RR,RES-*,18,2,11.1
25,RES-1006,RR,RES-*,27,3,11.1
25,RES-992,RR,RES-*,52,6,11.5
25,RES-701,RR,RES-*,141,17,12.1
25,RES-405,RR,RES-*,33,4,12.1
25,RES-642,RR,RES-*,49,6,12.2
25,RES-114,RR,RES-*,24,3,12.5
25,RES-792,RR,RES-*,16,2,12.5
25,RES-603,RR,RES-*,40,5,12.5
25,RES-362,RR,RES-*,8,1,12.5
25,RES-710,RR,RES-*,55,7,12.7
25,RES-932,RR,RES-*,116,15,12.9
25,RES-998,RR,RES-*,45,6,13.3
25,RES-905,RR,RES-*,52,7,13.5
25,RES-997,RR,RES-*,22,3,13.6
25,RES-17,RR,RES-*,44,6,13.6
25,RES-765,RR,RES-*,36,5,13.9
25,RES-361,RR,RES-*,7,1,14.3
25,RES-312,RR,RES-*,42,6,14.3
25,RES-777,RR,RES-*,76,11,14.5
25,RES-741,RR,RES-*,27,4,14.8
25,RES-44,RR,RES-*,47,7,14.9
25,RES-397,RR,RES-*,20,3,15.0
25,RES-940,RR,RES-*,46,7,15.2
25,RES-5,RR,RES-*,13,2,15.4
25,RES-645,RR,RES-*,39,6,15.4
25,GN N0036 1-1417,RN,GN N*,32,5,15.6
25,RES-424,RR,RES-*,32,5,15.6
25,RES-325,RR,RES-*,45,7,15.6
25,RES-9,RR,RES-*,57,9,15.8
25,RES-638,RR,RES-*,68,11,16.2
25,RES-768,RR,RES-*,58,10,17.2
25,RES-438,RR,RES-*,28,5,17.9
25,GN N0028 2,RN,GN N*,44,8,18.2
25,GN N0006 2-1529,RN,GN N*,76,14,18.4
25,GN N0041 1,RN,GN N*,49,9,18.4
25,RES-623,RR,RES-*,16,3,18.8
25,RES-983,RR,RES-*,69,13,18.8
25,RES-827,RR,RES-*,37,7,18.9
25,RES-926,RR,RES-*,42,8,19.0
25,GN N0036 1-1419,RN,GN N*,36,7,19.4
25,RES-239,RR,RES-*,15,3,20.0
25,RES-788,RR,RES-*,14,3,21.4
25,GN N0032 1-1512,RN,GN N*,130,28,21.5
25,RES-707,RR,RES-*,22,5,22.7
25,RES-941,RR,RES-*,45,11,24.4
25,RES-283,RR,RES-*,4,1,25.0
25,GN N0001 6-1087,RN,GN N*,115,31,27.0
25,RES-464,RR,RES-*,11,3,27.3
25,RES-930,RR,RES-*,29,9,31.0
25,GN N0041 2-1435,RN,GN N*,102,32,31.4
25,GN N0006 2-1530,RN,GN N*,84,28,33.3
25,GN N0036 1,RN,GN N*,88,30,34.1
25,GN N0039 1-1571,RN,GN N*,83,29,34.9
25,GN N0041 2-1434,RN,GN N*,61,24,39.3
25,GN N0001 7-1537,RN,GN N*,108,44,40.7
25,GN N0032 1,RN,GN N*,86,35,40.7
25,test,RR,autre,281,126,44.8
25,GN N0014 1-1422,RN,GN N*,72,33,45.8
25,GN N0024 1-1514,RN,GN N*,100,49,49.0
25,RES-733,RR,RES-*,2,1,50.0
25,GN N0031 1-1491,RN,GN N*,125,63,50.4
25,RES-711,RR,RES-*,15,8,53.3
25,GN N0041 2-1432,RN,GN N*,108,59,54.6
25,GN N0021 1-1191,RN,GN N*,65,36,55.4
25,GN N0006 2-1219,RN,GN N*,78,44,56.4
25,GN N0038 2-1563,RN,GN N*,58,35,60.3
25,GN N0031 1-1490,RN,GN N*,124,75,60.5
25,GN N0032 1-1510,RN,GN N*,95,59,62.1
25,GN N0038 2-1559,RN,GN N*,112,70,62.5
25,GN N0028 2-1235,RN,GN N*,11,7,63.6
25,GN N0001 7,RN,GN N*,97,64,66.0
25,GN N0002 7-1255,RN,GN N*,62,42,67.7
25,GN N0001 2-1221,RN,GN N*,55,39,70.9
25,GN N0035 1-1546,RN,GN N*,97,70,72.2
25,GN N0008 2,RN,GN N*,79,57,72.2
25,GN N0024 1-1404,RN,GN N*,147,109,74.1
25,GN N0031 1,RN,GN N*,102,76,74.5
25,GN N0015 1-1305,RN,GN N*,45,34,75.6
25,GN N0030 2-1412,RN,GN N*,135,102,75.6
25,GN N0024 1-1399,RN,GN N*,13,10,76.9
25,GN N0038 1,RN,GN N*,113,87,77.0
25,GN N0009 1,RN,GN N*,124,96,77.4
25,GN N0018 1-1468,RN,GN N*,63,49,77.8
25,GN N0031 1-1509,RN,GN N*,121,97,80.2
25,GN N0007 1-1304,RN,GN N*,62,50,80.6
25,GN N0023 2,RN,GN N*,84,68,81.0
25,GN N0042 1,RN,GN N*,81,67,82.7
25,GN N0005 4-1306,RN,GN N*,48,41,85.4
25,GN N0002 4,RN,GN N*,55,47,85.5
25,GN N0004 1-1181,RN,GN N*,43,37,86.0
25,GN N0024 1-1513,RN,GN N*,121,104,86.0
25,GN N0010 2-1264,RN,GN N*,52,45,86.5
25,GN N0006 1-1131,RN,GN N*,54,47,87.0
25,GN N0005 4,RN,GN N*,54,47,87.0
25,GN N0005 5-1444,RN,GN N*,104,91,87.5
25,GN N0005 4-1551,RN,GN N*,73,64,87.7
25,GN N0038 1-1562,RN,GN N*,74,65,87.8
25,GN N0001 6-1086,RN,GN N*,33,29,87.9
25,GN N0017 1-1285,RN,GN N*,119,105,88.2
25,GN N0035 1,RN,GN N*,86,76,88.4
25,GN N0005 4-1552,RN,GN N*,115,102,88.7
25,GN N0006 1-1152,RN,GN N*,45,40,88.9
25,GN N0018 2-1520,RN,GN N*,136,121,89.0
25,GN N0005 4-1323,RN,GN N*,55,49,89.1
25,GN N0001 6-1454,RN,GN N*,124,111,89.5
25,GN N0007 2,RN,GN N*,68,61,89.7
25,GN N0005 1-1166,RN,GN N*,79,71,89.9
25,GN N0001 3-1069,RN,GN N*,30,27,90.0
25,GN N0021 1-1116,RN,GN N*,22,20,90.9
25,GN N0015 1-1308,RN,GN N*,69,63,91.3
25,GN N0026 1-1411,RN,GN N*,80,73,91.3
25,GN N0025 1,RN,GN N*,36,33,91.7
25,GN N0005 4-1322,RN,GN N*,86,79,91.9
25,GN N0005 4-1325,RN,GN N*,76,70,92.1
25,GN N0021 2-1402,RN,GN N*,140,129,92.1
25,GN N0007 1-1302,RN,GN N*,90,83,92.2
25,GN N0022 1-1568,RN,GN N*,53,49,92.5
25,GN N0001 4-1072,RN,GN N*,95,88,92.6
25,GN N0008 1-1459,RN,GN N*,14,13,92.9
25,GN N0025 1-1363,RN,GN N*,85,79,92.9
25,GN N0016 1-1296,RN,GN N*,58,54,93.1
25,GN N0034 1-1447,RN,GN N*,72,67,93.1
25,GN N0009 3-1474,RN,GN N*,116,108,93.1
25,GN N0006 2,RN,GN N*,130,121,93.1
25,GN N0010 1-1272,RN,GN N*,73,68,93.2
25,GN N0022 3-1356,RN,GN N*,60,56,93.3
25,GN N0041 2,RN,GN N*,76,71,93.4
25,GN N0008 1-1458,RN,GN N*,31,29,93.5
25,GN N0021 2-1554,RN,GN N*,93,87,93.5
25,GN N0006 1-1522,RN,GN N*,93,87,93.5
25,GN N0030 2-1473,RN,GN N*,47,44,93.6
25,GN N0009 1-1334,RN,GN N*,32,30,93.8
25,GN N0029 1-1437,RN,GN N*,98,92,93.9
25,GN N0014 1-1421,RN,GN N*,50,47,94.0
25,GN N0006 1-1149,RN,GN N*,35,33,94.3
25,GN N0011 1-1269,RN,GN N*,36,34,94.4
25,GN N0005 4-1324,RN,GN N*,54,51,94.4
25,GN N0040 1-1385,RN,GN N*,74,70,94.6
25,GN N0010 2-1266,RN,GN N*,38,36,94.7
25,GN N0002 3,RN,GN N*,38,36,94.7
25,GN N0017 1-1250,RN,GN N*,117,111,94.9
25,GN N0021 2-1401,RN,GN N*,79,75,94.9
25,GN N0010 1-1270,RN,GN N*,41,39,95.1
25,GN N0040 1-1429,RN,GN N*,43,41,95.3
25,GN N0021 1-1439,RN,GN N*,22,21,95.5
25,GN N0017 1-1280,RN,GN N*,110,105,95.5
25,GN N0010 1-1271,RN,GN N*,111,106,95.5
25,GN N0001 1,RN,GN N*,47,45,95.7
25,GN N0001 4-1071,RN,GN N*,70,67,95.7
25,GN N0035 1-1550,RN,GN N*,69,66,95.7
25,GN N0007 2-1539,RN,GN N*,92,88,95.7
25,GN N0040 1-1430,RN,GN N*,119,114,95.8
25,GN N0002 3-1121,RN,GN N*,49,47,95.9
25,GN N0006 1-1151,RN,GN N*,25,24,96.0
25,GN N0025 1-1360,RN,GN N*,103,99,96.1
25,GN N0002 2-1114,RN,GN N*,26,25,96.2
25,GN N0039 1-1502,RN,GN N*,52,50,96.2
25,GN N0031 1-1298,RN,GN N*,136,131,96.3
25,GN N0001 3-1061,RN,GN N*,27,26,96.3
25,GN N0025 1-1367,RN,GN N*,28,27,96.4
25,GN N0001 1-1054,RN,GN N*,28,27,96.4
25,GN N0022 3-1373,RN,GN N*,28,27,96.4
25,GN N0039 1-1500,RN,GN N*,56,54,96.4
25,GN N0041 1-1438,RN,GN N*,56,54,96.4
25,GN N0022 2-1394,RN,GN N*,86,83,96.5
25,GN N0009 1-1336,RN,GN N*,60,58,96.7
25,GN N0029 1-1427,RN,GN N*,63,61,96.8
25,GN N0024 1-1400,RN,GN N*,31,30,96.8
25,GN N0005 4-1321,RN,GN N*,32,31,96.9
25,GN N0024 2-1355,RN,GN N*,97,94,96.9
25,GN N0002 5,RN,GN N*,34,33,97.1
25,GN N0002 1-1098,RN,GN N*,68,66,97.1
25,GN N0018 2-1482,RN,GN N*,137,133,97.1
25,GN N0034 1-1565,RN,GN N*,107,104,97.2
25,GN N0022 2,RN,GN N*,36,35,97.2
25,GN N0022 3-1372,RN,GN N*,113,110,97.3
25,GN N0009 2-1327,RN,GN N*,115,112,97.4
25,GN N0001 2-1056,RN,GN N*,40,39,97.5
25,GN N0001 0-1567,RN,GN N*,82,80,97.6
25,GN N0007 2-1247,RN,GN N*,85,83,97.6
25,GN N0031 1-1507,RN,GN N*,88,86,97.7
25,GN N0021 2,RN,GN N*,128,125,97.7
25,GN N0006 1-1150,RN,GN N*,45,44,97.8
25,GN N0038 2,RN,GN N*,136,133,97.8
25,GN N0021 2-1553,RN,GN N*,91,89,97.8
25,GN N0013 1-1408,RN,GN N*,95,93,97.9
25,GN N0007 1-1303,RN,GN N*,146,143,97.9
25,GN N0011 1-1268,RN,GN N*,96,94,97.9
25,GN N0002 3-1212,RN,GN N*,48,47,97.9
25,GN N0007 2-1307,RN,GN N*,95,93,97.9
25,GN N0030 2-1312,RN,GN N*,147,144,98.0
25,GN N0001 4-1073,RN,GN N*,53,52,98.1
25,GN N0001 7-1538,RN,GN N*,62,61,98.4
25,GN N0009 2-1329,RN,GN N*,127,125,98.4
25,GN N0002 1-1104,RN,GN N*,122,120,98.4
25,GN N0007 1,RN,GN N*,133,131,98.5
25,GN N0024 2-1338,RN,GN N*,67,66,98.5
25,GN N0003 5,RN,GN N*,86,85,98.8
25,GN N0001 4-1074,RN,GN N*,91,90,98.9
25,GN N0002 2-1113,RN,GN N*,88,87,98.9
25,GN N0022 3-1378,RN,GN N*,89,88,98.9
25,GN N0029 1-1426,RN,GN N*,105,104,99.0
25,GN N0001 5-1519,RN,GN N*,97,96,99.0
25,GN N0009 3,RN,GN N*,99,98,99.0
25,GN N0001 5,RN,GN N*,101,100,99.0
25,GN N0022 1-1578,RN,GN N*,106,105,99.1
25,GN N0017 1-1276,RN,GN N*,127,126,99.2
25,GN N0022 2-1396,RN,GN N*,136,135,99.3
25,GN N0001 2-1059,RN,GN N*,146,145,99.3
25,GN N0037 1-1446,RN,GN N*,81,81,100.0
25,RN4-OSM-7,RN,*-OSM-*,121,121,100.0
25,GN N0006 1-1154,RN,GN N*,36,36,100.0
25,GN N0001 9-1092,RN,GN N*,37,37,100.0
25,GN N0022 3-1350,RN,GN N*,18,18,100.0
25,RO. 001,RU,autre,13,13,100.0
25,RN22-OSM-11,RN,*-OSM-*,17,17,100.0
25,GN N0030 1-1244,RN,GN N*,78,78,100.0
25,RN6-OSM-11,RN,*-OSM-*,6,6,100.0
25,GN N0002 7,RN,GN N*,45,45,100.0
25,GN N0001 5-1084,RN,GN N*,142,142,100.0
25,GN N0001 9-1091,RN,GN N*,87,87,100.0
25,GN N0023 1-1556,RN,GN N*,83,83,100.0
25,GN N0002 2-1115,RN,GN N*,20,20,100.0
25,GN N0001 3-1067,RN,GN N*,18,18,100.0
25,GN N0003 5-1384,RN,GN N*,61,61,100.0
25,GN N0002 3-1118,RN,GN N*,23,23,100.0
25,RN24-OSM-0,RN,*-OSM-*,12,12,100.0
25,RN1-OSM-7,RN,*-OSM-*,37,37,100.0
25,GN N0001 3-1214,RN,GN N*,53,53,100.0
25,GN N0005 2-1172,RN,GN N*,36,36,100.0
25,GN N0002 1-1094,RN,GN N*,73,73,100.0
25,GN N0002 6-1431,RN,GN N*,12,12,100.0
25,GN N0026 1-1560,RN,GN N*,87,87,100.0
25,GN N0027 2-1241,RN,GN N*,91,91,100.0
25,GN N0022 3-1381,RN,GN N*,58,58,100.0
25,RN25-OSM-9,RN,*-OSM-*,30,30,100.0
25,GN N0009 2-1328,RN,GN N*,75,75,100.0
25,GN N0001 8-1287,RN,GN N*,53,53,100.0
25,KA 004,RU,autre,6,6,100.0
25,DI 814-w269147253,RU,autre,1,1,100.0
25,GN N0001 2-1058,RN,GN N*,82,82,100.0
25,RN1-OSM-5,RN,*-OSM-*,33,33,100.0
25,GN N0003 1-1187,RN,GN N*,32,32,100.0
25,GN N0022 2-1398,RN,GN N*,100,100,100.0
25,RN1-OSM-15,RN,*-OSM-*,24,24,100.0
25,GN N0003 4-1205,RN,GN N*,7,7,100.0
25,GN N0002 3-1119,RN,GN N*,52,52,100.0
25,GN N0023 1-1516,RN,GN N*,134,134,100.0
25,GN N0001 3-1217,RN,GN N*,31,31,100.0
25,GN N0022 2-1359,RN,GN N*,39,39,100.0
25,MA 784-w264627784,RU,autre,1,1,100.0
25,RN4-OSM-1,RN,*-OSM-*,5,5,100.0
25,MA 006,RU,autre,3,3,100.0
25,GN N0002 1-1527,RN,GN N*,93,93,100.0
25,GN N0002 4-1130,RN,GN N*,97,97,100.0
25,GN N0002 2-1111,RN,GN N*,63,63,100.0
25,GN N0040 1-1380,RN,GN N*,18,18,100.0
25,RN1-OSM-69,RN,*-OSM-*,2,2,100.0
25,GN N0027 1,RN,GN N*,26,26,100.0
25,GN N0003 2-1195,RN,GN N*,54,54,100.0
25,GN N0022 2-1397,RN,GN N*,46,46,100.0
25,DI 814-w140785572,RU,autre,9,9,100.0
25,RN25-OSM-0,RN,*-OSM-*,40,40,100.0
25,GN N0001 9-1095,RN,GN N*,88,88,100.0
25,GN N0027 1-1317,RN,GN N*,90,90,100.0
25,GN N0022 2-1361,RN,GN N*,15,15,100.0
25,GN N0027 2-1242,RN,GN N*,67,67,100.0
25,GN N0002 1-1105,RN,GN N*,105,105,100.0
25,GN N0008 1-1456,RN,GN N*,46,46,100.0
25,GN N0005 2-1171,RN,GN N*,29,29,100.0
25,MA 784,RU,autre,11,11,100.0
25,GN N0005 3-1450,RN,GN N*,29,29,100.0
25,GN N0002 5-1140,RN,GN N*,37,37,100.0
25,RN30-OSM-41,RN,*-OSM-*,28,28,100.0
25,RN1-OSM-24,RN,*-OSM-*,5,5,100.0
25,GN N0002 2-1110,RN,GN N*,54,54,100.0
25,DI 256-w1097251581,RU,autre,2,2,100.0
25,GN N0024 1-1405,RN,GN N*,110,110,100.0
25,MA. 006-w605957606,RU,autre,5,5,100.0
25,GN N0002 6-1462,RN,GN N*,46,46,100.0
25,GN N0001 4-1078,RN,GN N*,27,27,100.0
25,GN N0001 7-1297,RN,GN N*,141,141,100.0
25,GN N0020 1,RN,GN N*,60,60,100.0
25,RN25-OSM-18,RN,*-OSM-*,19,19,100.0
25,GN N0003 1-1190,RN,GN N*,39,39,100.0
25,GN N0034 1-1451,RN,GN N*,103,103,100.0
25,GN N0008 1-1340,RN,GN N*,76,76,100.0
25,GN N0031 1-1301,RN,GN N*,110,110,100.0
25,RN25-OSM-13,RN,*-OSM-*,45,45,100.0
25,GN N0019 1-1483,RN,GN N*,47,47,100.0
25,GN N0003 2,RN,GN N*,44,44,100.0
25,GN N0029 1-1425,RN,GN N*,97,97,100.0
25,DI 002-w1096262466,RU,autre,6,6,100.0
25,KA 086,RU,autre,5,5,100.0
25,GN N0010 2,RN,GN N*,11,11,100.0
25,GN N0022 2-1395,RN,GN N*,78,78,100.0
25,GN N0003 3-1200,RN,GN N*,113,113,100.0
25,GN N0025 2-1370,RN,GN N*,35,35,100.0
25,GN N0005 3-1176,RN,GN N*,29,29,100.0
25,DI 814,RU,autre,8,8,100.0
25,GN N0012 1-1493,RN,GN N*,75,75,100.0
25,GN N0024 2-1333,RN,GN N*,71,71,100.0
25,KA 086-w38895164,RU,autre,6,6,100.0
25,RN1-OSM-119,RN,*-OSM-*,10,10,100.0
25,GN N0011 1,RN,GN N*,56,56,100.0
25,GN N0022 1-1496,RN,GN N*,124,124,100.0
25,GN N0009 1-1337,RN,GN N*,47,47,100.0
25,GN N0009 1-1339,RN,GN N*,38,38,100.0
25,GN N0003 3-1185,RN,GN N*,17,17,100.0
25,GN N0023 1-1555,RN,GN N*,92,92,100.0
25,GN N0010 2-1267,RN,GN N*,15,15,100.0
25,GN N0002 2-1108,RN,GN N*,60,60,100.0
25,MA 784-w270805335,RU,autre,1,1,100.0
25,GN N0035 1-1548,RN,GN N*,62,62,100.0
25,GN N0041 1-1440,RN,GN N*,66,66,100.0
25,GN N0026 1-1557,RN,GN N*,51,51,100.0
25,GN N0027 1-1228,RN,GN N*,50,50,100.0
25,GN N0003 2-1197,RN,GN N*,48,48,100.0
25,GN N000110-1258,RN,GN N*,61,61,100.0
25,GN N0001 5-1040,RN,GN N*,113,113,100.0
25,MA. 250,RU,autre,9,9,100.0
25,GN N0002 2-1107,RN,GN N*,133,133,100.0
25,GN N0008 1,RN,GN N*,24,24,100.0
25,RN1-OSM-16,RN,*-OSM-*,15,15,100.0
25,GN N0001 2-1220,RN,GN N*,15,15,100.0
25,GN N0002 3-1122,RN,GN N*,46,46,100.0
25,GN N0020 1-1202,RN,GN N*,91,91,100.0
25,GN N0040 1-1487,RN,GN N*,45,45,100.0
25,GN N0005 5,RN,GN N*,65,65,100.0
25,GN N0027 2,RN,GN N*,88,88,100.0
25,KA 080,RU,autre,7,7,100.0
25,RN1-OSM-18,RN,*-OSM-*,25,25,100.0
25,MA 784-w174021510,RU,autre,1,1,100.0
25,GN N0005 5-1445,RN,GN N*,57,57,100.0
25,GN N0006 2-1498,RN,GN N*,107,107,100.0
25,GN N0001 8,RN,GN N*,87,87,100.0
25,RN1-OSM-13,RN,*-OSM-*,28,28,100.0
25,GN N0005 5-1525,RN,GN N*,96,96,100.0
25,KA. 080,RU,autre,2,2,100.0
25,GN N0006 1,RN,GN N*,66,66,100.0
25,MA. 006,RU,autre,1,1,100.0
25,GN N0024 2-1352,RN,GN N*,100,100,100.0
25,GN N0005 3-1177,RN,GN N*,31,31,100.0
25,GN N0023 1-1573,RN,GN N*,102,102,100.0
25,GN N0030 2-1495,RN,GN N*,106,106,100.0
25,GN N0022 3,RN,GN N*,29,29,100.0
25,RN1-OSM-3,RN,*-OSM-*,26,26,100.0
25,GN N000110,RN,GN N*,9,9,100.0
25,GN N0002 5-1142,RN,GN N*,50,50,100.0
25,GN N0003 3-1199,RN,GN N*,113,113,100.0
25,GN N0027 1-1314,RN,GN N*,45,45,100.0
25,GN N0037 1-1542,RN,GN N*,71,71,100.0
25,GN N0001 5-1518,RN,GN N*,123,123,100.0
25,RN1-OSM-33,RN,*-OSM-*,6,6,100.0
25,GN N0024 1,RN,GN N*,24,24,100.0
25,GN N0027 1-1319,RN,GN N*,36,36,100.0
25,RN29-OSM-4,RN,*-OSM-*,95,95,100.0
25,GN N0010 1-1293,RN,GN N*,69,69,100.0
25,GN N0001 5-1083,RN,GN N*,123,123,100.0
25,GN N0035 1-1549,RN,GN N*,95,95,100.0
25,GN N0034 2-1443,RN,GN N*,100,100,100.0
25,GN N0005 2-1168,RN,GN N*,31,31,100.0
25,GN N0002 1-1433,RN,GN N*,23,23,100.0
25,GN N0029 1,RN,GN N*,87,87,100.0
25,GN N0033 2,RN,GN N*,101,101,100.0
25,GN N0001 9-1090,RN,GN N*,54,54,100.0
25,GN N0021 1-1192,RN,GN N*,60,60,100.0
25,GN N0022 2-1393,RN,GN N*,111,111,100.0
25,GN N0042 2-1471,RN,GN N*,92,92,100.0
25,GN N0001 7-1476,RN,GN N*,101,101,100.0
25,GN N0029 1-1428,RN,GN N*,83,83,100.0
25,GN N000110-1257,RN,GN N*,72,72,100.0
25,GN N0002 5-1143,RN,GN N*,8,8,100.0
25,RN25-OSM-8,RN,*-OSM-*,31,31,100.0
25,RN1-OSM-26,RN,*-OSM-*,64,64,100.0
25,GN N0001 1-1055,RN,GN N*,13,13,100.0
25,GN N0028 1,RN,GN N*,31,31,100.0
25,GN N0030 2-1414,RN,GN N*,123,123,100.0
25,RN1-OSM-8,RN,*-OSM-*,9,9,100.0
25,GN N0001 9,RN,GN N*,10,10,100.0
25,GN N0004 1-1174,RN,GN N*,53,53,100.0
25,GN N0005 5-1211,RN,GN N*,60,60,100.0
25,DI 256,RU,autre,9,9,100.0
25,DI 002,RU,autre,10,10,100.0
25,GN N0024 2-1347,RN,GN N*,77,77,100.0
25,GN N0024 2-1346,RN,GN N*,45,45,100.0
25,GN N0001 9-1526,RN,GN N*,36,36,100.0
25,GN N0003 3-1186,RN,GN N*,71,71,100.0
25,GN N0005 5-1528,RN,GN N*,88,88,100.0
25,DI 256-w1097251582,RU,autre,3,3,100.0
25,GN N0038 1-1561,RN,GN N*,81,81,100.0
25,GN N0022 3-1379,RN,GN N*,19,19,100.0
25,GN N000110-1253,RN,GN N*,32,32,100.0
25,RN30-OSM-13,RN,*-OSM-*,29,29,100.0
25,GN N0023 1-1503,RN,GN N*,63,63,100.0
25,GN N0003 1,RN,GN N*,21,21,100.0
25,GN N0025 1-1357,RN,GN N*,78,78,100.0
25,RN22-OSM-9,RN,*-OSM-*,66,66,100.0
25,GN N0002 5-1533,RN,GN N*,92,92,100.0
25,RN1-OSM-2,RN,*-OSM-*,22,22,100.0
25,GN N0003 2-1194,RN,GN N*,72,72,100.0
25,GN N0023 1-1574,RN,GN N*,79,79,100.0
25,GN N0005 2,RN,GN N*,26,26,100.0
25,GN N0015 1,RN,GN N*,63,63,100.0
25,RN30-OSM-65,RN,*-OSM-*,8,8,100.0
25,GN N0027 1-1315,RN,GN N*,63,63,100.0
25,RN4-OSM-2,RN,*-OSM-*,25,25,100.0
25,GN N0041 1-1441,RN,GN N*,46,46,100.0
25,GN N0004 1,RN,GN N*,24,24,100.0
25,GN N0008 1-1455,RN,GN N*,64,64,100.0
25,RN30-OSM-56,RN,*-OSM-*,6,6,100.0
25,DI 814-w269147255,RU,autre,2,2,100.0
25,KA. 050-w571806430,RU,autre,1,1,100.0
25,GN N0008 1-1457,RN,GN N*,18,18,100.0
25,GN N0001 4-1082,RN,GN N*,72,72,100.0
25,GN N0001 4,RN,GN N*,11,11,100.0
25,GN N0003 5-1388,RN,GN N*,37,37,100.0
25,KA. 050-w38652599,RU,autre,4,4,100.0
25,GN N0022 3-1377,RN,GN N*,79,79,100.0
25,GN N0010 1-1037,RN,GN N*,42,42,100.0
25,GN N0026 1-1558,RN,GN N*,44,44,100.0
25,GN N0033 1-1279,RN,GN N*,103,103,100.0
25,RN6-OSM-10,RN,*-OSM-*,4,4,100.0
25,RN25-OSM-11,RN,*-OSM-*,9,9,100.0
25,GN N0004 1-1103,RN,GN N*,12,12,100.0
25,GN N0002 2,RN,GN N*,114,114,100.0
25,GN N0027 1-1227,RN,GN N*,38,38,100.0
25,GN N0024 2-1348,RN,GN N*,31,31,100.0
25,GN N0009 1-1332,RN,GN N*,104,104,100.0
25,RN1-OSM-22,RN,*-OSM-*,16,16,100.0
25,GN N0002 2-1577,RN,GN N*,7,7,100.0
25,GN N0037 1,RN,GN N*,123,123,100.0
25,GN N0001 3-1225,RN,GN N*,26,26,100.0
25,GN N0001 4-1076,RN,GN N*,28,28,100.0
25,GN N0025 1-1366,RN,GN N*,67,67,100.0
25,GN N0022 1,RN,GN N*,38,38,100.0
25,GN N0034 1,RN,GN N*,58,58,100.0
25,GN N0006 1-1145,RN,GN N*,71,71,100.0
25,GN N0034 1-1564,RN,GN N*,52,52,100.0
25,GN N0017 1,RN,GN N*,65,65,100.0
25,GN N0039 1,RN,GN N*,129,129,100.0
25,GN N0001 8-1291,RN,GN N*,109,109,100.0
25,GN N0002 5-1135,RN,GN N*,85,85,100.0
25,GN N0003 4-1206,RN,GN N*,13,13,100.0
25,GN N0003 5-1389,RN,GN N*,78,78,100.0
25,GN N0001 3-1066,RN,GN N*,36,36,100.0
25,KA. 035,RU,autre,2,2,100.0
25,GN N0002 5-1136,RN,GN N*,123,123,100.0
25,GN N0005 6,RN,GN N*,126,126,100.0
25,GN N0023 1-1499,RN,GN N*,116,116,100.0
25,RN1-OSM-1,RN,*-OSM-*,12,12,100.0
25,GN N000110-1263,RN,GN N*,106,106,100.0
25,GN N0027 2-1237,RN,GN N*,61,61,100.0
25,GN N0004 2-1489,RN,GN N*,45,45,100.0
25,GN N0001 8-1289,RN,GN N*,137,137,100.0
25,GN N0001 3-1068,RN,GN N*,56,56,100.0
25,GN N0008 1-1342,RN,GN N*,32,32,100.0
25,GN N0026 1-1492,RN,GN N*,77,77,100.0
25,GN N0003 3,RN,GN N*,26,26,100.0
25,GN N0002 5-1138,RN,GN N*,40,40,100.0
25,GN N0033 1-1282,RN,GN N*,123,123,100.0
25,RN27-OSM-0,RN,*-OSM-*,7,7,100.0
25,GN N0034 1-1453,RN,GN N*,87,87,100.0
25,GN N0021 1-1193,RN,GN N*,67,67,100.0
25,GN N0013 1,RN,GN N*,98,98,100.0
25,GN N0003 3-1481,RN,GN N*,31,31,100.0
25,GN N0002 1-1102,RN,GN N*,66,66,100.0
25,GN N0005 2-1175,RN,GN N*,36,36,100.0
25,RN1-OSM-6,RN,*-OSM-*,26,26,100.0
25,RN1-OSM-4,RN,*-OSM-*,11,11,100.0
25,GN N0025 2-1369,RN,GN N*,71,71,100.0
25,GN N0030 1-1245,RN,GN N*,52,52,100.0
25,GN N0002 7-1294,RN,GN N*,19,19,100.0
25,GN N0024 2-1354,RN,GN N*,123,123,100.0
25,GN N0005 1-1163,RN,GN N*,31,31,100.0
25,GN N0005 2-1170,RN,GN N*,36,36,100.0
25,GN N0022 2-1358,RN,GN N*,55,55,100.0
25,GN N0009 2,RN,GN N*,44,44,100.0
25,GN N0001 9-1524,RN,GN N*,53,53,100.0
25,MA 286,RU,autre,9,9,100.0
25,GN N0042 2,RN,GN N*,81,81,100.0
25,RN1-OSM-21,RN,*-OSM-*,9,9,100.0
25,GN N0006 3-1159,RN,GN N*,84,84,100.0
25,GN N0001 9-1096,RN,GN N*,59,59,100.0
25,GN N0003 3-1158,RN,GN N*,52,52,100.0
25,GN N0002 6-1460,RN,GN N*,9,9,100.0
25,RN1-OSM-17,RN,*-OSM-*,8,8,100.0
25,GN N000110-1256,RN,GN N*,27,27,100.0
25,GN N0006 1-1144,RN,GN N*,76,76,100.0
25,DI 002-w1096262465,RU,autre,1,1,100.0
25,GN N0008 1-1344,RN,GN N*,46,46,100.0
25,KA. 050-w38698336,RU,autre,1,1,100.0
25,GN N0030 1-1278,RN,GN N*,69,69,100.0
25,GN N0002 5-1139,RN,GN N*,46,46,100.0
25,GN N0003 1-1448,RN,GN N*,125,125,100.0
25,DI 814-w38649509,RU,autre,1,1,100.0
25,GN N0001 6-1299,RN,GN N*,16,16,100.0
25,RN29-OSM-5,RN,*-OSM-*,67,67,100.0
25,GN N0028 1-1230,RN,GN N*,56,56,100.0
25,GN N0004 2-1183,RN,GN N*,51,51,100.0
25,GN N0012 1-1508,RN,GN N*,129,129,100.0
25,GN N0030 2-1249,RN,GN N*,62,62,100.0
25,GN N0003 4-1204,RN,GN N*,68,68,100.0
25,RN25-OSM-4,RN,*-OSM-*,31,31,100.0
25,GN N0033 2-1284,RN,GN N*,91,91,100.0
25,GN N0018 1-1466,RN,GN N*,92,92,100.0
25,GN N0005 6-1179,RN,GN N*,83,83,100.0
25,GN N0040 1,RN,GN N*,13,13,100.0
25,GN N0002 6-1423,RN,GN N*,13,13,100.0
25,GN N0030 2-1413,RN,GN N*,59,59,100.0
25,DI. 002,RU,autre,1,1,100.0
25,GN N0001 5-1085,RN,GN N*,97,97,100.0
25,MA. 006-w605957605,RU,autre,7,7,100.0
25,GN N0031 1-1536,RN,GN N*,75,75,100.0
25,GN N0035 1-1547,RN,GN N*,101,101,100.0
25,GN N0025 1-1368,RN,GN N*,37,37,100.0
25,GN N0009 1-1341,RN,GN N*,50,50,100.0
25,GN N0001 3-1216,RN,GN N*,136,136,100.0
25,GN N0004 2,RN,GN N*,35,35,100.0
25,GN N0006 1-1141,RN,GN N*,38,38,100.0
25,GN N0027 2-1243,RN,GN N*,84,84,100.0
25,GN N0003 5-1387,RN,GN N*,34,34,100.0
25,GN N0010 1-1292,RN,GN N*,63,63,100.0
25,GN N0006 3-1160,RN,GN N*,75,75,100.0
25,GN N0018 2,RN,GN N*,42,42,100.0
25,GN N0005 3-1178,RN,GN N*,59,59,100.0
25,GN N0030 2-1494,RN,GN N*,144,144,100.0
25,GN N0001 6-1088,RN,GN N*,77,77,100.0
25,RN31-OSM-15,RN,*-OSM-*,15,15,100.0
25,GN N0001 8-1288,RN,GN N*,56,56,100.0
25,GN N0030 1,RN,GN N*,53,53,100.0
25,DI. 002-w291395350,RU,autre,1,1,100.0
25,GN N0003 3-1057,RN,GN N*,37,37,100.0
25,RN29-OSM-21,RN,*-OSM-*,23,23,100.0
25,GN N0030 2-1544,RN,GN N*,54,54,100.0
25,GN N0006 3-1157,RN,GN N*,77,77,100.0
25,GN N0006 1-1148,RN,GN N*,95,95,100.0
25,GN N0003 4,RN,GN N*,37,37,100.0
25,GN N0003 1-1188,RN,GN N*,40,40,100.0
25,GN N0001 9-1576,RN,GN N*,63,63,100.0
25,GN N0033 1-1277,RN,GN N*,101,101,100.0
25,GN N0005 3-1452,RN,GN N*,31,31,100.0
25,GN N0001 7-1480,RN,GN N*,75,75,100.0
25,GN N0001 3-1224,RN,GN N*,12,12,100.0
25,GN N0002 1-1097,RN,GN N*,78,78,100.0
25,GN N0001 8-1290,RN,GN N*,87,87,100.0
25,GN N0016 1,RN,GN N*,72,72,100.0
25,GN N0022 3-1351,RN,GN N*,44,44,100.0
25,RN33-OSM-8,RN,*-OSM-*,3,3,100.0
25,GN N0005 1-1164,RN,GN N*,80,80,100.0
25,GN N0021 1,RN,GN N*,23,23,100.0
25,GN N0001 3-1065,RN,GN N*,20,20,100.0
25,GN N0012 1-1515,RN,GN N*,143,143,100.0
25,RN30-OSM-35,RN,*-OSM-*,5,5,100.0
25,GN N0002 1-1531,RN,GN N*,74,74,100.0
25,RN4-OSM-6,RN,*-OSM-*,3,3,100.0
25,GN N0028 2-1472,RN,GN N*,52,52,100.0
25,GN N0005 4-1316,RN,GN N*,54,54,100.0
25,GN N0002 1-1101,RN,GN N*,55,55,100.0
25,DI 814-w1097249164,RU,autre,1,1,100.0
25,GN N0002 7-1254,RN,GN N*,73,73,100.0
25,GN N0027 1-1318,RN,GN N*,33,33,100.0
25,DI 814-w140785577,RU,autre,2,2,100.0
25,GN N0001 6,RN,GN N*,73,73,100.0
25,GN N0026 1-1410,RN,GN N*,77,77,100.0
25,RES-583,RR,RES-*,1,1,100.0
25,GN N0028 1-1231,RN,GN N*,68,68,100.0
25,GN N0006 2-1218,RN,GN N*,58,58,100.0
25,MA. 500,RU,autre,7,7,100.0
25,GN N0010 1,RN,GN N*,19,19,100.0
25,RN22-OSM-13,RN,*-OSM-*,53,53,100.0
25,RN5-OSM-88,RN,*-OSM-*,1,1,100.0
25,GN N0001 3-1064,RN,GN N*,34,34,100.0
25,GN N0008 1-1345,RN,GN N*,40,40,100.0
25,GN N0001 4-1079,RN,GN N*,25,25,100.0
25,GN N0034 2,RN,GN N*,84,84,100.0
25,RN25-OSM-5,RN,*-OSM-*,95,95,100.0
25,GN N0030 2,RN,GN N*,43,43,100.0
25,GN N0001 4-1077,RN,GN N*,33,33,100.0
25,GN N0008 1-1335,RN,GN N*,68,68,100.0
25,GN N0018 2-1521,RN,GN N*,84,84,100.0
25,GN N0022 2-1362,RN,GN N*,15,15,100.0
25,GN N0024 2,RN,GN N*,61,61,100.0
25,KA 094,RU,autre,5,5,100.0
25,GN N0003 5-1392,RN,GN N*,62,62,100.0
25,GN N0001 9-1575,RN,GN N*,90,90,100.0
25,KA. 050,RU,autre,1,1,100.0
25,GN N0006 1-1147,RN,GN N*,113,113,100.0
25,GN N0002 4-1128,RN,GN N*,39,39,100.0
25,GN N0023 1-1517,RN,GN N*,99,99,100.0
25,GN N0002 4-1126,RN,GN N*,30,30,100.0
25,GN N0001 0,RN,GN N*,83,83,100.0
25,GN N0001 2-1223,RN,GN N*,22,22,100.0
25,GN N0003 5-1390,RN,GN N*,16,16,100.0
25,RN1-OSM-10,RN,*-OSM-*,4,4,100.0
25,GN N0005 4-1579,RN,GN N*,125,125,100.0
25,RN20-OSM-0,RN,*-OSM-*,11,11,100.0
25,GN N0001 4-1075,RN,GN N*,73,73,100.0
25,RN25-OSM-1,RN,*-OSM-*,59,59,100.0
25,RN31-OSM-11,RN,*-OSM-*,7,7,100.0
25,GN N0006 2-1506,RN,GN N*,116,116,100.0
25,RN1-OSM-19,RN,*-OSM-*,39,39,100.0
25,GN N0028 2-1234,RN,GN N*,36,36,100.0
25,GN N0002 6-1461,RN,GN N*,43,43,100.0
25,GN N0003 1-1189,RN,GN N*,66,66,100.0
25,GN N0039 1-1504,RN,GN N*,61,61,100.0
25,GN N0005 3,RN,GN N*,8,8,100.0
25,GN N0026 1,RN,GN N*,58,58,100.0
25,RES-333,RR,RES-*,1,1,100.0
25,GN N0030 1-1313,RN,GN N*,127,127,100.0
25,GN N0008 1-1365,RN,GN N*,29,29,100.0
25,RN4-OSM-5,RN,*-OSM-*,76,76,100.0
25,GN N000110-1260,RN,GN N*,72,72,100.0
25,GN N0019 1,RN,GN N*,62,62,100.0
25,GN N0004 2-1184,RN,GN N*,37,37,100.0
25,GN N0009 1-1343,RN,GN N*,61,61,100.0
25,RN4-OSM-3,RN,*-OSM-*,62,62,100.0
25,GN N0002 4-1127,RN,GN N*,51,51,100.0
25,GN N0027 2-1239,RN,GN N*,147,147,100.0
25,GN N0001 3,RN,GN N*,52,52,100.0
25,GN N0040 1-1375,RN,GN N*,15,15,100.0
25,RN30-OSM-58,RN,*-OSM-*,14,14,100.0
25,GN N0002 6-1463,RN,GN N*,35,35,100.0
25,RN1-OSM-9,RN,*-OSM-*,23,23,100.0
25,KA 007,RU,autre,2,2,100.0
25,GN N0030 2-1311,RN,GN N*,133,133,100.0
25,GN N0002 2-1112,RN,GN N*,68,68,100.0
25,GN N0004 1-1180,RN,GN N*,68,68,100.0
25,GN N0022 1-1208,RN,GN N*,5,5,100.0
25,RN15-OSM-0,RN,*-OSM-*,37,37,100.0
25,GN N0002 3-1124,RN,GN N*,47,47,100.0
25,GN N0012 1,RN,GN N*,80,80,100.0
25,GN N000110-1042,RN,GN N*,8,8,100.0
25,GN N0033 1,RN,GN N*,11,11,100.0
25,GN N0002 5-1137,RN,GN N*,79,79,100.0
25,GN N0001 2-1222,RN,GN N*,20,20,100.0
25,RN29-OSM-18,RN,*-OSM-*,66,66,100.0
25,GN N0002 3-1213,RN,GN N*,57,57,100.0
25,GN N0006 3,RN,GN N*,90,90,100.0
25,GN N0002 1-1093,RN,GN N*,99,99,100.0
25,GN N0001 9-1523,RN,GN N*,65,65,100.0
25,GN N0003 5-1386,RN,GN N*,68,68,100.0
25,RN1-OSM-70,RN,*-OSM-*,28,28,100.0
25,GN N0002 4-1129,RN,GN N*,107,107,100.0
25,RN1-OSM-32,RN,*-OSM-*,10,10,100.0
25,GN N0023 1,RN,GN N*,119,119,100.0
25,GN N0025 2,RN,GN N*,72,72,100.0
25,GN N0026 1-1475,RN,GN N*,96,96,100.0
25,GN N0033 1-1281,RN,GN N*,101,101,100.0
25,GN N0006 1-1534,RN,GN N*,84,84,100.0
25,GN N0005 1,RN,GN N*,49,49,100.0
25,RN23-OSM-0,RN,*-OSM-*,38,38,100.0
25,GN N0027 1-1320,RN,GN N*,21,21,100.0
25,GN N0018 1-1467,RN,GN N*,69,69,100.0
25,GN N0002 2-1109,RN,GN N*,55,55,100.0
25,GN N0039 1-1505,RN,GN N*,81,81,100.0
25,GN N0003 3-1198,RN,GN N*,7,7,100.0
25,GN N0022 3-1376,RN,GN N*,32,32,100.0
25,GN N0008 1-1331,RN,GN N*,54,54,100.0
25,GN N0002 4-1133,RN,GN N*,61,61,100.0
25,GN N0030 2-1543,RN,GN N*,108,108,100.0
25,GN N0002 3-1120,RN,GN N*,43,43,100.0
25,GN N0002 6-1464,RN,GN N*,18,18,100.0
25,GN N0001 3-1226,RN,GN N*,16,16,100.0
25,GN N0005 2-1169,RN,GN N*,43,43,100.0
25,GN N0005 2-1449,RN,GN N*,30,30,100.0
25,GN N0006 3-1161,RN,GN N*,76,76,100.0
25,GN N0018 1,RN,GN N*,53,53,100.0
25,GN N0002 5-1532,RN,GN N*,65,65,100.0
25,GN N0001 4-1070,RN,GN N*,52,52,100.0
25,GN N0002 1,RN,GN N*,31,31,100.0
25,GN N0004 1-1173,RN,GN N*,47,47,100.0
25,GN N0006 1-1132,RN,GN N*,50,50,100.0
25,GN N0031 1-1535,RN,GN N*,98,98,100.0
25,GN N0001 3-1063,RN,GN N*,34,34,100.0
25,GN N0021 1-1153,RN,GN N*,25,25,100.0
25,GN N0001 3-1215,RN,GN N*,83,83,100.0
25,GN N0001 4-1062,RN,GN N*,39,39,100.0
25,GN N0011 1-1265,RN,GN N*,106,106,100.0
25,GN N0002 6,RN,GN N*,15,15,100.0
25,GN N0001 7-1477,RN,GN N*,86,86,100.0
25,RN1-OSM-35,RN,*-OSM-*,1,1,100.0
25,GN N0002 1-1099,RN,GN N*,40,40,100.0
25,GN N0001 7-1478,RN,GN N*,42,42,100.0
25,GN N0030 2-1248,RN,GN N*,75,75,100.0
25,RN25-OSM-15,RN,*-OSM-*,31,31,100.0
25,GN N0003 2-1196,RN,GN N*,45,45,100.0
25,RES-375,RR,RES-*,1,1,100.0
25,GN N0001 2,RN,GN N*,25,25,100.0
25,RN25-OSM-3,RN,*-OSM-*,32,32,100.0
25,GN N0001 4-1080,RN,GN N*,73,73,100.0
25,GN N0010 1-1273,RN,GN N*,60,60,100.0
25,RN1-OSM-14,RN,*-OSM-*,25,25,100.0
25,GN N0032 1-1511,RN,GN N*,112,112,100.0
100,RES-365,RR,RES-*,29,0,0.0
100,RES-690,RR,RES-*,32,0,0.0
100,RES-513,RR,RES-*,41,0,0.0
100,RES-554,RR,RES-*,20,0,0.0
100,RES-629,RR,RES-*,39,0,0.0
100,RES-735,RR,RES-*,34,0,0.0
100,RES-582,RR,RES-*,29,0,0.0
100,RES-163,RR,RES-*,1,0,0.0
100,RES-4,RR,RES-*,3,0,0.0
100,RES-293,RR,RES-*,15,0,0.0
100,RES-607,RR,RES-*,24,0,0.0
100,RES-73,RR,RES-*,36,0,0.0
100,RES-317,RR,RES-*,26,0,0.0
100,RES-514,RR,RES-*,13,0,0.0
100,RES-178,RR,RES-*,1,0,0.0
100,RES-1027,RR,RES-*,149,0,0.0
100,RES-860,RR,RES-*,53,0,0.0
100,RES-241,RR,RES-*,11,0,0.0
100,RES-100,RR,RES-*,34,0,0.0
100,RES-406,RR,RES-*,46,0,0.0
100,RES-692,RR,RES-*,27,0,0.0
100,RES-549,RR,RES-*,16,0,0.0
100,RES-548,RR,RES-*,22,0,0.0
100,RES-618,RR,RES-*,34,0,0.0
100,RES-540,RR,RES-*,84,0,0.0
100,RES-632,RR,RES-*,1,0,0.0
100,RES-384,RR,RES-*,53,0,0.0
100,RES-99,RR,RES-*,45,0,0.0
100,RES-254,RR,RES-*,148,0,0.0
100,RES-233,RR,RES-*,52,0,0.0
100,RES-128,RR,RES-*,72,0,0.0
100,RES-552,RR,RES-*,27,0,0.0
100,RES-1014,RR,RES-*,27,0,0.0
100,RES-85,RR,RES-*,49,0,0.0
100,RES-616,RR,RES-*,55,0,0.0
100,RES-526,RR,RES-*,41,0,0.0
100,RES-378,RR,RES-*,43,0,0.0
100,RES-737,RR,RES-*,44,0,0.0
100,RES-497,RR,RES-*,7,0,0.0
100,RES-190,RR,RES-*,10,0,0.0
100,RES-70,RR,RES-*,61,0,0.0
100,RES-456,RR,RES-*,23,0,0.0
100,RES-492,RR,RES-*,46,0,0.0
100,RES-993,RR,RES-*,47,0,0.0
100,RES-734,RR,RES-*,2,0,0.0
100,RES-340,RR,RES-*,8,0,0.0
100,GN N0039 1-1569,RN,GN N*,75,0,0.0
100,RES-581,RR,RES-*,15,0,0.0
100,RES-341,RR,RES-*,105,0,0.0
100,RES-16,RR,RES-*,10,0,0.0
100,RES-287,RR,RES-*,26,0,0.0
100,RES-428,RR,RES-*,78,0,0.0
100,GN N0024 1-1403,RN,GN N*,61,0,0.0
100,RES-49,RR,RES-*,70,0,0.0
100,RES-370,RR,RES-*,2,0,0.0
100,RES-243,RR,RES-*,145,0,0.0
100,RES-278,RR,RES-*,51,0,0.0
100,RES-539,RR,RES-*,59,0,0.0
100,RES-260,RR,RES-*,153,0,0.0
100,RES-411,RR,RES-*,55,0,0.0
100,RES-605,RR,RES-*,66,0,0.0
100,RES-534,RR,RES-*,53,0,0.0
100,RES-892,RR,RES-*,98,0,0.0
100,RES-655,RR,RES-*,13,0,0.0
100,RES-820,RR,RES-*,65,0,0.0
100,RES-210,RR,RES-*,26,0,0.0
100,RES-522,RR,RES-*,30,0,0.0
100,RES-600,RR,RES-*,42,0,0.0
100,RES-845,RR,RES-*,42,0,0.0
100,RES-953,RR,RES-*,1,0,0.0
100,RES-441,RR,RES-*,47,0,0.0
100,RES-958,RR,RES-*,30,0,0.0
100,RES-587,RR,RES-*,1,0,0.0
100,RES-170,RR,RES-*,8,0,0.0
100,RES-763,RR,RES-*,69,0,0.0
100,RES-98,RR,RES-*,9,0,0.0
100,RES-573,RR,RES-*,5,0,0.0
100,RES-329,RR,RES-*,44,0,0.0
100,RES-656,RR,RES-*,37,0,0.0
100,RES-808,RR,RES-*,137,0,0.0
100,RES-314,RR,RES-*,21,0,0.0
100,GN N0015 1-1540,RN,GN N*,98,0,0.0
100,RES-669,RR,RES-*,9,0,0.0
100,RES-803,RR,RES-*,58,0,0.0
100,RES-626,RR,RES-*,78,0,0.0
100,RES-494,RR,RES-*,28,0,0.0
100,RES-695,RR,RES-*,77,0,0.0
100,RES-1017,RR,RES-*,40,0,0.0
100,RES-973,RR,RES-*,11,0,0.0
100,RES-458,RR,RES-*,26,0,0.0
100,RES-547,RR,RES-*,36,0,0.0
100,RES-555,RR,RES-*,63,0,0.0
100,RES-893,RR,RES-*,21,0,0.0
100,RES-625,RR,RES-*,68,0,0.0
100,RES-894,RR,RES-*,96,0,0.0
100,RES-999,RR,RES-*,17,0,0.0
100,RES-161,RR,RES-*,9,0,0.0
100,RES-918,RR,RES-*,70,0,0.0
100,RES-185,RR,RES-*,69,0,0.0
100,RES-670,RR,RES-*,19,0,0.0
100,RES-521,RR,RES-*,27,0,0.0
100,RES-393,RR,RES-*,47,0,0.0
100,RES-322,RR,RES-*,13,0,0.0
100,RES-575,RR,RES-*,45,0,0.0
100,RES-1002,RR,RES-*,101,0,0.0
100,RES-123,RR,RES-*,76,0,0.0
100,RES-849,RR,RES-*,157,0,0.0
100,RES-929,RR,RES-*,25,0,0.0
100,RES-22,RR,RES-*,51,0,0.0
100,RES-639,RR,RES-*,99,0,0.0
100,RES-435,RR,RES-*,31,0,0.0
100,RES-535,RR,RES-*,163,0,0.0
100,RES-310,RR,RES-*,1,0,0.0
100,RES-562,RR,RES-*,58,0,0.0
100,RES-482,RR,RES-*,60,0,0.0
100,RES-837,RR,RES-*,45,0,0.0
100,RES-1028,RR,RES-*,75,0,0.0
100,RES-191,RR,RES-*,8,0,0.0
100,GN N0015 1-1541,RN,GN N*,63,0,0.0
100,RES-55,RR,RES-*,34,0,0.0
100,RES-882,RR,RES-*,63,0,0.0
100,RES-654,RR,RES-*,70,0,0.0
100,RES-761,RR,RES-*,99,0,0.0
100,RES-830,RR,RES-*,31,0,0.0
100,RES-342,RR,RES-*,37,0,0.0
100,RES-298,RR,RES-*,19,0,0.0
100,RES-453,RR,RES-*,44,0,0.0
100,RES-349,RR,RES-*,81,0,0.0
100,RES-196,RR,RES-*,56,0,0.0
100,RES-136,RR,RES-*,60,0,0.0
100,RES-795,RR,RES-*,45,0,0.0
100,RES-433,RR,RES-*,50,0,0.0
100,RES-409,RR,RES-*,67,0,0.0
100,RES-137,RR,RES-*,36,0,0.0
100,RES-483,RR,RES-*,77,0,0.0
100,RES-334,RR,RES-*,77,0,0.0
100,RES-853,RR,RES-*,13,0,0.0
100,RES-468,RR,RES-*,5,0,0.0
100,RES-731,RR,RES-*,1,0,0.0
100,RES-392,RR,RES-*,16,0,0.0
100,RES-866,RR,RES-*,32,0,0.0
100,RES-356,RR,RES-*,6,0,0.0
100,RES-835,RR,RES-*,16,0,0.0
100,RES-201,RR,RES-*,49,0,0.0
100,RES-719,RR,RES-*,1,0,0.0
100,RES-51,RR,RES-*,40,0,0.0
100,RES-338,RR,RES-*,57,0,0.0
100,RES-303,RR,RES-*,43,0,0.0
100,RES-118,RR,RES-*,81,0,0.0
100,RES-202,RR,RES-*,7,0,0.0
100,RES-872,RR,RES-*,183,0,0.0
100,RES-950,RR,RES-*,70,0,0.0
100,RES-899,RR,RES-*,29,0,0.0
100,RES-53,RR,RES-*,18,0,0.0
100,RES-738,RR,RES-*,28,0,0.0
100,RES-83,RR,RES-*,96,0,0.0
100,RES-101,RR,RES-*,39,0,0.0
100,RES-878,RR,RES-*,36,0,0.0
100,RES-268,RR,RES-*,139,0,0.0
100,RES-234,RR,RES-*,48,0,0.0
100,RES-911,RR,RES-*,102,0,0.0
100,RES-129,RR,RES-*,54,0,0.0
100,RN24-OSM-30,RN,*-OSM-*,1,0,0.0
100,RES-871,RR,RES-*,25,0,0.0
100,RES-720,RR,RES-*,1,0,0.0
100,RES-159,RR,RES-*,172,0,0.0
100,GN N0008 2-1485,RN,GN N*,78,0,0.0
100,RES-206,RR,RES-*,47,0,0.0
100,RES-339,RR,RES-*,1,0,0.0
100,RES-461,RR,RES-*,41,0,0.0
100,RES-933,RR,RES-*,153,0,0.0
100,RES-515,RR,RES-*,49,0,0.0
100,RES-975,RR,RES-*,52,0,0.0
100,RES-3,RR,RES-*,16,0,0.0
100,RES-11,RR,RES-*,18,0,0.0
100,RES-617,RR,RES-*,49,0,0.0
100,RES-685,RR,RES-*,12,0,0.0
100,RES-858,RR,RES-*,139,0,0.0
100,RES-106,RR,RES-*,25,0,0.0
100,RES-706,RR,RES-*,1,0,0.0
100,RES-532,RR,RES-*,37,0,0.0
100,RES-244,RR,RES-*,61,0,0.0
100,RES-126,RR,RES-*,22,0,0.0
100,RES-987,RR,RES-*,61,0,0.0
100,RES-120,RR,RES-*,10,0,0.0
100,GN N0008 2-1486,RN,GN N*,51,0,0.0
100,RES-247,RR,RES-*,71,0,0.0
100,RES-1016,RR,RES-*,68,0,0.0
100,RES-903,RR,RES-*,52,0,0.0
100,RES-436,RR,RES-*,26,0,0.0
100,RES-630,RR,RES-*,120,0,0.0
100,RES-462,RR,RES-*,16,0,0.0
100,RES-92,RR,RES-*,1,0,0.0
100,RES-403,RR,RES-*,53,0,0.0
100,RES-449,RR,RES-*,29,0,0.0
100,RES-896,RR,RES-*,51,0,0.0
100,RES-962,RR,RES-*,31,0,0.0
100,RES-904,RR,RES-*,39,0,0.0
100,RES-193,RR,RES-*,9,0,0.0
100,RES-262,RR,RES-*,29,0,0.0
100,RES-81,RR,RES-*,153,0,0.0
100,RES-924,RR,RES-*,25,0,0.0
100,RES-990,RR,RES-*,99,0,0.0
100,RES-242,RR,RES-*,10,0,0.0
100,RES-653,RR,RES-*,79,0,0.0
100,RES-620,RR,RES-*,58,0,0.0
100,RES-499,RR,RES-*,28,0,0.0
100,GN N0028 2-1233,RN,GN N*,54,0,0.0
100,RES-168,RR,RES-*,30,0,0.0
100,RES-646,RR,RES-*,97,0,0.0
100,RES-602,RR,RES-*,49,0,0.0
100,RES-908,RR,RES-*,114,0,0.0
100,RES-443,RR,RES-*,37,0,0.0
100,RES-232,RR,RES-*,161,0,0.0
100,RES-565,RR,RES-*,61,0,0.0
100,RES-327,RR,RES-*,17,0,0.0
100,RES-704,RR,RES-*,23,0,0.0
100,RES-831,RR,RES-*,77,0,0.0
100,RES-270,RR,RES-*,23,0,0.0
100,RES-947,RR,RES-*,41,0,0.0
100,RES-666,RR,RES-*,14,0,0.0
100,RES-157,RR,RES-*,43,0,0.0
100,RES-450,RR,RES-*,51,0,0.0
100,RES-1001,RR,RES-*,71,0,0.0
100,RES-208,RR,RES-*,35,0,0.0
100,RES-302,RR,RES-*,44,0,0.0
100,RES-909,RR,RES-*,25,0,0.0
100,RES-398,RR,RES-*,42,0,0.0
100,RES-703,RR,RES-*,23,0,0.0
100,RES-897,RR,RES-*,29,0,0.0
100,RES-502,RR,RES-*,69,0,0.0
100,RES-324,RR,RES-*,11,0,0.0
100,RES-991,RR,RES-*,29,0,0.0
100,RES-493,RR,RES-*,24,0,0.0
100,RES-217,RR,RES-*,64,0,0.0
100,RES-585,RR,RES-*,22,0,0.0
100,RES-715,RR,RES-*,52,0,0.0
100,RES-906,RR,RES-*,105,0,0.0
100,RES-311,RR,RES-*,99,0,0.0
100,RES-886,RR,RES-*,27,0,0.0
100,RES-816,RR,RES-*,19,0,0.0
100,RES-508,RR,RES-*,97,0,0.0
100,RES-511,RR,RES-*,27,0,0.0
100,RES-965,RR,RES-*,157,0,0.0
100,RES-705,RR,RES-*,28,0,0.0
100,RES-432,RR,RES-*,41,0,0.0
100,RES-97,RR,RES-*,50,0,0.0
100,RES-615,RR,RES-*,54,0,0.0
100,RES-84,RR,RES-*,149,0,0.0
100,RES-1015,RR,RES-*,69,0,0.0
100,RES-829,RR,RES-*,111,0,0.0
100,RES-902,RR,RES-*,40,0,0.0
100,RES-347,RR,RES-*,61,0,0.0
100,RES-841,RR,RES-*,26,0,0.0
100,RES-928,RR,RES-*,143,0,0.0
100,RES-568,RR,RES-*,39,0,0.0
100,RES-687,RR,RES-*,1,0,0.0
100,RES-688,RR,RES-*,27,0,0.0
100,RES-818,RR,RES-*,37,0,0.0
100,RES-276,RR,RES-*,30,0,0.0
100,RES-762,RR,RES-*,82,0,0.0
100,RES-612,RR,RES-*,51,0,0.0
100,RES-133,RR,RES-*,1,0,0.0
100,RES-87,RR,RES-*,44,0,0.0
100,RES-358,RR,RES-*,33,0,0.0
100,RES-478,RR,RES-*,26,0,0.0
100,RES-407,RR,RES-*,73,0,0.0
100,RES-410,RR,RES-*,55,0,0.0
100,RES-689,RR,RES-*,31,0,0.0
100,RES-96,RR,RES-*,19,0,0.0
100,RES-487,RR,RES-*,29,0,0.0
100,RES-181,RR,RES-*,291,0,0.0
100,RES-20,RR,RES-*,4,0,0.0
100,RES-756,RR,RES-*,71,0,0.0
100,RES-608,RR,RES-*,60,0,0.0
100,RES-813,RR,RES-*,29,0,0.0
100,RES-337,RR,RES-*,116,0,0.0
100,RES-986,RR,RES-*,61,0,0.0
100,RES-812,RR,RES-*,123,0,0.0
100,RES-891,RR,RES-*,53,0,0.0
100,RES-218,RR,RES-*,16,0,0.0
100,GN N0039 1-1572,RN,GN N*,70,0,0.0
100,RES-834,RR,RES-*,11,0,0.0
100,RES-488,RR,RES-*,46,0,0.0
100,RES-652,RR,RES-*,41,0,0.0
100,RES-501,RR,RES-*,38,0,0.0
100,RN4-OSM-0,RN,*-OSM-*,2,0,0.0
100,RES-917,RR,RES-*,77,0,0.0
100,RES-36,RR,RES-*,45,0,0.0
100,RES-2,RR,RES-*,61,0,0.0
100,RES-716,RR,RES-*,65,0,0.0
100,RES-504,RR,RES-*,27,0,0.0
100,RES-807,RR,RES-*,75,0,0.0
100,RES-124,RR,RES-*,41,0,0.0
100,RES-968,RR,RES-*,46,0,0.0
100,RES-246,RR,RES-*,166,0,0.0
100,RES-726,RR,RES-*,1,0,0.0
100,RES-599,RR,RES-*,6,0,0.0
100,RES-463,RR,RES-*,69,0,0.0
100,RES-277,RR,RES-*,30,0,0.0
100,RES-725,RR,RES-*,32,0,0.0
100,RES-592,RR,RES-*,50,0,0.0
100,RES-895,RR,RES-*,35,0,0.0
100,RES-628,RR,RES-*,28,0,0.0
100,RES-496,RR,RES-*,48,0,0.0
100,RES-82,RR,RES-*,94,0,0.0
100,RES-481,RR,RES-*,79,0,0.0
100,RES-209,RR,RES-*,29,0,0.0
100,RES-357,RR,RES-*,44,0,0.0
100,RES-510,RR,RES-*,97,0,0.0
100,RES-842,RR,RES-*,13,0,0.0
100,RES-657,RR,RES-*,18,0,0.0
100,RES-183,RR,RES-*,75,0,0.0
100,RES-524,RR,RES-*,58,0,0.0
100,RES-400,RR,RES-*,6,0,0.0
100,RES-125,RR,RES-*,10,0,0.0
100,RES-771,RR,RES-*,53,0,0.0
100,RES-252,RR,RES-*,22,0,0.0
100,RES-530,RR,RES-*,26,0,0.0
100,RES-887,RR,RES-*,151,0,0.0
100,RES-275,RR,RES-*,8,0,0.0
100,RES-783,RR,RES-*,132,0,0.0
100,RES-228,RR,RES-*,54,0,0.0
100,RES-352,RR,RES-*,64,0,0.0
100,RES-800,RR,RES-*,58,0,0.0
100,RES-364,RR,RES-*,30,0,0.0
100,RES-824,RR,RES-*,33,0,0.0
100,RES-440,RR,RES-*,7,0,0.0
100,RES-25,RR,RES-*,32,0,0.0
100,RES-399,RR,RES-*,74,0,0.0
100,RES-211,RR,RES-*,61,0,0.0
100,RES-529,RR,RES-*,39,0,0.0
100,RES-578,RR,RES-*,7,0,0.0
100,RES-491,RR,RES-*,21,0,0.0
100,RES-442,RR,RES-*,62,0,0.0
100,RES-517,RR,RES-*,14,0,0.0
100,RES-855,RR,RES-*,49,0,0.0
100,RES-229,RR,RES-*,86,0,0.0
100,RES-24,RR,RES-*,19,0,0.0
100,RES-811,RR,RES-*,34,0,0.0
100,RES-255,RR,RES-*,1,0,0.0
100,RES-806,RR,RES-*,97,0,0.0
100,RES-484,RR,RES-*,53,0,0.0
100,RES-885,RR,RES-*,92,0,0.0
100,RES-569,RR,RES-*,41,0,0.0
100,RES-637,RR,RES-*,30,0,0.0
100,RES-544,RR,RES-*,35,0,0.0
100,RES-833,RR,RES-*,13,0,0.0
100,RES-331,RR,RES-*,32,0,0.0
100,RES-728,RR,RES-*,43,0,0.0
100,RES-546,RR,RES-*,37,0,0.0
100,RES-1000,RR,RES-*,22,0,0.0
100,RES-396,RR,RES-*,30,0,0.0
100,RES-470,RR,RES-*,37,0,0.0
100,RES-960,RR,RES-*,33,0,0.0
100,RES-419,RR,RES-*,38,0,0.0
100,RES-912,RR,RES-*,72,0,0.0
100,RES-919,RR,RES-*,160,0,0.0
100,RES-184,RR,RES-*,83,0,0.0
100,RES-890,RR,RES-*,69,0,0.0
100,RES-861,RR,RES-*,24,0,0.0
100,RES-452,RR,RES-*,33,0,0.0
100,RES-131,RR,RES-*,73,0,0.0
100,RES-747,RR,RES-*,126,0,0.0
100,RES-479,RR,RES-*,137,0,0.0
100,RES-580,RR,RES-*,11,0,0.0
100,RES-995,RR,RES-*,68,0,0.0
100,RES-745,RR,RES-*,13,0,0.0
100,RES-434,RR,RES-*,73,0,0.0
100,RES-220,RR,RES-*,40,0,0.0
100,RES-377,RR,RES-*,32,0,0.0
100,RES-328,RR,RES-*,33,0,0.0
100,RES-316,RR,RES-*,1,0,0.0
100,RES-130,RR,RES-*,7,0,0.0
100,RES-94,RR,RES-*,39,0,0.0
100,RES-429,RR,RES-*,1,0,0.0
100,RES-672,RR,RES-*,33,0,0.0
100,RES-507,RR,RES-*,62,0,0.0
100,RES-354,RR,RES-*,35,0,0.0
100,RES-832,RR,RES-*,25,0,0.0
100,RES-730,RR,RES-*,104,0,0.0
100,RES-863,RR,RES-*,382,1,0.3
100,RES-937,RR,RES-*,217,1,0.5
100,RES-1026,RR,RES-*,373,2,0.5
100,RES-323,RR,RES-*,185,1,0.5
100,RES-864,RR,RES-*,210,1,0.5
100,RES-936,RR,RES-*,189,1,0.5
100,RES-305,RR,RES-*,180,1,0.6
100,RES-935,RR,RES-*,162,1,0.6
100,RES-151,RR,RES-*,156,1,0.6
100,RES-622,RR,RES-*,139,1,0.7
100,RES-790,RR,RES-*,148,1,0.7
100,RES-921,RR,RES-*,275,2,0.7
100,RES-952,RR,RES-*,141,1,0.7
100,RES-964,RR,RES-*,135,1,0.7
100,RES-758,RR,RES-*,138,1,0.7
100,RES-306,RR,RES-*,130,1,0.8
100,RES-251,RR,RES-*,122,1,0.8
100,RES-1019,RR,RES-*,112,1,0.9
100,RES-471,RR,RES-*,117,1,0.9
100,RES-1011,RR,RES-*,100,1,1.0
100,RES-226,RR,RES-*,100,1,1.0
100,RES-256,RR,RES-*,203,2,1.0
100,RES-505,RR,RES-*,101,1,1.0
100,RES-437,RR,RES-*,105,1,1.0
100,RES-1024,RR,RES-*,185,2,1.1
100,RES-923,RR,RES-*,183,2,1.1
100,RES-506,RR,RES-*,94,1,1.1
100,RES-50,RR,RES-*,94,1,1.1
100,RES-139,RR,RES-*,93,1,1.1
100,RES-355,RR,RES-*,82,1,1.2
100,RES-318,RR,RES-*,83,1,1.2
100,RES-95,RR,RES-*,81,1,1.2
100,RES-1010,RR,RES-*,84,1,1.2
100,RES-93,RR,RES-*,83,1,1.2
100,RES-631,RR,RES-*,78,1,1.3
100,RES-954,RR,RES-*,75,1,1.3
100,RES-764,RR,RES-*,156,2,1.3
100,RES-28,RR,RES-*,78,1,1.3
100,RES-104,RR,RES-*,77,1,1.3
100,RES-171,RR,RES-*,77,1,1.3
100,RES-819,RR,RES-*,79,1,1.3
100,RES-736,RR,RES-*,70,1,1.4
100,RES-1013,RR,RES-*,72,1,1.4
100,RES-821,RR,RES-*,73,1,1.4
100,RES-647,RR,RES-*,73,1,1.4
100,RES-266,RR,RES-*,73,1,1.4
100,RES-102,RR,RES-*,72,1,1.4
100,RES-91,RR,RES-*,74,1,1.4
100,RES-760,RR,RES-*,71,1,1.4
100,RES-520,RR,RES-*,71,1,1.4
100,RES-344,RR,RES-*,65,1,1.5
100,RES-595,RR,RES-*,67,1,1.5
100,RES-27,RR,RES-*,66,1,1.5
100,RES-77,RR,RES-*,66,1,1.5
100,RES-889,RR,RES-*,65,1,1.5
100,RES-112,RR,RES-*,66,1,1.5
100,RES-273,RR,RES-*,64,1,1.6
100,RES-888,RR,RES-*,61,1,1.6
100,RES-45,RR,RES-*,129,2,1.6
100,RES-862,RR,RES-*,127,2,1.6
100,RES-794,RR,RES-*,63,1,1.6
100,RES-214,RR,RES-*,60,1,1.7
100,RES-804,RR,RES-*,60,1,1.7
100,RES-851,RR,RES-*,59,1,1.7
100,RES-480,RR,RES-*,58,1,1.7
100,RES-661,RR,RES-*,56,1,1.8
100,RES-69,RR,RES-*,56,1,1.8
100,RES-931,RR,RES-*,57,1,1.8
100,RES-729,RR,RES-*,111,2,1.8
100,RES-883,RR,RES-*,109,2,1.8
100,RES-856,RR,RES-*,110,2,1.8
100,RES-350,RR,RES-*,56,1,1.8
100,RES-72,RR,RES-*,57,1,1.8
100,RES-332,RR,RES-*,57,1,1.8
100,RES-814,RR,RES-*,57,1,1.8
100,RES-640,RR,RES-*,54,1,1.9
100,RES-336,RR,RES-*,54,1,1.9
100,GN N0014 1,RN,GN N*,53,1,1.9
100,RES-817,RR,RES-*,52,1,1.9
100,RES-335,RR,RES-*,53,1,1.9
100,RES-751,RR,RES-*,161,3,1.9
100,RES-901,RR,RES-*,54,1,1.9
100,RES-609,RR,RES-*,104,2,1.9
100,RES-207,RR,RES-*,50,1,2.0
100,RES-589,RR,RES-*,51,1,2.0
100,RES-627,RR,RES-*,51,1,2.0
100,RES-658,RR,RES-*,47,1,2.1
100,RES-257,RR,RES-*,146,3,2.1
100,RES-519,RR,RES-*,95,2,2.1
100,RES-366,RR,RES-*,46,1,2.2
100,RES-815,RR,RES-*,46,1,2.2
100,RES-976,RR,RES-*,93,2,2.2
100,RES-117,RR,RES-*,45,1,2.2
100,RES-881,RR,RES-*,91,2,2.2
100,RES-465,RR,RES-*,45,1,2.2
100,RES-839,RR,RES-*,87,2,2.3
100,RES-444,RR,RES-*,43,1,2.3
100,RES-579,RR,RES-*,44,1,2.3
100,RES-200,RR,RES-*,43,1,2.3
100,RES-1012,RR,RES-*,128,3,2.3
100,RES-925,RR,RES-*,84,2,2.4
100,RES-659,RR,RES-*,41,1,2.4
100,RES-668,RR,RES-*,42,1,2.4
100,RES-286,RR,RES-*,210,5,2.4
100,GN N0039 1-1570,RN,GN N*,85,2,2.4
100,RES-160,RR,RES-*,123,3,2.4
100,RES-454,RR,RES-*,42,1,2.4
100,RES-486,RR,RES-*,169,4,2.4
100,RES-927,RR,RES-*,41,1,2.4
100,RES-360,RR,RES-*,41,1,2.4
100,RES-321,RR,RES-*,81,2,2.5
100,RES-744,RR,RES-*,79,2,2.5
100,RES-636,RR,RES-*,40,1,2.5
100,RES-591,RR,RES-*,40,1,2.5
100,RES-601,RR,RES-*,114,3,2.6
100,RES-750,RR,RES-*,38,1,2.6
100,RES-279,RR,RES-*,39,1,2.6
100,RES-169,RR,RES-*,153,4,2.6
100,RES-869,RR,RES-*,77,2,2.6
100,RES-828,RR,RES-*,38,1,2.6
100,RES-308,RR,RES-*,38,1,2.6
100,RES-473,RR,RES-*,117,3,2.6
100,RES-121,RR,RES-*,38,1,2.6
100,RES-66,RR,RES-*,38,1,2.6
100,RES-145,RR,RES-*,75,2,2.7
100,RES-351,RR,RES-*,74,2,2.7
100,RES-390,RR,RES-*,37,1,2.7
100,RES-48,RR,RES-*,37,1,2.7
100,RES-485,RR,RES-*,110,3,2.7
100,RES-648,RR,RES-*,71,2,2.8
100,RES-963,RR,RES-*,144,4,2.8
100,RES-850,RR,RES-*,71,2,2.8
100,RES-865,RR,RES-*,142,4,2.8
100,RES-533,RR,RES-*,34,1,2.9
100,RES-404,RR,RES-*,34,1,2.9
100,RES-158,RR,RES-*,34,1,2.9
100,RES-907,RR,RES-*,69,2,2.9
100,RES-574,RR,RES-*,35,1,2.9
100,RES-916,RR,RES-*,138,4,2.9
100,RES-115,RR,RES-*,33,1,3.0
100,RES-877,RR,RES-*,164,5,3.0
100,RES-867,RR,RES-*,67,2,3.0
100,RES-550,RR,RES-*,66,2,3.0
100,RES-667,RR,RES-*,33,1,3.0
100,RES-619,RR,RES-*,67,2,3.0
100,RES-650,RR,RES-*,67,2,3.0
100,RES-708,RR,RES-*,32,1,3.1
100,RES-219,RR,RES-*,64,2,3.1
100,RES-900,RR,RES-*,31,1,3.2
100,RES-445,RR,RES-*,63,2,3.2
100,RES-35,RR,RES-*,62,2,3.2
100,RES-189,RR,RES-*,31,1,3.2
100,RES-372,RR,RES-*,31,1,3.2
100,RES-89,RR,RES-*,31,1,3.2
100,RES-857,RR,RES-*,124,4,3.2
100,RES-395,RR,RES-*,60,2,3.3
100,RES-477,RR,RES-*,30,1,3.3
100,RES-868,RR,RES-*,120,4,3.3
100,RES-880,RR,RES-*,152,5,3.3
100,RES-1009,RR,RES-*,60,2,3.3
100,RES-39,RR,RES-*,30,1,3.3
100,RES-691,RR,RES-*,29,1,3.4
100,RES-791,RR,RES-*,177,6,3.4
100,RES-913,RR,RES-*,59,2,3.4
100,RES-225,RR,RES-*,146,5,3.4
100,RES-596,RR,RES-*,29,1,3.4
100,RES-576,RR,RES-*,28,1,3.6
100,RES-944,RR,RES-*,110,4,3.6
100,RES-757,RR,RES-*,28,1,3.6
100,RES-146,RR,RES-*,55,2,3.6
100,RES-570,RR,RES-*,84,3,3.6
100,RES-320,RR,RES-*,82,3,3.7
100,RES-427,RR,RES-*,27,1,3.7
100,RES-752,RR,RES-*,246,9,3.7
100,RES-148,RR,RES-*,27,1,3.7
100,RES-34,RR,RES-*,26,1,3.8
100,RES-702,RR,RES-*,26,1,3.8
100,RES-271,RR,RES-*,53,2,3.8
100,RES-801,RR,RES-*,80,3,3.8
100,RES-155,RR,RES-*,153,6,3.9
100,RES-743,RR,RES-*,25,1,4.0
100,RES-359,RR,RES-*,25,1,4.0
100,RES-315,RR,RES-*,25,1,4.0
100,RES-79,RR,RES-*,201,8,4.0
100,RES-430,RR,RES-*,49,2,4.1
100,RES-852,RR,RES-*,74,3,4.1
100,RES-873,RR,RES-*,123,5,4.1
100,RES-56,RR,RES-*,97,4,4.1
100,RES-391,RR,RES-*,24,1,4.2
100,RES-382,RR,RES-*,24,1,4.2
100,RES-922,RR,RES-*,24,1,4.2
100,RES-60,RR,RES-*,24,1,4.2
100,RES-408,RR,RES-*,46,2,4.3
100,RES-784,RR,RES-*,70,3,4.3
100,RES-282,RR,RES-*,23,1,4.3
100,RES-127,RR,RES-*,186,8,4.3
100,RES-176,RR,RES-*,47,2,4.3
100,RES-369,RR,RES-*,70,3,4.3
100,RES-152,RR,RES-*,23,1,4.3
100,RES-789,RR,RES-*,90,4,4.4
100,RES-460,RR,RES-*,68,3,4.4
100,RES-245,RR,RES-*,179,8,4.5
100,RES-739,RR,RES-*,87,4,4.6
100,RES-538,RR,RES-*,109,5,4.6
100,RES-474,RR,RES-*,43,2,4.7
100,RES-401,RR,RES-*,43,2,4.7
100,RES-723,RR,RES-*,42,2,4.8
100,RES-263,RR,RES-*,21,1,4.8
100,RES-898,RR,RES-*,42,2,4.8
100,RES-80,RR,RES-*,62,3,4.8
100,RES-90,RR,RES-*,42,2,4.8
100,RES-108,RR,RES-*,122,6,4.9
100,RES-132,RR,RES-*,121,6,5.0
100,RES-545,RR,RES-*,20,1,5.0
100,RES-970,RR,RES-*,119,6,5.0
100,RES-914,RR,RES-*,79,4,5.1
100,RES-694,RR,RES-*,39,2,5.1
100,RES-261,RR,RES-*,97,5,5.2
100,RES-423,RR,RES-*,58,3,5.2
100,RES-253,RR,RES-*,116,6,5.2
100,RES-854,RR,RES-*,57,3,5.3
100,RES-500,RR,RES-*,57,3,5.3
100,RES-754,RR,RES-*,38,2,5.3
100,RES-740,RR,RES-*,75,4,5.3
100,RES-156,RR,RES-*,38,2,5.3
100,RES-267,RR,RES-*,129,7,5.4
100,RES-291,RR,RES-*,37,2,5.4
100,RES-671,RR,RES-*,37,2,5.4
100,RES-778,RR,RES-*,235,13,5.5
100,RES-162,RR,RES-*,110,6,5.5
100,RES-21,RR,RES-*,71,4,5.6
100,RES-26,RR,RES-*,90,5,5.6
100,RES-556,RR,RES-*,54,3,5.6
100,RES-664,RR,RES-*,18,1,5.6
100,RES-192,RR,RES-*,18,1,5.6
100,RES-71,RR,RES-*,71,4,5.6
100,RES-13,RR,RES-*,18,1,5.6
100,RES-1004,RR,RES-*,89,5,5.6
100,RES-296,RR,RES-*,35,2,5.7
100,RES-946,RR,RES-*,35,2,5.7
100,RES-509,RR,RES-*,53,3,5.7
100,RES-367,RR,RES-*,35,2,5.7
100,RES-551,RR,RES-*,35,2,5.7
100,RES-767,RR,RES-*,70,4,5.7
100,RES-290,RR,RES-*,68,4,5.9
100,RES-1023,RR,RES-*,51,3,5.9
100,RES-175,RR,RES-*,51,3,5.9
100,RES-1003,RR,RES-*,51,3,5.9
100,RES-389,RR,RES-*,51,3,5.9
100,RES-748,RR,RES-*,17,1,5.9
100,RES-989,RR,RES-*,17,1,5.9
100,RES-455,RR,RES-*,51,3,5.9
100,RES-675,RR,RES-*,17,1,5.9
100,RES-147,RR,RES-*,51,3,5.9
100,RES-15,RR,RES-*,150,9,6.0
100,RES-165,RR,RES-*,182,11,6.0
100,RES-345,RR,RES-*,49,3,6.1
100,RES-439,RR,RES-*,33,2,6.1
100,RES-250,RR,RES-*,145,9,6.2
100,RES-167,RR,RES-*,65,4,6.2
100,RES-223,RR,RES-*,16,1,6.3
100,RES-559,RR,RES-*,111,7,6.3
100,RES-870,RR,RES-*,223,14,6.3
100,RES-309,RR,RES-*,64,4,6.3
100,RES-394,RR,RES-*,32,2,6.3
100,RES-75,RR,RES-*,31,2,6.5
100,RES-718,RR,RES-*,93,6,6.5
100,RES-353,RR,RES-*,31,2,6.5
100,RES-802,RR,RES-*,62,4,6.5
100,RES-413,RR,RES-*,31,2,6.5
100,RES-385,RR,RES-*,46,3,6.5
100,RES-746,RR,RES-*,152,10,6.6
100,RES-42,RR,RES-*,30,2,6.7
100,RES-12,RR,RES-*,15,1,6.7
100,RES-379,RR,RES-*,75,5,6.7
100,RES-459,RR,RES-*,84,6,7.1
100,RES-1025,RR,RES-*,99,7,7.1
100,RES-644,RR,RES-*,28,2,7.1
100,RES-199,RR,RES-*,42,3,7.1
100,RES-383,RR,RES-*,28,2,7.1
100,RES-54,RR,RES-*,14,1,7.1
100,RES-38,RR,RES-*,125,9,7.2
100,RES-264,RR,RES-*,55,4,7.3
100,RES-769,RR,RES-*,55,4,7.3
100,RES-859,RR,RES-*,246,18,7.3
100,RES-560,RR,RES-*,54,4,7.4
100,RES-633,RR,RES-*,27,2,7.4
100,RES-934,RR,RES-*,94,7,7.4
100,RES-1020,RR,RES-*,79,6,7.6
100,RES-776,RR,RES-*,156,12,7.7
100,RES-572,RR,RES-*,26,2,7.7
100,RES-536,RR,RES-*,52,4,7.7
100,RES-300,RR,RES-*,13,1,7.7
100,RES-194,RR,RES-*,115,9,7.8
100,RES-292,RR,RES-*,51,4,7.8
100,RES-86,RR,RES-*,38,3,7.9
100,RES-274,RR,RES-*,38,3,7.9
100,RES-787,RR,RES-*,190,15,7.9
100,RES-475,RR,RES-*,50,4,8.0
100,RES-285,RR,RES-*,25,2,8.0
100,RES-785,RR,RES-*,37,3,8.1
100,RES-227,RR,RES-*,98,8,8.2
100,RES-781,RR,RES-*,98,8,8.2
100,RES-956,RR,RES-*,195,16,8.2
100,RES-213,RR,RES-*,12,1,8.3
100,RES-537,RR,RES-*,205,17,8.3
100,RES-326,RR,RES-*,24,2,8.3
100,RES-135,RR,RES-*,96,8,8.3
100,RES-949,RR,RES-*,96,8,8.3
100,RES-879,RR,RES-*,83,7,8.4
100,RES-134,RR,RES-*,95,8,8.4
100,RES-518,RR,RES-*,59,5,8.5
100,RES-874,RR,RES-*,94,8,8.5
100,RES-31,RR,RES-*,47,4,8.5
100,RES-447,RR,RES-*,35,3,8.6
100,GN N0008 2-1488,RN,GN N*,81,7,8.6
100,RES-248,RR,RES-*,222,19,8.6
100,RES-67,RR,RES-*,128,11,8.6
100,RES-980,RR,RES-*,116,10,8.6
100,RES-237,RR,RES-*,57,5,8.8
100,RES-531,RR,RES-*,146,13,8.9
100,RES-994,RR,RES-*,45,4,8.9
100,RES-164,RR,RES-*,100,9,9.0
100,RES-978,RR,RES-*,66,6,9.1
100,RES-216,RR,RES-*,33,3,9.1
100,RES-955,RR,RES-*,186,17,9.1
100,RES-959,RR,RES-*,65,6,9.2
100,RES-624,RR,RES-*,76,7,9.2
100,RES-774,RR,RES-*,65,6,9.2
100,RES-231,RR,RES-*,65,6,9.2
100,RES-614,RR,RES-*,75,7,9.3
100,RES-203,RR,RES-*,54,5,9.3
100,RES-179,RR,RES-*,202,19,9.4
100,RES-388,RR,RES-*,53,5,9.4
100,RES-88,RR,RES-*,21,2,9.5
100,RES-109,RR,RES-*,63,6,9.5
100,RES-418,RR,RES-*,21,2,9.5
100,RES-172,RR,RES-*,73,7,9.6
100,RES-177,RR,RES-*,146,14,9.6
100,RES-204,RR,RES-*,52,5,9.6
100,RES-212,RR,RES-*,94,9,9.6
100,RES-957,RR,RES-*,73,7,9.6
100,RES-40,RR,RES-*,154,15,9.7
100,RES-8,RR,RES-*,93,9,9.7
100,RES-844,RR,RES-*,41,4,9.8
100,RES-224,RR,RES-*,142,14,9.9
100,RES-29,RR,RES-*,81,8,9.9
100,RES-74,RR,RES-*,10,1,10.0
100,RES-346,RR,RES-*,40,4,10.0
100,RES-205,RR,RES-*,10,1,10.0
100,RES-258,RR,RES-*,177,18,10.2
100,RES-527,RR,RES-*,39,4,10.3
100,RES-402,RR,RES-*,48,5,10.4
100,RES-848,RR,RES-*,86,9,10.5
100,RES-376,RR,RES-*,38,4,10.5
100,RES-586,RR,RES-*,104,11,10.6
100,RES-105,RR,RES-*,93,10,10.8
100,RES-412,RR,RES-*,74,8,10.8
100,RES-974,RR,RES-*,367,40,10.9
100,RES-166,RR,RES-*,100,11,11.0
100,RES-373,RR,RES-*,63,7,11.1
100,RES-173,RR,RES-*,18,2,11.1
100,RES-516,RR,RES-*,9,1,11.1
100,RES-414,RR,RES-*,18,2,11.1
100,RES-222,RR,RES-*,135,15,11.1
100,RES-721,RR,RES-*,35,4,11.4
100,RES-425,RR,RES-*,35,4,11.4
100,RES-910,RR,RES-*,157,18,11.5
100,RES-684,RR,RES-*,52,6,11.5
100,RES-144,RR,RES-*,52,6,11.5
100,RES-876,RR,RES-*,198,23,11.6
100,RES-32,RR,RES-*,179,21,11.7
100,RES-18,RR,RES-*,60,7,11.7
100,RES-722,RR,RES-*,94,11,11.7
100,RES-884,RR,RES-*,17,2,11.8
100,RES-187,RR,RES-*,17,2,11.8
100,RES-448,RR,RES-*,34,4,11.8
100,RES-588,RR,RES-*,85,10,11.8
100,RES-651,RR,RES-*,143,17,11.9
100,RES-63,RR,RES-*,101,12,11.9
100,RES-37,RR,RES-*,100,12,12.0
100,RES-119,RR,RES-*,50,6,12.0
100,RES-153,RR,RES-*,25,3,12.0
100,RES-65,RR,RES-*,108,13,12.0
100,RES-571,RR,RES-*,100,12,12.0
100,RES-103,RR,RES-*,99,12,12.1
100,RES-422,RR,RES-*,49,6,12.2
100,RES-597,RR,RES-*,49,6,12.2
100,RES-451,RR,RES-*,65,8,12.3
100,RES-1018,RR,RES-*,113,14,12.4
100,RES-381,RR,RES-*,24,3,12.5
100,RES-714,RR,RES-*,56,7,12.5
100,RES-797,RR,RES-*,32,4,12.5
100,RES-362,RR,RES-*,8,1,12.5
100,RES-319,RR,RES-*,103,13,12.6
100,RES-564,RR,RES-*,94,12,12.8
100,RES-979,RR,RES-*,309,40,12.9
100,RES-696,RR,RES-*,23,3,13.0
100,RES-23,RR,RES-*,15,2,13.3
100,RES-19,RR,RES-*,90,12,13.3
100,RES-294,RR,RES-*,73,10,13.7
100,RES-113,RR,RES-*,108,15,13.9
100,RES-809,RR,RES-*,36,5,13.9
100,RES-577,RR,RES-*,50,7,14.0
100,RES-1005,RR,RES-*,50,7,14.0
100,RES-847,RR,RES-*,64,9,14.1
100,RES-712,RR,RES-*,49,7,14.3
100,RES-142,RR,RES-*,70,10,14.3
100,RES-269,RR,RES-*,7,1,14.3
100,RES-215,RR,RES-*,56,8,14.3
100,RES-553,RR,RES-*,42,6,14.3
100,RES-593,RR,RES-*,104,15,14.4
100,RES-875,RR,RES-*,69,10,14.5
100,RES-186,RR,RES-*,41,6,14.6
100,RES-732,RR,RES-*,115,17,14.8
100,RES-988,RR,RES-*,54,8,14.8
100,RES-259,RR,RES-*,182,27,14.8
100,RES-961,RR,RES-*,40,6,15.0
100,RES-810,RR,RES-*,151,23,15.2
100,RES-680,RR,RES-*,66,10,15.2
100,RES-6,RR,RES-*,33,5,15.2
100,RES-713,RR,RES-*,85,13,15.3
100,RES-380,RR,RES-*,52,8,15.4
100,RES-634,RR,RES-*,52,8,15.4
100,RES-724,RR,RES-*,71,11,15.5
100,RES-770,RR,RES-*,77,12,15.6
100,RES-150,RR,RES-*,19,3,15.8
100,RES-265,RR,RES-*,38,6,15.8
100,RES-472,RR,RES-*,19,3,15.8
100,RES-674,RR,RES-*,38,6,15.8
100,RES-1,RR,RES-*,63,10,15.9
100,RES-116,RR,RES-*,107,17,15.9
100,RES-951,RR,RES-*,69,11,15.9
100,RES-541,RR,RES-*,50,8,16.0
100,RES-230,RR,RES-*,50,8,16.0
100,RES-236,RR,RES-*,25,4,16.0
100,RES-838,RR,RES-*,67,11,16.4
100,RES-755,RR,RES-*,73,12,16.4
100,RES-717,RR,RES-*,12,2,16.7
100,RES-182,RR,RES-*,30,5,16.7
100,RES-154,RR,RES-*,60,10,16.7
100,RES-662,RR,RES-*,24,4,16.7
100,RES-330,RR,RES-*,162,27,16.7
100,RES-420,RR,RES-*,6,1,16.7
100,RES-122,RR,RES-*,78,13,16.7
100,RES-457,RR,RES-*,42,7,16.7
100,RES-938,RR,RES-*,24,4,16.7
100,RES-374,RR,RES-*,42,7,16.7
100,RES-981,RR,RES-*,66,11,16.7
100,RES-41,RR,RES-*,94,16,17.0
100,RES-386,RR,RES-*,82,14,17.1
100,RES-107,RR,RES-*,64,11,17.2
100,RES-677,RR,RES-*,87,15,17.2
100,RES-558,RR,RES-*,29,5,17.2
100,RES-110,RR,RES-*,29,5,17.2
100,RES-78,RR,RES-*,63,11,17.5
100,RES-683,RR,RES-*,17,3,17.6
100,RES-284,RR,RES-*,17,3,17.6
100,RES-240,RR,RES-*,95,17,17.9
100,RES-649,RR,RES-*,112,20,17.9
100,RES-772,RR,RES-*,67,12,17.9
100,RES-686,RR,RES-*,56,10,17.9
100,RES-823,RR,RES-*,122,22,18.0
100,RES-57,RR,RES-*,122,22,18.0
100,RES-1022,RR,RES-*,44,8,18.2
100,RES-188,RR,RES-*,11,2,18.2
100,RES-673,RR,RES-*,43,8,18.6
100,RES-700,RR,RES-*,48,9,18.8
100,RES-805,RR,RES-*,138,26,18.8
100,RES-363,RR,RES-*,85,16,18.8
100,RES-967,RR,RES-*,127,24,18.9
100,RES-920,RR,RES-*,90,17,18.9
100,RES-295,RR,RES-*,42,8,19.0
100,RES-945,RR,RES-*,21,4,19.0
100,RES-59,RR,RES-*,100,19,19.0
100,RES-140,RR,RES-*,84,16,19.0
100,RES-543,RR,RES-*,89,17,19.1
100,RES-525,RR,RES-*,68,13,19.1
100,RES-985,RR,RES-*,52,10,19.2
100,RES-843,RR,RES-*,67,13,19.4
100,RES-984,RR,RES-*,62,12,19.4
100,RES-68,RR,RES-*,97,19,19.6
100,RES-982,RR,RES-*,97,19,19.6
100,RES-643,RR,RES-*,45,9,20.0
100,RES-498,RR,RES-*,80,16,20.0
100,RES-681,RR,RES-*,10,2,20.0
100,RES-915,RR,RES-*,15,3,20.0
100,RES-1008,RR,RES-*,90,18,20.0
100,RES-749,RR,RES-*,95,19,20.0
100,RES-297,RR,RES-*,5,1,20.0
100,RES-798,RR,RES-*,204,41,20.1
100,RES-584,RR,RES-*,109,22,20.2
100,GN N0041 1,RN,GN N*,49,10,20.4
100,RES-14,RR,RES-*,39,8,20.5
100,RES-542,RR,RES-*,83,17,20.5
100,RES-1021,RR,RES-*,78,16,20.5
100,RES-198,RR,RES-*,44,9,20.5
100,GN N0028 2,RN,GN N*,44,9,20.5
100,RES-43,RR,RES-*,34,7,20.6
100,RES-709,RR,RES-*,102,21,20.6
100,RES-611,RR,RES-*,96,20,20.8
100,RES-489,RR,RES-*,53,11,20.8
100,RES-610,RR,RES-*,67,14,20.9
100,RES-606,RR,RES-*,76,16,21.1
100,RES-660,RR,RES-*,71,15,21.1
100,RES-446,RR,RES-*,66,14,21.2
100,RES-149,RR,RES-*,47,10,21.3
100,RES-30,RR,RES-*,28,6,21.4
100,RES-503,RR,RES-*,51,11,21.6
100,RES-942,RR,RES-*,185,40,21.6
100,RES-528,RR,RES-*,86,19,22.1
100,RES-62,RR,RES-*,27,6,22.2
100,RES-799,RR,RES-*,45,10,22.2
100,RES-313,RR,RES-*,9,2,22.2
100,RES-64,RR,RES-*,44,10,22.7
100,RES-197,RR,RES-*,180,41,22.8
100,RES-249,RR,RES-*,83,19,22.9
100,RES-948,RR,RES-*,108,25,23.1
100,RES-523,RR,RES-*,143,33,23.1
100,RES-52,RR,RES-*,99,23,23.2
100,RES-971,RR,RES-*,30,7,23.3
100,RES-727,RR,RES-*,169,40,23.7
100,RES-417,RR,RES-*,21,5,23.8
100,RES-786,RR,RES-*,168,40,23.8
100,GN N0036 1-1418,RN,GN N*,67,16,23.9
100,RES-966,RR,RES-*,226,54,23.9
100,RES-822,RR,RES-*,50,12,24.0
100,RES-701,RR,RES-*,141,34,24.1
100,RES-299,RR,RES-*,58,14,24.1
100,RES-635,RR,RES-*,33,8,24.2
100,RES-836,RR,RES-*,66,16,24.2
100,RES-996,RR,RES-*,41,10,24.4
100,RES-33,RR,RES-*,61,15,24.6
100,RES-61,RR,RES-*,93,23,24.7
100,RES-775,RR,RES-*,215,53,24.7
100,RES-780,RR,RES-*,113,28,24.8
100,RES-304,RR,RES-*,160,40,25.0
100,RES-566,RR,RES-*,44,11,25.0
100,RES-943,RR,RES-*,20,5,25.0
100,RES-17,RR,RES-*,44,11,25.0
100,RES-792,RR,RES-*,16,4,25.0
100,RES-195,RR,RES-*,28,7,25.0
100,RES-424,RR,RES-*,32,8,25.0
100,RES-594,RR,RES-*,60,15,25.0
100,RES-793,RR,RES-*,151,38,25.2
100,RES-699,RR,RES-*,195,50,25.6
100,RES-280,RR,RES-*,35,9,25.7
100,RES-301,RR,RES-*,45,12,26.7
100,RES-840,RR,RES-*,15,4,26.7
100,RES-698,RR,RES-*,52,14,26.9
100,RES-371,RR,RES-*,48,13,27.1
100,RES-512,RR,RES-*,96,26,27.1
100,RES-766,RR,RES-*,33,9,27.3
100,RES-621,RR,RES-*,69,19,27.5
100,RES-426,RR,RES-*,18,5,27.8
100,RES-613,RR,RES-*,50,14,28.0
100,RES-563,RR,RES-*,100,28,28.0
100,RES-272,RR,RES-*,64,18,28.1
100,RES-7,RR,RES-*,32,9,28.1
100,RES-682,RR,RES-*,103,29,28.2
100,RES-387,RR,RES-*,60,17,28.3
100,RES-604,RR,RES-*,14,4,28.6
100,RES-415,RR,RES-*,7,2,28.6
100,RES-557,RR,RES-*,21,6,28.6
100,RES-361,RR,RES-*,7,2,28.6
100,RES-58,RR,RES-*,91,26,28.6
100,RES-590,RR,RES-*,7,2,28.6
100,RES-288,RR,RES-*,49,14,28.6
100,RES-742,RR,RES-*,38,11,28.9
100,RES-235,RR,RES-*,69,20,29.0
100,RES-846,RR,RES-*,24,7,29.2
100,RES-467,RR,RES-*,27,8,29.6
100,RES-697,RR,RES-*,57,17,29.8
100,RES-561,RR,RES-*,116,35,30.2
100,RES-405,RR,RES-*,33,10,30.3
100,RES-796,RR,RES-*,147,45,30.6
100,RES-678,RR,RES-*,13,4,30.8
100,RES-679,RR,RES-*,26,8,30.8
100,RES-598,RR,RES-*,52,16,30.8
100,RES-638,RR,RES-*,68,21,30.9
100,RES-312,RR,RES-*,42,13,31.0
100,RES-773,RR,RES-*,71,22,31.0
100,GN N0041 2-1435,RN,GN N*,102,32,31.4
100,RES-138,RR,RES-*,73,23,31.5
100,RES-469,RR,RES-*,19,6,31.6
100,RES-676,RR,RES-*,69,22,31.9
100,RES-665,RR,RES-*,31,10,32.3
100,RES-603,RR,RES-*,40,13,32.5
100,RES-782,RR,RES-*,67,22,32.8
100,RES-495,RR,RES-*,42,14,33.3
100,RES-741,RR,RES-*,27,9,33.3
100,RES-368,RR,RES-*,18,6,33.3
100,RES-238,RR,RES-*,9,3,33.3
100,RES-969,RR,RES-*,33,11,33.3
100,RES-641,RR,RES-*,60,20,33.3
100,RES-779,RR,RES-*,178,60,33.7
100,RES-141,RR,RES-*,65,22,33.8
100,RES-710,RR,RES-*,55,19,34.5
100,RES-46,RR,RES-*,55,19,34.5
100,RES-289,RR,RES-*,29,10,34.5
100,RES-693,RR,RES-*,26,9,34.6
100,RES-143,RR,RES-*,66,23,34.8
100,GN N0039 1-1571,RN,GN N*,83,29,34.9
100,RES-567,RR,RES-*,103,36,35.0
100,RES-466,RR,RES-*,97,34,35.1
100,RES-825,RR,RES-*,54,19,35.2
100,RES-972,RR,RES-*,28,10,35.7
100,RES-645,RR,RES-*,39,14,35.9
100,RES-307,RR,RES-*,25,9,36.0
100,RES-932,RR,RES-*,116,42,36.2
100,RES-905,RR,RES-*,52,19,36.5
100,RES-76,RR,RES-*,166,62,37.3
100,RES-476,RR,RES-*,8,3,37.5
100,RES-348,RR,RES-*,61,23,37.7
100,RES-325,RR,RES-*,45,17,37.8
100,RES-44,RR,RES-*,47,18,38.3
100,RES-642,RR,RES-*,49,19,38.8
100,RES-768,RR,RES-*,58,23,39.7
100,RES-663,RR,RES-*,100,40,40.0
100,RES-826,RR,RES-*,119,48,40.3
100,RES-9,RR,RES-*,57,23,40.4
100,GN N0041 2-1434,RN,GN N*,61,25,41.0
100,RES-174,RR,RES-*,51,21,41.2
100,RES-10,RR,RES-*,29,12,41.4
100,RES-1007,RR,RES-*,24,10,41.7
100,RES-753,RR,RES-*,24,10,41.7
100,RES-221,RR,RES-*,19,8,42.1
100,RES-992,RR,RES-*,52,22,42.3
100,RES-490,RR,RES-*,68,29,42.6
100,RES-977,RR,RES-*,104,45,43.3
100,RES-180,RR,RES-*,75,33,44.0
100,RES-1006,RR,RES-*,27,12,44.4
100,RES-111,RR,RES-*,18,8,44.4
100,RES-777,RR,RES-*,76,34,44.7
100,RES-926,RR,RES-*,42,19,45.2
100,RES-114,RR,RES-*,24,11,45.8
100,RES-47,RR,RES-*,24,11,45.8
100,RES-759,RR,RES-*,111,51,45.9
100,test,RR,autre,281,130,46.3
100,RES-930,RR,RES-*,29,14,48.3
100,RES-941,RR,RES-*,45,22,48.9
100,RES-438,RR,RES-*,28,14,50.0
100,RES-283,RR,RES-*,4,2,50.0
100,RES-421,RR,RES-*,2,1,50.0
100,RES-707,RR,RES-*,22,11,50.0
100,RES-983,RR,RES-*,69,36,52.2
100,RES-939,RR,RES-*,28,15,53.6
100,RES-464,RR,RES-*,11,6,54.5
100,GN N0041 2-1432,RN,GN N*,108,59,54.6
100,RES-998,RR,RES-*,45,25,55.6
100,RES-623,RR,RES-*,16,9,56.3
100,GN N0024 1-1514,RN,GN N*,100,57,57.0
100,RES-940,RR,RES-*,46,27,58.7
100,RES-997,RR,RES-*,22,13,59.1
100,RES-397,RR,RES-*,20,13,65.0
100,RES-5,RR,RES-*,13,9,69.2
100,RES-765,RR,RES-*,36,25,69.4
100,RES-827,RR,RES-*,37,26,70.3
100,GN N0028 2-1235,RN,GN N*,11,8,72.7
100,GN N0035 1-1546,RN,GN N*,97,71,73.2
100,GN N0024 1-1404,RN,GN N*,147,110,74.8
100,KA. 032,RU,autre,4,3,75.0
100,GN N0030 2-1412,RN,GN N*,135,102,75.6
100,GN N0008 2,RN,GN N*,79,60,75.9
100,GN N0006 2-1529,RN,GN N*,76,59,77.6
100,GN N0015 1-1305,RN,GN N*,45,35,77.8
100,RES-788,RR,RES-*,14,11,78.6
100,RES-711,RR,RES-*,15,12,80.0
100,RES-239,RR,RES-*,15,12,80.0
100,GN N0031 1-1491,RN,GN N*,125,101,80.8
100,GN N0009 1,RN,GN N*,124,101,81.5
100,GN N0042 1,RN,GN N*,81,68,84.0
100,GN N0024 1-1399,RN,GN N*,13,11,84.6
100,GN N0038 2-1559,RN,GN N*,112,95,84.8
100,GN N0014 1-1422,RN,GN N*,72,62,86.1
100,GN N0035 1,RN,GN N*,86,76,88.4
100,GN N0001 2-1221,RN,GN N*,55,49,89.1
100,GN N0006 2-1530,RN,GN N*,84,76,90.5
100,GN N0032 1-1510,RN,GN N*,95,87,91.6
100,GN N0002 7-1255,RN,GN N*,62,57,91.9
100,GN N0022 1-1568,RN,GN N*,53,49,92.5
100,GN N0015 1-1308,RN,GN N*,69,64,92.8
100,GN N0005 4,RN,GN N*,54,51,94.4
100,GN N0005 4-1323,RN,GN N*,55,52,94.5
100,GN N0032 1-1512,RN,GN N*,130,123,94.6
100,GN N0007 1-1304,RN,GN N*,62,59,95.2
100,GN N0032 1,RN,GN N*,86,82,95.3
100,GN N0023 2,RN,GN N*,84,81,96.4
100,GN N0038 1,RN,GN N*,113,109,96.5
100,GN N0001 6-1087,RN,GN N*,115,111,96.5
100,GN N0001 3-1069,RN,GN N*,30,29,96.7
100,GN N0001 6-1454,RN,GN N*,124,120,96.8
100,GN N0031 1-1490,RN,GN N*,124,120,96.8
100,GN N0018 1-1468,RN,GN N*,63,61,96.8
100,GN N0009 1-1334,RN,GN N*,32,31,96.9
100,GN N0035 1-1550,RN,GN N*,69,67,97.1
100,GN N0007 2,RN,GN N*,68,66,97.1
100,GN N0022 2,RN,GN N*,36,35,97.2
100,GN N0025 1,RN,GN N*,36,35,97.2
100,GN N0024 1-1513,RN,GN N*,121,118,97.5
100,GN N0025 1-1363,RN,GN N*,85,83,97.6
100,GN N0004 1-1181,RN,GN N*,43,42,97.7
100,GN N0007 1-1302,RN,GN N*,90,88,97.8
100,GN N0001 7,RN,GN N*,97,95,97.9
100,GN N0005 4-1306,RN,GN N*,48,47,97.9
100,GN N0039 1-1502,RN,GN N*,52,51,98.1
100,GN N0031 1-1509,RN,GN N*,121,119,98.3
100,GN N0005 4-1552,RN,GN N*,115,113,98.3
100,GN N0030 2-1312,RN,GN N*,147,145,98.6
100,GN N0034 1-1447,RN,GN N*,72,71,98.6
100,GN N0013 1-1408,RN,GN N*,95,94,98.9
100,GN N0025 1-1360,RN,GN N*,103,102,99.0
100,GN N0005 5-1444,RN,GN N*,104,103,99.0
100,GN N0022 3-1372,RN,GN N*,113,112,99.1
100,GN N0034 1-1565,RN,GN N*,107,106,99.1
100,GN N0002 1-1104,RN,GN N*,122,121,99.2
100,GN N0007 1-1303,RN,GN N*,146,145,99.3
100,DI 002-w1096262465,RU,autre,1,1,100.0
100,GN N0001 9,RN,GN N*,10,10,100.0
100,GN N0001 4-1073,RN,GN N*,53,53,100.0
100,GN N0001 2-1222,RN,GN N*,20,20,100.0
100,KA 007,RU,autre,2,2,100.0
100,GN N0002 6-1463,RN,GN N*,35,35,100.0
100,GN N0003 1-1189,RN,GN N*,66,66,100.0
100,RN1-OSM-10,RN,*-OSM-*,4,4,100.0
100,GN N0002 4-1128,RN,GN N*,39,39,100.0
100,GN N0001 9-1575,RN,GN N*,90,90,100.0
100,GN N0034 2,RN,GN N*,84,84,100.0
100,GN N0008 1-1345,RN,GN N*,40,40,100.0
100,GN N0001 3-1064,RN,GN N*,34,34,100.0
100,RN5-OSM-88,RN,*-OSM-*,1,1,100.0
100,MA. 006-w605957605,RU,autre,7,7,100.0
100,GN N0004 2-1183,RN,GN N*,51,51,100.0
100,GN N0003 1-1448,RN,GN N*,125,125,100.0
100,GN N0022 1-1578,RN,GN N*,106,106,100.0
100,RN1-OSM-17,RN,*-OSM-*,8,8,100.0
100,RN1-OSM-21,RN,*-OSM-*,9,9,100.0
100,GN N0034 1-1453,RN,GN N*,87,87,100.0
100,GN N0003 3,RN,GN N*,26,26,100.0
100,GN N0026 1-1492,RN,GN N*,77,77,100.0
100,GN N0001 8-1289,RN,GN N*,137,137,100.0
100,GN N0004 2-1489,RN,GN N*,45,45,100.0
100,GN N0023 1-1499,RN,GN N*,116,116,100.0
100,GN N0038 1-1562,RN,GN N*,74,74,100.0
100,GN N0022 2-1396,RN,GN N*,136,136,100.0
100,GN N0008 1-1459,RN,GN N*,14,14,100.0
100,GN N0027 2-1237,RN,GN N*,61,61,100.0
100,GN N0002 6-1460,RN,GN N*,9,9,100.0
100,GN N000110-1256,RN,GN N*,27,27,100.0
100,KA. 050-w38698336,RU,autre,1,1,100.0
100,DI 814-w38649509,RU,autre,1,1,100.0
100,RN25-OSM-4,RN,*-OSM-*,31,31,100.0
100,GN N0021 2-1553,RN,GN N*,91,91,100.0
100,GN N0021 2-1554,RN,GN N*,93,93,100.0
100,GN N0001 6-1088,RN,GN N*,77,77,100.0
100,GN N0010 1-1272,RN,GN N*,73,73,100.0
100,GN N0001 9-1576,RN,GN N*,63,63,100.0
100,GN N0030 2,RN,GN N*,43,43,100.0
100,KA 094,RU,autre,5,5,100.0
100,GN N0026 1,RN,GN N*,58,58,100.0
100,GN N0002 4-1127,RN,GN N*,51,51,100.0
100,GN N0040 1-1375,RN,GN N*,15,15,100.0
100,GN N0022 3-1378,RN,GN N*,89,89,100.0
100,GN N0006 3-1160,RN,GN N*,75,75,100.0
100,GN N0001 3-1216,RN,GN N*,136,136,100.0
100,GN N0028 1-1230,RN,GN N*,56,56,100.0
100,GN N0001 6-1299,RN,GN N*,16,16,100.0
100,GN N0030 1-1245,RN,GN N*,52,52,100.0
100,GN N0003 3-1481,RN,GN N*,31,31,100.0
100,GN N0002 5-1138,RN,GN N*,40,40,100.0
100,GN N0005 6,RN,GN N*,126,126,100.0
100,GN N0002 5-1136,RN,GN N*,123,123,100.0
100,GN N0002 3-1121,RN,GN N*,49,49,100.0
100,GN N0004 1-1103,RN,GN N*,12,12,100.0
100,GN N0008 1-1455,RN,GN N*,64,64,100.0
100,GN N0001 9-1526,RN,GN N*,36,36,100.0
100,GN N0029 1,RN,GN N*,87,87,100.0
100,GN N0010 1-1293,RN,GN N*,69,69,100.0
100,RN1-OSM-13,RN,*-OSM-*,28,28,100.0
100,GN N0002 2-1108,RN,GN N*,60,60,100.0
100,GN N0012 1-1493,RN,GN N*,75,75,100.0
100,GN N0010 2,RN,GN N*,11,11,100.0
100,KA 086,RU,autre,5,5,100.0
100,RN25-OSM-13,RN,*-OSM-*,45,45,100.0
100,MA 784,RU,autre,11,11,100.0
100,GN N0027 1-1317,RN,GN N*,90,90,100.0
100,RN1-OSM-15,RN,*-OSM-*,24,24,100.0
100,GN N0002 2-1115,RN,GN N*,20,20,100.0
100,RN22-OSM-11,RN,*-OSM-*,17,17,100.0
100,GN N0032 1-1511,RN,GN N*,112,112,100.0
100,GN N0039 1-1500,RN,GN N*,56,56,100.0
100,GN N0024 2-1355,RN,GN N*,97,97,100.0
100,GN N0005 4-1322,RN,GN N*,86,86,100.0
100,GN N0029 1-1437,RN,GN N*,98,98,100.0
100,GN N0005 2-1169,RN,GN N*,43,43,100.0
100,GN N0001 3-1226,RN,GN N*,16,16,100.0
100,GN N0006 1-1534,RN,GN N*,84,84,100.0
100,GN N0033 1-1281,RN,GN N*,101,101,100.0
100,GN N0002 4-1129,RN,GN N*,107,107,100.0
100,GN N0030 2-1543,RN,GN N*,108,108,100.0
100,GN N0001 5-1519,RN,GN N*,97,97,100.0
100,GN N0018 1,RN,GN N*,53,53,100.0
100,GN N0004 1-1173,RN,GN N*,47,47,100.0
100,GN N0001 3-1063,RN,GN N*,34,34,100.0
100,GN N0002 6,RN,GN N*,15,15,100.0
100,GN N0001 2,RN,GN N*,25,25,100.0
100,GN N0037 1-1446,RN,GN N*,81,81,100.0
100,GN N0030 1-1244,RN,GN N*,78,78,100.0
100,RN6-OSM-11,RN,*-OSM-*,6,6,100.0
100,GN N0001 3-1214,RN,GN N*,53,53,100.0
100,GN N0002 1-1094,RN,GN N*,73,73,100.0
100,GN N0027 2-1241,RN,GN N*,91,91,100.0
100,GN N0009 2-1328,RN,GN N*,75,75,100.0
100,RN1-OSM-5,RN,*-OSM-*,33,33,100.0
100,MA 784-w264627784,RU,autre,1,1,100.0
100,RN25-OSM-0,RN,*-OSM-*,40,40,100.0
100,GN N0026 1-1411,RN,GN N*,80,80,100.0
100,GN N0022 2-1361,RN,GN N*,15,15,100.0
100,RN30-OSM-41,RN,*-OSM-*,28,28,100.0
100,GN N0007 1,RN,GN N*,133,133,100.0
100,GN N0009 1-1337,RN,GN N*,47,47,100.0
100,GN N0035 1-1548,RN,GN N*,62,62,100.0
100,GN N0022 3-1373,RN,GN N*,28,28,100.0
100,GN N0041 1-1438,RN,GN N*,56,56,100.0
100,GN N0001 8,RN,GN N*,87,87,100.0
100,GN N0005 3-1177,RN,GN N*,31,31,100.0
100,GN N0023 1-1573,RN,GN N*,102,102,100.0
100,RN1-OSM-3,RN,*-OSM-*,26,26,100.0
100,GN N0031 1-1507,RN,GN N*,88,88,100.0
100,GN N0009 3,RN,GN N*,99,99,100.0
100,GN N0005 2-1168,RN,GN N*,31,31,100.0
100,GN N0029 1-1428,RN,GN N*,83,83,100.0
100,DI 256,RU,autre,9,9,100.0
100,GN N0003 3-1186,RN,GN N*,71,71,100.0
100,RN30-OSM-13,RN,*-OSM-*,29,29,100.0
100,GN N0027 1-1315,RN,GN N*,63,63,100.0
100,GN N0022 3-1377,RN,GN N*,79,79,100.0
100,GN N0033 1-1279,RN,GN N*,103,103,100.0
100,GN N0001 3-1068,RN,GN N*,56,56,100.0
100,GN N0018 1-1466,RN,GN N*,92,92,100.0
100,GN N0003 3-1057,RN,GN N*,37,37,100.0
100,GN N0002 7-1254,RN,GN N*,73,73,100.0
100,GN N0024 2,RN,GN N*,61,61,100.0
100,GN N0002 3-1124,RN,GN N*,47,47,100.0
100,GN N0009 3-1474,RN,GN N*,116,116,100.0
100,GN N0027 2-1243,RN,GN N*,84,84,100.0
100,GN N0006 1-1144,RN,GN N*,76,76,100.0
100,GN N0002 2-1114,RN,GN N*,26,26,100.0
100,GN N0022 3-1379,RN,GN N*,19,19,100.0
100,GN N0024 2-1352,RN,GN N*,100,100,100.0
100,GN N0010 1-1271,RN,GN N*,111,111,100.0
100,GN N0027 1-1228,RN,GN N*,50,50,100.0
100,GN N0023 1,RN,GN N*,119,119,100.0
100,RN24-OSM-0,RN,*-OSM-*,12,12,100.0
100,DI 814-w269147253,RU,autre,1,1,100.0
100,GN N0021 2,RN,GN N*,128,128,100.0
100,GN N0040 1-1385,RN,GN N*,74,74,100.0
100,GN N0025 1-1366,RN,GN N*,67,67,100.0
100,RN1-OSM-33,RN,*-OSM-*,6,6,100.0
100,GN N0022 3-1376,RN,GN N*,32,32,100.0
100,GN N0002 4-1130,RN,GN N*,97,97,100.0
100,RN31-OSM-15,RN,*-OSM-*,15,15,100.0
100,GN N0006 1-1151,RN,GN N*,25,25,100.0
100,GN N0012 1-1515,RN,GN N*,143,143,100.0
100,GN N0001 4-1074,RN,GN N*,91,91,100.0
100,GN N0001 3-1061,RN,GN N*,27,27,100.0
100,GN N0003 4-1206,RN,GN N*,13,13,100.0
100,GN N0001 8-1291,RN,GN N*,109,109,100.0
100,GN N0006 1-1131,RN,GN N*,54,54,100.0
100,RN30-OSM-56,RN,*-OSM-*,6,6,100.0
100,GN N0002 1-1527,RN,GN N*,93,93,100.0
100,GN N0002 5-1140,RN,GN N*,37,37,100.0
100,GN N0002 2-1110,RN,GN N*,54,54,100.0
100,GN N0006 2-1219,RN,GN N*,78,78,100.0
100,GN N0040 1,RN,GN N*,13,13,100.0
100,GN N0006 1-1141,RN,GN N*,38,38,100.0
100,RN15-OSM-0,RN,*-OSM-*,37,37,100.0
100,GN N0001 8-1290,RN,GN N*,87,87,100.0
100,RN29-OSM-21,RN,*-OSM-*,23,23,100.0
100,GN N0025 1-1368,RN,GN N*,37,37,100.0
100,GN N0005 2-1170,RN,GN N*,36,36,100.0
100,GN N0013 1,RN,GN N*,98,98,100.0
100,GN N0024 2-1348,RN,GN N*,31,31,100.0
100,GN N0003 5-1388,RN,GN N*,37,37,100.0
100,DI 814-w269147255,RU,autre,2,2,100.0
100,RN22-OSM-9,RN,*-OSM-*,66,66,100.0
100,GN N0014 1-1421,RN,GN N*,50,50,100.0
100,RN1-OSM-26,RN,*-OSM-*,64,64,100.0
100,RN29-OSM-4,RN,*-OSM-*,95,95,100.0
100,GN N0003 3-1199,RN,GN N*,113,113,100.0
100,GN N0006 1-1150,RN,GN N*,45,45,100.0
100,RN1-OSM-16,RN,*-OSM-*,15,15,100.0
100,GN N0008 1,RN,GN N*,24,24,100.0
100,GN N0031 1-1301,RN,GN N*,110,110,100.0
100,DI 814-w140785572,RU,autre,9,9,100.0
100,GN N0022 2-1397,RN,GN N*,46,46,100.0
100,GN N0001 4-1071,RN,GN N*,70,70,100.0
100,GN N0001 3-1217,RN,GN N*,31,31,100.0
100,GN N0003 1-1187,RN,GN N*,32,32,100.0
100,GN N0001 8-1287,RN,GN N*,53,53,100.0
100,GN N0002 3-1118,RN,GN N*,23,23,100.0
100,GN N0002 5,RN,GN N*,34,34,100.0
100,GN N0021 1-1153,RN,GN N*,25,25,100.0
100,GN N0031 1-1535,RN,GN N*,98,98,100.0
100,GN N0002 2-1109,RN,GN N*,55,55,100.0
100,GN N0018 1-1467,RN,GN N*,69,69,100.0
100,GN N0026 1-1475,RN,GN N*,96,96,100.0
100,GN N0018 2-1520,RN,GN N*,136,136,100.0
100,GN N0001 7-1478,RN,GN N*,42,42,100.0
100,RN1-OSM-7,RN,*-OSM-*,37,37,100.0
100,GN N0036 1-1417,RN,GN N*,32,32,100.0
100,GN N0026 1-1560,RN,GN N*,87,87,100.0
100,GN N0001 2-1058,RN,GN N*,82,82,100.0
100,GN N0009 2-1327,RN,GN N*,115,115,100.0
100,GN N0002 6-1462,RN,GN N*,46,46,100.0
100,GN N0001 7-1297,RN,GN N*,141,141,100.0
100,RN25-OSM-18,RN,*-OSM-*,19,19,100.0
100,GN N0003 2,RN,GN N*,44,44,100.0
100,KA 080,RU,autre,7,7,100.0
100,GN N0006 1,RN,GN N*,66,66,100.0
100,GN N0027 1-1314,RN,GN N*,45,45,100.0
100,GN N0021 1-1192,RN,GN N*,60,60,100.0
100,GN N0028 1,RN,GN N*,31,31,100.0
100,GN N0005 5-1211,RN,GN N*,60,60,100.0
100,GN N0005 2,RN,GN N*,26,26,100.0
100,KA. 035,RU,autre,2,2,100.0
100,GN N0005 2-1175,RN,GN N*,36,36,100.0
100,GN N0010 1-1292,RN,GN N*,63,63,100.0
100,GN N0005 3-1178,RN,GN N*,59,59,100.0
100,GN N0030 2-1494,RN,GN N*,144,144,100.0
100,GN N0031 1-1298,RN,GN N*,136,136,100.0
100,GN N0002 1-1097,RN,GN N*,78,78,100.0
100,GN N0005 1-1164,RN,GN N*,80,80,100.0
100,GN N0021 1,RN,GN N*,23,23,100.0
100,GN N0002 1-1531,RN,GN N*,74,74,100.0
100,GN N0027 1-1318,RN,GN N*,33,33,100.0
100,GN N0011 1-1269,RN,GN N*,36,36,100.0
100,GN N0040 1-1430,RN,GN N*,119,119,100.0
100,GN N0026 1-1410,RN,GN N*,77,77,100.0
100,GN N0028 1-1231,RN,GN N*,68,68,100.0
100,GN N0006 2-1218,RN,GN N*,58,58,100.0
100,GN N0001 0-1567,RN,GN N*,82,82,100.0
100,GN N0010 1,RN,GN N*,19,19,100.0
100,RN22-OSM-13,RN,*-OSM-*,53,53,100.0
100,GN N0001 4-1079,RN,GN N*,25,25,100.0
100,GN N0022 2-1362,RN,GN N*,15,15,100.0
100,GN N0006 1-1147,RN,GN N*,113,113,100.0
100,RN20-OSM-0,RN,*-OSM-*,11,11,100.0
100,GN N0028 2-1234,RN,GN N*,36,36,100.0
100,GN N0001 1-1054,RN,GN N*,28,28,100.0
100,GN N0001 7-1537,RN,GN N*,108,108,100.0
100,RES-333,RR,RES-*,1,1,100.0
100,GN N0030 1-1313,RN,GN N*,127,127,100.0
100,GN N0031 1,RN,GN N*,102,102,100.0
100,RES-431,RR,RES-*,1,1,100.0
100,GN N0004 2-1184,RN,GN N*,37,37,100.0
100,RN30-OSM-58,RN,*-OSM-*,14,14,100.0
100,GN N0003 5,RN,GN N*,86,86,100.0
100,GN N0010 2-1264,RN,GN N*,52,52,100.0
100,GN N0006 3,RN,GN N*,90,90,100.0
100,GN N0003 5-1386,RN,GN N*,68,68,100.0
100,GN N0017 1-1250,RN,GN N*,117,117,100.0
100,RN1-OSM-32,RN,*-OSM-*,10,10,100.0
100,RN1-OSM-70,RN,*-OSM-*,28,28,100.0
100,GN N0001 9-1523,RN,GN N*,65,65,100.0
100,GN N0002 1-1093,RN,GN N*,99,99,100.0
100,GN N0002 3-1213,RN,GN N*,57,57,100.0
100,GN N0012 1,RN,GN N*,80,80,100.0
100,GN N0004 1-1180,RN,GN N*,68,68,100.0
100,RN1-OSM-9,RN,*-OSM-*,23,23,100.0
100,GN N0001 3,RN,GN N*,52,52,100.0
100,GN N0027 2-1239,RN,GN N*,147,147,100.0
100,GN N0001 2-1059,RN,GN N*,146,146,100.0
100,GN N0002 3,RN,GN N*,38,38,100.0
100,GN N0009 2-1329,RN,GN N*,127,127,100.0
100,GN N0009 1-1343,RN,GN N*,61,61,100.0
100,GN N0019 1,RN,GN N*,62,62,100.0
100,GN N000110-1260,RN,GN N*,72,72,100.0
100,RN4-OSM-5,RN,*-OSM-*,76,76,100.0
100,GN N0005 3,RN,GN N*,8,8,100.0
100,RN31-OSM-11,RN,*-OSM-*,7,7,100.0
100,GN N0001 2-1223,RN,GN N*,22,22,100.0
100,GN N0003 5-1392,RN,GN N*,62,62,100.0
100,GN N0008 1-1458,RN,GN N*,31,31,100.0
100,GN N0008 1-1335,RN,GN N*,68,68,100.0
100,RN25-OSM-5,RN,*-OSM-*,95,95,100.0
100,GN N0029 1-1427,RN,GN N*,63,63,100.0
100,GN N0001 4-1072,RN,GN N*,95,95,100.0
100,GN N0001 6,RN,GN N*,73,73,100.0
100,DI 814-w140785577,RU,autre,2,2,100.0
100,DI 814-w1097249164,RU,autre,1,1,100.0
100,GN N0002 1-1101,RN,GN N*,55,55,100.0
100,GN N0005 4-1316,RN,GN N*,54,54,100.0
100,GN N0028 2-1472,RN,GN N*,52,52,100.0
100,RN4-OSM-6,RN,*-OSM-*,3,3,100.0
100,RN30-OSM-35,RN,*-OSM-*,5,5,100.0
100,GN N0001 3-1065,RN,GN N*,20,20,100.0
100,RN33-OSM-8,RN,*-OSM-*,3,3,100.0
100,GN N0022 3-1351,RN,GN N*,44,44,100.0
100,GN N0016 1,RN,GN N*,72,72,100.0
100,GN N0005 3-1452,RN,GN N*,31,31,100.0
100,GN N0033 1-1277,RN,GN N*,101,101,100.0
100,GN N0003 1-1188,RN,GN N*,40,40,100.0
100,GN N0030 2-1544,RN,GN N*,54,54,100.0
100,GN N0001 8-1288,RN,GN N*,56,56,100.0
100,GN N0007 2-1307,RN,GN N*,95,95,100.0
100,RES-281,RR,RES-*,4,4,100.0
100,GN N0021 1-1116,RN,GN N*,22,22,100.0
100,GN N0004 2,RN,GN N*,35,35,100.0
100,GN N0005 4-1321,RN,GN N*,32,32,100.0
100,DI. 002,RU,autre,1,1,100.0
100,GN N0005 6-1179,RN,GN N*,83,83,100.0
100,GN N0030 2-1249,RN,GN N*,62,62,100.0
100,GN N0012 1-1508,RN,GN N*,129,129,100.0
100,RN29-OSM-5,RN,*-OSM-*,67,67,100.0
100,GN N0018 2-1482,RN,GN N*,137,137,100.0
100,GN N0011 1-1268,RN,GN N*,96,96,100.0
100,GN N0003 3-1158,RN,GN N*,52,52,100.0
100,GN N0024 2-1354,RN,GN N*,123,123,100.0
100,GN N0002 7-1294,RN,GN N*,19,19,100.0
100,GN N0025 2-1369,RN,GN N*,71,71,100.0
100,RN1-OSM-4,RN,*-OSM-*,11,11,100.0
100,RN1-OSM-6,RN,*-OSM-*,26,26,100.0
100,GN N0002 3-1212,RN,GN N*,48,48,100.0
100,GN N0024 2-1338,RN,GN N*,67,67,100.0
100,RN1-OSM-1,RN,*-OSM-*,12,12,100.0
100,GN N0006 2,RN,GN N*,130,130,100.0
100,GN N0001 3-1066,RN,GN N*,36,36,100.0
100,GN N0003 5-1389,RN,GN N*,78,78,100.0
100,GN N0002 5-1135,RN,GN N*,85,85,100.0
100,GN N0039 1,RN,GN N*,129,129,100.0
100,GN N0017 1,RN,GN N*,65,65,100.0
100,GN N0034 1-1564,RN,GN N*,52,52,100.0
100,GN N0034 1,RN,GN N*,58,58,100.0
100,GN N0001 3-1225,RN,GN N*,26,26,100.0
100,GN N0002 2-1577,RN,GN N*,7,7,100.0
100,RN25-OSM-11,RN,*-OSM-*,9,9,100.0
100,GN N0026 1-1558,RN,GN N*,44,44,100.0
100,GN N0010 1-1037,RN,GN N*,42,42,100.0
100,KA. 050-w38652599,RU,autre,4,4,100.0
100,GN N0001 4-1082,RN,GN N*,72,72,100.0
100,GN N0001 7-1538,RN,GN N*,62,62,100.0
100,GN N0004 1,RN,GN N*,24,24,100.0
100,GN N0015 1,RN,GN N*,63,63,100.0
100,GN N0023 1-1574,RN,GN N*,79,79,100.0
100,RN1-OSM-2,RN,*-OSM-*,22,22,100.0
100,GN N0002 5-1533,RN,GN N*,92,92,100.0
100,GN N0025 1-1357,RN,GN N*,78,78,100.0
100,GN N0003 1,RN,GN N*,21,21,100.0
100,GN N0023 1-1503,RN,GN N*,63,63,100.0
100,GN N0005 5-1528,RN,GN N*,88,88,100.0
100,GN N0024 2-1347,RN,GN N*,77,77,100.0
100,DI 002,RU,autre,10,10,100.0
100,GN N0030 2-1414,RN,GN N*,123,123,100.0
100,GN N0001 7-1476,RN,GN N*,101,101,100.0
100,GN N0042 2-1471,RN,GN N*,92,92,100.0
100,GN N0017 1-1276,RN,GN N*,127,127,100.0
100,GN N0040 1-1429,RN,GN N*,43,43,100.0
100,GN N0001 9-1090,RN,GN N*,54,54,100.0
100,GN N0027 1-1319,RN,GN N*,36,36,100.0
100,GN N0024 1,RN,GN N*,24,24,100.0
100,GN N0017 1-1285,RN,GN N*,119,119,100.0
100,GN N0001 5-1518,RN,GN N*,123,123,100.0
100,GN N0037 1-1542,RN,GN N*,71,71,100.0
100,GN N000110,RN,GN N*,9,9,100.0
100,MA. 006,RU,autre,1,1,100.0
100,KA. 080,RU,autre,2,2,100.0
100,GN N0010 1-1270,RN,GN N*,41,41,100.0
100,GN N0005 5-1445,RN,GN N*,57,57,100.0
100,RN1-OSM-18,RN,*-OSM-*,25,25,100.0
100,GN N0002 3-1122,RN,GN N*,46,46,100.0
100,GN N0001 2-1220,RN,GN N*,15,15,100.0
100,GN N0002 2-1107,RN,GN N*,133,133,100.0
100,GN N000110-1258,RN,GN N*,61,61,100.0
100,GN N0003 2-1197,RN,GN N*,48,48,100.0
100,GN N0041 1-1440,RN,GN N*,66,66,100.0
100,GN N0003 3-1185,RN,GN N*,17,17,100.0
100,GN N0022 1-1496,RN,GN N*,124,124,100.0
100,GN N0011 1,RN,GN N*,56,56,100.0
100,GN N0017 1-1280,RN,GN N*,110,110,100.0
100,RN1-OSM-119,RN,*-OSM-*,10,10,100.0
100,KA 086-w38895164,RU,autre,6,6,100.0
100,GN N0024 2-1333,RN,GN N*,71,71,100.0
100,GN N0005 3-1176,RN,GN N*,29,29,100.0
100,GN N0003 3-1200,RN,GN N*,113,113,100.0
100,DI 002-w1096262466,RU,autre,6,6,100.0
100,GN N0034 1-1451,RN,GN N*,103,103,100.0
100,GN N0003 1-1190,RN,GN N*,39,39,100.0
100,GN N0001 4-1078,RN,GN N*,27,27,100.0
100,MA. 006-w605957606,RU,autre,5,5,100.0
100,RN1-OSM-24,RN,*-OSM-*,5,5,100.0
100,GN N0006 1-1522,RN,GN N*,93,93,100.0
100,GN N0001 6-1086,RN,GN N*,33,33,100.0
100,GN N0003 2-1195,RN,GN N*,54,54,100.0
100,GN N0001 1,RN,GN N*,47,47,100.0
100,RN1-OSM-69,RN,*-OSM-*,2,2,100.0
100,GN N0029 1-1426,RN,GN N*,105,105,100.0
100,GN N0022 2-1359,RN,GN N*,39,39,100.0
100,RN25-OSM-9,RN,*-OSM-*,30,30,100.0
100,RES-416,RR,RES-*,1,1,100.0
100,GN N0005 2-1172,RN,GN N*,36,36,100.0
100,GN N0001 3-1067,RN,GN N*,18,18,100.0
100,RO. 001,RU,autre,13,13,100.0
100,GN N0006 1-1154,RN,GN N*,36,36,100.0
100,GN N0002 1-1098,RN,GN N*,68,68,100.0
100,RN1-OSM-14,RN,*-OSM-*,25,25,100.0
100,GN N0005 4-1324,RN,GN N*,54,54,100.0
100,GN N0010 1-1273,RN,GN N*,60,60,100.0
100,GN N0001 4-1080,RN,GN N*,73,73,100.0
100,RES-375,RR,RES-*,1,1,100.0
100,GN N0003 2-1196,RN,GN N*,45,45,100.0
100,GN N0030 2-1248,RN,GN N*,75,75,100.0
100,GN N0030 2-1473,RN,GN N*,47,47,100.0
100,GN N0011 1-1265,RN,GN N*,106,106,100.0
100,GN N0001 4-1062,RN,GN N*,39,39,100.0
100,GN N0002 1,RN,GN N*,31,31,100.0
100,GN N0002 5-1532,RN,GN N*,65,65,100.0
100,GN N0006 3-1161,RN,GN N*,76,76,100.0
100,GN N0002 3-1120,RN,GN N*,43,43,100.0
100,GN N0003 3-1198,RN,GN N*,7,7,100.0
100,GN N0036 1-1419,RN,GN N*,36,36,100.0
100,GN N0027 1-1320,RN,GN N*,21,21,100.0
100,GN N0005 1,RN,GN N*,49,49,100.0
100,GN N0025 2,RN,GN N*,72,72,100.0
100,GN N0009 1-1336,RN,GN N*,60,60,100.0
100,RN23-OSM-0,RN,*-OSM-*,38,38,100.0
100,GN N0039 1-1505,RN,GN N*,81,81,100.0
100,GN N0010 2-1266,RN,GN N*,38,38,100.0
100,GN N0008 1-1331,RN,GN N*,54,54,100.0
100,GN N0002 4-1133,RN,GN N*,61,61,100.0
100,GN N0002 6-1464,RN,GN N*,18,18,100.0
100,GN N0005 2-1449,RN,GN N*,30,30,100.0
100,GN N0001 4-1070,RN,GN N*,52,52,100.0
100,GN N0006 1-1132,RN,GN N*,50,50,100.0
100,GN N0001 3-1215,RN,GN N*,83,83,100.0
100,GN N0001 7-1477,RN,GN N*,86,86,100.0
100,RN1-OSM-35,RN,*-OSM-*,1,1,100.0
100,GN N0002 1-1099,RN,GN N*,40,40,100.0
100,RN25-OSM-15,RN,*-OSM-*,31,31,100.0
100,RN25-OSM-3,RN,*-OSM-*,32,32,100.0
100,RN4-OSM-7,RN,*-OSM-*,121,121,100.0
100,GN N0001 9-1092,RN,GN N*,37,37,100.0
100,GN N0022 3-1350,RN,GN N*,18,18,100.0
100,GN N0002 7,RN,GN N*,45,45,100.0
100,GN N0001 5-1084,RN,GN N*,142,142,100.0
100,GN N0001 9-1091,RN,GN N*,87,87,100.0
100,GN N0023 1-1556,RN,GN N*,83,83,100.0
100,GN N0003 5-1384,RN,GN N*,61,61,100.0
100,GN N0005 4-1325,RN,GN N*,76,76,100.0
100,GN N0001 2-1056,RN,GN N*,40,40,100.0
100,GN N0002 6-1431,RN,GN N*,12,12,100.0
100,GN N0022 3-1381,RN,GN N*,58,58,100.0
100,KA 004,RU,autre,6,6,100.0
100,GN N0022 2-1398,RN,GN N*,100,100,100.0
100,GN N0003 4-1205,RN,GN N*,7,7,100.0
100,GN N0002 3-1119,RN,GN N*,52,52,100.0
100,GN N0023 1-1516,RN,GN N*,134,134,100.0
100,RN4-OSM-1,RN,*-OSM-*,5,5,100.0
100,MA 006,RU,autre,3,3,100.0
100,GN N0002 2-1111,RN,GN N*,63,63,100.0
100,GN N0040 1-1380,RN,GN N*,18,18,100.0
100,GN N0027 1,RN,GN N*,26,26,100.0
100,GN N0001 9-1095,RN,GN N*,88,88,100.0
100,GN N0002 1-1105,RN,GN N*,105,105,100.0
100,GN N0008 1-1456,RN,GN N*,46,46,100.0
100,GN N0005 2-1171,RN,GN N*,29,29,100.0
100,GN N0005 3-1450,RN,GN N*,29,29,100.0
100,GN N0022 2-1394,RN,GN N*,86,86,100.0
100,DI 256-w1097251581,RU,autre,2,2,100.0
100,GN N0024 1-1405,RN,GN N*,110,110,100.0
100,GN N0036 1,RN,GN N*,88,88,100.0
100,GN N0024 1-1400,RN,GN N*,31,31,100.0
100,GN N0020 1,RN,GN N*,60,60,100.0
100,GN N0008 1-1340,RN,GN N*,76,76,100.0
100,GN N0019 1-1483,RN,GN N*,47,47,100.0
100,GN N0029 1-1425,RN,GN N*,97,97,100.0
100,GN N0022 2-1395,RN,GN N*,78,78,100.0
100,GN N0025 2-1370,RN,GN N*,35,35,100.0
100,DI 814,RU,autre,8,8,100.0
100,GN N0009 1-1339,RN,GN N*,38,38,100.0
100,GN N0023 1-1555,RN,GN N*,92,92,100.0
100,GN N0010 2-1267,RN,GN N*,15,15,100.0
100,MA 784-w270805335,RU,autre,1,1,100.0
100,GN N0026 1-1557,RN,GN N*,51,51,100.0
100,GN N0001 5-1040,RN,GN N*,113,113,100.0
100,MA. 250,RU,autre,9,9,100.0
100,GN N0020 1-1202,RN,GN N*,91,91,100.0
100,GN N0040 1-1487,RN,GN N*,45,45,100.0
100,GN N0005 5,RN,GN N*,65,65,100.0
100,GN N0027 2,RN,GN N*,88,88,100.0
100,MA 784-w174021510,RU,autre,1,1,100.0
100,GN N0006 2-1498,RN,GN N*,107,107,100.0
100,GN N0005 5-1525,RN,GN N*,96,96,100.0
100,GN N0030 2-1495,RN,GN N*,106,106,100.0
100,GN N0022 3,RN,GN N*,29,29,100.0
100,GN N0002 5-1142,RN,GN N*,50,50,100.0
100,GN N0006 1-1149,RN,GN N*,35,35,100.0
100,GN N0001 5-1083,RN,GN N*,123,123,100.0
100,GN N0035 1-1549,RN,GN N*,95,95,100.0
100,GN N0034 2-1443,RN,GN N*,100,100,100.0
100,GN N0002 1-1433,RN,GN N*,23,23,100.0
100,GN N0033 2,RN,GN N*,101,101,100.0
100,GN N0005 1-1166,RN,GN N*,79,79,100.0
100,GN N0022 2-1393,RN,GN N*,111,111,100.0
100,GN N0005 4-1551,RN,GN N*,73,73,100.0
100,GN N000110-1257,RN,GN N*,72,72,100.0
100,GN N0002 5-1143,RN,GN N*,8,8,100.0
100,RN25-OSM-8,RN,*-OSM-*,31,31,100.0
100,GN N0001 1-1055,RN,GN N*,13,13,100.0
100,RN1-OSM-8,RN,*-OSM-*,9,9,100.0
100,GN N0004 1-1174,RN,GN N*,53,53,100.0
100,GN N0001 5,RN,GN N*,101,101,100.0
100,GN N0024 2-1346,RN,GN N*,45,45,100.0
100,GN N0022 3-1356,RN,GN N*,60,60,100.0
100,DI 256-w1097251582,RU,autre,3,3,100.0
100,GN N0038 1-1561,RN,GN N*,81,81,100.0
100,GN N0025 1-1367,RN,GN N*,28,28,100.0
100,GN N000110-1253,RN,GN N*,32,32,100.0
100,GN N0003 2-1194,RN,GN N*,72,72,100.0
100,RN30-OSM-65,RN,*-OSM-*,8,8,100.0
100,RN4-OSM-2,RN,*-OSM-*,25,25,100.0
100,GN N0041 1-1441,RN,GN N*,46,46,100.0
100,GN N0041 2,RN,GN N*,76,76,100.0
100,KA. 050-w571806430,RU,autre,1,1,100.0
100,GN N0008 1-1457,RN,GN N*,18,18,100.0
100,GN N0001 4,RN,GN N*,11,11,100.0
100,RN6-OSM-10,RN,*-OSM-*,4,4,100.0
100,GN N0002 2,RN,GN N*,114,114,100.0
100,GN N0027 1-1227,RN,GN N*,38,38,100.0
100,GN N0009 1-1332,RN,GN N*,104,104,100.0
100,RN1-OSM-22,RN,*-OSM-*,16,16,100.0
100,GN N0006 1-1152,RN,GN N*,45,45,100.0
100,GN N0037 1,RN,GN N*,123,123,100.0
100,GN N0001 4-1076,RN,GN N*,28,28,100.0
100,GN N0022 1,RN,GN N*,38,38,100.0
100,RES-733,RR,RES-*,2,2,100.0
100,GN N0006 1-1145,RN,GN N*,71,71,100.0
100,GN N0002 2-1113,RN,GN N*,88,88,100.0
100,GN N000110-1263,RN,GN N*,106,106,100.0
100,GN N0008 1-1342,RN,GN N*,32,32,100.0
100,GN N0033 1-1282,RN,GN N*,123,123,100.0
100,RN27-OSM-0,RN,*-OSM-*,7,7,100.0
100,GN N0021 1-1193,RN,GN N*,67,67,100.0
100,GN N0002 1-1102,RN,GN N*,66,66,100.0
100,GN N0005 1-1163,RN,GN N*,31,31,100.0
100,GN N0022 2-1358,RN,GN N*,55,55,100.0
100,GN N0009 2,RN,GN N*,44,44,100.0
100,GN N0001 9-1524,RN,GN N*,53,53,100.0
100,MA 286,RU,autre,9,9,100.0
100,GN N0042 2,RN,GN N*,81,81,100.0
100,GN N0006 3-1159,RN,GN N*,84,84,100.0
100,GN N0001 9-1096,RN,GN N*,59,59,100.0
100,GN N0008 1-1344,RN,GN N*,46,46,100.0
100,GN N0030 1-1278,RN,GN N*,69,69,100.0
100,GN N0002 5-1139,RN,GN N*,46,46,100.0
100,GN N0003 4-1204,RN,GN N*,68,68,100.0
100,GN N0033 2-1284,RN,GN N*,91,91,100.0
100,GN N0002 6-1423,RN,GN N*,13,13,100.0
100,GN N0030 2-1413,RN,GN N*,59,59,100.0
100,GN N0001 5-1085,RN,GN N*,97,97,100.0
100,GN N0031 1-1536,RN,GN N*,75,75,100.0
100,GN N0035 1-1547,RN,GN N*,101,101,100.0
100,GN N0009 1-1341,RN,GN N*,50,50,100.0
100,GN N0003 5-1387,RN,GN N*,34,34,100.0
100,GN N0018 2,RN,GN N*,42,42,100.0
100,GN N0030 1,RN,GN N*,53,53,100.0
100,DI. 002-w291395350,RU,autre,1,1,100.0
100,GN N0006 3-1157,RN,GN N*,77,77,100.0
100,GN N0007 2-1247,RN,GN N*,85,85,100.0
100,GN N0006 1-1148,RN,GN N*,95,95,100.0
100,GN N0003 4,RN,GN N*,37,37,100.0
100,GN N0001 7-1480,RN,GN N*,75,75,100.0
100,GN N0001 3-1224,RN,GN N*,12,12,100.0
100,GN N0002 4,RN,GN N*,55,55,100.0
100,GN N0016 1-1296,RN,GN N*,58,58,100.0
100,GN N0021 1-1191,RN,GN N*,65,65,100.0
100,GN N0038 2,RN,GN N*,136,136,100.0
100,RES-583,RR,RES-*,1,1,100.0
100,GN N0038 2-1563,RN,GN N*,58,58,100.0
100,MA. 500,RU,autre,7,7,100.0
100,GN N0021 1-1439,RN,GN N*,22,22,100.0
100,RES-343,RR,RES-*,1,1,100.0
100,GN N0007 2-1539,RN,GN N*,92,92,100.0
100,GN N0001 4-1077,RN,GN N*,33,33,100.0
100,GN N0018 2-1521,RN,GN N*,84,84,100.0
100,KA. 050,RU,autre,1,1,100.0
100,GN N0023 1-1517,RN,GN N*,99,99,100.0
100,GN N0002 4-1126,RN,GN N*,30,30,100.0
100,GN N0001 0,RN,GN N*,83,83,100.0
100,GN N0021 2-1402,RN,GN N*,140,140,100.0
100,GN N0003 5-1390,RN,GN N*,16,16,100.0
100,GN N0005 4-1579,RN,GN N*,125,125,100.0
100,GN N0001 4-1075,RN,GN N*,73,73,100.0
100,RN25-OSM-1,RN,*-OSM-*,59,59,100.0
100,GN N0006 2-1506,RN,GN N*,116,116,100.0
100,RN1-OSM-19,RN,*-OSM-*,39,39,100.0
100,GN N0002 6-1461,RN,GN N*,43,43,100.0
100,GN N0039 1-1504,RN,GN N*,61,61,100.0
100,GN N0008 1-1365,RN,GN N*,29,29,100.0
100,RN4-OSM-3,RN,*-OSM-*,62,62,100.0
100,GN N0021 2-1401,RN,GN N*,79,79,100.0
100,GN N0030 2-1311,RN,GN N*,133,133,100.0
100,GN N0002 2-1112,RN,GN N*,68,68,100.0
100,GN N0022 1-1208,RN,GN N*,5,5,100.0
100,GN N000110-1042,RN,GN N*,8,8,100.0
100,GN N0033 1,RN,GN N*,11,11,100.0
100,GN N0002 5-1137,RN,GN N*,79,79,100.0
100,RN29-OSM-18,RN,*-OSM-*,66,66,100.0
100,GN N0027 2-1242,RN,GN N*,67,67,100.0
250,RES-705,RR,RES-*,28,0,0.0
250,RES-433,RR,RES-*,50,0,0.0
250,RES-196,RR,RES-*,56,0,0.0
250,RES-409,RR,RES-*,67,0,0.0
250,RES-483,RR,RES-*,77,0,0.0
250,RES-853,RR,RES-*,13,0,0.0
250,RES-349,RR,RES-*,81,0,0.0
250,RES-453,RR,RES-*,44,0,0.0
250,RES-342,RR,RES-*,37,0,0.0
250,RES-830,RR,RES-*,31,0,0.0
250,RES-761,RR,RES-*,99,0,0.0
250,RES-654,RR,RES-*,70,0,0.0
250,RES-866,RR,RES-*,32,0,0.0
250,RES-882,RR,RES-*,63,0,0.0
250,RES-55,RR,RES-*,34,0,0.0
250,RES-356,RR,RES-*,6,0,0.0
250,GN N0015 1-1541,RN,GN N*,63,0,0.0
250,RES-191,RR,RES-*,8,0,0.0
250,RES-1028,RR,RES-*,75,0,0.0
250,RES-835,RR,RES-*,16,0,0.0
250,RES-201,RR,RES-*,49,0,0.0
250,RES-837,RR,RES-*,45,0,0.0
250,RES-482,RR,RES-*,60,0,0.0
250,RES-719,RR,RES-*,1,0,0.0
250,RES-51,RR,RES-*,40,0,0.0
250,RES-535,RR,RES-*,163,0,0.0
250,RES-338,RR,RES-*,57,0,0.0
250,RES-435,RR,RES-*,31,0,0.0
250,RES-118,RR,RES-*,81,0,0.0
250,RES-639,RR,RES-*,99,0,0.0
250,RES-202,RR,RES-*,7,0,0.0
250,RES-872,RR,RES-*,183,0,0.0
250,RES-899,RR,RES-*,29,0,0.0
250,RES-929,RR,RES-*,25,0,0.0
250,RES-738,RR,RES-*,28,0,0.0
250,RES-83,RR,RES-*,96,0,0.0
250,RES-101,RR,RES-*,39,0,0.0
250,RES-123,RR,RES-*,76,0,0.0
250,RES-322,RR,RES-*,13,0,0.0
250,RES-393,RR,RES-*,47,0,0.0
250,RES-521,RR,RES-*,27,0,0.0
250,RES-670,RR,RES-*,19,0,0.0
250,RES-185,RR,RES-*,69,0,0.0
250,RES-918,RR,RES-*,70,0,0.0
250,RES-161,RR,RES-*,9,0,0.0
250,RES-234,RR,RES-*,48,0,0.0
250,RES-911,RR,RES-*,102,0,0.0
250,RES-999,RR,RES-*,17,0,0.0
250,RES-894,RR,RES-*,96,0,0.0
250,RES-129,RR,RES-*,54,0,0.0
250,RES-625,RR,RES-*,68,0,0.0
250,RN24-OSM-30,RN,*-OSM-*,1,0,0.0
250,RES-893,RR,RES-*,21,0,0.0
250,RES-555,RR,RES-*,63,0,0.0
250,RES-871,RR,RES-*,25,0,0.0
250,RES-547,RR,RES-*,36,0,0.0
250,RES-458,RR,RES-*,26,0,0.0
250,RES-720,RR,RES-*,1,0,0.0
250,RES-1017,RR,RES-*,40,0,0.0
250,RES-159,RR,RES-*,172,0,0.0
250,RES-494,RR,RES-*,28,0,0.0
250,GN N0008 2-1485,RN,GN N*,78,0,0.0
250,RES-206,RR,RES-*,47,0,0.0
250,RES-803,RR,RES-*,58,0,0.0
250,RES-461,RR,RES-*,41,0,0.0
250,RES-933,RR,RES-*,153,0,0.0
250,RES-515,RR,RES-*,49,0,0.0
250,RES-808,RR,RES-*,137,0,0.0
250,RES-656,RR,RES-*,37,0,0.0
250,RES-573,RR,RES-*,5,0,0.0
250,RES-3,RR,RES-*,16,0,0.0
250,RES-98,RR,RES-*,9,0,0.0
250,RES-11,RR,RES-*,18,0,0.0
250,RES-763,RR,RES-*,69,0,0.0
250,RES-170,RR,RES-*,8,0,0.0
250,RES-617,RR,RES-*,49,0,0.0
250,RES-858,RR,RES-*,139,0,0.0
250,RES-106,RR,RES-*,25,0,0.0
250,RES-706,RR,RES-*,1,0,0.0
250,RES-441,RR,RES-*,47,0,0.0
250,RES-532,RR,RES-*,37,0,0.0
250,RES-953,RR,RES-*,1,0,0.0
250,RES-600,RR,RES-*,42,0,0.0
250,RES-522,RR,RES-*,30,0,0.0
250,RES-126,RR,RES-*,22,0,0.0
250,RES-987,RR,RES-*,61,0,0.0
250,RES-120,RR,RES-*,10,0,0.0
250,GN N0008 2-1486,RN,GN N*,51,0,0.0
250,RES-820,RR,RES-*,65,0,0.0
250,RES-655,RR,RES-*,13,0,0.0
250,RES-892,RR,RES-*,98,0,0.0
250,RES-247,RR,RES-*,71,0,0.0
250,RES-534,RR,RES-*,53,0,0.0
250,RES-329,RR,RES-*,44,0,0.0
250,RES-605,RR,RES-*,66,0,0.0
250,RES-1016,RR,RES-*,68,0,0.0
250,RES-260,RR,RES-*,153,0,0.0
250,RES-539,RR,RES-*,59,0,0.0
250,RES-278,RR,RES-*,51,0,0.0
250,RES-903,RR,RES-*,52,0,0.0
250,RES-243,RR,RES-*,145,0,0.0
250,RES-436,RR,RES-*,26,0,0.0
250,RES-370,RR,RES-*,2,0,0.0
250,RES-49,RR,RES-*,70,0,0.0
250,GN N0024 1-1403,RN,GN N*,61,0,0.0
250,RES-428,RR,RES-*,78,0,0.0
250,RES-630,RR,RES-*,120,0,0.0
250,RES-462,RR,RES-*,16,0,0.0
250,RES-287,RR,RES-*,26,0,0.0
250,RES-16,RR,RES-*,10,0,0.0
250,RES-341,RR,RES-*,105,0,0.0
250,RES-581,RR,RES-*,15,0,0.0
250,GN N0039 1-1569,RN,GN N*,75,0,0.0
250,RES-70,RR,RES-*,61,0,0.0
250,RES-190,RR,RES-*,10,0,0.0
250,RES-896,RR,RES-*,51,0,0.0
250,RES-497,RR,RES-*,7,0,0.0
250,RES-378,RR,RES-*,43,0,0.0
250,RES-526,RR,RES-*,41,0,0.0
250,RES-616,RR,RES-*,55,0,0.0
250,RES-962,RR,RES-*,31,0,0.0
250,RES-85,RR,RES-*,49,0,0.0
250,RES-1014,RR,RES-*,27,0,0.0
250,RES-193,RR,RES-*,9,0,0.0
250,RES-262,RR,RES-*,29,0,0.0
250,RES-81,RR,RES-*,153,0,0.0
250,RES-233,RR,RES-*,52,0,0.0
250,RES-254,RR,RES-*,148,0,0.0
250,RES-924,RR,RES-*,25,0,0.0
250,RES-990,RR,RES-*,99,0,0.0
250,RES-99,RR,RES-*,45,0,0.0
250,RES-384,RR,RES-*,53,0,0.0
250,RES-242,RR,RES-*,10,0,0.0
250,RES-540,RR,RES-*,84,0,0.0
250,RES-618,RR,RES-*,34,0,0.0
250,RES-548,RR,RES-*,22,0,0.0
250,RES-549,RR,RES-*,16,0,0.0
250,RES-406,RR,RES-*,46,0,0.0
250,RES-100,RR,RES-*,34,0,0.0
250,RES-653,RR,RES-*,79,0,0.0
250,RES-241,RR,RES-*,11,0,0.0
250,RES-860,RR,RES-*,53,0,0.0
250,RES-178,RR,RES-*,1,0,0.0
250,RES-514,RR,RES-*,13,0,0.0
250,RES-73,RR,RES-*,36,0,0.0
250,RES-168,RR,RES-*,30,0,0.0
250,RES-646,RR,RES-*,97,0,0.0
250,RES-602,RR,RES-*,49,0,0.0
250,RES-607,RR,RES-*,24,0,0.0
250,RES-293,RR,RES-*,15,0,0.0
250,RES-4,RR,RES-*,3,0,0.0
250,RES-908,RR,RES-*,114,0,0.0
250,RES-163,RR,RES-*,1,0,0.0
250,RES-443,RR,RES-*,37,0,0.0
250,RES-582,RR,RES-*,29,0,0.0
250,RES-232,RR,RES-*,161,0,0.0
250,RES-327,RR,RES-*,17,0,0.0
250,RES-629,RR,RES-*,39,0,0.0
250,RES-365,RR,RES-*,29,0,0.0
250,RES-513,RR,RES-*,41,0,0.0
250,RES-690,RR,RES-*,32,0,0.0
250,RES-704,RR,RES-*,23,0,0.0
250,RES-730,RR,RES-*,104,0,0.0
250,RES-831,RR,RES-*,77,0,0.0
250,RES-270,RR,RES-*,23,0,0.0
250,RES-832,RR,RES-*,25,0,0.0
250,RES-354,RR,RES-*,35,0,0.0
250,RES-507,RR,RES-*,62,0,0.0
250,RES-672,RR,RES-*,33,0,0.0
250,RES-94,RR,RES-*,39,0,0.0
250,RES-666,RR,RES-*,14,0,0.0
250,RES-130,RR,RES-*,7,0,0.0
250,RES-816,RR,RES-*,19,0,0.0
250,RES-328,RR,RES-*,33,0,0.0
250,RES-377,RR,RES-*,32,0,0.0
250,RES-220,RR,RES-*,40,0,0.0
250,RES-434,RR,RES-*,73,0,0.0
250,RES-745,RR,RES-*,13,0,0.0
250,RES-995,RR,RES-*,68,0,0.0
250,RES-450,RR,RES-*,51,0,0.0
250,RES-580,RR,RES-*,11,0,0.0
250,RES-479,RR,RES-*,137,0,0.0
250,RES-1001,RR,RES-*,71,0,0.0
250,RES-208,RR,RES-*,35,0,0.0
250,RES-302,RR,RES-*,44,0,0.0
250,RES-747,RR,RES-*,126,0,0.0
250,RES-131,RR,RES-*,73,0,0.0
250,RES-452,RR,RES-*,33,0,0.0
250,RES-861,RR,RES-*,24,0,0.0
250,RES-909,RR,RES-*,25,0,0.0
250,RES-398,RR,RES-*,42,0,0.0
250,RES-890,RR,RES-*,69,0,0.0
250,RES-184,RR,RES-*,83,0,0.0
250,RES-919,RR,RES-*,160,0,0.0
250,RES-912,RR,RES-*,72,0,0.0
250,RES-419,RR,RES-*,38,0,0.0
250,RES-960,RR,RES-*,33,0,0.0
250,RES-470,RR,RES-*,37,0,0.0
250,RES-396,RR,RES-*,30,0,0.0
250,RES-1000,RR,RES-*,22,0,0.0
250,RES-703,RR,RES-*,23,0,0.0
250,RES-546,RR,RES-*,37,0,0.0
250,RES-897,RR,RES-*,29,0,0.0
250,RES-502,RR,RES-*,69,0,0.0
250,RES-324,RR,RES-*,11,0,0.0
250,RES-331,RR,RES-*,32,0,0.0
250,RES-991,RR,RES-*,29,0,0.0
250,RES-493,RR,RES-*,24,0,0.0
250,RES-585,RR,RES-*,22,0,0.0
250,RES-715,RR,RES-*,52,0,0.0
250,RES-906,RR,RES-*,105,0,0.0
250,RES-886,RR,RES-*,27,0,0.0
250,RES-833,RR,RES-*,13,0,0.0
250,RES-508,RR,RES-*,97,0,0.0
250,RES-511,RR,RES-*,27,0,0.0
250,RES-965,RR,RES-*,157,0,0.0
250,RES-544,RR,RES-*,35,0,0.0
250,RES-637,RR,RES-*,30,0,0.0
250,RES-569,RR,RES-*,41,0,0.0
250,RES-432,RR,RES-*,41,0,0.0
250,RES-97,RR,RES-*,50,0,0.0
250,RES-885,RR,RES-*,92,0,0.0
250,RES-484,RR,RES-*,53,0,0.0
250,RES-615,RR,RES-*,54,0,0.0
250,RES-806,RR,RES-*,97,0,0.0
250,RES-84,RR,RES-*,149,0,0.0
250,RES-1015,RR,RES-*,69,0,0.0
250,RES-255,RR,RES-*,1,0,0.0
250,RES-811,RR,RES-*,34,0,0.0
250,RES-829,RR,RES-*,111,0,0.0
250,RES-902,RR,RES-*,40,0,0.0
250,RES-24,RR,RES-*,19,0,0.0
250,RES-347,RR,RES-*,61,0,0.0
250,RES-855,RR,RES-*,49,0,0.0
250,RES-442,RR,RES-*,62,0,0.0
250,RES-491,RR,RES-*,21,0,0.0
250,RES-399,RR,RES-*,74,0,0.0
250,RES-841,RR,RES-*,26,0,0.0
250,RES-25,RR,RES-*,32,0,0.0
250,RES-568,RR,RES-*,39,0,0.0
250,RES-440,RR,RES-*,7,0,0.0
250,RES-687,RR,RES-*,1,0,0.0
250,RES-824,RR,RES-*,33,0,0.0
250,RES-688,RR,RES-*,27,0,0.0
250,RES-818,RR,RES-*,37,0,0.0
250,RES-276,RR,RES-*,30,0,0.0
250,RES-762,RR,RES-*,82,0,0.0
250,RES-612,RR,RES-*,51,0,0.0
250,RES-133,RR,RES-*,1,0,0.0
250,RES-783,RR,RES-*,132,0,0.0
250,RES-275,RR,RES-*,8,0,0.0
250,RES-887,RR,RES-*,151,0,0.0
250,RES-358,RR,RES-*,33,0,0.0
250,RES-530,RR,RES-*,26,0,0.0
250,RES-252,RR,RES-*,22,0,0.0
250,RES-478,RR,RES-*,26,0,0.0
250,RES-407,RR,RES-*,73,0,0.0
250,RES-410,RR,RES-*,55,0,0.0
250,RES-125,RR,RES-*,10,0,0.0
250,RES-400,RR,RES-*,6,0,0.0
250,RES-689,RR,RES-*,31,0,0.0
250,RES-524,RR,RES-*,58,0,0.0
250,RES-183,RR,RES-*,75,0,0.0
250,RES-657,RR,RES-*,18,0,0.0
250,RES-96,RR,RES-*,19,0,0.0
250,RES-510,RR,RES-*,97,0,0.0
250,RES-487,RR,RES-*,29,0,0.0
250,RES-357,RR,RES-*,44,0,0.0
250,RES-209,RR,RES-*,29,0,0.0
250,RES-82,RR,RES-*,94,0,0.0
250,RES-496,RR,RES-*,48,0,0.0
250,RES-608,RR,RES-*,60,0,0.0
250,RES-813,RR,RES-*,29,0,0.0
250,RES-628,RR,RES-*,28,0,0.0
250,RES-895,RR,RES-*,35,0,0.0
250,RES-986,RR,RES-*,61,0,0.0
250,RES-592,RR,RES-*,50,0,0.0
250,RES-812,RR,RES-*,123,0,0.0
250,RES-891,RR,RES-*,53,0,0.0
250,RES-218,RR,RES-*,16,0,0.0
250,RES-463,RR,RES-*,69,0,0.0
250,RES-246,RR,RES-*,166,0,0.0
250,RES-124,RR,RES-*,41,0,0.0
250,GN N0039 1-1572,RN,GN N*,70,0,0.0
250,RES-834,RR,RES-*,11,0,0.0
250,RES-807,RR,RES-*,75,0,0.0
250,RES-488,RR,RES-*,46,0,0.0
250,RES-716,RR,RES-*,65,0,0.0
250,RES-652,RR,RES-*,41,0,0.0
250,RES-917,RR,RES-*,77,0,0.0
250,RES-501,RR,RES-*,38,0,0.0
250,RES-181,RR,RES-*,291,1,0.3
250,RES-849,RR,RES-*,157,1,0.6
250,RES-1027,RR,RES-*,149,1,0.7
250,RES-268,RR,RES-*,139,1,0.7
250,RES-928,RR,RES-*,143,1,0.7
250,RES-1026,RR,RES-*,373,3,0.8
250,RES-863,RR,RES-*,382,3,0.8
250,RES-337,RR,RES-*,116,1,0.9
250,GN N0015 1-1540,RN,GN N*,98,1,1.0
250,RES-256,RR,RES-*,203,2,1.0
250,RES-311,RR,RES-*,99,1,1.0
250,RES-923,RR,RES-*,183,2,1.1
250,RES-936,RR,RES-*,189,2,1.1
250,RES-935,RR,RES-*,162,2,1.2
250,RES-229,RR,RES-*,86,1,1.2
250,RES-334,RR,RES-*,77,1,1.3
250,RES-481,RR,RES-*,79,1,1.3
250,RES-864,RR,RES-*,210,3,1.4
250,RES-952,RR,RES-*,141,2,1.4
250,RES-756,RR,RES-*,71,1,1.4
250,RES-950,RR,RES-*,70,1,1.4
250,RES-306,RR,RES-*,130,2,1.5
250,RES-323,RR,RES-*,185,3,1.6
250,RES-211,RR,RES-*,61,1,1.6
250,RES-2,RR,RES-*,61,1,1.6
250,RES-217,RR,RES-*,64,1,1.6
250,RES-251,RR,RES-*,122,2,1.6
250,RES-565,RR,RES-*,61,1,1.6
250,RES-136,RR,RES-*,60,1,1.7
250,RES-471,RR,RES-*,117,2,1.7
250,RES-800,RR,RES-*,58,1,1.7
250,RES-856,RR,RES-*,110,2,1.8
250,RES-937,RR,RES-*,217,4,1.8
250,RES-411,RR,RES-*,55,1,1.8
250,RES-336,RR,RES-*,54,1,1.9
250,GN N0028 2-1233,RN,GN N*,54,1,1.9
250,RES-403,RR,RES-*,53,1,1.9
250,RES-151,RR,RES-*,156,3,1.9
250,GN N0014 1,RN,GN N*,53,1,1.9
250,RES-771,RR,RES-*,53,1,1.9
250,RES-228,RR,RES-*,54,1,1.9
250,RES-975,RR,RES-*,52,1,1.9
250,RES-335,RR,RES-*,53,1,1.9
250,RES-226,RR,RES-*,100,2,2.0
250,RES-207,RR,RES-*,50,1,2.0
250,RES-627,RR,RES-*,51,1,2.0
250,RES-22,RR,RES-*,51,1,2.0
250,RES-257,RR,RES-*,146,3,2.1
250,RES-758,RR,RES-*,138,3,2.2
250,RES-492,RR,RES-*,46,1,2.2
250,RES-575,RR,RES-*,45,1,2.2
250,RES-921,RR,RES-*,275,6,2.2
250,RES-795,RR,RES-*,45,1,2.2
250,RES-36,RR,RES-*,45,1,2.2
250,RES-139,RR,RES-*,93,2,2.2
250,RES-964,RR,RES-*,135,3,2.2
250,RES-157,RR,RES-*,43,1,2.3
250,RES-737,RR,RES-*,44,1,2.3
250,RES-303,RR,RES-*,43,1,2.3
250,RES-87,RR,RES-*,44,1,2.3
250,RES-93,RR,RES-*,83,2,2.4
250,RES-1010,RR,RES-*,84,2,2.4
250,RES-95,RR,RES-*,81,2,2.5
250,RES-819,RR,RES-*,79,2,2.5
250,RES-869,RR,RES-*,77,2,2.6
250,RES-626,RR,RES-*,78,2,2.6
250,RES-647,RR,RES-*,73,2,2.7
250,RES-145,RR,RES-*,75,2,2.7
250,RES-390,RR,RES-*,37,1,2.7
250,RES-790,RR,RES-*,148,4,2.7
250,RES-266,RR,RES-*,73,2,2.7
250,RES-91,RR,RES-*,74,2,2.7
250,RES-878,RR,RES-*,36,1,2.8
250,RES-128,RR,RES-*,72,2,2.8
250,RES-102,RR,RES-*,72,2,2.8
250,RES-1013,RR,RES-*,72,2,2.8
250,RES-520,RR,RES-*,71,2,2.8
250,RES-760,RR,RES-*,71,2,2.8
250,RES-305,RR,RES-*,180,5,2.8
250,RES-437,RR,RES-*,105,3,2.9
250,RES-735,RR,RES-*,34,1,2.9
250,RES-736,RR,RES-*,70,2,2.9
250,RES-1002,RR,RES-*,101,3,3.0
250,RES-595,RR,RES-*,67,2,3.0
250,RES-505,RR,RES-*,101,3,3.0
250,RES-27,RR,RES-*,66,2,3.0
250,RES-889,RR,RES-*,65,2,3.1
250,RES-725,RR,RES-*,32,1,3.1
250,RES-273,RR,RES-*,64,2,3.1
250,RES-1024,RR,RES-*,185,6,3.2
250,RES-506,RR,RES-*,94,3,3.2
250,RES-519,RR,RES-*,95,3,3.2
250,RES-764,RR,RES-*,156,5,3.2
250,RES-804,RR,RES-*,60,2,3.3
250,RES-364,RR,RES-*,30,1,3.3
250,RES-214,RR,RES-*,60,2,3.3
250,RES-888,RR,RES-*,61,2,3.3
250,RES-851,RR,RES-*,59,2,3.4
250,RES-839,RR,RES-*,87,3,3.4
250,RES-449,RR,RES-*,29,1,3.4
250,RES-480,RR,RES-*,58,2,3.4
250,RES-332,RR,RES-*,57,2,3.5
250,RES-1019,RR,RES-*,112,4,3.6
250,RES-640,RR,RES-*,54,2,3.7
250,RES-504,RR,RES-*,27,1,3.7
250,RES-692,RR,RES-*,27,1,3.7
250,RES-901,RR,RES-*,54,2,3.7
250,RES-883,RR,RES-*,109,4,3.7
250,RES-589,RR,RES-*,51,2,3.9
250,RES-695,RR,RES-*,77,3,3.9
250,RES-171,RR,RES-*,77,3,3.9
250,RES-954,RR,RES-*,75,3,4.0
250,RES-160,RR,RES-*,123,5,4.1
250,RES-225,RR,RES-*,146,6,4.1
250,RES-351,RR,RES-*,74,3,4.1
250,RES-821,RR,RES-*,73,3,4.1
250,RES-658,RR,RES-*,47,2,4.3
250,RES-473,RR,RES-*,117,5,4.3
250,RES-815,RR,RES-*,46,2,4.3
250,RES-282,RR,RES-*,23,1,4.3
250,RES-968,RR,RES-*,46,2,4.3
250,RES-366,RR,RES-*,46,2,4.3
250,RES-907,RR,RES-*,69,3,4.3
250,RES-465,RR,RES-*,45,2,4.4
250,RES-619,RR,RES-*,67,3,4.5
250,RES-550,RR,RES-*,66,3,4.5
250,RES-77,RR,RES-*,66,3,4.5
250,RES-112,RR,RES-*,66,3,4.5
250,RES-344,RR,RES-*,65,3,4.6
250,RES-352,RR,RES-*,64,3,4.7
250,RES-45,RR,RES-*,129,6,4.7
250,RES-862,RR,RES-*,127,6,4.7
250,RES-474,RR,RES-*,43,2,4.7
250,RES-444,RR,RES-*,43,2,4.7
250,RES-794,RR,RES-*,63,3,4.8
250,RES-318,RR,RES-*,83,4,4.8
250,RES-857,RR,RES-*,124,6,4.8
250,RES-35,RR,RES-*,62,3,4.8
250,RES-845,RR,RES-*,42,2,4.8
250,RES-668,RR,RES-*,42,2,4.8
250,RES-355,RR,RES-*,82,4,4.9
250,RES-927,RR,RES-*,41,2,4.9
250,RES-659,RR,RES-*,41,2,4.9
250,RES-947,RR,RES-*,41,2,4.9
250,RES-1009,RR,RES-*,60,3,5.0
250,RES-591,RR,RES-*,40,2,5.0
250,RES-622,RR,RES-*,139,7,5.0
250,RES-554,RR,RES-*,20,1,5.0
250,RES-631,RR,RES-*,78,4,5.1
250,RES-279,RR,RES-*,39,2,5.1
250,RES-72,RR,RES-*,57,3,5.3
250,RES-814,RR,RES-*,57,3,5.3
250,RES-298,RR,RES-*,19,1,5.3
250,RES-661,RR,RES-*,56,3,5.4
250,RES-69,RR,RES-*,56,3,5.4
250,RES-350,RR,RES-*,56,3,5.4
250,RES-976,RR,RES-*,93,5,5.4
250,RES-729,RR,RES-*,111,6,5.4
250,RES-648,RR,RES-*,71,4,5.6
250,RES-53,RR,RES-*,18,1,5.6
250,RES-751,RR,RES-*,161,9,5.6
250,RES-574,RR,RES-*,35,2,5.7
250,RES-989,RR,RES-*,17,1,5.9
250,RES-533,RR,RES-*,34,2,5.9
250,RES-675,RR,RES-*,17,1,5.9
250,GN N0039 1-1570,RN,GN N*,85,5,5.9
250,RES-430,RR,RES-*,49,3,6.1
250,RES-601,RR,RES-*,114,7,6.1
250,RES-286,RR,RES-*,210,13,6.2
250,RES-485,RR,RES-*,110,7,6.4
250,RES-916,RR,RES-*,138,9,6.5
250,RES-189,RR,RES-*,31,2,6.5
250,RES-89,RR,RES-*,31,2,6.5
250,RES-104,RR,RES-*,77,5,6.5
250,RES-900,RR,RES-*,31,2,6.5
250,RES-39,RR,RES-*,30,2,6.7
250,RES-117,RR,RES-*,45,3,6.7
250,RES-958,RR,RES-*,30,2,6.7
250,RES-477,RR,RES-*,30,2,6.7
250,RES-852,RR,RES-*,74,5,6.8
250,RES-579,RR,RES-*,44,3,6.8
250,RES-691,RR,RES-*,29,2,6.9
250,RES-1011,RR,RES-*,100,7,7.0
250,RES-865,RR,RES-*,142,10,7.0
250,RES-79,RR,RES-*,201,14,7.0
250,RES-925,RR,RES-*,84,6,7.1
250,RES-369,RR,RES-*,70,5,7.1
250,RES-576,RR,RES-*,28,2,7.1
250,RES-757,RR,RES-*,28,2,7.1
250,RES-454,RR,RES-*,42,3,7.1
250,RES-723,RR,RES-*,42,3,7.1
250,RES-538,RR,RES-*,109,8,7.3
250,RES-146,RR,RES-*,55,4,7.3
250,RES-360,RR,RES-*,41,3,7.3
250,RES-460,RR,RES-*,68,5,7.4
250,RES-148,RR,RES-*,27,2,7.4
250,RES-552,RR,RES-*,27,2,7.4
250,RES-650,RR,RES-*,67,5,7.5
250,RES-963,RR,RES-*,144,11,7.6
250,RES-842,RR,RES-*,13,1,7.7
250,RES-210,RR,RES-*,26,2,7.7
250,RES-34,RR,RES-*,26,2,7.7
250,RES-529,RR,RES-*,39,3,7.7
250,RES-817,RR,RES-*,52,4,7.7
250,RES-219,RR,RES-*,64,5,7.8
250,RES-156,RR,RES-*,38,3,7.9
250,RES-750,RR,RES-*,38,3,7.9
250,RES-121,RR,RES-*,38,3,7.9
250,RES-308,RR,RES-*,38,3,7.9
250,RES-315,RR,RES-*,25,2,8.0
250,RES-48,RR,RES-*,37,3,8.1
250,RES-291,RR,RES-*,37,3,8.1
250,RES-60,RR,RES-*,24,2,8.3
250,RES-50,RR,RES-*,94,8,8.5
250,RES-791,RR,RES-*,177,15,8.5
250,RES-320,RR,RES-*,82,7,8.5
250,RES-169,RR,RES-*,153,13,8.5
250,RES-850,RR,RES-*,71,6,8.5
250,GN N0008 2-1488,RN,GN N*,81,7,8.6
250,RES-551,RR,RES-*,35,3,8.6
250,RES-946,RR,RES-*,35,3,8.6
250,RES-456,RR,RES-*,23,2,8.7
250,RES-500,RR,RES-*,57,5,8.8
250,RES-158,RR,RES-*,34,3,8.8
250,RES-789,RR,RES-*,90,8,8.9
250,RES-115,RR,RES-*,33,3,9.1
250,RES-1012,RR,RES-*,128,12,9.4
250,RES-394,RR,RES-*,32,3,9.4
250,RES-708,RR,RES-*,32,3,9.4
250,RES-570,RR,RES-*,84,8,9.5
250,RES-263,RR,RES-*,21,2,9.5
250,RES-90,RR,RES-*,42,4,9.5
250,RES-314,RR,RES-*,21,2,9.5
250,RES-80,RR,RES-*,62,6,9.7
250,RES-802,RR,RES-*,62,6,9.7
250,RES-372,RR,RES-*,31,3,9.7
250,RES-1023,RR,RES-*,51,5,9.8
250,RES-21,RR,RES-*,71,7,9.9
250,RES-881,RR,RES-*,91,9,9.9
250,RES-475,RR,RES-*,50,5,10.0
250,RES-636,RR,RES-*,40,4,10.0
250,RES-784,RR,RES-*,70,7,10.0
250,RES-545,RR,RES-*,20,2,10.0
250,RES-776,RR,RES-*,156,16,10.3
250,RES-854,RR,RES-*,57,6,10.5
250,RES-828,RR,RES-*,38,4,10.5
250,RES-873,RR,RES-*,123,13,10.6
250,RES-785,RR,RES-*,37,4,10.8
250,RES-137,RR,RES-*,36,4,11.1
250,RES-664,RR,RES-*,18,2,11.1
250,RES-192,RR,RES-*,18,2,11.1
250,RES-486,RR,RES-*,169,19,11.2
250,RES-801,RR,RES-*,80,9,11.3
250,RES-271,RR,RES-*,53,6,11.3
250,RES-56,RR,RES-*,97,11,11.3
250,RES-165,RR,RES-*,182,21,11.5
250,RES-317,RR,RES-*,26,3,11.5
250,RES-395,RR,RES-*,60,7,11.7
250,RES-880,RR,RES-*,152,18,11.8
250,RES-748,RR,RES-*,17,2,11.8
250,RES-913,RR,RES-*,59,7,11.9
250,RES-743,RR,RES-*,25,3,12.0
250,RES-285,RR,RES-*,25,3,12.0
250,RES-379,RR,RES-*,75,9,12.0
250,RES-359,RR,RES-*,25,3,12.0
250,RES-392,RR,RES-*,16,2,12.5
250,RES-922,RR,RES-*,24,3,12.5
250,RES-744,RR,RES-*,79,10,12.7
250,RES-1020,RR,RES-*,79,10,12.7
250,RES-944,RR,RES-*,110,14,12.7
250,RES-264,RR,RES-*,55,7,12.7
250,RES-245,RR,RES-*,179,23,12.8
250,RES-176,RR,RES-*,47,6,12.8
250,RES-152,RR,RES-*,23,3,13.0
250,RES-66,RR,RES-*,38,5,13.2
250,RES-132,RR,RES-*,121,16,13.2
250,RES-868,RR,RES-*,120,16,13.3
250,RES-42,RR,RES-*,30,4,13.3
250,RES-877,RR,RES-*,164,22,13.4
250,RES-870,RR,RES-*,223,30,13.5
250,RES-536,RR,RES-*,52,7,13.5
250,RES-321,RR,RES-*,81,11,13.6
250,RES-175,RR,RES-*,51,7,13.7
250,RES-147,RR,RES-*,51,7,13.7
250,RES-562,RR,RES-*,58,8,13.8
250,RES-739,RR,RES-*,87,12,13.8
250,RES-253,RR,RES-*,116,16,13.8
250,RES-383,RR,RES-*,28,4,14.3
250,RES-445,RR,RES-*,63,9,14.3
250,RES-88,RR,RES-*,21,3,14.3
250,RES-898,RR,RES-*,42,6,14.3
250,RES-296,RR,RES-*,35,5,14.3
250,RES-199,RR,RES-*,42,6,14.3
250,RES-993,RR,RES-*,47,7,14.9
250,RES-752,RR,RES-*,246,37,15.0
250,RES-388,RR,RES-*,53,8,15.1
250,RES-408,RR,RES-*,46,7,15.2
250,RES-216,RR,RES-*,33,5,15.2
250,RES-914,RR,RES-*,79,12,15.2
250,RES-667,RR,RES-*,33,5,15.2
250,RES-702,RR,RES-*,26,4,15.4
250,RES-167,RR,RES-*,65,10,15.4
250,RES-423,RR,RES-*,58,9,15.5
250,RES-389,RR,RES-*,51,8,15.7
250,RES-86,RR,RES-*,38,6,15.8
250,RES-75,RR,RES-*,31,5,16.1
250,RES-413,RR,RES-*,31,5,16.1
250,RES-651,RR,RES-*,143,23,16.1
250,RES-200,RR,RES-*,43,7,16.3
250,RES-162,RR,RES-*,110,18,16.4
250,RES-867,RR,RES-*,67,11,16.4
250,RES-980,RR,RES-*,116,19,16.4
250,RES-194,RR,RES-*,115,19,16.5
250,RES-326,RR,RES-*,24,4,16.7
250,RES-173,RR,RES-*,18,3,16.7
250,RES-135,RR,RES-*,96,16,16.7
250,RES-778,RR,RES-*,235,40,17.0
250,RES-31,RR,RES-*,47,8,17.0
250,RES-164,RR,RES-*,100,17,17.0
250,RES-367,RR,RES-*,35,6,17.1
250,RES-447,RR,RES-*,35,6,17.1
250,RES-179,RR,RES-*,202,35,17.3
250,RES-614,RR,RES-*,75,13,17.3
250,RES-227,RR,RES-*,98,17,17.3
250,RES-29,RR,RES-*,81,14,17.3
250,RES-187,RR,RES-*,17,3,17.6
250,RES-455,RR,RES-*,51,9,17.6
250,RES-956,RR,RES-*,195,35,17.9
250,RES-134,RR,RES-*,95,17,17.9
250,RES-904,RR,RES-*,39,7,17.9
250,RES-248,RR,RES-*,222,40,18.0
250,RES-564,RR,RES-*,94,17,18.1
250,RES-973,RR,RES-*,11,2,18.2
250,RES-609,RR,RES-*,104,19,18.3
250,RES-746,RR,RES-*,152,28,18.4
250,RES-274,RR,RES-*,38,7,18.4
250,RES-787,RR,RES-*,190,35,18.4
250,RES-258,RR,RES-*,177,33,18.6
250,RES-261,RR,RES-*,97,18,18.6
250,RES-401,RR,RES-*,43,8,18.6
250,RES-223,RR,RES-*,16,3,18.8
250,RES-418,RR,RES-*,21,4,19.0
250,RES-874,RR,RES-*,94,18,19.1
250,RES-572,RR,RES-*,26,5,19.2
250,RES-250,RR,RES-*,145,28,19.3
250,RES-267,RR,RES-*,129,25,19.4
250,RES-155,RR,RES-*,153,30,19.6
250,RES-244,RR,RES-*,61,12,19.7
250,RES-63,RR,RES-*,101,20,19.8
250,RES-205,RR,RES-*,10,2,20.0
250,RES-119,RR,RES-*,50,10,20.0
250,RES-166,RR,RES-*,100,20,20.0
250,RES-537,RR,RES-*,205,41,20.0
250,RES-718,RR,RES-*,93,19,20.4
250,RES-448,RR,RES-*,34,7,20.6
250,RES-391,RR,RES-*,24,5,20.8
250,RES-754,RR,RES-*,38,8,21.1
250,RES-215,RR,RES-*,56,12,21.4
250,RES-767,RR,RES-*,70,15,21.4
250,RES-54,RR,RES-*,14,3,21.4
250,RES-644,RR,RES-*,28,6,21.4
250,RES-222,RR,RES-*,135,29,21.5
250,RES-774,RR,RES-*,65,14,21.5
250,RES-1003,RR,RES-*,51,11,21.6
250,RES-177,RR,RES-*,146,32,21.9
250,RES-127,RR,RES-*,186,41,22.0
250,RES-633,RR,RES-*,27,6,22.2
250,RES-109,RR,RES-*,63,14,22.2
250,RES-414,RR,RES-*,18,4,22.2
250,RES-103,RR,RES-*,99,22,22.2
250,RES-516,RR,RES-*,9,2,22.2
250,RES-13,RR,RES-*,18,4,22.2
250,GN N0028 2,RN,GN N*,44,10,22.7
250,RES-1018,RR,RES-*,113,26,23.0
250,RES-204,RR,RES-*,52,12,23.1
250,RES-300,RR,RES-*,13,3,23.1
250,RES-1025,RR,RES-*,99,23,23.2
250,RES-277,RR,RES-*,30,7,23.3
250,RES-309,RR,RES-*,64,15,23.4
250,RES-67,RR,RES-*,128,30,23.4
250,RES-683,RR,RES-*,17,4,23.5
250,RES-970,RR,RES-*,119,28,23.5
250,RES-71,RR,RES-*,71,17,23.9
250,RES-596,RR,RES-*,29,7,24.1
250,RES-203,RR,RES-*,54,13,24.1
250,RES-879,RR,RES-*,83,20,24.1
250,RES-671,RR,RES-*,37,9,24.3
250,RES-212,RR,RES-*,94,23,24.5
250,RES-509,RR,RES-*,53,13,24.5
250,GN N0041 1,RN,GN N*,49,12,24.5
250,RES-224,RR,RES-*,142,35,24.6
250,RES-108,RR,RES-*,122,30,24.6
250,RES-32,RR,RES-*,179,44,24.6
250,RES-20,RR,RES-*,4,1,25.0
250,RES-18,RR,RES-*,60,15,25.0
250,RES-934,RR,RES-*,94,24,25.5
250,RES-26,RR,RES-*,90,23,25.6
250,RES-728,RR,RES-*,43,11,25.6
250,RES-955,RR,RES-*,186,48,25.8
250,RES-560,RR,RES-*,54,14,25.9
250,RES-1005,RR,RES-*,50,13,26.0
250,RES-172,RR,RES-*,73,19,26.0
250,RES-116,RR,RES-*,107,28,26.2
250,RES-974,RR,RES-*,367,96,26.2
250,GN N0036 1-1418,RN,GN N*,67,18,26.9
250,RES-586,RR,RES-*,104,28,26.9
250,RES-28,RR,RES-*,78,21,26.9
250,RES-588,RR,RES-*,85,23,27.1
250,RES-142,RR,RES-*,70,19,27.1
250,RES-38,RR,RES-*,125,34,27.2
250,RES-979,RR,RES-*,309,84,27.2
250,RES-439,RR,RES-*,33,9,27.3
250,RES-978,RR,RES-*,66,18,27.3
250,RES-65,RR,RES-*,108,30,27.8
250,RES-740,RR,RES-*,75,21,28.0
250,RES-1004,RR,RES-*,89,25,28.1
250,RES-531,RR,RES-*,146,41,28.1
250,RES-527,RR,RES-*,39,11,28.2
250,RES-412,RR,RES-*,74,21,28.4
250,RES-269,RR,RES-*,7,2,28.6
250,RES-345,RR,RES-*,49,14,28.6
250,RES-376,RR,RES-*,38,11,28.9
250,RES-353,RR,RES-*,31,9,29.0
250,RES-37,RR,RES-*,100,29,29.0
250,RES-40,RR,RES-*,154,45,29.2
250,RES-402,RR,RES-*,48,14,29.2
250,RES-382,RR,RES-*,24,7,29.2
250,RES-381,RR,RES-*,24,7,29.2
250,RES-620,RR,RES-*,58,17,29.3
250,RES-404,RR,RES-*,34,10,29.4
250,RES-237,RR,RES-*,57,17,29.8
250,RES-15,RR,RES-*,150,45,30.0
250,RES-74,RR,RES-*,10,3,30.0
250,RES-182,RR,RES-*,30,9,30.0
250,RES-606,RR,RES-*,76,23,30.3
250,RES-981,RR,RES-*,66,20,30.3
250,RES-686,RR,RES-*,56,17,30.4
250,RES-951,RR,RES-*,69,21,30.4
250,RES-559,RR,RES-*,111,34,30.6
250,RES-319,RR,RES-*,103,32,31.1
250,RES-19,RR,RES-*,90,28,31.1
250,RES-844,RR,RES-*,41,13,31.7
250,RES-373,RR,RES-*,63,20,31.7
250,RES-236,RR,RES-*,25,8,32.0
250,RES-859,RR,RES-*,246,79,32.1
250,RES-984,RR,RES-*,62,20,32.3
250,RES-525,RR,RES-*,68,22,32.4
250,GN N0041 2-1435,RN,GN N*,102,33,32.4
250,RES-961,RR,RES-*,40,13,32.5
250,RES-848,RR,RES-*,86,28,32.6
250,RES-957,RR,RES-*,73,24,32.9
250,RES-292,RR,RES-*,51,17,33.3
250,RES-23,RR,RES-*,15,5,33.3
250,RES-799,RR,RES-*,45,15,33.3
250,RES-12,RR,RES-*,15,5,33.3
250,RES-57,RR,RES-*,122,41,33.6
250,RES-577,RR,RES-*,50,17,34.0
250,RES-805,RR,RES-*,138,47,34.1
250,RES-17,RR,RES-*,44,15,34.1
250,RES-1022,RR,RES-*,44,15,34.1
250,RES-624,RR,RES-*,76,26,34.2
250,RES-797,RR,RES-*,32,11,34.4
250,RES-985,RR,RES-*,52,18,34.6
250,RES-240,RR,RES-*,95,33,34.7
250,RES-875,RR,RES-*,69,24,34.8
250,RES-385,RR,RES-*,46,16,34.8
250,RES-290,RR,RES-*,68,24,35.3
250,RES-518,RR,RES-*,59,21,35.6
250,RES-755,RR,RES-*,73,26,35.6
250,RES-781,RR,RES-*,98,35,35.7
250,RES-694,RR,RES-*,39,14,35.9
250,GN N0039 1-1571,RN,GN N*,83,30,36.1
250,RES-722,RR,RES-*,94,34,36.2
250,RES-188,RR,RES-*,11,4,36.4
250,RES-105,RR,RES-*,93,34,36.6
250,RES-724,RR,RES-*,71,26,36.6
250,RES-140,RR,RES-*,84,31,36.9
250,RES-330,RR,RES-*,162,60,37.0
250,RES-967,RR,RES-*,127,47,37.0
250,RES-543,RR,RES-*,89,33,37.1
250,RES-259,RR,RES-*,182,68,37.4
250,RES-346,RR,RES-*,40,15,37.5
250,RES-362,RR,RES-*,8,3,37.5
250,RES-611,RR,RES-*,96,36,37.5
250,RES-78,RR,RES-*,63,24,38.1
250,RES-732,RR,RES-*,115,44,38.3
250,RES-231,RR,RES-*,65,25,38.5
250,RES-122,RR,RES-*,78,30,38.5
250,RES-542,RR,RES-*,83,32,38.6
250,RES-59,RR,RES-*,100,39,39.0
250,RES-107,RR,RES-*,64,25,39.1
250,RES-847,RR,RES-*,64,25,39.1
250,RES-714,RR,RES-*,56,22,39.3
250,RES-446,RR,RES-*,66,26,39.4
250,RES-6,RR,RES-*,33,13,39.4
250,RES-41,RR,RES-*,94,37,39.4
250,RES-660,RR,RES-*,71,28,39.4
250,RES-249,RR,RES-*,83,33,39.8
250,RES-113,RR,RES-*,108,43,39.8
250,RES-153,RR,RES-*,25,10,40.0
250,RES-994,RR,RES-*,45,18,40.0
250,RES-971,RR,RES-*,30,12,40.0
250,RES-230,RR,RES-*,50,20,40.0
250,RES-681,RR,RES-*,10,4,40.0
250,RES-915,RR,RES-*,15,6,40.0
250,RES-468,RR,RES-*,5,2,40.0
250,RES-840,RR,RES-*,15,6,40.0
250,RES-425,RR,RES-*,35,14,40.0
250,RES-823,RR,RES-*,122,49,40.2
250,RES-772,RR,RES-*,67,27,40.3
250,RES-634,RR,RES-*,52,21,40.4
250,RES-427,RR,RES-*,27,11,40.7
250,RES-910,RR,RES-*,157,64,40.8
250,RES-288,RR,RES-*,49,20,40.8
250,RES-198,RR,RES-*,44,18,40.9
250,RES-876,RR,RES-*,198,82,41.4
250,RES-996,RR,RES-*,41,17,41.5
250,RES-717,RR,RES-*,12,5,41.7
250,RES-685,RR,RES-*,12,5,41.7
250,RES-459,RR,RES-*,84,35,41.7
250,RES-528,RR,RES-*,86,36,41.9
250,RES-649,RR,RES-*,112,47,42.0
250,RES-541,RR,RES-*,50,21,42.0
250,RES-472,RR,RES-*,19,8,42.1
250,RES-584,RR,RES-*,109,46,42.2
250,RES-698,RR,RES-*,52,22,42.3
250,RES-810,RR,RES-*,151,64,42.4
250,RES-701,RR,RES-*,141,60,42.6
250,GN N0041 2-1434,RN,GN N*,61,26,42.6
250,RES-517,RR,RES-*,14,6,42.9
250,RES-553,RR,RES-*,42,18,42.9
250,RES-457,RR,RES-*,42,18,42.9
250,RES-374,RR,RES-*,42,18,42.9
250,RES-195,RR,RES-*,28,12,42.9
250,RES-451,RR,RES-*,65,28,43.1
250,RES-769,RR,RES-*,55,24,43.6
250,RES-294,RR,RES-*,73,32,43.8
250,RES-966,RR,RES-*,226,99,43.8
250,RES-186,RR,RES-*,41,18,43.9
250,RES-931,RR,RES-*,57,25,43.9
250,RES-571,RR,RES-*,100,44,44.0
250,RES-380,RR,RES-*,52,23,44.2
250,RES-1,RR,RES-*,63,28,44.4
250,RES-197,RR,RES-*,180,80,44.4
250,RES-62,RR,RES-*,27,12,44.4
250,RES-786,RR,RES-*,168,75,44.6
250,RES-265,RR,RES-*,38,17,44.7
250,RES-949,RR,RES-*,96,43,44.8
250,RES-299,RR,RES-*,58,26,44.8
250,RES-498,RR,RES-*,80,36,45.0
250,RES-709,RR,RES-*,102,46,45.1
250,RES-766,RR,RES-*,33,15,45.5
250,RES-713,RR,RES-*,85,39,45.9
250,RES-798,RR,RES-*,204,94,46.1
250,RES-678,RR,RES-*,13,6,46.2
250,RES-499,RR,RES-*,28,13,46.4
250,RES-643,RR,RES-*,45,21,46.7
250,RES-642,RR,RES-*,49,23,46.9
250,RES-793,RR,RES-*,151,71,47.0
250,RES-593,RR,RES-*,104,49,47.1
250,RES-809,RR,RES-*,36,17,47.2
250,RES-1021,RR,RES-*,78,37,47.4
250,RES-68,RR,RES-*,97,46,47.4
250,RES-52,RR,RES-*,99,47,47.5
250,RES-523,RR,RES-*,143,68,47.6
250,RES-64,RR,RES-*,44,21,47.7
250,RES-727,RR,RES-*,169,81,47.9
250,RES-558,RR,RES-*,29,14,48.3
250,RES-110,RR,RES-*,29,14,48.3
250,RES-721,RR,RES-*,35,17,48.6
250,RES-673,RR,RES-*,43,21,48.8
250,RES-422,RR,RES-*,49,24,49.0
250,test,RR,autre,281,138,49.1
250,RES-775,RR,RES-*,215,107,49.8
250,RES-512,RR,RES-*,96,48,50.0
250,RES-680,RR,RES-*,66,33,50.0
250,RES-312,RR,RES-*,42,21,50.0
250,RES-371,RR,RES-*,48,24,50.0
250,RES-792,RR,RES-*,16,8,50.0
250,RES-780,RR,RES-*,113,57,50.4
250,RES-8,RR,RES-*,93,47,50.5
250,RES-770,RR,RES-*,77,39,50.6
250,RES-235,RR,RES-*,69,35,50.7
250,RES-503,RR,RES-*,51,26,51.0
250,RES-699,RR,RES-*,195,100,51.3
250,RES-363,RR,RES-*,85,44,51.8
250,RES-144,RR,RES-*,52,27,51.9
250,RES-920,RR,RES-*,90,47,52.2
250,RES-610,RR,RES-*,67,35,52.2
250,RES-697,RR,RES-*,57,30,52.6
250,RES-710,RR,RES-*,55,29,52.7
250,RES-597,RR,RES-*,49,26,53.1
250,RES-942,RR,RES-*,185,99,53.5
250,RES-676,RR,RES-*,69,37,53.6
250,RES-598,RR,RES-*,52,28,53.8
250,RES-61,RR,RES-*,93,50,53.8
250,RES-712,RR,RES-*,49,27,55.1
250,RES-621,RR,RES-*,69,38,55.1
250,RES-677,RR,RES-*,87,48,55.2
250,RES-10,RR,RES-*,29,16,55.2
250,RES-238,RR,RES-*,9,5,55.6
250,RES-33,RR,RES-*,61,34,55.7
250,RES-684,RR,RES-*,52,29,55.8
250,RES-424,RR,RES-*,32,18,56.3
250,RES-838,RR,RES-*,67,38,56.7
250,RES-280,RR,RES-*,35,20,57.1
250,RES-361,RR,RES-*,7,4,57.1
250,GN N0041 2-1432,RN,GN N*,108,62,57.4
250,RES-742,RR,RES-*,38,22,57.9
250,RES-594,RR,RES-*,60,35,58.3
250,RES-948,RR,RES-*,108,63,58.3
250,RES-779,RR,RES-*,178,104,58.4
250,GN N0024 1-1514,RN,GN N*,100,59,59.0
250,RES-14,RR,RES-*,39,23,59.0
250,RES-603,RR,RES-*,40,24,60.0
250,RES-613,RR,RES-*,50,30,60.0
250,RES-307,RR,RES-*,25,15,60.0
250,RES-301,RR,RES-*,45,27,60.0
250,RES-297,RR,RES-*,5,3,60.0
250,RES-635,RR,RES-*,33,20,60.6
250,RES-405,RR,RES-*,33,20,60.6
250,RES-30,RR,RES-*,28,17,60.7
250,RES-174,RR,RES-*,51,31,60.8
250,RES-368,RR,RES-*,18,11,61.1
250,RES-556,RR,RES-*,54,33,61.1
250,RES-679,RR,RES-*,26,16,61.5
250,RES-154,RR,RES-*,60,37,61.7
250,RES-43,RR,RES-*,34,21,61.8
250,RES-557,RR,RES-*,21,13,61.9
250,RES-295,RR,RES-*,42,26,61.9
250,RES-561,RR,RES-*,116,72,62.1
250,RES-386,RR,RES-*,82,51,62.2
250,RES-340,RR,RES-*,8,5,62.5
250,RES-843,RR,RES-*,67,42,62.7
250,RES-221,RR,RES-*,19,12,63.2
250,RES-143,RR,RES-*,66,42,63.6
250,RES-566,RR,RES-*,44,28,63.6
250,RES-836,RR,RES-*,66,42,63.6
250,RES-58,RR,RES-*,91,58,63.7
250,RES-138,RR,RES-*,73,47,64.4
250,RES-567,RR,RES-*,103,67,65.0
250,RES-289,RR,RES-*,29,19,65.5
250,RES-7,RR,RES-*,32,21,65.6
250,RES-977,RR,RES-*,104,69,66.3
250,RES-825,RR,RES-*,54,36,66.7
250,RES-796,RR,RES-*,147,98,66.7
250,RES-599,RR,RES-*,6,4,66.7
250,RES-1006,RR,RES-*,27,18,66.7
250,RES-700,RR,RES-*,48,32,66.7
250,RES-420,RR,RES-*,6,4,66.7
250,RES-1007,RR,RES-*,24,16,66.7
250,RES-213,RR,RES-*,12,8,66.7
250,RES-749,RR,RES-*,95,64,67.4
250,RES-304,RR,RES-*,160,108,67.5
250,RES-773,RR,RES-*,71,48,67.6
250,RES-489,RR,RES-*,53,36,67.9
250,RES-674,RR,RES-*,38,26,68.4
250,RES-9,RR,RES-*,57,39,68.4
250,RES-988,RR,RES-*,54,37,68.5
250,RES-941,RR,RES-*,45,31,68.9
250,RES-563,RR,RES-*,100,69,69.0
250,RES-822,RR,RES-*,50,35,70.0
250,RES-272,RR,RES-*,64,45,70.3
250,RES-932,RR,RES-*,116,82,70.7
250,RES-768,RR,RES-*,58,41,70.7
250,RES-753,RR,RES-*,24,17,70.8
250,RES-846,RR,RES-*,24,17,70.8
250,RES-682,RR,RES-*,103,73,70.9
250,RES-665,RR,RES-*,31,22,71.0
250,RES-76,RR,RES-*,166,118,71.1
250,RES-982,RR,RES-*,97,69,71.1
250,RES-466,RR,RES-*,97,69,71.1
250,RES-641,RR,RES-*,60,43,71.7
250,RES-180,RR,RES-*,75,54,72.0
250,RES-638,RR,RES-*,68,49,72.1
250,RES-111,RR,RES-*,18,13,72.2
250,RES-426,RR,RES-*,18,13,72.2
250,RES-149,RR,RES-*,47,34,72.3
250,RES-777,RR,RES-*,76,55,72.4
250,RES-930,RR,RES-*,29,21,72.4
250,RES-782,RR,RES-*,67,49,73.1
250,GN N0035 1-1546,RN,GN N*,97,71,73.2
250,RES-826,RR,RES-*,119,88,73.9
250,RES-741,RR,RES-*,27,20,74.1
250,RES-645,RR,RES-*,39,29,74.4
250,RES-662,RR,RES-*,24,18,75.0
250,RES-938,RR,RES-*,24,18,75.0
250,RES-141,RR,RES-*,65,49,75.4
250,RES-284,RR,RES-*,17,13,76.5
250,RES-693,RR,RES-*,26,20,76.9
250,GN N0030 2-1412,RN,GN N*,135,104,77.0
250,RES-669,RR,RES-*,9,7,77.8
250,RES-467,RR,RES-*,27,21,77.8
250,RES-696,RR,RES-*,23,18,78.3
250,RES-959,RR,RES-*,65,51,78.5
250,GN N0008 2,RN,GN N*,79,62,78.5
250,GN N0024 1-1404,RN,GN N*,147,116,78.9
250,RES-150,RR,RES-*,19,15,78.9
250,GN N0015 1-1305,RN,GN N*,45,36,80.0
250,RES-992,RR,RES-*,52,42,80.8
250,RES-663,RR,RES-*,100,81,81.0
250,RES-926,RR,RES-*,42,34,81.0
250,RES-997,RR,RES-*,22,18,81.8
250,RES-905,RR,RES-*,52,43,82.7
250,RES-1008,RR,RES-*,90,75,83.3
250,RES-387,RR,RES-*,60,50,83.3
250,RES-46,RR,RES-*,55,46,83.6
250,RES-998,RR,RES-*,45,38,84.4
250,GN N0042 1,RN,GN N*,81,69,85.2
250,RES-945,RR,RES-*,21,18,85.7
250,RES-495,RR,RES-*,42,36,85.7
250,RES-590,RR,RES-*,7,6,85.7
250,RES-578,RR,RES-*,7,6,85.7
250,GN N0038 2-1559,RN,GN N*,112,97,86.6
250,RES-325,RR,RES-*,45,39,86.7
250,RES-490,RR,RES-*,68,59,86.8
250,RES-940,RR,RES-*,46,40,87.0
250,GN N0009 1,RN,GN N*,124,108,87.1
250,GN N0031 1-1491,RN,GN N*,125,109,87.2
250,RES-476,RR,RES-*,8,7,87.5
250,RES-114,RR,RES-*,24,21,87.5
250,RES-884,RR,RES-*,17,15,88.2
250,RES-827,RR,RES-*,37,33,89.2
250,RES-44,RR,RES-*,47,42,89.4
250,RES-469,RR,RES-*,19,17,89.5
250,RES-348,RR,RES-*,61,55,90.2
250,RES-417,RR,RES-*,21,19,90.5
250,GN N0035 1,RN,GN N*,86,78,90.7
250,RES-707,RR,RES-*,22,20,90.9
250,RES-47,RR,RES-*,24,22,91.7
250,RES-5,RR,RES-*,13,12,92.3
250,RES-939,RR,RES-*,28,26,92.9
250,GN N0015 1-1308,RN,GN N*,69,65,94.2
250,RES-765,RR,RES-*,36,34,94.4
250,RES-972,RR,RES-*,28,27,96.4
250,GN N0002 7-1255,RN,GN N*,62,60,96.8
250,RES-969,RR,RES-*,33,32,97.0
250,GN N0005 4,RN,GN N*,54,53,98.1
250,GN N0022 1-1568,RN,GN N*,53,52,98.1
250,RES-759,RR,RES-*,111,109,98.2
250,RES-983,RR,RES-*,69,68,98.6
250,GN N0031 1-1490,RN,GN N*,124,123,99.2
250,GN N0031 1-1509,RN,GN N*,121,120,99.2
250,GN N0024 1-1513,RN,GN N*,121,120,99.2
250,KA 004,RU,autre,6,6,100.0
250,GN N0022 3-1377,RN,GN N*,79,79,100.0
250,GN N0027 1-1315,RN,GN N*,63,63,100.0
250,GN N0022 2-1398,RN,GN N*,100,100,100.0
250,GN N0003 4-1205,RN,GN N*,7,7,100.0
250,GN N0002 3-1119,RN,GN N*,52,52,100.0
250,GN N0023 1-1516,RN,GN N*,134,134,100.0
250,RN30-OSM-13,RN,*-OSM-*,29,29,100.0
250,GN N0003 3-1186,RN,GN N*,71,71,100.0
250,RN4-OSM-1,RN,*-OSM-*,5,5,100.0
250,DI 256,RU,autre,9,9,100.0
250,MA 006,RU,autre,3,3,100.0
250,GN N0029 1-1428,RN,GN N*,83,83,100.0
250,GN N0002 2-1111,RN,GN N*,63,63,100.0
250,GN N0040 1-1380,RN,GN N*,18,18,100.0
250,GN N0027 1,RN,GN N*,26,26,100.0
250,GN N0005 2-1168,RN,GN N*,31,31,100.0
250,GN N0007 1-1303,RN,GN N*,146,146,100.0
250,GN N0009 3,RN,GN N*,99,99,100.0
250,GN N0031 1-1507,RN,GN N*,88,88,100.0
250,RN1-OSM-3,RN,*-OSM-*,26,26,100.0
250,GN N0001 9-1095,RN,GN N*,88,88,100.0
250,GN N0022 2,RN,GN N*,36,36,100.0
250,GN N0023 1-1573,RN,GN N*,102,102,100.0
250,GN N0005 3-1177,RN,GN N*,31,31,100.0
250,GN N0002 1-1105,RN,GN N*,105,105,100.0
250,GN N0008 1-1456,RN,GN N*,46,46,100.0
250,GN N0005 2-1171,RN,GN N*,29,29,100.0
250,GN N0005 3-1450,RN,GN N*,29,29,100.0
250,GN N0022 2-1394,RN,GN N*,86,86,100.0
250,RES-734,RR,RES-*,2,2,100.0
250,GN N0001 8,RN,GN N*,87,87,100.0
250,DI 256-w1097251581,RU,autre,2,2,100.0
250,GN N0024 1-1405,RN,GN N*,110,110,100.0
250,GN N0036 1,RN,GN N*,88,88,100.0
250,GN N0024 1-1400,RN,GN N*,31,31,100.0
250,GN N0020 1,RN,GN N*,60,60,100.0
250,GN N0041 1-1438,RN,GN N*,56,56,100.0
250,GN N0022 3-1373,RN,GN N*,28,28,100.0
250,GN N0008 1-1340,RN,GN N*,76,76,100.0
250,RES-92,RR,RES-*,1,1,100.0
250,GN N0019 1-1483,RN,GN N*,47,47,100.0
250,GN N0035 1-1548,RN,GN N*,62,62,100.0
250,GN N0009 1-1337,RN,GN N*,47,47,100.0
250,GN N0029 1-1425,RN,GN N*,97,97,100.0
250,GN N0007 1,RN,GN N*,133,133,100.0
250,RES-397,RR,RES-*,20,20,100.0
250,GN N0022 2-1395,RN,GN N*,78,78,100.0
250,GN N0025 2-1370,RN,GN N*,35,35,100.0
250,DI 814,RU,autre,8,8,100.0
250,RN30-OSM-41,RN,*-OSM-*,28,28,100.0
250,GN N0022 2-1361,RN,GN N*,15,15,100.0
250,GN N0026 1-1411,RN,GN N*,80,80,100.0
250,GN N0009 1-1339,RN,GN N*,38,38,100.0
250,GN N0023 1-1555,RN,GN N*,92,92,100.0
250,GN N0010 2-1267,RN,GN N*,15,15,100.0
250,RN25-OSM-0,RN,*-OSM-*,40,40,100.0
250,MA 784-w270805335,RU,autre,1,1,100.0
250,MA 784-w264627784,RU,autre,1,1,100.0
250,RN1-OSM-5,RN,*-OSM-*,33,33,100.0
250,GN N0026 1-1557,RN,GN N*,51,51,100.0
250,GN N0009 2-1328,RN,GN N*,75,75,100.0
250,GN N0001 5-1040,RN,GN N*,113,113,100.0
250,MA. 250,RU,autre,9,9,100.0
250,GN N0027 2-1241,RN,GN N*,91,91,100.0
250,GN N0020 1-1202,RN,GN N*,91,91,100.0
250,GN N0040 1-1487,RN,GN N*,45,45,100.0
250,GN N0005 5,RN,GN N*,65,65,100.0
250,GN N0027 2,RN,GN N*,88,88,100.0
250,GN N0002 1-1094,RN,GN N*,73,73,100.0
250,GN N0024 1-1399,RN,GN N*,13,13,100.0
250,MA 784-w174021510,RU,autre,1,1,100.0
250,GN N0006 2-1498,RN,GN N*,107,107,100.0
250,GN N0001 3-1214,RN,GN N*,53,53,100.0
250,GN N0005 5-1525,RN,GN N*,96,96,100.0
250,RES-313,RR,RES-*,9,9,100.0
250,RN6-OSM-11,RN,*-OSM-*,6,6,100.0
250,GN N0030 1-1244,RN,GN N*,78,78,100.0
250,GN N0037 1-1446,RN,GN N*,81,81,100.0
250,GN N0001 2,RN,GN N*,25,25,100.0
250,GN N0030 2-1495,RN,GN N*,106,106,100.0
250,GN N0022 3,RN,GN N*,29,29,100.0
250,GN N0002 6,RN,GN N*,15,15,100.0
250,GN N0002 5-1142,RN,GN N*,50,50,100.0
250,GN N0006 1-1149,RN,GN N*,35,35,100.0
250,GN N0001 3-1063,RN,GN N*,34,34,100.0
250,GN N0004 1-1173,RN,GN N*,47,47,100.0
250,GN N0018 1,RN,GN N*,53,53,100.0
250,GN N0001 5-1519,RN,GN N*,97,97,100.0
250,GN N0022 3-1372,RN,GN N*,113,113,100.0
250,GN N0030 2-1543,RN,GN N*,108,108,100.0
250,GN N0001 5-1083,RN,GN N*,123,123,100.0
250,GN N0035 1-1549,RN,GN N*,95,95,100.0
250,GN N0034 2-1443,RN,GN N*,100,100,100.0
250,GN N0002 4-1129,RN,GN N*,107,107,100.0
250,GN N0002 1-1433,RN,GN N*,23,23,100.0
250,GN N0033 2,RN,GN N*,101,101,100.0
250,GN N0005 1-1166,RN,GN N*,79,79,100.0
250,GN N0022 2-1393,RN,GN N*,111,111,100.0
250,GN N0033 1-1281,RN,GN N*,101,101,100.0
250,GN N0005 4-1551,RN,GN N*,73,73,100.0
250,GN N0006 1-1534,RN,GN N*,84,84,100.0
250,GN N000110-1257,RN,GN N*,72,72,100.0
250,GN N0002 5-1143,RN,GN N*,8,8,100.0
250,RN25-OSM-8,RN,*-OSM-*,31,31,100.0
250,GN N0001 1-1055,RN,GN N*,13,13,100.0
250,GN N0001 3-1226,RN,GN N*,16,16,100.0
250,RN1-OSM-8,RN,*-OSM-*,9,9,100.0
250,KA. 032,RU,autre,4,4,100.0
250,GN N0004 1-1174,RN,GN N*,53,53,100.0
250,GN N0005 2-1169,RN,GN N*,43,43,100.0
250,GN N0001 5,RN,GN N*,101,101,100.0
250,GN N0029 1-1437,RN,GN N*,98,98,100.0
250,GN N0005 4-1322,RN,GN N*,86,86,100.0
250,GN N0024 2-1355,RN,GN N*,97,97,100.0
250,GN N0024 2-1346,RN,GN N*,45,45,100.0
250,GN N0039 1-1500,RN,GN N*,56,56,100.0
250,GN N0032 1-1511,RN,GN N*,112,112,100.0
250,GN N0022 3-1356,RN,GN N*,60,60,100.0
250,DI 256-w1097251582,RU,autre,3,3,100.0
250,GN N0038 1-1561,RN,GN N*,81,81,100.0
250,RN22-OSM-11,RN,*-OSM-*,17,17,100.0
250,GN N0025 1-1367,RN,GN N*,28,28,100.0
250,GN N000110-1253,RN,GN N*,32,32,100.0
250,GN N0002 2-1115,RN,GN N*,20,20,100.0
250,GN N0034 1-1447,RN,GN N*,72,72,100.0
250,RN1-OSM-15,RN,*-OSM-*,24,24,100.0
250,GN N0025 1,RN,GN N*,36,36,100.0
250,GN N0003 2-1194,RN,GN N*,72,72,100.0
250,GN N0027 1-1317,RN,GN N*,90,90,100.0
250,MA 784,RU,autre,11,11,100.0
250,RN30-OSM-65,RN,*-OSM-*,8,8,100.0
250,RN4-OSM-2,RN,*-OSM-*,25,25,100.0
250,GN N0041 1-1441,RN,GN N*,46,46,100.0
250,GN N0041 2,RN,GN N*,76,76,100.0
250,RN25-OSM-13,RN,*-OSM-*,45,45,100.0
250,KA. 050-w571806430,RU,autre,1,1,100.0
250,GN N0008 1-1457,RN,GN N*,18,18,100.0
250,GN N0001 4,RN,GN N*,11,11,100.0
250,RES-587,RR,RES-*,1,1,100.0
250,KA 086,RU,autre,5,5,100.0
250,GN N0010 2,RN,GN N*,11,11,100.0
250,GN N0012 1-1493,RN,GN N*,75,75,100.0
250,RN6-OSM-10,RN,*-OSM-*,4,4,100.0
250,GN N0002 2-1108,RN,GN N*,60,60,100.0
250,GN N0002 2,RN,GN N*,114,114,100.0
250,GN N0027 1-1227,RN,GN N*,38,38,100.0
250,GN N0009 1-1332,RN,GN N*,104,104,100.0
250,RN1-OSM-22,RN,*-OSM-*,16,16,100.0
250,GN N0006 1-1152,RN,GN N*,45,45,100.0
250,GN N0037 1,RN,GN N*,123,123,100.0
250,RN1-OSM-13,RN,*-OSM-*,28,28,100.0
250,GN N0001 4-1076,RN,GN N*,28,28,100.0
250,GN N0022 1,RN,GN N*,38,38,100.0
250,RES-733,RR,RES-*,2,2,100.0
250,GN N0006 1-1145,RN,GN N*,71,71,100.0
250,GN N0025 1-1360,RN,GN N*,103,103,100.0
250,GN N0002 2-1113,RN,GN N*,88,88,100.0
250,GN N0005 4-1552,RN,GN N*,115,115,100.0
250,GN N0010 1-1293,RN,GN N*,69,69,100.0
250,GN N0029 1,RN,GN N*,87,87,100.0
250,GN N0018 1-1468,RN,GN N*,63,63,100.0
250,GN N000110-1263,RN,GN N*,106,106,100.0
250,RES-464,RR,RES-*,11,11,100.0
250,GN N0001 9-1526,RN,GN N*,36,36,100.0
250,RES-339,RR,RES-*,1,1,100.0
250,GN N0008 1-1342,RN,GN N*,32,32,100.0
250,GN N0008 1-1455,RN,GN N*,64,64,100.0
250,RES-421,RR,RES-*,2,2,100.0
250,GN N0033 1-1282,RN,GN N*,123,123,100.0
250,RN27-OSM-0,RN,*-OSM-*,7,7,100.0
250,GN N0004 1-1103,RN,GN N*,12,12,100.0
250,GN N0021 1-1193,RN,GN N*,67,67,100.0
250,GN N0002 1-1102,RN,GN N*,66,66,100.0
250,GN N0002 3-1121,RN,GN N*,49,49,100.0
250,GN N0002 5-1136,RN,GN N*,123,123,100.0
250,GN N0005 6,RN,GN N*,126,126,100.0
250,RES-283,RR,RES-*,4,4,100.0
250,GN N0005 1-1163,RN,GN N*,31,31,100.0
250,GN N0002 5-1138,RN,GN N*,40,40,100.0
250,GN N0022 2-1358,RN,GN N*,55,55,100.0
250,GN N0009 2,RN,GN N*,44,44,100.0
250,GN N0001 9-1524,RN,GN N*,53,53,100.0
250,MA 286,RU,autre,9,9,100.0
250,GN N0042 2,RN,GN N*,81,81,100.0
250,GN N0003 3-1481,RN,GN N*,31,31,100.0
250,GN N0006 3-1159,RN,GN N*,84,84,100.0
250,GN N0001 9-1096,RN,GN N*,59,59,100.0
250,GN N0030 1-1245,RN,GN N*,52,52,100.0
250,GN N0001 6-1299,RN,GN N*,16,16,100.0
250,GN N0028 1-1230,RN,GN N*,56,56,100.0
250,GN N0001 3-1216,RN,GN N*,136,136,100.0
250,GN N0014 1-1422,RN,GN N*,72,72,100.0
250,GN N0008 1-1344,RN,GN N*,46,46,100.0
250,GN N0006 3-1160,RN,GN N*,75,75,100.0
250,GN N0030 1-1278,RN,GN N*,69,69,100.0
250,GN N0002 5-1139,RN,GN N*,46,46,100.0
250,GN N0022 3-1378,RN,GN N*,89,89,100.0
250,GN N0040 1-1375,RN,GN N*,15,15,100.0
250,GN N0002 4-1127,RN,GN N*,51,51,100.0
250,GN N0026 1,RN,GN N*,58,58,100.0
250,GN N0003 4-1204,RN,GN N*,68,68,100.0
250,GN N0033 2-1284,RN,GN N*,91,91,100.0
250,KA 094,RU,autre,5,5,100.0
250,GN N0030 2,RN,GN N*,43,43,100.0
250,GN N0002 6-1423,RN,GN N*,13,13,100.0
250,GN N0030 2-1413,RN,GN N*,59,59,100.0
250,GN N0001 9-1576,RN,GN N*,63,63,100.0
250,GN N0001 5-1085,RN,GN N*,97,97,100.0
250,GN N0010 1-1272,RN,GN N*,73,73,100.0
250,GN N0031 1-1536,RN,GN N*,75,75,100.0
250,GN N0035 1-1547,RN,GN N*,101,101,100.0
250,RES-604,RR,RES-*,14,14,100.0
250,GN N0009 1-1341,RN,GN N*,50,50,100.0
250,GN N0001 6-1088,RN,GN N*,77,77,100.0
250,GN N0021 2-1554,RN,GN N*,93,93,100.0
250,GN N0003 5-1387,RN,GN N*,34,34,100.0
250,GN N0018 2,RN,GN N*,42,42,100.0
250,GN N0021 2-1553,RN,GN N*,91,91,100.0
250,RN25-OSM-4,RN,*-OSM-*,31,31,100.0
250,GN N0009 1-1334,RN,GN N*,32,32,100.0
250,GN N0030 1,RN,GN N*,53,53,100.0
250,DI. 002-w291395350,RU,autre,1,1,100.0
250,DI 814-w38649509,RU,autre,1,1,100.0
250,KA. 050-w38698336,RU,autre,1,1,100.0
250,GN N0006 3-1157,RN,GN N*,77,77,100.0
250,GN N0007 2-1247,RN,GN N*,85,85,100.0
250,GN N0006 1-1148,RN,GN N*,95,95,100.0
250,GN N0003 4,RN,GN N*,37,37,100.0
250,GN N000110-1256,RN,GN N*,27,27,100.0
250,GN N0002 6-1460,RN,GN N*,9,9,100.0
250,GN N0001 7-1480,RN,GN N*,75,75,100.0
250,GN N0001 3-1224,RN,GN N*,12,12,100.0
250,GN N0027 2-1237,RN,GN N*,61,61,100.0
250,GN N0002 4,RN,GN N*,55,55,100.0
250,GN N0008 1-1459,RN,GN N*,14,14,100.0
250,GN N0022 2-1396,RN,GN N*,136,136,100.0
250,GN N0038 1-1562,RN,GN N*,74,74,100.0
250,GN N0016 1-1296,RN,GN N*,58,58,100.0
250,GN N0023 1-1499,RN,GN N*,116,116,100.0
250,RES-310,RR,RES-*,1,1,100.0
250,RES-943,RR,RES-*,20,20,100.0
250,GN N0021 1-1191,RN,GN N*,65,65,100.0
250,GN N0004 2-1489,RN,GN N*,45,45,100.0
250,GN N0001 8-1289,RN,GN N*,137,137,100.0
250,GN N0038 2,RN,GN N*,136,136,100.0
250,RES-583,RR,RES-*,1,1,100.0
250,GN N0026 1-1492,RN,GN N*,77,77,100.0
250,GN N0005 5-1444,RN,GN N*,104,104,100.0
250,GN N0038 2-1563,RN,GN N*,58,58,100.0
250,MA. 500,RU,autre,7,7,100.0
250,GN N0021 1-1439,RN,GN N*,22,22,100.0
250,RES-343,RR,RES-*,1,1,100.0
250,GN N0003 3,RN,GN N*,26,26,100.0
250,GN N0007 1-1302,RN,GN N*,90,90,100.0
250,GN N0034 1-1453,RN,GN N*,87,87,100.0
250,GN N0007 2-1539,RN,GN N*,92,92,100.0
250,RN1-OSM-21,RN,*-OSM-*,9,9,100.0
250,GN N0001 4-1077,RN,GN N*,33,33,100.0
250,GN N0018 2-1521,RN,GN N*,84,84,100.0
250,RN1-OSM-17,RN,*-OSM-*,8,8,100.0
250,GN N0022 1-1578,RN,GN N*,106,106,100.0
250,GN N0003 1-1448,RN,GN N*,125,125,100.0
250,GN N0023 2,RN,GN N*,84,84,100.0
250,KA. 050,RU,autre,1,1,100.0
250,GN N0039 1-1502,RN,GN N*,52,52,100.0
250,GN N0004 2-1183,RN,GN N*,51,51,100.0
250,GN N0023 1-1517,RN,GN N*,99,99,100.0
250,GN N0002 4-1126,RN,GN N*,30,30,100.0
250,GN N0001 0,RN,GN N*,83,83,100.0
250,GN N0021 2-1402,RN,GN N*,140,140,100.0
250,GN N0003 5-1390,RN,GN N*,16,16,100.0
250,MA. 006-w605957605,RU,autre,7,7,100.0
250,GN N0005 4-1579,RN,GN N*,125,125,100.0
250,GN N0001 4-1075,RN,GN N*,73,73,100.0
250,RN25-OSM-1,RN,*-OSM-*,59,59,100.0
250,GN N0006 2-1506,RN,GN N*,116,116,100.0
250,RN1-OSM-19,RN,*-OSM-*,39,39,100.0
250,GN N0002 6-1461,RN,GN N*,43,43,100.0
250,GN N0039 1-1504,RN,GN N*,61,61,100.0
250,GN N0006 2-1530,RN,GN N*,84,84,100.0
250,GN N0008 1-1365,RN,GN N*,29,29,100.0
250,RN5-OSM-88,RN,*-OSM-*,1,1,100.0
250,GN N0001 3-1064,RN,GN N*,34,34,100.0
250,RN4-OSM-3,RN,*-OSM-*,62,62,100.0
250,GN N0008 1-1345,RN,GN N*,40,40,100.0
250,GN N0004 1-1181,RN,GN N*,43,43,100.0
250,GN N0021 2-1401,RN,GN N*,79,79,100.0
250,GN N0034 2,RN,GN N*,84,84,100.0
250,RES-731,RR,RES-*,1,1,100.0
250,GN N0030 2-1311,RN,GN N*,133,133,100.0
250,GN N0002 2-1112,RN,GN N*,68,68,100.0
250,GN N0022 1-1208,RN,GN N*,5,5,100.0
250,GN N0001 9-1575,RN,GN N*,90,90,100.0
250,GN N0002 4-1128,RN,GN N*,39,39,100.0
250,GN N000110-1042,RN,GN N*,8,8,100.0
250,GN N0033 1,RN,GN N*,11,11,100.0
250,GN N0002 5-1137,RN,GN N*,79,79,100.0
250,RN1-OSM-10,RN,*-OSM-*,4,4,100.0
250,RN29-OSM-18,RN,*-OSM-*,66,66,100.0
250,GN N0003 1-1189,RN,GN N*,66,66,100.0
250,GN N0002 6-1463,RN,GN N*,35,35,100.0
250,KA 007,RU,autre,2,2,100.0
250,GN N0001 2-1222,RN,GN N*,20,20,100.0
250,GN N0027 2-1242,RN,GN N*,67,67,100.0
250,GN N0002 1-1093,RN,GN N*,99,99,100.0
250,GN N0001 4-1073,RN,GN N*,53,53,100.0
250,GN N0001 9-1523,RN,GN N*,65,65,100.0
250,RN1-OSM-70,RN,*-OSM-*,28,28,100.0
250,GN N0002 3-1213,RN,GN N*,57,57,100.0
250,RN4-OSM-0,RN,*-OSM-*,2,2,100.0
250,GN N0012 1,RN,GN N*,80,80,100.0
250,RN1-OSM-32,RN,*-OSM-*,10,10,100.0
250,GN N0017 1-1250,RN,GN N*,117,117,100.0
250,GN N0004 1-1180,RN,GN N*,68,68,100.0
250,RN1-OSM-9,RN,*-OSM-*,23,23,100.0
250,GN N0001 3,RN,GN N*,52,52,100.0
250,GN N0027 2-1239,RN,GN N*,147,147,100.0
250,GN N0001 2-1059,RN,GN N*,146,146,100.0
250,GN N0002 3,RN,GN N*,38,38,100.0
250,GN N0009 2-1329,RN,GN N*,127,127,100.0
250,GN N0009 1-1343,RN,GN N*,61,61,100.0
250,GN N0038 1,RN,GN N*,113,113,100.0
250,GN N0003 5-1386,RN,GN N*,68,68,100.0
250,GN N0006 3,RN,GN N*,90,90,100.0
250,GN N0010 2-1264,RN,GN N*,52,52,100.0
250,GN N0019 1,RN,GN N*,62,62,100.0
250,GN N0006 2-1529,RN,GN N*,76,76,100.0
250,GN N0003 5,RN,GN N*,86,86,100.0
250,GN N000110-1260,RN,GN N*,72,72,100.0
250,RN4-OSM-5,RN,*-OSM-*,76,76,100.0
250,RN30-OSM-58,RN,*-OSM-*,14,14,100.0
250,RES-726,RR,RES-*,1,1,100.0
250,GN N0004 2-1184,RN,GN N*,37,37,100.0
250,GN N0005 3,RN,GN N*,8,8,100.0
250,RES-431,RR,RES-*,1,1,100.0
250,RN31-OSM-11,RN,*-OSM-*,7,7,100.0
250,GN N0001 2-1223,RN,GN N*,22,22,100.0
250,GN N0032 1-1510,RN,GN N*,95,95,100.0
250,GN N0003 5-1392,RN,GN N*,62,62,100.0
250,GN N0031 1,RN,GN N*,102,102,100.0
250,GN N0008 1-1458,RN,GN N*,31,31,100.0
250,GN N0030 1-1313,RN,GN N*,127,127,100.0
250,GN N0008 1-1335,RN,GN N*,68,68,100.0
250,RN25-OSM-5,RN,*-OSM-*,95,95,100.0
250,RES-333,RR,RES-*,1,1,100.0
250,GN N0029 1-1427,RN,GN N*,63,63,100.0
250,GN N0001 7-1537,RN,GN N*,108,108,100.0
250,GN N0001 1-1054,RN,GN N*,28,28,100.0
250,GN N0028 2-1234,RN,GN N*,36,36,100.0
250,GN N0001 9,RN,GN N*,10,10,100.0
250,GN N0001 4-1072,RN,GN N*,95,95,100.0
250,RN20-OSM-0,RN,*-OSM-*,11,11,100.0
250,GN N0006 1-1147,RN,GN N*,113,113,100.0
250,GN N0022 2-1362,RN,GN N*,15,15,100.0
250,GN N0001 6,RN,GN N*,73,73,100.0
250,DI 814-w140785577,RU,autre,2,2,100.0
250,GN N0001 4-1079,RN,GN N*,25,25,100.0
250,DI 814-w1097249164,RU,autre,1,1,100.0
250,GN N0002 1-1101,RN,GN N*,55,55,100.0
250,GN N0005 4-1316,RN,GN N*,54,54,100.0
250,RN22-OSM-13,RN,*-OSM-*,53,53,100.0
250,GN N0028 2-1472,RN,GN N*,52,52,100.0
250,RN4-OSM-6,RN,*-OSM-*,3,3,100.0
250,GN N0010 1,RN,GN N*,19,19,100.0
250,RN30-OSM-35,RN,*-OSM-*,5,5,100.0
250,GN N0001 3-1065,RN,GN N*,20,20,100.0
250,RN33-OSM-8,RN,*-OSM-*,3,3,100.0
250,GN N0022 3-1351,RN,GN N*,44,44,100.0
250,GN N0001 0-1567,RN,GN N*,82,82,100.0
250,GN N0016 1,RN,GN N*,72,72,100.0
250,GN N0006 2-1218,RN,GN N*,58,58,100.0
250,GN N0005 3-1452,RN,GN N*,31,31,100.0
250,RES-623,RR,RES-*,16,16,100.0
250,GN N0033 1-1277,RN,GN N*,101,101,100.0
250,GN N0003 1-1188,RN,GN N*,40,40,100.0
250,GN N0030 2-1544,RN,GN N*,54,54,100.0
250,GN N0028 1-1231,RN,GN N*,68,68,100.0
250,GN N0001 8-1288,RN,GN N*,56,56,100.0
250,GN N0026 1-1410,RN,GN N*,77,77,100.0
250,GN N0040 1-1430,RN,GN N*,119,119,100.0
250,GN N0011 1-1269,RN,GN N*,36,36,100.0
250,GN N0007 2-1307,RN,GN N*,95,95,100.0
250,GN N0027 1-1318,RN,GN N*,33,33,100.0
250,GN N0002 1-1531,RN,GN N*,74,74,100.0
250,GN N0001 7,RN,GN N*,97,97,100.0
250,RES-281,RR,RES-*,4,4,100.0
250,GN N0021 1,RN,GN N*,23,23,100.0
250,GN N0021 1-1116,RN,GN N*,22,22,100.0
250,GN N0005 1-1164,RN,GN N*,80,80,100.0
250,GN N0032 1,RN,GN N*,86,86,100.0
250,GN N0004 2,RN,GN N*,35,35,100.0
250,RES-239,RR,RES-*,15,15,100.0
250,GN N0005 4-1321,RN,GN N*,32,32,100.0
250,DI. 002,RU,autre,1,1,100.0
250,GN N0002 1-1097,RN,GN N*,78,78,100.0
250,GN N0005 6-1179,RN,GN N*,83,83,100.0
250,GN N0031 1-1298,RN,GN N*,136,136,100.0
250,GN N0030 2-1249,RN,GN N*,62,62,100.0
250,GN N0012 1-1508,RN,GN N*,129,129,100.0
250,GN N0030 2-1494,RN,GN N*,144,144,100.0
250,RN29-OSM-5,RN,*-OSM-*,67,67,100.0
250,GN N0005 3-1178,RN,GN N*,59,59,100.0
250,GN N0018 2-1482,RN,GN N*,137,137,100.0
250,DI 002-w1096262465,RU,autre,1,1,100.0
250,GN N0010 1-1292,RN,GN N*,63,63,100.0
250,GN N0011 1-1268,RN,GN N*,96,96,100.0
250,GN N0003 3-1158,RN,GN N*,52,52,100.0
250,GN N0024 2-1354,RN,GN N*,123,123,100.0
250,GN N0002 7-1294,RN,GN N*,19,19,100.0
250,GN N0005 2-1175,RN,GN N*,36,36,100.0
250,GN N0025 2-1369,RN,GN N*,71,71,100.0
250,RN1-OSM-4,RN,*-OSM-*,11,11,100.0
250,RN1-OSM-6,RN,*-OSM-*,26,26,100.0
250,GN N0002 3-1212,RN,GN N*,48,48,100.0
250,KA. 035,RU,autre,2,2,100.0
250,GN N0024 2-1338,RN,GN N*,67,67,100.0
250,RN1-OSM-1,RN,*-OSM-*,12,12,100.0
250,GN N0005 2,RN,GN N*,26,26,100.0
250,GN N0005 5-1211,RN,GN N*,60,60,100.0
250,GN N0028 1,RN,GN N*,31,31,100.0
250,GN N0021 1-1192,RN,GN N*,60,60,100.0
250,GN N0006 2,RN,GN N*,130,130,100.0
250,GN N0001 3-1066,RN,GN N*,36,36,100.0
250,GN N0027 1-1314,RN,GN N*,45,45,100.0
250,GN N0003 5-1389,RN,GN N*,78,78,100.0
250,GN N0002 5-1135,RN,GN N*,85,85,100.0
250,GN N0039 1,RN,GN N*,129,129,100.0
250,GN N0006 1,RN,GN N*,66,66,100.0
250,GN N0017 1,RN,GN N*,65,65,100.0
250,GN N0034 1-1564,RN,GN N*,52,52,100.0
250,GN N0034 1,RN,GN N*,58,58,100.0
250,GN N0001 3-1225,RN,GN N*,26,26,100.0
250,GN N0002 2-1577,RN,GN N*,7,7,100.0
250,RN25-OSM-11,RN,*-OSM-*,9,9,100.0
250,GN N0026 1-1558,RN,GN N*,44,44,100.0
250,KA 080,RU,autre,7,7,100.0
250,GN N0013 1-1408,RN,GN N*,95,95,100.0
250,GN N0010 1-1037,RN,GN N*,42,42,100.0
250,KA. 050-w38652599,RU,autre,4,4,100.0
250,GN N0001 4-1082,RN,GN N*,72,72,100.0
250,GN N0001 7-1538,RN,GN N*,62,62,100.0
250,GN N0003 2,RN,GN N*,44,44,100.0
250,GN N0004 1,RN,GN N*,24,24,100.0
250,GN N0015 1,RN,GN N*,63,63,100.0
250,RN25-OSM-18,RN,*-OSM-*,19,19,100.0
250,GN N0023 1-1574,RN,GN N*,79,79,100.0
250,RN1-OSM-2,RN,*-OSM-*,22,22,100.0
250,GN N0002 5-1533,RN,GN N*,92,92,100.0
250,GN N0025 1-1357,RN,GN N*,78,78,100.0
250,GN N0001 7-1297,RN,GN N*,141,141,100.0
250,GN N0003 1,RN,GN N*,21,21,100.0
250,GN N0023 1-1503,RN,GN N*,63,63,100.0
250,GN N0002 6-1462,RN,GN N*,46,46,100.0
250,GN N0005 5-1528,RN,GN N*,88,88,100.0
250,GN N0009 2-1327,RN,GN N*,115,115,100.0
250,GN N0001 2-1058,RN,GN N*,82,82,100.0
250,GN N0026 1-1560,RN,GN N*,87,87,100.0
250,GN N0024 2-1347,RN,GN N*,77,77,100.0
250,GN N0036 1-1417,RN,GN N*,32,32,100.0
250,DI 002,RU,autre,10,10,100.0
250,RN1-OSM-7,RN,*-OSM-*,37,37,100.0
250,GN N0030 2-1414,RN,GN N*,123,123,100.0
250,GN N0001 7-1476,RN,GN N*,101,101,100.0
250,GN N0042 2-1471,RN,GN N*,92,92,100.0
250,RES-788,RR,RES-*,14,14,100.0
250,GN N0017 1-1276,RN,GN N*,127,127,100.0
250,GN N0040 1-1429,RN,GN N*,43,43,100.0
250,GN N0001 7-1478,RN,GN N*,42,42,100.0
250,GN N0018 2-1520,RN,GN N*,136,136,100.0
250,GN N0001 9-1090,RN,GN N*,54,54,100.0
250,GN N0026 1-1475,RN,GN N*,96,96,100.0
250,GN N0001 3-1069,RN,GN N*,30,30,100.0
250,GN N0018 1-1467,RN,GN N*,69,69,100.0
250,GN N0002 2-1109,RN,GN N*,55,55,100.0
250,GN N0027 1-1319,RN,GN N*,36,36,100.0
250,GN N0024 1,RN,GN N*,24,24,100.0
250,GN N0031 1-1535,RN,GN N*,98,98,100.0
250,GN N0017 1-1285,RN,GN N*,119,119,100.0
250,GN N0001 5-1518,RN,GN N*,123,123,100.0
250,GN N0021 1-1153,RN,GN N*,25,25,100.0
250,GN N0037 1-1542,RN,GN N*,71,71,100.0
250,GN N0002 5,RN,GN N*,34,34,100.0
250,GN N0002 3-1118,RN,GN N*,23,23,100.0
250,GN N000110,RN,GN N*,9,9,100.0
250,GN N0001 8-1287,RN,GN N*,53,53,100.0
250,GN N0003 1-1187,RN,GN N*,32,32,100.0
250,GN N0001 3-1217,RN,GN N*,31,31,100.0
250,MA. 006,RU,autre,1,1,100.0
250,GN N0001 4-1071,RN,GN N*,70,70,100.0
250,GN N0022 2-1397,RN,GN N*,46,46,100.0
250,DI 814-w140785572,RU,autre,9,9,100.0
250,KA. 080,RU,autre,2,2,100.0
250,GN N0031 1-1301,RN,GN N*,110,110,100.0
250,GN N0005 4-1323,RN,GN N*,55,55,100.0
250,GN N0010 1-1270,RN,GN N*,41,41,100.0
250,GN N0005 5-1445,RN,GN N*,57,57,100.0
250,RN1-OSM-18,RN,*-OSM-*,25,25,100.0
250,GN N0002 3-1122,RN,GN N*,46,46,100.0
250,GN N0001 2-1220,RN,GN N*,15,15,100.0
250,GN N0008 1,RN,GN N*,24,24,100.0
250,GN N0002 2-1107,RN,GN N*,133,133,100.0
250,GN N000110-1258,RN,GN N*,61,61,100.0
250,GN N0003 2-1197,RN,GN N*,48,48,100.0
250,RN1-OSM-16,RN,*-OSM-*,15,15,100.0
250,GN N0006 1-1150,RN,GN N*,45,45,100.0
250,GN N0028 2-1235,RN,GN N*,11,11,100.0
250,GN N0041 1-1440,RN,GN N*,66,66,100.0
250,GN N0003 3-1185,RN,GN N*,17,17,100.0
250,GN N0022 1-1496,RN,GN N*,124,124,100.0
250,GN N0011 1,RN,GN N*,56,56,100.0
250,GN N0017 1-1280,RN,GN N*,110,110,100.0
250,RN1-OSM-119,RN,*-OSM-*,10,10,100.0
250,KA 086-w38895164,RU,autre,6,6,100.0
250,GN N0024 2-1333,RN,GN N*,71,71,100.0
250,GN N0003 3-1199,RN,GN N*,113,113,100.0
250,GN N0005 3-1176,RN,GN N*,29,29,100.0
250,GN N0003 3-1200,RN,GN N*,113,113,100.0
250,RN29-OSM-4,RN,*-OSM-*,95,95,100.0
250,RN1-OSM-26,RN,*-OSM-*,64,64,100.0
250,GN N0002 1-1104,RN,GN N*,122,122,100.0
250,GN N0014 1-1421,RN,GN N*,50,50,100.0
250,DI 002-w1096262466,RU,autre,6,6,100.0
250,RN22-OSM-9,RN,*-OSM-*,66,66,100.0
250,DI 814-w269147255,RU,autre,2,2,100.0
250,GN N0034 1-1451,RN,GN N*,103,103,100.0
250,GN N0003 1-1190,RN,GN N*,39,39,100.0
250,GN N0003 5-1388,RN,GN N*,37,37,100.0
250,GN N0032 1-1512,RN,GN N*,130,130,100.0
250,GN N0024 2-1348,RN,GN N*,31,31,100.0
250,GN N0013 1,RN,GN N*,98,98,100.0
250,GN N0001 4-1078,RN,GN N*,27,27,100.0
250,GN N0005 2-1170,RN,GN N*,36,36,100.0
250,GN N0025 1-1368,RN,GN N*,37,37,100.0
250,RN29-OSM-21,RN,*-OSM-*,23,23,100.0
250,MA. 006-w605957606,RU,autre,5,5,100.0
250,RN1-OSM-24,RN,*-OSM-*,5,5,100.0
250,GN N0001 8-1290,RN,GN N*,87,87,100.0
250,GN N0035 1-1550,RN,GN N*,69,69,100.0
250,GN N0007 2,RN,GN N*,68,68,100.0
250,RN15-OSM-0,RN,*-OSM-*,37,37,100.0
250,GN N0006 1-1141,RN,GN N*,38,38,100.0
250,GN N0030 2-1312,RN,GN N*,147,147,100.0
250,GN N0006 1-1522,RN,GN N*,93,93,100.0
250,RES-316,RR,RES-*,1,1,100.0
250,GN N0001 6-1086,RN,GN N*,33,33,100.0
250,GN N0040 1,RN,GN N*,13,13,100.0
250,GN N0006 2-1219,RN,GN N*,78,78,100.0
250,GN N0003 2-1195,RN,GN N*,54,54,100.0
250,GN N0001 1,RN,GN N*,47,47,100.0
250,RN1-OSM-69,RN,*-OSM-*,2,2,100.0
250,GN N0029 1-1426,RN,GN N*,105,105,100.0
250,GN N0022 2-1359,RN,GN N*,39,39,100.0
250,GN N0034 1-1565,RN,GN N*,107,107,100.0
250,GN N0001 2-1221,RN,GN N*,55,55,100.0
250,RES-429,RR,RES-*,1,1,100.0
250,GN N0002 2-1110,RN,GN N*,54,54,100.0
250,RN25-OSM-9,RN,*-OSM-*,30,30,100.0
250,RES-416,RR,RES-*,1,1,100.0
250,GN N0002 5-1140,RN,GN N*,37,37,100.0
250,GN N0005 2-1172,RN,GN N*,36,36,100.0
250,GN N0002 1-1527,RN,GN N*,93,93,100.0
250,GN N0005 4-1306,RN,GN N*,48,48,100.0
250,GN N0001 3-1067,RN,GN N*,18,18,100.0
250,RES-415,RR,RES-*,7,7,100.0
250,RN30-OSM-56,RN,*-OSM-*,6,6,100.0
250,RO. 001,RU,autre,13,13,100.0
250,GN N0006 1-1154,RN,GN N*,36,36,100.0
250,GN N0002 1-1098,RN,GN N*,68,68,100.0
250,GN N0006 1-1131,RN,GN N*,54,54,100.0
250,RN1-OSM-14,RN,*-OSM-*,25,25,100.0
250,GN N0001 8-1291,RN,GN N*,109,109,100.0
250,GN N0005 4-1324,RN,GN N*,54,54,100.0
250,GN N0010 1-1273,RN,GN N*,60,60,100.0
250,GN N0003 4-1206,RN,GN N*,13,13,100.0
250,GN N0001 4-1080,RN,GN N*,73,73,100.0
250,RES-375,RR,RES-*,1,1,100.0
250,GN N0001 3-1061,RN,GN N*,27,27,100.0
250,GN N0003 2-1196,RN,GN N*,45,45,100.0
250,GN N0030 2-1248,RN,GN N*,75,75,100.0
250,GN N0030 2-1473,RN,GN N*,47,47,100.0
250,GN N0011 1-1265,RN,GN N*,106,106,100.0
250,GN N0001 4-1062,RN,GN N*,39,39,100.0
250,GN N0002 1,RN,GN N*,31,31,100.0
250,GN N0002 5-1532,RN,GN N*,65,65,100.0
250,GN N0001 4-1074,RN,GN N*,91,91,100.0
250,GN N0006 3-1161,RN,GN N*,76,76,100.0
250,GN N0012 1-1515,RN,GN N*,143,143,100.0
250,GN N0006 1-1151,RN,GN N*,25,25,100.0
250,GN N0002 3-1120,RN,GN N*,43,43,100.0
250,RN31-OSM-15,RN,*-OSM-*,15,15,100.0
250,GN N0002 4-1130,RN,GN N*,97,97,100.0
250,GN N0001 6-1454,RN,GN N*,124,124,100.0
250,GN N0003 3-1198,RN,GN N*,7,7,100.0
250,RES-438,RR,RES-*,28,28,100.0
250,GN N0036 1-1419,RN,GN N*,36,36,100.0
250,GN N0007 1-1304,RN,GN N*,62,62,100.0
250,GN N0027 1-1320,RN,GN N*,21,21,100.0
250,GN N0005 1,RN,GN N*,49,49,100.0
250,GN N0022 3-1376,RN,GN N*,32,32,100.0
250,RN1-OSM-33,RN,*-OSM-*,6,6,100.0
250,GN N0025 2,RN,GN N*,72,72,100.0
250,GN N0025 1-1366,RN,GN N*,67,67,100.0
250,GN N0040 1-1385,RN,GN N*,74,74,100.0
250,GN N0021 2,RN,GN N*,128,128,100.0
250,GN N0009 1-1336,RN,GN N*,60,60,100.0
250,GN N0001 6-1087,RN,GN N*,115,115,100.0
250,RN23-OSM-0,RN,*-OSM-*,38,38,100.0
250,DI 814-w269147253,RU,autre,1,1,100.0
250,RN24-OSM-0,RN,*-OSM-*,12,12,100.0
250,GN N0039 1-1505,RN,GN N*,81,81,100.0
250,GN N0010 2-1266,RN,GN N*,38,38,100.0
250,GN N0008 1-1331,RN,GN N*,54,54,100.0
250,GN N0002 4-1133,RN,GN N*,61,61,100.0
250,GN N0002 6-1464,RN,GN N*,18,18,100.0
250,GN N0005 2-1449,RN,GN N*,30,30,100.0
250,GN N0023 1,RN,GN N*,119,119,100.0
250,GN N0001 4-1070,RN,GN N*,52,52,100.0
250,GN N0025 1-1363,RN,GN N*,85,85,100.0
250,GN N0006 1-1132,RN,GN N*,50,50,100.0
250,GN N0027 1-1228,RN,GN N*,50,50,100.0
250,GN N0010 1-1271,RN,GN N*,111,111,100.0
250,GN N0001 3-1215,RN,GN N*,83,83,100.0
250,GN N0024 2-1352,RN,GN N*,100,100,100.0
250,GN N0001 7-1477,RN,GN N*,86,86,100.0
250,RN1-OSM-35,RN,*-OSM-*,1,1,100.0
250,GN N0002 1-1099,RN,GN N*,40,40,100.0
250,GN N0022 3-1379,RN,GN N*,19,19,100.0
250,RN25-OSM-15,RN,*-OSM-*,31,31,100.0
250,RES-632,RR,RES-*,1,1,100.0
250,GN N0002 2-1114,RN,GN N*,26,26,100.0
250,RN25-OSM-3,RN,*-OSM-*,32,32,100.0
250,GN N0006 1-1144,RN,GN N*,76,76,100.0
250,GN N0027 2-1243,RN,GN N*,84,84,100.0
250,RES-711,RR,RES-*,15,15,100.0
250,GN N0009 3-1474,RN,GN N*,116,116,100.0
250,RN4-OSM-7,RN,*-OSM-*,121,121,100.0
250,GN N0002 3-1124,RN,GN N*,47,47,100.0
250,GN N0001 9-1092,RN,GN N*,37,37,100.0
250,GN N0022 3-1350,RN,GN N*,18,18,100.0
250,GN N0002 7,RN,GN N*,45,45,100.0
250,GN N0001 5-1084,RN,GN N*,142,142,100.0
250,GN N0001 9-1091,RN,GN N*,87,87,100.0
250,GN N0023 1-1556,RN,GN N*,83,83,100.0
250,GN N0024 2,RN,GN N*,61,61,100.0
250,GN N0002 7-1254,RN,GN N*,73,73,100.0
250,GN N0003 3-1057,RN,GN N*,37,37,100.0
250,GN N0003 5-1384,RN,GN N*,61,61,100.0
250,GN N0018 1-1466,RN,GN N*,92,92,100.0
250,GN N0005 4-1325,RN,GN N*,76,76,100.0
250,GN N0001 2-1056,RN,GN N*,40,40,100.0
250,GN N0002 6-1431,RN,GN N*,12,12,100.0
250,GN N0001 3-1068,RN,GN N*,56,56,100.0
250,GN N0022 3-1381,RN,GN N*,58,58,100.0
250,GN N0033 1-1279,RN,GN N*,103,103,100.0
